Copyright 1986-2022 Xilinx, Inc. All Rights Reserved.
-----------------------------------------------------------------------------------------------------------------------------------------------------------------------------------------------------------------------------------
| Tool Version      : Vivado v.2022.1 (win64) Build 3526262 Mon Apr 18 15:48:16 MDT 2022
| Date              : Tue Apr 28 10:57:42 2026
| Host              : feduuk running 64-bit major release  (build 9200)
| Command           : report_timing_summary -max_paths 10 -report_unconstrained -file SS8_wrapper_timing_summary_routed.rpt -pb SS8_wrapper_timing_summary_routed.pb -rpx SS8_wrapper_timing_summary_routed.rpx -warn_on_violation
| Design            : SS8_wrapper
| Device            : xcku035-fbva676
| Speed File        : -1  PRODUCTION 1.25 12-04-2018
| Temperature Grade : I
-----------------------------------------------------------------------------------------------------------------------------------------------------------------------------------------------------------------------------------

Timing Summary Report

------------------------------------------------------------------------------------------------
| Timer Settings
| --------------
------------------------------------------------------------------------------------------------

  Enable Multi Corner Analysis               :  Yes
  Enable Pessimism Removal                   :  Yes
  Pessimism Removal Resolution               :  Nearest Common Node
  Enable Input Delay Default Clock           :  No
  Enable Preset / Clear Arcs                 :  No
  Disable Flight Delays                      :  No
  Ignore I/O Paths                           :  No
  Timing Early Launch at Borrowing Latches   :  No
  Borrow Time for Max Delay Exceptions       :  Yes
  Merge Timing Exceptions                    :  Yes

  Corner  Analyze    Analyze    
  Name    Max Paths  Min Paths  
  ------  ---------  ---------  
  Slow    Yes        Yes        
  Fast    Yes        Yes        


------------------------------------------------------------------------------------------------
| Report Methodology
| ------------------
------------------------------------------------------------------------------------------------

Rule       Severity  Description                    Violations  
---------  --------  -----------------------------  ----------  
TIMING-16  Warning   Large setup violation          540         
TIMING-18  Warning   Missing input or output delay  161         

Note: This report is based on the most recent report_methodology run and may not be up-to-date. Run report_methodology on the current design for the latest report.



check_timing report

Table of Contents
-----------------
1. checking no_clock (0)
2. checking constant_clock (0)
3. checking pulse_width_clock (0)
4. checking unconstrained_internal_endpoints (0)
5. checking no_input_delay (86)
6. checking no_output_delay (75)
7. checking multiple_clock (0)
8. checking generated_clocks (0)
9. checking loops (0)
10. checking partial_input_delay (0)
11. checking partial_output_delay (0)
12. checking latch_loops (0)

1. checking no_clock (0)
------------------------
 There are 0 register/latch pins with no clock.


2. checking constant_clock (0)
------------------------------
 There are 0 register/latch pins with constant_clock.


3. checking pulse_width_clock (0)
---------------------------------
 There are 0 register/latch pins which need pulse_width check


4. checking unconstrained_internal_endpoints (0)
------------------------------------------------
 There are 0 pins that are not constrained for maximum delay.

 There are 0 pins that are not constrained for maximum delay due to constant clock.


5. checking no_input_delay (86)
-------------------------------
 There are 86 input ports with no input delay specified. (HIGH)

 There are 0 input ports with no input delay but user has a false path constraint.


6. checking no_output_delay (75)
--------------------------------
 There are 75 ports with no output delay specified. (HIGH)

 There are 0 ports with no output delay but user has a false path constraint

 There are 0 ports with no output delay but with a timing clock defined on it or propagating through it


7. checking multiple_clock (0)
------------------------------
 There are 0 register/latch pins with multiple clocks.


8. checking generated_clocks (0)
--------------------------------
 There are 0 generated clocks that are not connected to a clock source.


9. checking loops (0)
---------------------
 There are 0 combinational loops in the design.


10. checking partial_input_delay (0)
------------------------------------
 There are 0 input ports with partial input delay specified.


11. checking partial_output_delay (0)
-------------------------------------
 There are 0 ports with partial output delay specified.


12. checking latch_loops (0)
----------------------------
 There are 0 combinational latch loops in the design through latch input



------------------------------------------------------------------------------------------------
| Design Timing Summary
| ---------------------
------------------------------------------------------------------------------------------------

    WNS(ns)      TNS(ns)  TNS Failing Endpoints  TNS Total Endpoints      WHS(ns)      THS(ns)  THS Failing Endpoints  THS Total Endpoints     WPWS(ns)     TPWS(ns)  TPWS Failing Endpoints  TPWS Total Endpoints  
    -------      -------  ---------------------  -------------------      -------      -------  ---------------------  -------------------     --------     --------  ----------------------  --------------------  
     -1.664    -1091.683                   1291                 1887        0.030        0.000                      0                 1887       -0.587     -100.979                     283                  1726  


Timing constraints are not met.


------------------------------------------------------------------------------------------------
| Clock Summary
| -------------
------------------------------------------------------------------------------------------------

Clock        Waveform(ns)         Period(ns)      Frequency(MHz)
-----        ------------         ----------      --------------
sys_clk_pin  {0.000 0.500}        1.000           1000.000        


------------------------------------------------------------------------------------------------
| Intra Clock Table
| -----------------
------------------------------------------------------------------------------------------------

Clock             WNS(ns)      TNS(ns)  TNS Failing Endpoints  TNS Total Endpoints      WHS(ns)      THS(ns)  THS Failing Endpoints  THS Total Endpoints     WPWS(ns)     TPWS(ns)  TPWS Failing Endpoints  TPWS Total Endpoints  
-----             -------      -------  ---------------------  -------------------      -------      -------  ---------------------  -------------------     --------     --------  ----------------------  --------------------  
sys_clk_pin        -1.664    -1091.683                   1291                 1887        0.030        0.000                      0                 1887       -0.587     -100.979                     283                  1726  


------------------------------------------------------------------------------------------------
| Inter Clock Table
| -----------------
------------------------------------------------------------------------------------------------

From Clock    To Clock          WNS(ns)      TNS(ns)  TNS Failing Endpoints  TNS Total Endpoints      WHS(ns)      THS(ns)  THS Failing Endpoints  THS Total Endpoints  
----------    --------          -------      -------  ---------------------  -------------------      -------      -------  ---------------------  -------------------  


------------------------------------------------------------------------------------------------
| Other Path Groups Table
| -----------------------
------------------------------------------------------------------------------------------------

Path Group    From Clock    To Clock          WNS(ns)      TNS(ns)  TNS Failing Endpoints  TNS Total Endpoints      WHS(ns)      THS(ns)  THS Failing Endpoints  THS Total Endpoints  
----------    ----------    --------          -------      -------  ---------------------  -------------------      -------      -------  ---------------------  -------------------  


------------------------------------------------------------------------------------------------
| User Ignored Path Table
| -----------------------
------------------------------------------------------------------------------------------------

Path Group    From Clock    To Clock    
----------    ----------    --------    


------------------------------------------------------------------------------------------------
| Unconstrained Path Table
| ------------------------
------------------------------------------------------------------------------------------------

Path Group    From Clock    To Clock    
----------    ----------    --------    
(none)        sys_clk_pin                 
(none)                      sys_clk_pin   


------------------------------------------------------------------------------------------------
| Timing Details
| --------------
------------------------------------------------------------------------------------------------


---------------------------------------------------------------------------------------------------
From Clock:  sys_clk_pin
  To Clock:  sys_clk_pin

Setup :         1291  Failing Endpoints,  Worst Slack       -1.664ns,  Total Violation    -1091.683ns
Hold  :            0  Failing Endpoints,  Worst Slack        0.030ns,  Total Violation        0.000ns
PW    :          283  Failing Endpoints,  Worst Slack       -0.587ns,  Total Violation     -100.979ns
---------------------------------------------------------------------------------------------------


Max Delay Paths
--------------------------------------------------------------------------------------
Slack (VIOLATED) :        -1.664ns  (required time - arrival time)
  Source:                 dut/metrics_r_reg[21]/C
                            (rising edge-triggered cell FDRE clocked by sys_clk_pin  {rise@0.000ns fall@0.500ns period=1.000ns})
  Destination:            dut/SS_00/m_p_reg[0][2][3]/D
                            (rising edge-triggered cell FDRE clocked by sys_clk_pin  {rise@0.000ns fall@0.500ns period=1.000ns})
  Path Group:             sys_clk_pin
  Path Type:              Setup (Max at Slow Process Corner)
  Requirement:            1.000ns  (sys_clk_pin rise@1.000ns - sys_clk_pin rise@0.000ns)
  Data Path Delay:        2.516ns  (logic 1.366ns (54.293%)  route 1.150ns (45.707%))
  Logic Levels:           6  (CARRY8=3 LUT2=1 LUT3=1 LUT4=1)
  Clock Path Skew:        -0.175ns (DCD - SCD + CPR)
    Destination Clock Delay (DCD):    3.623ns = ( 4.623 - 1.000 ) 
    Source Clock Delay      (SCD):    4.414ns
    Clock Pessimism Removal (CPR):    0.616ns
  Clock Uncertainty:      0.035ns  ((TSJ^2 + TIJ^2)^1/2 + DJ) / 2 + PE
    Total System Jitter     (TSJ):    0.071ns
    Total Input Jitter      (TIJ):    0.000ns
    Discrete Jitter          (DJ):    0.000ns
    Phase Error              (PE):    0.000ns
  Clock Net Delay (Source):      2.365ns (routing 0.849ns, distribution 1.516ns)
  Clock Net Delay (Destination): 2.048ns (routing 0.780ns, distribution 1.268ns)

    Location             Delay type                Incr(ns)  Path(ns)    Netlist Resource(s)
  -------------------------------------------------------------------    -------------------
                         (clock sys_clk_pin rise edge)
                                                      0.000     0.000 r  
    AA13                                              0.000     0.000 r  clk (IN)
                         net (fo=0)                   0.000     0.000    clk_IBUF_inst/I
    AA13                 INBUF (Prop_INBUF_HRIO_PAD_O)
                                                      0.955     0.955 r  clk_IBUF_inst/INBUF_INST/O
                         net (fo=1, routed)           0.105     1.060    clk_IBUF_inst/OUT
    AA13                 IBUFCTRL (Prop_IBUFCTRL_HRIO_I_O)
                                                      0.049     1.109 r  clk_IBUF_inst/IBUFCTRL_INST/O
                         net (fo=1, routed)           0.839     1.948    clk_IBUF
    BUFGCE_X1Y0          BUFGCE (Prop_BUFCE_BUFGCE_I_O)
                                                      0.101     2.049 r  clk_IBUF_BUFG_inst/O
    X1Y0 (CLOCK_ROOT)    net (fo=1725, routed)        2.365     4.414    dut/clk_IBUF_BUFG
    SLICE_X31Y28         FDRE                                         r  dut/metrics_r_reg[21]/C
  -------------------------------------------------------------------    -------------------
    SLICE_X31Y28         FDRE (Prop_AFF2_SLICEL_C_Q)
                                                      0.139     4.553 r  dut/metrics_r_reg[21]/Q
                         net (fo=4, routed)           0.348     4.901    dut/SS_00/Q[21]
    SLICE_X32Y29         LUT2 (Prop_B6LUT_SLICEM_I0_O)
                                                      0.092     4.993 r  dut/SS_00/m_p[0][3][7]_i_10/O
                         net (fo=1, routed)           0.000     4.993    dut/SS_00/m_p[0][3][7]_i_10_n_0
    SLICE_X32Y29         CARRY8 (Prop_CARRY8_SLICEM_S[1]_CO[7])
                                                      0.428     5.421 r  dut/SS_00/m_p_reg[0][3][7]_i_2/CO[7]
                         net (fo=1, routed)           0.043     5.464    dut/SS_00/m_p_reg[0][3][7]_i_2_n_0
    SLICE_X32Y30         CARRY8 (Prop_CARRY8_SLICEM_CI_O[0])
                                                      0.122     5.586 r  dut/SS_00/m_p_reg[0][3][10]_i_2/O[0]
                         net (fo=4, routed)           0.369     5.955    dut/SS_00/s_raw[3]_110[8]
    SLICE_X31Y29         LUT4 (Prop_E6LUT_SLICEL_I0_O)
                                                      0.146     6.101 r  dut/SS_00/idx_p[0][3][0]_i_9/O
                         net (fo=1, routed)           0.000     6.101    dut/SS_00/idx_p[0][3][0]_i_9_n_0
    SLICE_X31Y29         CARRY8 (Prop_CARRY8_SLICEL_S[4]_CO[5])
                                                      0.289     6.390 r  dut/SS_00/idx_p_reg[0][3][0]_i_1/CO[5]
                         net (fo=24, routed)          0.356     6.746    dut/SS_00/idx_w[1][3]_15[0]
    SLICE_X32Y28         LUT3 (Prop_B6LUT_SLICEM_I2_O)
                                                      0.150     6.896 r  dut/SS_00/m_p[0][2][3]_i_1/O
                         net (fo=1, routed)           0.034     6.930    dut/SS_00/m_w[1][2]_13[3]
    SLICE_X32Y28         FDRE                                         r  dut/SS_00/m_p_reg[0][2][3]/D
  -------------------------------------------------------------------    -------------------

                         (clock sys_clk_pin rise edge)
                                                      1.000     1.000 r  
    AA13                                              0.000     1.000 r  clk (IN)
                         net (fo=0)                   0.000     1.000    clk_IBUF_inst/I
    AA13                 INBUF (Prop_INBUF_HRIO_PAD_O)
                                                      0.662     1.662 r  clk_IBUF_inst/INBUF_INST/O
                         net (fo=1, routed)           0.066     1.728    clk_IBUF_inst/OUT
    AA13                 IBUFCTRL (Prop_IBUFCTRL_HRIO_I_O)
                                                      0.034     1.762 r  clk_IBUF_inst/IBUFCTRL_INST/O
                         net (fo=1, routed)           0.722     2.484    clk_IBUF
    BUFGCE_X1Y0          BUFGCE (Prop_BUFCE_BUFGCE_I_O)
                                                      0.091     2.575 r  clk_IBUF_BUFG_inst/O
    X1Y0 (CLOCK_ROOT)    net (fo=1725, routed)        2.048     4.623    dut/SS_00/clk_IBUF_BUFG
    SLICE_X32Y28         FDRE                                         r  dut/SS_00/m_p_reg[0][2][3]/C
                         clock pessimism              0.616     5.239    
                         clock uncertainty           -0.035     5.204    
    SLICE_X32Y28         FDRE (Setup_BFF_SLICEM_C_D)
                                                      0.062     5.266    dut/SS_00/m_p_reg[0][2][3]
  -------------------------------------------------------------------
                         required time                          5.266    
                         arrival time                          -6.930    
  -------------------------------------------------------------------
                         slack                                 -1.664    

Slack (VIOLATED) :        -1.652ns  (required time - arrival time)
  Source:                 dut/metrics_r_reg[21]/C
                            (rising edge-triggered cell FDRE clocked by sys_clk_pin  {rise@0.000ns fall@0.500ns period=1.000ns})
  Destination:            dut/SS_00/m_p_reg[0][3][8]/D
                            (rising edge-triggered cell FDRE clocked by sys_clk_pin  {rise@0.000ns fall@0.500ns period=1.000ns})
  Path Group:             sys_clk_pin
  Path Type:              Setup (Max at Slow Process Corner)
  Requirement:            1.000ns  (sys_clk_pin rise@1.000ns - sys_clk_pin rise@0.000ns)
  Data Path Delay:        2.505ns  (logic 1.362ns (54.371%)  route 1.143ns (45.629%))
  Logic Levels:           6  (CARRY8=3 LUT2=1 LUT3=1 LUT4=1)
  Clock Path Skew:        -0.175ns (DCD - SCD + CPR)
    Destination Clock Delay (DCD):    3.623ns = ( 4.623 - 1.000 ) 
    Source Clock Delay      (SCD):    4.414ns
    Clock Pessimism Removal (CPR):    0.616ns
  Clock Uncertainty:      0.035ns  ((TSJ^2 + TIJ^2)^1/2 + DJ) / 2 + PE
    Total System Jitter     (TSJ):    0.071ns
    Total Input Jitter      (TIJ):    0.000ns
    Discrete Jitter          (DJ):    0.000ns
    Phase Error              (PE):    0.000ns
  Clock Net Delay (Source):      2.365ns (routing 0.849ns, distribution 1.516ns)
  Clock Net Delay (Destination): 2.048ns (routing 0.780ns, distribution 1.268ns)

    Location             Delay type                Incr(ns)  Path(ns)    Netlist Resource(s)
  -------------------------------------------------------------------    -------------------
                         (clock sys_clk_pin rise edge)
                                                      0.000     0.000 r  
    AA13                                              0.000     0.000 r  clk (IN)
                         net (fo=0)                   0.000     0.000    clk_IBUF_inst/I
    AA13                 INBUF (Prop_INBUF_HRIO_PAD_O)
                                                      0.955     0.955 r  clk_IBUF_inst/INBUF_INST/O
                         net (fo=1, routed)           0.105     1.060    clk_IBUF_inst/OUT
    AA13                 IBUFCTRL (Prop_IBUFCTRL_HRIO_I_O)
                                                      0.049     1.109 r  clk_IBUF_inst/IBUFCTRL_INST/O
                         net (fo=1, routed)           0.839     1.948    clk_IBUF
    BUFGCE_X1Y0          BUFGCE (Prop_BUFCE_BUFGCE_I_O)
                                                      0.101     2.049 r  clk_IBUF_BUFG_inst/O
    X1Y0 (CLOCK_ROOT)    net (fo=1725, routed)        2.365     4.414    dut/clk_IBUF_BUFG
    SLICE_X31Y28         FDRE                                         r  dut/metrics_r_reg[21]/C
  -------------------------------------------------------------------    -------------------
    SLICE_X31Y28         FDRE (Prop_AFF2_SLICEL_C_Q)
                                                      0.139     4.553 r  dut/metrics_r_reg[21]/Q
                         net (fo=4, routed)           0.348     4.901    dut/SS_00/Q[21]
    SLICE_X32Y29         LUT2 (Prop_B6LUT_SLICEM_I0_O)
                                                      0.092     4.993 r  dut/SS_00/m_p[0][3][7]_i_10/O
                         net (fo=1, routed)           0.000     4.993    dut/SS_00/m_p[0][3][7]_i_10_n_0
    SLICE_X32Y29         CARRY8 (Prop_CARRY8_SLICEM_S[1]_CO[7])
                                                      0.428     5.421 r  dut/SS_00/m_p_reg[0][3][7]_i_2/CO[7]
                         net (fo=1, routed)           0.043     5.464    dut/SS_00/m_p_reg[0][3][7]_i_2_n_0
    SLICE_X32Y30         CARRY8 (Prop_CARRY8_SLICEM_CI_O[0])
                                                      0.122     5.586 r  dut/SS_00/m_p_reg[0][3][10]_i_2/O[0]
                         net (fo=4, routed)           0.369     5.955    dut/SS_00/s_raw[3]_110[8]
    SLICE_X31Y29         LUT4 (Prop_E6LUT_SLICEL_I0_O)
                                                      0.146     6.101 r  dut/SS_00/idx_p[0][3][0]_i_9/O
                         net (fo=1, routed)           0.000     6.101    dut/SS_00/idx_p[0][3][0]_i_9_n_0
    SLICE_X31Y29         CARRY8 (Prop_CARRY8_SLICEL_S[4]_CO[5])
                                                      0.289     6.390 r  dut/SS_00/idx_p_reg[0][3][0]_i_1/CO[5]
                         net (fo=24, routed)          0.352     6.742    dut/SS_00/idx_w[1][3]_15[0]
    SLICE_X32Y28         LUT3 (Prop_A6LUT_SLICEM_I2_O)
                                                      0.146     6.888 r  dut/SS_00/m_p[0][3][8]_i_1/O
                         net (fo=1, routed)           0.031     6.919    dut/SS_00/m_w[1][3]_14[8]
    SLICE_X32Y28         FDRE                                         r  dut/SS_00/m_p_reg[0][3][8]/D
  -------------------------------------------------------------------    -------------------

                         (clock sys_clk_pin rise edge)
                                                      1.000     1.000 r  
    AA13                                              0.000     1.000 r  clk (IN)
                         net (fo=0)                   0.000     1.000    clk_IBUF_inst/I
    AA13                 INBUF (Prop_INBUF_HRIO_PAD_O)
                                                      0.662     1.662 r  clk_IBUF_inst/INBUF_INST/O
                         net (fo=1, routed)           0.066     1.728    clk_IBUF_inst/OUT
    AA13                 IBUFCTRL (Prop_IBUFCTRL_HRIO_I_O)
                                                      0.034     1.762 r  clk_IBUF_inst/IBUFCTRL_INST/O
                         net (fo=1, routed)           0.722     2.484    clk_IBUF
    BUFGCE_X1Y0          BUFGCE (Prop_BUFCE_BUFGCE_I_O)
                                                      0.091     2.575 r  clk_IBUF_BUFG_inst/O
    X1Y0 (CLOCK_ROOT)    net (fo=1725, routed)        2.048     4.623    dut/SS_00/clk_IBUF_BUFG
    SLICE_X32Y28         FDRE                                         r  dut/SS_00/m_p_reg[0][3][8]/C
                         clock pessimism              0.616     5.239    
                         clock uncertainty           -0.035     5.204    
    SLICE_X32Y28         FDRE (Setup_AFF_SLICEM_C_D)
                                                      0.063     5.267    dut/SS_00/m_p_reg[0][3][8]
  -------------------------------------------------------------------
                         required time                          5.267    
                         arrival time                          -6.919    
  -------------------------------------------------------------------
                         slack                                 -1.652    

Slack (VIOLATED) :        -1.626ns  (required time - arrival time)
  Source:                 dut/metrics_r_reg[33]/C
                            (rising edge-triggered cell FDRE clocked by sys_clk_pin  {rise@0.000ns fall@0.500ns period=1.000ns})
  Destination:            dut/SS_00/m_p_reg[0][5][4]/D
                            (rising edge-triggered cell FDRE clocked by sys_clk_pin  {rise@0.000ns fall@0.500ns period=1.000ns})
  Path Group:             sys_clk_pin
  Path Type:              Setup (Max at Slow Process Corner)
  Requirement:            1.000ns  (sys_clk_pin rise@1.000ns - sys_clk_pin rise@0.000ns)
  Data Path Delay:        2.524ns  (logic 1.428ns (56.577%)  route 1.096ns (43.423%))
  Logic Levels:           6  (CARRY8=3 LUT2=1 LUT3=1 LUT4=1)
  Clock Path Skew:        -0.129ns (DCD - SCD + CPR)
    Destination Clock Delay (DCD):    3.636ns = ( 4.636 - 1.000 ) 
    Source Clock Delay      (SCD):    4.381ns
    Clock Pessimism Removal (CPR):    0.616ns
  Clock Uncertainty:      0.035ns  ((TSJ^2 + TIJ^2)^1/2 + DJ) / 2 + PE
    Total System Jitter     (TSJ):    0.071ns
    Total Input Jitter      (TIJ):    0.000ns
    Discrete Jitter          (DJ):    0.000ns
    Phase Error              (PE):    0.000ns
  Clock Net Delay (Source):      2.332ns (routing 0.849ns, distribution 1.483ns)
  Clock Net Delay (Destination): 2.061ns (routing 0.780ns, distribution 1.281ns)

    Location             Delay type                Incr(ns)  Path(ns)    Netlist Resource(s)
  -------------------------------------------------------------------    -------------------
                         (clock sys_clk_pin rise edge)
                                                      0.000     0.000 r  
    AA13                                              0.000     0.000 r  clk (IN)
                         net (fo=0)                   0.000     0.000    clk_IBUF_inst/I
    AA13                 INBUF (Prop_INBUF_HRIO_PAD_O)
                                                      0.955     0.955 r  clk_IBUF_inst/INBUF_INST/O
                         net (fo=1, routed)           0.105     1.060    clk_IBUF_inst/OUT
    AA13                 IBUFCTRL (Prop_IBUFCTRL_HRIO_I_O)
                                                      0.049     1.109 r  clk_IBUF_inst/IBUFCTRL_INST/O
                         net (fo=1, routed)           0.839     1.948    clk_IBUF
    BUFGCE_X1Y0          BUFGCE (Prop_BUFCE_BUFGCE_I_O)
                                                      0.101     2.049 r  clk_IBUF_BUFG_inst/O
    X1Y0 (CLOCK_ROOT)    net (fo=1725, routed)        2.332     4.381    dut/clk_IBUF_BUFG
    SLICE_X30Y31         FDRE                                         r  dut/metrics_r_reg[33]/C
  -------------------------------------------------------------------    -------------------
    SLICE_X30Y31         FDRE (Prop_HFF_SLICEM_C_Q)
                                                      0.138     4.519 r  dut/metrics_r_reg[33]/Q
                         net (fo=6, routed)           0.418     4.937    dut/SS_00/Q[33]
    SLICE_X31Y34         LUT2 (Prop_D6LUT_SLICEL_I0_O)
                                                      0.053     4.990 r  dut/SS_00/m_p[0][5][7]_i_8/O
                         net (fo=1, routed)           0.000     4.990    dut/SS_00/m_p[0][5][7]_i_8_n_0
    SLICE_X31Y34         CARRY8 (Prop_CARRY8_SLICEL_S[3]_CO[7])
                                                      0.406     5.396 r  dut/SS_00/m_p_reg[0][5][7]_i_2/CO[7]
                         net (fo=1, routed)           0.030     5.426    dut/SS_00/m_p_reg[0][5][7]_i_2_n_0
    SLICE_X31Y35         CARRY8 (Prop_CARRY8_SLICEL_CI_O[1])
                                                      0.163     5.589 r  dut/SS_00/m_p_reg[0][5][10]_i_2/O[1]
                         net (fo=4, routed)           0.238     5.827    dut/SS_00/s_raw[5]_112[9]
    SLICE_X31Y36         LUT4 (Prop_E6LUT_SLICEL_I2_O)
                                                      0.219     6.046 r  dut/SS_00/idx_p[0][5][0]_i_9/O
                         net (fo=1, routed)           0.000     6.046    dut/SS_00/idx_p[0][5][0]_i_9_n_0
    SLICE_X31Y36         CARRY8 (Prop_CARRY8_SLICEL_S[4]_CO[5])
                                                      0.299     6.345 r  dut/SS_00/idx_p_reg[0][5][0]_i_1/CO[5]
                         net (fo=24, routed)          0.376     6.721    dut/SS_00/idx_w[1][5]_17[0]
    SLICE_X32Y35         LUT3 (Prop_B6LUT_SLICEM_I2_O)
                                                      0.150     6.871 r  dut/SS_00/m_p[0][5][4]_i_1/O
                         net (fo=1, routed)           0.034     6.905    dut/SS_00/m_w[1][5]_19[4]
    SLICE_X32Y35         FDRE                                         r  dut/SS_00/m_p_reg[0][5][4]/D
  -------------------------------------------------------------------    -------------------

                         (clock sys_clk_pin rise edge)
                                                      1.000     1.000 r  
    AA13                                              0.000     1.000 r  clk (IN)
                         net (fo=0)                   0.000     1.000    clk_IBUF_inst/I
    AA13                 INBUF (Prop_INBUF_HRIO_PAD_O)
                                                      0.662     1.662 r  clk_IBUF_inst/INBUF_INST/O
                         net (fo=1, routed)           0.066     1.728    clk_IBUF_inst/OUT
    AA13                 IBUFCTRL (Prop_IBUFCTRL_HRIO_I_O)
                                                      0.034     1.762 r  clk_IBUF_inst/IBUFCTRL_INST/O
                         net (fo=1, routed)           0.722     2.484    clk_IBUF
    BUFGCE_X1Y0          BUFGCE (Prop_BUFCE_BUFGCE_I_O)
                                                      0.091     2.575 r  clk_IBUF_BUFG_inst/O
    X1Y0 (CLOCK_ROOT)    net (fo=1725, routed)        2.061     4.636    dut/SS_00/clk_IBUF_BUFG
    SLICE_X32Y35         FDRE                                         r  dut/SS_00/m_p_reg[0][5][4]/C
                         clock pessimism              0.616     5.252    
                         clock uncertainty           -0.035     5.217    
    SLICE_X32Y35         FDRE (Setup_BFF_SLICEM_C_D)
                                                      0.062     5.279    dut/SS_00/m_p_reg[0][5][4]
  -------------------------------------------------------------------
                         required time                          5.279    
                         arrival time                          -6.905    
  -------------------------------------------------------------------
                         slack                                 -1.626    

Slack (VIOLATED) :        -1.614ns  (required time - arrival time)
  Source:                 dut/metrics_r_reg[33]/C
                            (rising edge-triggered cell FDRE clocked by sys_clk_pin  {rise@0.000ns fall@0.500ns period=1.000ns})
  Destination:            dut/SS_00/m_p_reg[0][5][6]/D
                            (rising edge-triggered cell FDRE clocked by sys_clk_pin  {rise@0.000ns fall@0.500ns period=1.000ns})
  Path Group:             sys_clk_pin
  Path Type:              Setup (Max at Slow Process Corner)
  Requirement:            1.000ns  (sys_clk_pin rise@1.000ns - sys_clk_pin rise@0.000ns)
  Data Path Delay:        2.513ns  (logic 1.424ns (56.665%)  route 1.089ns (43.335%))
  Logic Levels:           6  (CARRY8=3 LUT2=1 LUT3=1 LUT4=1)
  Clock Path Skew:        -0.129ns (DCD - SCD + CPR)
    Destination Clock Delay (DCD):    3.636ns = ( 4.636 - 1.000 ) 
    Source Clock Delay      (SCD):    4.381ns
    Clock Pessimism Removal (CPR):    0.616ns
  Clock Uncertainty:      0.035ns  ((TSJ^2 + TIJ^2)^1/2 + DJ) / 2 + PE
    Total System Jitter     (TSJ):    0.071ns
    Total Input Jitter      (TIJ):    0.000ns
    Discrete Jitter          (DJ):    0.000ns
    Phase Error              (PE):    0.000ns
  Clock Net Delay (Source):      2.332ns (routing 0.849ns, distribution 1.483ns)
  Clock Net Delay (Destination): 2.061ns (routing 0.780ns, distribution 1.281ns)

    Location             Delay type                Incr(ns)  Path(ns)    Netlist Resource(s)
  -------------------------------------------------------------------    -------------------
                         (clock sys_clk_pin rise edge)
                                                      0.000     0.000 r  
    AA13                                              0.000     0.000 r  clk (IN)
                         net (fo=0)                   0.000     0.000    clk_IBUF_inst/I
    AA13                 INBUF (Prop_INBUF_HRIO_PAD_O)
                                                      0.955     0.955 r  clk_IBUF_inst/INBUF_INST/O
                         net (fo=1, routed)           0.105     1.060    clk_IBUF_inst/OUT
    AA13                 IBUFCTRL (Prop_IBUFCTRL_HRIO_I_O)
                                                      0.049     1.109 r  clk_IBUF_inst/IBUFCTRL_INST/O
                         net (fo=1, routed)           0.839     1.948    clk_IBUF
    BUFGCE_X1Y0          BUFGCE (Prop_BUFCE_BUFGCE_I_O)
                                                      0.101     2.049 r  clk_IBUF_BUFG_inst/O
    X1Y0 (CLOCK_ROOT)    net (fo=1725, routed)        2.332     4.381    dut/clk_IBUF_BUFG
    SLICE_X30Y31         FDRE                                         r  dut/metrics_r_reg[33]/C
  -------------------------------------------------------------------    -------------------
    SLICE_X30Y31         FDRE (Prop_HFF_SLICEM_C_Q)
                                                      0.138     4.519 r  dut/metrics_r_reg[33]/Q
                         net (fo=6, routed)           0.418     4.937    dut/SS_00/Q[33]
    SLICE_X31Y34         LUT2 (Prop_D6LUT_SLICEL_I0_O)
                                                      0.053     4.990 r  dut/SS_00/m_p[0][5][7]_i_8/O
                         net (fo=1, routed)           0.000     4.990    dut/SS_00/m_p[0][5][7]_i_8_n_0
    SLICE_X31Y34         CARRY8 (Prop_CARRY8_SLICEL_S[3]_CO[7])
                                                      0.406     5.396 r  dut/SS_00/m_p_reg[0][5][7]_i_2/CO[7]
                         net (fo=1, routed)           0.030     5.426    dut/SS_00/m_p_reg[0][5][7]_i_2_n_0
    SLICE_X31Y35         CARRY8 (Prop_CARRY8_SLICEL_CI_O[1])
                                                      0.163     5.589 r  dut/SS_00/m_p_reg[0][5][10]_i_2/O[1]
                         net (fo=4, routed)           0.238     5.827    dut/SS_00/s_raw[5]_112[9]
    SLICE_X31Y36         LUT4 (Prop_E6LUT_SLICEL_I2_O)
                                                      0.219     6.046 r  dut/SS_00/idx_p[0][5][0]_i_9/O
                         net (fo=1, routed)           0.000     6.046    dut/SS_00/idx_p[0][5][0]_i_9_n_0
    SLICE_X31Y36         CARRY8 (Prop_CARRY8_SLICEL_S[4]_CO[5])
                                                      0.299     6.345 r  dut/SS_00/idx_p_reg[0][5][0]_i_1/CO[5]
                         net (fo=24, routed)          0.372     6.717    dut/SS_00/idx_w[1][5]_17[0]
    SLICE_X32Y35         LUT3 (Prop_A6LUT_SLICEM_I2_O)
                                                      0.146     6.863 r  dut/SS_00/m_p[0][5][6]_i_1/O
                         net (fo=1, routed)           0.031     6.894    dut/SS_00/m_w[1][5]_19[6]
    SLICE_X32Y35         FDRE                                         r  dut/SS_00/m_p_reg[0][5][6]/D
  -------------------------------------------------------------------    -------------------

                         (clock sys_clk_pin rise edge)
                                                      1.000     1.000 r  
    AA13                                              0.000     1.000 r  clk (IN)
                         net (fo=0)                   0.000     1.000    clk_IBUF_inst/I
    AA13                 INBUF (Prop_INBUF_HRIO_PAD_O)
                                                      0.662     1.662 r  clk_IBUF_inst/INBUF_INST/O
                         net (fo=1, routed)           0.066     1.728    clk_IBUF_inst/OUT
    AA13                 IBUFCTRL (Prop_IBUFCTRL_HRIO_I_O)
                                                      0.034     1.762 r  clk_IBUF_inst/IBUFCTRL_INST/O
                         net (fo=1, routed)           0.722     2.484    clk_IBUF
    BUFGCE_X1Y0          BUFGCE (Prop_BUFCE_BUFGCE_I_O)
                                                      0.091     2.575 r  clk_IBUF_BUFG_inst/O
    X1Y0 (CLOCK_ROOT)    net (fo=1725, routed)        2.061     4.636    dut/SS_00/clk_IBUF_BUFG
    SLICE_X32Y35         FDRE                                         r  dut/SS_00/m_p_reg[0][5][6]/C
                         clock pessimism              0.616     5.252    
                         clock uncertainty           -0.035     5.217    
    SLICE_X32Y35         FDRE (Setup_AFF_SLICEM_C_D)
                                                      0.063     5.280    dut/SS_00/m_p_reg[0][5][6]
  -------------------------------------------------------------------
                         required time                          5.280    
                         arrival time                          -6.894    
  -------------------------------------------------------------------
                         slack                                 -1.614    

Slack (VIOLATED) :        -1.602ns  (required time - arrival time)
  Source:                 dut/metrics1_r_reg[20]/C
                            (rising edge-triggered cell FDRE clocked by sys_clk_pin  {rise@0.000ns fall@0.500ns period=1.000ns})
  Destination:            dut/SS_00/m_p_reg[0][0][4]/D
                            (rising edge-triggered cell FDRE clocked by sys_clk_pin  {rise@0.000ns fall@0.500ns period=1.000ns})
  Path Group:             sys_clk_pin
  Path Type:              Setup (Max at Slow Process Corner)
  Requirement:            1.000ns  (sys_clk_pin rise@1.000ns - sys_clk_pin rise@0.000ns)
  Data Path Delay:        2.455ns  (logic 1.472ns (59.959%)  route 0.983ns (40.041%))
  Logic Levels:           6  (CARRY8=3 LUT2=1 LUT3=1 LUT4=1)
  Clock Path Skew:        -0.175ns (DCD - SCD + CPR)
    Destination Clock Delay (DCD):    3.623ns = ( 4.623 - 1.000 ) 
    Source Clock Delay      (SCD):    4.414ns
    Clock Pessimism Removal (CPR):    0.616ns
  Clock Uncertainty:      0.035ns  ((TSJ^2 + TIJ^2)^1/2 + DJ) / 2 + PE
    Total System Jitter     (TSJ):    0.071ns
    Total Input Jitter      (TIJ):    0.000ns
    Discrete Jitter          (DJ):    0.000ns
    Phase Error              (PE):    0.000ns
  Clock Net Delay (Source):      2.365ns (routing 0.849ns, distribution 1.516ns)
  Clock Net Delay (Destination): 2.048ns (routing 0.780ns, distribution 1.268ns)

    Location             Delay type                Incr(ns)  Path(ns)    Netlist Resource(s)
  -------------------------------------------------------------------    -------------------
                         (clock sys_clk_pin rise edge)
                                                      0.000     0.000 r  
    AA13                                              0.000     0.000 r  clk (IN)
                         net (fo=0)                   0.000     0.000    clk_IBUF_inst/I
    AA13                 INBUF (Prop_INBUF_HRIO_PAD_O)
                                                      0.955     0.955 r  clk_IBUF_inst/INBUF_INST/O
                         net (fo=1, routed)           0.105     1.060    clk_IBUF_inst/OUT
    AA13                 IBUFCTRL (Prop_IBUFCTRL_HRIO_I_O)
                                                      0.049     1.109 r  clk_IBUF_inst/IBUFCTRL_INST/O
                         net (fo=1, routed)           0.839     1.948    clk_IBUF
    BUFGCE_X1Y0          BUFGCE (Prop_BUFCE_BUFGCE_I_O)
                                                      0.101     2.049 r  clk_IBUF_BUFG_inst/O
    X1Y0 (CLOCK_ROOT)    net (fo=1725, routed)        2.365     4.414    dut/clk_IBUF_BUFG
    SLICE_X30Y29         FDRE                                         r  dut/metrics1_r_reg[20]/C
  -------------------------------------------------------------------    -------------------
    SLICE_X30Y29         FDRE (Prop_CFF2_SLICEM_C_Q)
                                                      0.139     4.553 r  dut/metrics1_r_reg[20]/Q
                         net (fo=2, routed)           0.304     4.857    dut/SS_00/m_p_reg[0][7][10]_i_2_0[20]
    SLICE_X32Y31         LUT2 (Prop_A6LUT_SLICEM_I1_O)
                                                      0.089     4.946 r  dut/SS_00/m_p[0][1][7]_i_10/O
                         net (fo=1, routed)           0.000     4.946    dut/SS_00/m_p[0][1][7]_i_10_n_0
    SLICE_X32Y31         CARRY8 (Prop_CARRY8_SLICEM_S[0]_CO[7])
                                                      0.438     5.384 r  dut/SS_00/m_p_reg[0][1][7]_i_2/CO[7]
                         net (fo=1, routed)           0.030     5.414    dut/SS_00/m_p_reg[0][1][7]_i_2_n_0
    SLICE_X32Y32         CARRY8 (Prop_CARRY8_SLICEM_CI_O[0])
                                                      0.122     5.536 r  dut/SS_00/m_p_reg[0][1][10]_i_2/O[0]
                         net (fo=4, routed)           0.324     5.860    dut/SS_00/s_raw[1]_108[8]
    SLICE_X33Y33         LUT4 (Prop_E6LUT_SLICEL_I0_O)
                                                      0.219     6.079 r  dut/SS_00/idx_p[0][1][0]_i_9/O
                         net (fo=1, routed)           0.000     6.079    dut/SS_00/idx_p[0][1][0]_i_9_n_0
    SLICE_X33Y33         CARRY8 (Prop_CARRY8_SLICEL_S[4]_CO[5])
                                                      0.299     6.378 r  dut/SS_00/idx_p_reg[0][1][0]_i_1/CO[5]
                         net (fo=24, routed)          0.290     6.668    dut/SS_00/idx_w[1][1]_11[0]
    SLICE_X33Y31         LUT3 (Prop_D6LUT_SLICEL_I2_O)
                                                      0.166     6.834 r  dut/SS_00/m_p[0][0][4]_i_1/O
                         net (fo=1, routed)           0.035     6.869    dut/SS_00/m_w[1][0]_9[4]
    SLICE_X33Y31         FDRE                                         r  dut/SS_00/m_p_reg[0][0][4]/D
  -------------------------------------------------------------------    -------------------

                         (clock sys_clk_pin rise edge)
                                                      1.000     1.000 r  
    AA13                                              0.000     1.000 r  clk (IN)
                         net (fo=0)                   0.000     1.000    clk_IBUF_inst/I
    AA13                 INBUF (Prop_INBUF_HRIO_PAD_O)
                                                      0.662     1.662 r  clk_IBUF_inst/INBUF_INST/O
                         net (fo=1, routed)           0.066     1.728    clk_IBUF_inst/OUT
    AA13                 IBUFCTRL (Prop_IBUFCTRL_HRIO_I_O)
                                                      0.034     1.762 r  clk_IBUF_inst/IBUFCTRL_INST/O
                         net (fo=1, routed)           0.722     2.484    clk_IBUF
    BUFGCE_X1Y0          BUFGCE (Prop_BUFCE_BUFGCE_I_O)
                                                      0.091     2.575 r  clk_IBUF_BUFG_inst/O
    X1Y0 (CLOCK_ROOT)    net (fo=1725, routed)        2.048     4.623    dut/SS_00/clk_IBUF_BUFG
    SLICE_X33Y31         FDRE                                         r  dut/SS_00/m_p_reg[0][0][4]/C
                         clock pessimism              0.616     5.239    
                         clock uncertainty           -0.035     5.204    
    SLICE_X33Y31         FDRE (Setup_DFF_SLICEL_C_D)
                                                      0.063     5.267    dut/SS_00/m_p_reg[0][0][4]
  -------------------------------------------------------------------
                         required time                          5.267    
                         arrival time                          -6.869    
  -------------------------------------------------------------------
                         slack                                 -1.602    

Slack (VIOLATED) :        -1.601ns  (required time - arrival time)
  Source:                 dut/metrics1_r_reg[20]/C
                            (rising edge-triggered cell FDRE clocked by sys_clk_pin  {rise@0.000ns fall@0.500ns period=1.000ns})
  Destination:            dut/SS_00/m_p_reg[0][0][6]/D
                            (rising edge-triggered cell FDRE clocked by sys_clk_pin  {rise@0.000ns fall@0.500ns period=1.000ns})
  Path Group:             sys_clk_pin
  Path Type:              Setup (Max at Slow Process Corner)
  Requirement:            1.000ns  (sys_clk_pin rise@1.000ns - sys_clk_pin rise@0.000ns)
  Data Path Delay:        2.454ns  (logic 1.471ns (59.943%)  route 0.983ns (40.057%))
  Logic Levels:           6  (CARRY8=3 LUT2=1 LUT3=1 LUT4=1)
  Clock Path Skew:        -0.175ns (DCD - SCD + CPR)
    Destination Clock Delay (DCD):    3.623ns = ( 4.623 - 1.000 ) 
    Source Clock Delay      (SCD):    4.414ns
    Clock Pessimism Removal (CPR):    0.616ns
  Clock Uncertainty:      0.035ns  ((TSJ^2 + TIJ^2)^1/2 + DJ) / 2 + PE
    Total System Jitter     (TSJ):    0.071ns
    Total Input Jitter      (TIJ):    0.000ns
    Discrete Jitter          (DJ):    0.000ns
    Phase Error              (PE):    0.000ns
  Clock Net Delay (Source):      2.365ns (routing 0.849ns, distribution 1.516ns)
  Clock Net Delay (Destination): 2.048ns (routing 0.780ns, distribution 1.268ns)

    Location             Delay type                Incr(ns)  Path(ns)    Netlist Resource(s)
  -------------------------------------------------------------------    -------------------
                         (clock sys_clk_pin rise edge)
                                                      0.000     0.000 r  
    AA13                                              0.000     0.000 r  clk (IN)
                         net (fo=0)                   0.000     0.000    clk_IBUF_inst/I
    AA13                 INBUF (Prop_INBUF_HRIO_PAD_O)
                                                      0.955     0.955 r  clk_IBUF_inst/INBUF_INST/O
                         net (fo=1, routed)           0.105     1.060    clk_IBUF_inst/OUT
    AA13                 IBUFCTRL (Prop_IBUFCTRL_HRIO_I_O)
                                                      0.049     1.109 r  clk_IBUF_inst/IBUFCTRL_INST/O
                         net (fo=1, routed)           0.839     1.948    clk_IBUF
    BUFGCE_X1Y0          BUFGCE (Prop_BUFCE_BUFGCE_I_O)
                                                      0.101     2.049 r  clk_IBUF_BUFG_inst/O
    X1Y0 (CLOCK_ROOT)    net (fo=1725, routed)        2.365     4.414    dut/clk_IBUF_BUFG
    SLICE_X30Y29         FDRE                                         r  dut/metrics1_r_reg[20]/C
  -------------------------------------------------------------------    -------------------
    SLICE_X30Y29         FDRE (Prop_CFF2_SLICEM_C_Q)
                                                      0.139     4.553 r  dut/metrics1_r_reg[20]/Q
                         net (fo=2, routed)           0.304     4.857    dut/SS_00/m_p_reg[0][7][10]_i_2_0[20]
    SLICE_X32Y31         LUT2 (Prop_A6LUT_SLICEM_I1_O)
                                                      0.089     4.946 r  dut/SS_00/m_p[0][1][7]_i_10/O
                         net (fo=1, routed)           0.000     4.946    dut/SS_00/m_p[0][1][7]_i_10_n_0
    SLICE_X32Y31         CARRY8 (Prop_CARRY8_SLICEM_S[0]_CO[7])
                                                      0.438     5.384 r  dut/SS_00/m_p_reg[0][1][7]_i_2/CO[7]
                         net (fo=1, routed)           0.030     5.414    dut/SS_00/m_p_reg[0][1][7]_i_2_n_0
    SLICE_X32Y32         CARRY8 (Prop_CARRY8_SLICEM_CI_O[0])
                                                      0.122     5.536 r  dut/SS_00/m_p_reg[0][1][10]_i_2/O[0]
                         net (fo=4, routed)           0.324     5.860    dut/SS_00/s_raw[1]_108[8]
    SLICE_X33Y33         LUT4 (Prop_E6LUT_SLICEL_I0_O)
                                                      0.219     6.079 r  dut/SS_00/idx_p[0][1][0]_i_9/O
                         net (fo=1, routed)           0.000     6.079    dut/SS_00/idx_p[0][1][0]_i_9_n_0
    SLICE_X33Y33         CARRY8 (Prop_CARRY8_SLICEL_S[4]_CO[5])
                                                      0.299     6.378 r  dut/SS_00/idx_p_reg[0][1][0]_i_1/CO[5]
                         net (fo=24, routed)          0.288     6.666    dut/SS_00/idx_w[1][1]_11[0]
    SLICE_X33Y31         LUT3 (Prop_C6LUT_SLICEL_I2_O)
                                                      0.165     6.831 r  dut/SS_00/m_p[0][0][6]_i_1/O
                         net (fo=1, routed)           0.037     6.868    dut/SS_00/m_w[1][0]_9[6]
    SLICE_X33Y31         FDRE                                         r  dut/SS_00/m_p_reg[0][0][6]/D
  -------------------------------------------------------------------    -------------------

                         (clock sys_clk_pin rise edge)
                                                      1.000     1.000 r  
    AA13                                              0.000     1.000 r  clk (IN)
                         net (fo=0)                   0.000     1.000    clk_IBUF_inst/I
    AA13                 INBUF (Prop_INBUF_HRIO_PAD_O)
                                                      0.662     1.662 r  clk_IBUF_inst/INBUF_INST/O
                         net (fo=1, routed)           0.066     1.728    clk_IBUF_inst/OUT
    AA13                 IBUFCTRL (Prop_IBUFCTRL_HRIO_I_O)
                                                      0.034     1.762 r  clk_IBUF_inst/IBUFCTRL_INST/O
                         net (fo=1, routed)           0.722     2.484    clk_IBUF
    BUFGCE_X1Y0          BUFGCE (Prop_BUFCE_BUFGCE_I_O)
                                                      0.091     2.575 r  clk_IBUF_BUFG_inst/O
    X1Y0 (CLOCK_ROOT)    net (fo=1725, routed)        2.048     4.623    dut/SS_00/clk_IBUF_BUFG
    SLICE_X33Y31         FDRE                                         r  dut/SS_00/m_p_reg[0][0][6]/C
                         clock pessimism              0.616     5.239    
                         clock uncertainty           -0.035     5.204    
    SLICE_X33Y31         FDRE (Setup_CFF_SLICEL_C_D)
                                                      0.063     5.267    dut/SS_00/m_p_reg[0][0][6]
  -------------------------------------------------------------------
                         required time                          5.267    
                         arrival time                          -6.868    
  -------------------------------------------------------------------
                         slack                                 -1.601    

Slack (VIOLATED) :        -1.590ns  (required time - arrival time)
  Source:                 dut/metrics_r_reg[11]/C
                            (rising edge-triggered cell FDRE clocked by sys_clk_pin  {rise@0.000ns fall@0.500ns period=1.000ns})
  Destination:            dut/SS_00/m_p_reg[0][6][5]/D
                            (rising edge-triggered cell FDRE clocked by sys_clk_pin  {rise@0.000ns fall@0.500ns period=1.000ns})
  Path Group:             sys_clk_pin
  Path Type:              Setup (Max at Slow Process Corner)
  Requirement:            1.000ns  (sys_clk_pin rise@1.000ns - sys_clk_pin rise@0.000ns)
  Data Path Delay:        2.476ns  (logic 1.454ns (58.724%)  route 1.022ns (41.276%))
  Logic Levels:           6  (CARRY8=3 LUT2=1 LUT3=1 LUT4=1)
  Clock Path Skew:        -0.141ns (DCD - SCD + CPR)
    Destination Clock Delay (DCD):    3.602ns = ( 4.602 - 1.000 ) 
    Source Clock Delay      (SCD):    4.360ns
    Clock Pessimism Removal (CPR):    0.617ns
  Clock Uncertainty:      0.035ns  ((TSJ^2 + TIJ^2)^1/2 + DJ) / 2 + PE
    Total System Jitter     (TSJ):    0.071ns
    Total Input Jitter      (TIJ):    0.000ns
    Discrete Jitter          (DJ):    0.000ns
    Phase Error              (PE):    0.000ns
  Clock Net Delay (Source):      2.311ns (routing 0.849ns, distribution 1.462ns)
  Clock Net Delay (Destination): 2.027ns (routing 0.780ns, distribution 1.247ns)

    Location             Delay type                Incr(ns)  Path(ns)    Netlist Resource(s)
  -------------------------------------------------------------------    -------------------
                         (clock sys_clk_pin rise edge)
                                                      0.000     0.000 r  
    AA13                                              0.000     0.000 r  clk (IN)
                         net (fo=0)                   0.000     0.000    clk_IBUF_inst/I
    AA13                 INBUF (Prop_INBUF_HRIO_PAD_O)
                                                      0.955     0.955 r  clk_IBUF_inst/INBUF_INST/O
                         net (fo=1, routed)           0.105     1.060    clk_IBUF_inst/OUT
    AA13                 IBUFCTRL (Prop_IBUFCTRL_HRIO_I_O)
                                                      0.049     1.109 r  clk_IBUF_inst/IBUFCTRL_INST/O
                         net (fo=1, routed)           0.839     1.948    clk_IBUF
    BUFGCE_X1Y0          BUFGCE (Prop_BUFCE_BUFGCE_I_O)
                                                      0.101     2.049 r  clk_IBUF_BUFG_inst/O
    X1Y0 (CLOCK_ROOT)    net (fo=1725, routed)        2.311     4.360    dut/clk_IBUF_BUFG
    SLICE_X28Y35         FDRE                                         r  dut/metrics_r_reg[11]/C
  -------------------------------------------------------------------    -------------------
    SLICE_X28Y35         FDRE (Prop_BFF2_SLICEL_C_Q)
                                                      0.138     4.498 r  dut/metrics_r_reg[11]/Q
                         net (fo=2, routed)           0.198     4.696    dut/SS_00/Q[11]
    SLICE_X29Y35         LUT2 (Prop_B6LUT_SLICEM_I0_O)
                                                      0.225     4.921 r  dut/SS_00/m_p[0][7][7]_i_18/O
                         net (fo=1, routed)           0.000     4.921    dut/SS_00/m_p[0][7][7]_i_18_n_0
    SLICE_X29Y35         CARRY8 (Prop_CARRY8_SLICEM_S[1]_CO[7])
                                                      0.428     5.349 r  dut/SS_00/m_p_reg[0][7][7]_i_3/CO[7]
                         net (fo=1, routed)           0.030     5.379    dut/SS_00/m_p_reg[0][7][7]_i_3_n_0
    SLICE_X29Y36         CARRY8 (Prop_CARRY8_SLICEM_CI_O[1])
                                                      0.163     5.542 r  dut/SS_00/m_p_reg[0][7][10]_i_3/O[1]
                         net (fo=4, routed)           0.400     5.942    dut/SS_00/s_raw[6]_113[9]
    SLICE_X28Y33         LUT4 (Prop_E6LUT_SLICEL_I3_O)
                                                      0.146     6.088 r  dut/SS_00/idx_p[0][7][0]_i_9/O
                         net (fo=1, routed)           0.000     6.088    dut/SS_00/idx_p[0][7][0]_i_9_n_0
    SLICE_X28Y33         CARRY8 (Prop_CARRY8_SLICEL_S[4]_CO[5])
                                                      0.299     6.387 r  dut/SS_00/idx_p_reg[0][7][0]_i_1/CO[5]
                         net (fo=24, routed)          0.363     6.750    dut/SS_00/idx_w[1][7]_23[0]
    SLICE_X29Y31         LUT3 (Prop_F6LUT_SLICEM_I2_O)
                                                      0.055     6.805 r  dut/SS_00/m_p[0][6][5]_i_1/O
                         net (fo=1, routed)           0.031     6.836    dut/SS_00/m_w[1][6]_21[5]
    SLICE_X29Y31         FDRE                                         r  dut/SS_00/m_p_reg[0][6][5]/D
  -------------------------------------------------------------------    -------------------

                         (clock sys_clk_pin rise edge)
                                                      1.000     1.000 r  
    AA13                                              0.000     1.000 r  clk (IN)
                         net (fo=0)                   0.000     1.000    clk_IBUF_inst/I
    AA13                 INBUF (Prop_INBUF_HRIO_PAD_O)
                                                      0.662     1.662 r  clk_IBUF_inst/INBUF_INST/O
                         net (fo=1, routed)           0.066     1.728    clk_IBUF_inst/OUT
    AA13                 IBUFCTRL (Prop_IBUFCTRL_HRIO_I_O)
                                                      0.034     1.762 r  clk_IBUF_inst/IBUFCTRL_INST/O
                         net (fo=1, routed)           0.722     2.484    clk_IBUF
    BUFGCE_X1Y0          BUFGCE (Prop_BUFCE_BUFGCE_I_O)
                                                      0.091     2.575 r  clk_IBUF_BUFG_inst/O
    X1Y0 (CLOCK_ROOT)    net (fo=1725, routed)        2.027     4.602    dut/SS_00/clk_IBUF_BUFG
    SLICE_X29Y31         FDRE                                         r  dut/SS_00/m_p_reg[0][6][5]/C
                         clock pessimism              0.617     5.219    
                         clock uncertainty           -0.035     5.183    
    SLICE_X29Y31         FDRE (Setup_FFF_SLICEM_C_D)
                                                      0.063     5.246    dut/SS_00/m_p_reg[0][6][5]
  -------------------------------------------------------------------
                         required time                          5.246    
                         arrival time                          -6.836    
  -------------------------------------------------------------------
                         slack                                 -1.590    

Slack (VIOLATED) :        -1.588ns  (required time - arrival time)
  Source:                 dut/metrics_r_reg[11]/C
                            (rising edge-triggered cell FDRE clocked by sys_clk_pin  {rise@0.000ns fall@0.500ns period=1.000ns})
  Destination:            dut/SS_00/m_p_reg[0][6][0]/D
                            (rising edge-triggered cell FDRE clocked by sys_clk_pin  {rise@0.000ns fall@0.500ns period=1.000ns})
  Path Group:             sys_clk_pin
  Path Type:              Setup (Max at Slow Process Corner)
  Requirement:            1.000ns  (sys_clk_pin rise@1.000ns - sys_clk_pin rise@0.000ns)
  Data Path Delay:        2.474ns  (logic 1.454ns (58.771%)  route 1.020ns (41.229%))
  Logic Levels:           6  (CARRY8=3 LUT2=1 LUT3=1 LUT4=1)
  Clock Path Skew:        -0.141ns (DCD - SCD + CPR)
    Destination Clock Delay (DCD):    3.602ns = ( 4.602 - 1.000 ) 
    Source Clock Delay      (SCD):    4.360ns
    Clock Pessimism Removal (CPR):    0.617ns
  Clock Uncertainty:      0.035ns  ((TSJ^2 + TIJ^2)^1/2 + DJ) / 2 + PE
    Total System Jitter     (TSJ):    0.071ns
    Total Input Jitter      (TIJ):    0.000ns
    Discrete Jitter          (DJ):    0.000ns
    Phase Error              (PE):    0.000ns
  Clock Net Delay (Source):      2.311ns (routing 0.849ns, distribution 1.462ns)
  Clock Net Delay (Destination): 2.027ns (routing 0.780ns, distribution 1.247ns)

    Location             Delay type                Incr(ns)  Path(ns)    Netlist Resource(s)
  -------------------------------------------------------------------    -------------------
                         (clock sys_clk_pin rise edge)
                                                      0.000     0.000 r  
    AA13                                              0.000     0.000 r  clk (IN)
                         net (fo=0)                   0.000     0.000    clk_IBUF_inst/I
    AA13                 INBUF (Prop_INBUF_HRIO_PAD_O)
                                                      0.955     0.955 r  clk_IBUF_inst/INBUF_INST/O
                         net (fo=1, routed)           0.105     1.060    clk_IBUF_inst/OUT
    AA13                 IBUFCTRL (Prop_IBUFCTRL_HRIO_I_O)
                                                      0.049     1.109 r  clk_IBUF_inst/IBUFCTRL_INST/O
                         net (fo=1, routed)           0.839     1.948    clk_IBUF
    BUFGCE_X1Y0          BUFGCE (Prop_BUFCE_BUFGCE_I_O)
                                                      0.101     2.049 r  clk_IBUF_BUFG_inst/O
    X1Y0 (CLOCK_ROOT)    net (fo=1725, routed)        2.311     4.360    dut/clk_IBUF_BUFG
    SLICE_X28Y35         FDRE                                         r  dut/metrics_r_reg[11]/C
  -------------------------------------------------------------------    -------------------
    SLICE_X28Y35         FDRE (Prop_BFF2_SLICEL_C_Q)
                                                      0.138     4.498 r  dut/metrics_r_reg[11]/Q
                         net (fo=2, routed)           0.198     4.696    dut/SS_00/Q[11]
    SLICE_X29Y35         LUT2 (Prop_B6LUT_SLICEM_I0_O)
                                                      0.225     4.921 r  dut/SS_00/m_p[0][7][7]_i_18/O
                         net (fo=1, routed)           0.000     4.921    dut/SS_00/m_p[0][7][7]_i_18_n_0
    SLICE_X29Y35         CARRY8 (Prop_CARRY8_SLICEM_S[1]_CO[7])
                                                      0.428     5.349 r  dut/SS_00/m_p_reg[0][7][7]_i_3/CO[7]
                         net (fo=1, routed)           0.030     5.379    dut/SS_00/m_p_reg[0][7][7]_i_3_n_0
    SLICE_X29Y36         CARRY8 (Prop_CARRY8_SLICEM_CI_O[1])
                                                      0.163     5.542 r  dut/SS_00/m_p_reg[0][7][10]_i_3/O[1]
                         net (fo=4, routed)           0.400     5.942    dut/SS_00/s_raw[6]_113[9]
    SLICE_X28Y33         LUT4 (Prop_E6LUT_SLICEL_I3_O)
                                                      0.146     6.088 r  dut/SS_00/idx_p[0][7][0]_i_9/O
                         net (fo=1, routed)           0.000     6.088    dut/SS_00/idx_p[0][7][0]_i_9_n_0
    SLICE_X28Y33         CARRY8 (Prop_CARRY8_SLICEL_S[4]_CO[5])
                                                      0.299     6.387 r  dut/SS_00/idx_p_reg[0][7][0]_i_1/CO[5]
                         net (fo=24, routed)          0.357     6.744    dut/SS_00/idx_w[1][7]_23[0]
    SLICE_X29Y31         LUT3 (Prop_H6LUT_SLICEM_I2_O)
                                                      0.055     6.799 r  dut/SS_00/m_p[0][6][0]_i_1/O
                         net (fo=1, routed)           0.035     6.834    dut/SS_00/m_w[1][6]_21[0]
    SLICE_X29Y31         FDRE                                         r  dut/SS_00/m_p_reg[0][6][0]/D
  -------------------------------------------------------------------    -------------------

                         (clock sys_clk_pin rise edge)
                                                      1.000     1.000 r  
    AA13                                              0.000     1.000 r  clk (IN)
                         net (fo=0)                   0.000     1.000    clk_IBUF_inst/I
    AA13                 INBUF (Prop_INBUF_HRIO_PAD_O)
                                                      0.662     1.662 r  clk_IBUF_inst/INBUF_INST/O
                         net (fo=1, routed)           0.066     1.728    clk_IBUF_inst/OUT
    AA13                 IBUFCTRL (Prop_IBUFCTRL_HRIO_I_O)
                                                      0.034     1.762 r  clk_IBUF_inst/IBUFCTRL_INST/O
                         net (fo=1, routed)           0.722     2.484    clk_IBUF
    BUFGCE_X1Y0          BUFGCE (Prop_BUFCE_BUFGCE_I_O)
                                                      0.091     2.575 r  clk_IBUF_BUFG_inst/O
    X1Y0 (CLOCK_ROOT)    net (fo=1725, routed)        2.027     4.602    dut/SS_00/clk_IBUF_BUFG
    SLICE_X29Y31         FDRE                                         r  dut/SS_00/m_p_reg[0][6][0]/C
                         clock pessimism              0.617     5.219    
                         clock uncertainty           -0.035     5.183    
    SLICE_X29Y31         FDRE (Setup_HFF_SLICEM_C_D)
                                                      0.063     5.246    dut/SS_00/m_p_reg[0][6][0]
  -------------------------------------------------------------------
                         required time                          5.246    
                         arrival time                          -6.834    
  -------------------------------------------------------------------
                         slack                                 -1.588    

Slack (VIOLATED) :        -1.583ns  (required time - arrival time)
  Source:                 dut/metrics_r_reg[21]/C
                            (rising edge-triggered cell FDRE clocked by sys_clk_pin  {rise@0.000ns fall@0.500ns period=1.000ns})
  Destination:            dut/SS_00/m_p_reg[0][3][6]/D
                            (rising edge-triggered cell FDRE clocked by sys_clk_pin  {rise@0.000ns fall@0.500ns period=1.000ns})
  Path Group:             sys_clk_pin
  Path Type:              Setup (Max at Slow Process Corner)
  Requirement:            1.000ns  (sys_clk_pin rise@1.000ns - sys_clk_pin rise@0.000ns)
  Data Path Delay:        2.435ns  (logic 1.271ns (52.197%)  route 1.164ns (47.803%))
  Logic Levels:           6  (CARRY8=3 LUT2=1 LUT3=1 LUT4=1)
  Clock Path Skew:        -0.176ns (DCD - SCD + CPR)
    Destination Clock Delay (DCD):    3.622ns = ( 4.622 - 1.000 ) 
    Source Clock Delay      (SCD):    4.414ns
    Clock Pessimism Removal (CPR):    0.616ns
  Clock Uncertainty:      0.035ns  ((TSJ^2 + TIJ^2)^1/2 + DJ) / 2 + PE
    Total System Jitter     (TSJ):    0.071ns
    Total Input Jitter      (TIJ):    0.000ns
    Discrete Jitter          (DJ):    0.000ns
    Phase Error              (PE):    0.000ns
  Clock Net Delay (Source):      2.365ns (routing 0.849ns, distribution 1.516ns)
  Clock Net Delay (Destination): 2.047ns (routing 0.780ns, distribution 1.267ns)

    Location             Delay type                Incr(ns)  Path(ns)    Netlist Resource(s)
  -------------------------------------------------------------------    -------------------
                         (clock sys_clk_pin rise edge)
                                                      0.000     0.000 r  
    AA13                                              0.000     0.000 r  clk (IN)
                         net (fo=0)                   0.000     0.000    clk_IBUF_inst/I
    AA13                 INBUF (Prop_INBUF_HRIO_PAD_O)
                                                      0.955     0.955 r  clk_IBUF_inst/INBUF_INST/O
                         net (fo=1, routed)           0.105     1.060    clk_IBUF_inst/OUT
    AA13                 IBUFCTRL (Prop_IBUFCTRL_HRIO_I_O)
                                                      0.049     1.109 r  clk_IBUF_inst/IBUFCTRL_INST/O
                         net (fo=1, routed)           0.839     1.948    clk_IBUF
    BUFGCE_X1Y0          BUFGCE (Prop_BUFCE_BUFGCE_I_O)
                                                      0.101     2.049 r  clk_IBUF_BUFG_inst/O
    X1Y0 (CLOCK_ROOT)    net (fo=1725, routed)        2.365     4.414    dut/clk_IBUF_BUFG
    SLICE_X31Y28         FDRE                                         r  dut/metrics_r_reg[21]/C
  -------------------------------------------------------------------    -------------------
    SLICE_X31Y28         FDRE (Prop_AFF2_SLICEL_C_Q)
                                                      0.139     4.553 r  dut/metrics_r_reg[21]/Q
                         net (fo=4, routed)           0.348     4.901    dut/SS_00/Q[21]
    SLICE_X32Y29         LUT2 (Prop_B6LUT_SLICEM_I0_O)
                                                      0.092     4.993 r  dut/SS_00/m_p[0][3][7]_i_10/O
                         net (fo=1, routed)           0.000     4.993    dut/SS_00/m_p[0][3][7]_i_10_n_0
    SLICE_X32Y29         CARRY8 (Prop_CARRY8_SLICEM_S[1]_CO[7])
                                                      0.428     5.421 r  dut/SS_00/m_p_reg[0][3][7]_i_2/CO[7]
                         net (fo=1, routed)           0.043     5.464    dut/SS_00/m_p_reg[0][3][7]_i_2_n_0
    SLICE_X32Y30         CARRY8 (Prop_CARRY8_SLICEM_CI_O[0])
                                                      0.122     5.586 r  dut/SS_00/m_p_reg[0][3][10]_i_2/O[0]
                         net (fo=4, routed)           0.369     5.955    dut/SS_00/s_raw[3]_110[8]
    SLICE_X31Y29         LUT4 (Prop_E6LUT_SLICEL_I0_O)
                                                      0.146     6.101 r  dut/SS_00/idx_p[0][3][0]_i_9/O
                         net (fo=1, routed)           0.000     6.101    dut/SS_00/idx_p[0][3][0]_i_9_n_0
    SLICE_X31Y29         CARRY8 (Prop_CARRY8_SLICEL_S[4]_CO[5])
                                                      0.289     6.390 r  dut/SS_00/idx_p_reg[0][3][0]_i_1/CO[5]
                         net (fo=24, routed)          0.373     6.763    dut/SS_00/idx_w[1][3]_15[0]
    SLICE_X30Y30         LUT3 (Prop_F6LUT_SLICEM_I2_O)
                                                      0.055     6.818 r  dut/SS_00/m_p[0][3][6]_i_1/O
                         net (fo=1, routed)           0.031     6.849    dut/SS_00/m_w[1][3]_14[6]
    SLICE_X30Y30         FDRE                                         r  dut/SS_00/m_p_reg[0][3][6]/D
  -------------------------------------------------------------------    -------------------

                         (clock sys_clk_pin rise edge)
                                                      1.000     1.000 r  
    AA13                                              0.000     1.000 r  clk (IN)
                         net (fo=0)                   0.000     1.000    clk_IBUF_inst/I
    AA13                 INBUF (Prop_INBUF_HRIO_PAD_O)
                                                      0.662     1.662 r  clk_IBUF_inst/INBUF_INST/O
                         net (fo=1, routed)           0.066     1.728    clk_IBUF_inst/OUT
    AA13                 IBUFCTRL (Prop_IBUFCTRL_HRIO_I_O)
                                                      0.034     1.762 r  clk_IBUF_inst/IBUFCTRL_INST/O
                         net (fo=1, routed)           0.722     2.484    clk_IBUF
    BUFGCE_X1Y0          BUFGCE (Prop_BUFCE_BUFGCE_I_O)
                                                      0.091     2.575 r  clk_IBUF_BUFG_inst/O
    X1Y0 (CLOCK_ROOT)    net (fo=1725, routed)        2.047     4.622    dut/SS_00/clk_IBUF_BUFG
    SLICE_X30Y30         FDRE                                         r  dut/SS_00/m_p_reg[0][3][6]/C
                         clock pessimism              0.616     5.238    
                         clock uncertainty           -0.035     5.203    
    SLICE_X30Y30         FDRE (Setup_FFF_SLICEM_C_D)
                                                      0.063     5.266    dut/SS_00/m_p_reg[0][3][6]
  -------------------------------------------------------------------
                         required time                          5.266    
                         arrival time                          -6.849    
  -------------------------------------------------------------------
                         slack                                 -1.583    

Slack (VIOLATED) :        -1.581ns  (required time - arrival time)
  Source:                 dut/metrics_r_reg[11]/C
                            (rising edge-triggered cell FDRE clocked by sys_clk_pin  {rise@0.000ns fall@0.500ns period=1.000ns})
  Destination:            dut/SS_00/m_p_reg[0][7][7]/D
                            (rising edge-triggered cell FDRE clocked by sys_clk_pin  {rise@0.000ns fall@0.500ns period=1.000ns})
  Path Group:             sys_clk_pin
  Path Type:              Setup (Max at Slow Process Corner)
  Requirement:            1.000ns  (sys_clk_pin rise@1.000ns - sys_clk_pin rise@0.000ns)
  Data Path Delay:        2.468ns  (logic 1.450ns (58.752%)  route 1.018ns (41.248%))
  Logic Levels:           6  (CARRY8=3 LUT2=1 LUT3=1 LUT4=1)
  Clock Path Skew:        -0.141ns (DCD - SCD + CPR)
    Destination Clock Delay (DCD):    3.602ns = ( 4.602 - 1.000 ) 
    Source Clock Delay      (SCD):    4.360ns
    Clock Pessimism Removal (CPR):    0.617ns
  Clock Uncertainty:      0.035ns  ((TSJ^2 + TIJ^2)^1/2 + DJ) / 2 + PE
    Total System Jitter     (TSJ):    0.071ns
    Total Input Jitter      (TIJ):    0.000ns
    Discrete Jitter          (DJ):    0.000ns
    Phase Error              (PE):    0.000ns
  Clock Net Delay (Source):      2.311ns (routing 0.849ns, distribution 1.462ns)
  Clock Net Delay (Destination): 2.027ns (routing 0.780ns, distribution 1.247ns)

    Location             Delay type                Incr(ns)  Path(ns)    Netlist Resource(s)
  -------------------------------------------------------------------    -------------------
                         (clock sys_clk_pin rise edge)
                                                      0.000     0.000 r  
    AA13                                              0.000     0.000 r  clk (IN)
                         net (fo=0)                   0.000     0.000    clk_IBUF_inst/I
    AA13                 INBUF (Prop_INBUF_HRIO_PAD_O)
                                                      0.955     0.955 r  clk_IBUF_inst/INBUF_INST/O
                         net (fo=1, routed)           0.105     1.060    clk_IBUF_inst/OUT
    AA13                 IBUFCTRL (Prop_IBUFCTRL_HRIO_I_O)
                                                      0.049     1.109 r  clk_IBUF_inst/IBUFCTRL_INST/O
                         net (fo=1, routed)           0.839     1.948    clk_IBUF
    BUFGCE_X1Y0          BUFGCE (Prop_BUFCE_BUFGCE_I_O)
                                                      0.101     2.049 r  clk_IBUF_BUFG_inst/O
    X1Y0 (CLOCK_ROOT)    net (fo=1725, routed)        2.311     4.360    dut/clk_IBUF_BUFG
    SLICE_X28Y35         FDRE                                         r  dut/metrics_r_reg[11]/C
  -------------------------------------------------------------------    -------------------
    SLICE_X28Y35         FDRE (Prop_BFF2_SLICEL_C_Q)
                                                      0.138     4.498 r  dut/metrics_r_reg[11]/Q
                         net (fo=2, routed)           0.198     4.696    dut/SS_00/Q[11]
    SLICE_X29Y35         LUT2 (Prop_B6LUT_SLICEM_I0_O)
                                                      0.225     4.921 r  dut/SS_00/m_p[0][7][7]_i_18/O
                         net (fo=1, routed)           0.000     4.921    dut/SS_00/m_p[0][7][7]_i_18_n_0
    SLICE_X29Y35         CARRY8 (Prop_CARRY8_SLICEM_S[1]_CO[7])
                                                      0.428     5.349 r  dut/SS_00/m_p_reg[0][7][7]_i_3/CO[7]
                         net (fo=1, routed)           0.030     5.379    dut/SS_00/m_p_reg[0][7][7]_i_3_n_0
    SLICE_X29Y36         CARRY8 (Prop_CARRY8_SLICEM_CI_O[1])
                                                      0.163     5.542 r  dut/SS_00/m_p_reg[0][7][10]_i_3/O[1]
                         net (fo=4, routed)           0.400     5.942    dut/SS_00/s_raw[6]_113[9]
    SLICE_X28Y33         LUT4 (Prop_E6LUT_SLICEL_I3_O)
                                                      0.146     6.088 r  dut/SS_00/idx_p[0][7][0]_i_9/O
                         net (fo=1, routed)           0.000     6.088    dut/SS_00/idx_p[0][7][0]_i_9_n_0
    SLICE_X28Y33         CARRY8 (Prop_CARRY8_SLICEL_S[4]_CO[5])
                                                      0.299     6.387 r  dut/SS_00/idx_p_reg[0][7][0]_i_1/CO[5]
                         net (fo=24, routed)          0.360     6.747    dut/SS_00/idx_w[1][7]_23[0]
    SLICE_X29Y31         LUT3 (Prop_E6LUT_SLICEM_I2_O)
                                                      0.051     6.798 r  dut/SS_00/m_p[0][7][7]_i_1/O
                         net (fo=1, routed)           0.030     6.828    dut/SS_00/m_w[1][7]_22[7]
    SLICE_X29Y31         FDRE                                         r  dut/SS_00/m_p_reg[0][7][7]/D
  -------------------------------------------------------------------    -------------------

                         (clock sys_clk_pin rise edge)
                                                      1.000     1.000 r  
    AA13                                              0.000     1.000 r  clk (IN)
                         net (fo=0)                   0.000     1.000    clk_IBUF_inst/I
    AA13                 INBUF (Prop_INBUF_HRIO_PAD_O)
                                                      0.662     1.662 r  clk_IBUF_inst/INBUF_INST/O
                         net (fo=1, routed)           0.066     1.728    clk_IBUF_inst/OUT
    AA13                 IBUFCTRL (Prop_IBUFCTRL_HRIO_I_O)
                                                      0.034     1.762 r  clk_IBUF_inst/IBUFCTRL_INST/O
                         net (fo=1, routed)           0.722     2.484    clk_IBUF
    BUFGCE_X1Y0          BUFGCE (Prop_BUFCE_BUFGCE_I_O)
                                                      0.091     2.575 r  clk_IBUF_BUFG_inst/O
    X1Y0 (CLOCK_ROOT)    net (fo=1725, routed)        2.027     4.602    dut/SS_00/clk_IBUF_BUFG
    SLICE_X29Y31         FDRE                                         r  dut/SS_00/m_p_reg[0][7][7]/C
                         clock pessimism              0.617     5.219    
                         clock uncertainty           -0.035     5.183    
    SLICE_X29Y31         FDRE (Setup_EFF_SLICEM_C_D)
                                                      0.064     5.247    dut/SS_00/m_p_reg[0][7][7]
  -------------------------------------------------------------------
                         required time                          5.247    
                         arrival time                          -6.828    
  -------------------------------------------------------------------
                         slack                                 -1.581    





Min Delay Paths
--------------------------------------------------------------------------------------
Slack (MET) :             0.030ns  (arrival time - required time)
  Source:                 i_labels_buf_reg[209]/C
                            (rising edge-triggered cell FDRE clocked by sys_clk_pin  {rise@0.000ns fall@0.500ns period=1.000ns})
  Destination:            dut/SS_00/conc_d_reg[4][2][49]_srl6/D
                            (rising edge-triggered cell SRL16E clocked by sys_clk_pin  {rise@0.000ns fall@0.500ns period=1.000ns})
  Path Group:             sys_clk_pin
  Path Type:              Hold (Min at Fast Process Corner)
  Requirement:            0.000ns  (sys_clk_pin rise@0.000ns - sys_clk_pin rise@0.000ns)
  Data Path Delay:        0.197ns  (logic 0.049ns (24.873%)  route 0.148ns (75.127%))
  Logic Levels:           0  
  Clock Path Skew:        0.047ns (DCD - SCD - CPR)
    Destination Clock Delay (DCD):    2.483ns
    Source Clock Delay      (SCD):    1.846ns
    Clock Pessimism Removal (CPR):    0.590ns
  Clock Net Delay (Source):      0.867ns (routing 0.350ns, distribution 0.517ns)
  Clock Net Delay (Destination): 1.041ns (routing 0.390ns, distribution 0.651ns)

    Location             Delay type                Incr(ns)  Path(ns)    Netlist Resource(s)
  -------------------------------------------------------------------    -------------------
                         (clock sys_clk_pin rise edge)
                                                      0.000     0.000 r  
    AA13                                              0.000     0.000 r  clk (IN)
                         net (fo=0)                   0.000     0.000    clk_IBUF_inst/I
    AA13                 INBUF (Prop_INBUF_HRIO_PAD_O)
                                                      0.562     0.562 r  clk_IBUF_inst/INBUF_INST/O
                         net (fo=1, routed)           0.025     0.587    clk_IBUF_inst/OUT
    AA13                 IBUFCTRL (Prop_IBUFCTRL_HRIO_I_O)
                                                      0.015     0.602 r  clk_IBUF_inst/IBUFCTRL_INST/O
                         net (fo=1, routed)           0.350     0.952    clk_IBUF
    BUFGCE_X1Y0          BUFGCE (Prop_BUFCE_BUFGCE_I_O)
                                                      0.027     0.979 r  clk_IBUF_BUFG_inst/O
    X1Y0 (CLOCK_ROOT)    net (fo=1725, routed)        0.867     1.846    clk_IBUF_BUFG
    SLICE_X27Y2          FDRE                                         r  i_labels_buf_reg[209]/C
  -------------------------------------------------------------------    -------------------
    SLICE_X27Y2          FDRE (Prop_EFF_SLICEL_C_Q)
                                                      0.049     1.895 r  i_labels_buf_reg[209]/Q
                         net (fo=1, routed)           0.148     2.043    dut/SS_00/conc_d_reg[5][2][49]_0
    SLICE_X26Y2          SRL16E                                       r  dut/SS_00/conc_d_reg[4][2][49]_srl6/D
  -------------------------------------------------------------------    -------------------

                         (clock sys_clk_pin rise edge)
                                                      0.000     0.000 r  
    AA13                                              0.000     0.000 r  clk (IN)
                         net (fo=0)                   0.000     0.000    clk_IBUF_inst/I
    AA13                 INBUF (Prop_INBUF_HRIO_PAD_O)
                                                      0.938     0.938 r  clk_IBUF_inst/INBUF_INST/O
                         net (fo=1, routed)           0.042     0.980    clk_IBUF_inst/OUT
    AA13                 IBUFCTRL (Prop_IBUFCTRL_HRIO_I_O)
                                                      0.022     1.002 r  clk_IBUF_inst/IBUFCTRL_INST/O
                         net (fo=1, routed)           0.409     1.411    clk_IBUF
    BUFGCE_X1Y0          BUFGCE (Prop_BUFCE_BUFGCE_I_O)
                                                      0.031     1.442 r  clk_IBUF_BUFG_inst/O
    X1Y0 (CLOCK_ROOT)    net (fo=1725, routed)        1.041     2.483    dut/SS_00/clk_IBUF_BUFG
    SLICE_X26Y2          SRL16E                                       r  dut/SS_00/conc_d_reg[4][2][49]_srl6/CLK
                         clock pessimism             -0.590     1.893    
    SLICE_X26Y2          SRL16E (Hold_B6LUT_SLICEM_CLK_D)
                                                      0.120     2.013    dut/SS_00/conc_d_reg[4][2][49]_srl6
  -------------------------------------------------------------------
                         required time                         -2.013    
                         arrival time                           2.043    
  -------------------------------------------------------------------
                         slack                                  0.030    

Slack (MET) :             0.030ns  (arrival time - required time)
  Source:                 dut/SS_00/idx_p_reg[4][3][2]/C
                            (rising edge-triggered cell FDRE clocked by sys_clk_pin  {rise@0.000ns fall@0.500ns period=1.000ns})
  Destination:            dut/SS_00/idx_p_reg[5][3][2]/D
                            (rising edge-triggered cell FDRE clocked by sys_clk_pin  {rise@0.000ns fall@0.500ns period=1.000ns})
  Path Group:             sys_clk_pin
  Path Type:              Hold (Min at Fast Process Corner)
  Requirement:            0.000ns  (sys_clk_pin rise@0.000ns - sys_clk_pin rise@0.000ns)
  Data Path Delay:        0.173ns  (logic 0.078ns (45.087%)  route 0.095ns (54.913%))
  Logic Levels:           1  (LUT3=1)
  Clock Path Skew:        0.087ns (DCD - SCD - CPR)
    Destination Clock Delay (DCD):    2.477ns
    Source Clock Delay      (SCD):    1.843ns
    Clock Pessimism Removal (CPR):    0.547ns
  Clock Net Delay (Source):      0.864ns (routing 0.350ns, distribution 0.514ns)
  Clock Net Delay (Destination): 1.035ns (routing 0.390ns, distribution 0.645ns)

    Location             Delay type                Incr(ns)  Path(ns)    Netlist Resource(s)
  -------------------------------------------------------------------    -------------------
                         (clock sys_clk_pin rise edge)
                                                      0.000     0.000 r  
    AA13                                              0.000     0.000 r  clk (IN)
                         net (fo=0)                   0.000     0.000    clk_IBUF_inst/I
    AA13                 INBUF (Prop_INBUF_HRIO_PAD_O)
                                                      0.562     0.562 r  clk_IBUF_inst/INBUF_INST/O
                         net (fo=1, routed)           0.025     0.587    clk_IBUF_inst/OUT
    AA13                 IBUFCTRL (Prop_IBUFCTRL_HRIO_I_O)
                                                      0.015     0.602 r  clk_IBUF_inst/IBUFCTRL_INST/O
                         net (fo=1, routed)           0.350     0.952    clk_IBUF
    BUFGCE_X1Y0          BUFGCE (Prop_BUFCE_BUFGCE_I_O)
                                                      0.027     0.979 r  clk_IBUF_BUFG_inst/O
    X1Y0 (CLOCK_ROOT)    net (fo=1725, routed)        0.864     1.843    dut/SS_00/clk_IBUF_BUFG
    SLICE_X26Y18         FDRE                                         r  dut/SS_00/idx_p_reg[4][3][2]/C
  -------------------------------------------------------------------    -------------------
    SLICE_X26Y18         FDRE (Prop_CFF_SLICEM_C_Q)
                                                      0.048     1.891 r  dut/SS_00/idx_p_reg[4][3][2]/Q
                         net (fo=2, routed)           0.079     1.970    dut/SS_00/idx_p_reg_n_0_[4][3][2]
    SLICE_X25Y18         LUT3 (Prop_C6LUT_SLICEL_I0_O)
                                                      0.030     2.000 r  dut/SS_00/idx_p[5][3][2]_i_1/O
                         net (fo=1, routed)           0.016     2.016    dut/SS_00/idx_w[6][3]_75[2]
    SLICE_X25Y18         FDRE                                         r  dut/SS_00/idx_p_reg[5][3][2]/D
  -------------------------------------------------------------------    -------------------

                         (clock sys_clk_pin rise edge)
                                                      0.000     0.000 r  
    AA13                                              0.000     0.000 r  clk (IN)
                         net (fo=0)                   0.000     0.000    clk_IBUF_inst/I
    AA13                 INBUF (Prop_INBUF_HRIO_PAD_O)
                                                      0.938     0.938 r  clk_IBUF_inst/INBUF_INST/O
                         net (fo=1, routed)           0.042     0.980    clk_IBUF_inst/OUT
    AA13                 IBUFCTRL (Prop_IBUFCTRL_HRIO_I_O)
                                                      0.022     1.002 r  clk_IBUF_inst/IBUFCTRL_INST/O
                         net (fo=1, routed)           0.409     1.411    clk_IBUF
    BUFGCE_X1Y0          BUFGCE (Prop_BUFCE_BUFGCE_I_O)
                                                      0.031     1.442 r  clk_IBUF_BUFG_inst/O
    X1Y0 (CLOCK_ROOT)    net (fo=1725, routed)        1.035     2.477    dut/SS_00/clk_IBUF_BUFG
    SLICE_X25Y18         FDRE                                         r  dut/SS_00/idx_p_reg[5][3][2]/C
                         clock pessimism             -0.547     1.930    
    SLICE_X25Y18         FDRE (Hold_CFF_SLICEL_C_D)
                                                      0.056     1.986    dut/SS_00/idx_p_reg[5][3][2]
  -------------------------------------------------------------------
                         required time                         -1.986    
                         arrival time                           2.016    
  -------------------------------------------------------------------
                         slack                                  0.030    

Slack (MET) :             0.034ns  (arrival time - required time)
  Source:                 i_labels_buf_reg[211]/C
                            (rising edge-triggered cell FDRE clocked by sys_clk_pin  {rise@0.000ns fall@0.500ns period=1.000ns})
  Destination:            dut/SS_00/conc_d_reg[4][2][51]_srl6/D
                            (rising edge-triggered cell SRL16E clocked by sys_clk_pin  {rise@0.000ns fall@0.500ns period=1.000ns})
  Path Group:             sys_clk_pin
  Path Type:              Hold (Min at Fast Process Corner)
  Requirement:            0.000ns  (sys_clk_pin rise@0.000ns - sys_clk_pin rise@0.000ns)
  Data Path Delay:        0.201ns  (logic 0.048ns (23.881%)  route 0.153ns (76.119%))
  Logic Levels:           0  
  Clock Path Skew:        0.047ns (DCD - SCD - CPR)
    Destination Clock Delay (DCD):    2.483ns
    Source Clock Delay      (SCD):    1.846ns
    Clock Pessimism Removal (CPR):    0.590ns
  Clock Net Delay (Source):      0.867ns (routing 0.350ns, distribution 0.517ns)
  Clock Net Delay (Destination): 1.041ns (routing 0.390ns, distribution 0.651ns)

    Location             Delay type                Incr(ns)  Path(ns)    Netlist Resource(s)
  -------------------------------------------------------------------    -------------------
                         (clock sys_clk_pin rise edge)
                                                      0.000     0.000 r  
    AA13                                              0.000     0.000 r  clk (IN)
                         net (fo=0)                   0.000     0.000    clk_IBUF_inst/I
    AA13                 INBUF (Prop_INBUF_HRIO_PAD_O)
                                                      0.562     0.562 r  clk_IBUF_inst/INBUF_INST/O
                         net (fo=1, routed)           0.025     0.587    clk_IBUF_inst/OUT
    AA13                 IBUFCTRL (Prop_IBUFCTRL_HRIO_I_O)
                                                      0.015     0.602 r  clk_IBUF_inst/IBUFCTRL_INST/O
                         net (fo=1, routed)           0.350     0.952    clk_IBUF
    BUFGCE_X1Y0          BUFGCE (Prop_BUFCE_BUFGCE_I_O)
                                                      0.027     0.979 r  clk_IBUF_BUFG_inst/O
    X1Y0 (CLOCK_ROOT)    net (fo=1725, routed)        0.867     1.846    clk_IBUF_BUFG
    SLICE_X27Y2          FDRE                                         r  i_labels_buf_reg[211]/C
  -------------------------------------------------------------------    -------------------
    SLICE_X27Y2          FDRE (Prop_EFF2_SLICEL_C_Q)
                                                      0.048     1.894 r  i_labels_buf_reg[211]/Q
                         net (fo=1, routed)           0.153     2.047    dut/SS_00/conc_d_reg[5][2][51]_0
    SLICE_X26Y2          SRL16E                                       r  dut/SS_00/conc_d_reg[4][2][51]_srl6/D
  -------------------------------------------------------------------    -------------------

                         (clock sys_clk_pin rise edge)
                                                      0.000     0.000 r  
    AA13                                              0.000     0.000 r  clk (IN)
                         net (fo=0)                   0.000     0.000    clk_IBUF_inst/I
    AA13                 INBUF (Prop_INBUF_HRIO_PAD_O)
                                                      0.938     0.938 r  clk_IBUF_inst/INBUF_INST/O
                         net (fo=1, routed)           0.042     0.980    clk_IBUF_inst/OUT
    AA13                 IBUFCTRL (Prop_IBUFCTRL_HRIO_I_O)
                                                      0.022     1.002 r  clk_IBUF_inst/IBUFCTRL_INST/O
                         net (fo=1, routed)           0.409     1.411    clk_IBUF
    BUFGCE_X1Y0          BUFGCE (Prop_BUFCE_BUFGCE_I_O)
                                                      0.031     1.442 r  clk_IBUF_BUFG_inst/O
    X1Y0 (CLOCK_ROOT)    net (fo=1725, routed)        1.041     2.483    dut/SS_00/clk_IBUF_BUFG
    SLICE_X26Y2          SRL16E                                       r  dut/SS_00/conc_d_reg[4][2][51]_srl6/CLK
                         clock pessimism             -0.590     1.893    
    SLICE_X26Y2          SRL16E (Hold_D6LUT_SLICEM_CLK_D)
                                                      0.120     2.013    dut/SS_00/conc_d_reg[4][2][51]_srl6
  -------------------------------------------------------------------
                         required time                         -2.013    
                         arrival time                           2.047    
  -------------------------------------------------------------------
                         slack                                  0.034    

Slack (MET) :             0.039ns  (arrival time - required time)
  Source:                 dut/SS_00/m_p_reg[2][1][8]/C
                            (rising edge-triggered cell FDRE clocked by sys_clk_pin  {rise@0.000ns fall@0.500ns period=1.000ns})
  Destination:            dut/SS_00/m_p_reg[3][1][8]/D
                            (rising edge-triggered cell FDRE clocked by sys_clk_pin  {rise@0.000ns fall@0.500ns period=1.000ns})
  Path Group:             sys_clk_pin
  Path Type:              Hold (Min at Fast Process Corner)
  Requirement:            0.000ns  (sys_clk_pin rise@0.000ns - sys_clk_pin rise@0.000ns)
  Data Path Delay:        0.148ns  (logic 0.063ns (42.568%)  route 0.085ns (57.432%))
  Logic Levels:           1  (LUT3=1)
  Clock Path Skew:        0.053ns (DCD - SCD - CPR)
    Destination Clock Delay (DCD):    2.462ns
    Source Clock Delay      (SCD):    1.832ns
    Clock Pessimism Removal (CPR):    0.577ns
  Clock Net Delay (Source):      0.853ns (routing 0.350ns, distribution 0.503ns)
  Clock Net Delay (Destination): 1.020ns (routing 0.390ns, distribution 0.630ns)

    Location             Delay type                Incr(ns)  Path(ns)    Netlist Resource(s)
  -------------------------------------------------------------------    -------------------
                         (clock sys_clk_pin rise edge)
                                                      0.000     0.000 r  
    AA13                                              0.000     0.000 r  clk (IN)
                         net (fo=0)                   0.000     0.000    clk_IBUF_inst/I
    AA13                 INBUF (Prop_INBUF_HRIO_PAD_O)
                                                      0.562     0.562 r  clk_IBUF_inst/INBUF_INST/O
                         net (fo=1, routed)           0.025     0.587    clk_IBUF_inst/OUT
    AA13                 IBUFCTRL (Prop_IBUFCTRL_HRIO_I_O)
                                                      0.015     0.602 r  clk_IBUF_inst/IBUFCTRL_INST/O
                         net (fo=1, routed)           0.350     0.952    clk_IBUF
    BUFGCE_X1Y0          BUFGCE (Prop_BUFCE_BUFGCE_I_O)
                                                      0.027     0.979 r  clk_IBUF_BUFG_inst/O
    X1Y0 (CLOCK_ROOT)    net (fo=1725, routed)        0.853     1.832    dut/SS_00/clk_IBUF_BUFG
    SLICE_X26Y24         FDRE                                         r  dut/SS_00/m_p_reg[2][1][8]/C
  -------------------------------------------------------------------    -------------------
    SLICE_X26Y24         FDRE (Prop_HFF_SLICEM_C_Q)
                                                      0.048     1.880 r  dut/SS_00/m_p_reg[2][1][8]/Q
                         net (fo=4, routed)           0.073     1.953    dut/SS_00/m_p_reg_n_0_[2][1][8]
    SLICE_X27Y25         LUT3 (Prop_A6LUT_SLICEL_I0_O)
                                                      0.015     1.968 r  dut/SS_00/m_p[3][1][8]_i_1/O
                         net (fo=1, routed)           0.012     1.980    dut/SS_00/m_w[4][1]_53[8]
    SLICE_X27Y25         FDRE                                         r  dut/SS_00/m_p_reg[3][1][8]/D
  -------------------------------------------------------------------    -------------------

                         (clock sys_clk_pin rise edge)
                                                      0.000     0.000 r  
    AA13                                              0.000     0.000 r  clk (IN)
                         net (fo=0)                   0.000     0.000    clk_IBUF_inst/I
    AA13                 INBUF (Prop_INBUF_HRIO_PAD_O)
                                                      0.938     0.938 r  clk_IBUF_inst/INBUF_INST/O
                         net (fo=1, routed)           0.042     0.980    clk_IBUF_inst/OUT
    AA13                 IBUFCTRL (Prop_IBUFCTRL_HRIO_I_O)
                                                      0.022     1.002 r  clk_IBUF_inst/IBUFCTRL_INST/O
                         net (fo=1, routed)           0.409     1.411    clk_IBUF
    BUFGCE_X1Y0          BUFGCE (Prop_BUFCE_BUFGCE_I_O)
                                                      0.031     1.442 r  clk_IBUF_BUFG_inst/O
    X1Y0 (CLOCK_ROOT)    net (fo=1725, routed)        1.020     2.462    dut/SS_00/clk_IBUF_BUFG
    SLICE_X27Y25         FDRE                                         r  dut/SS_00/m_p_reg[3][1][8]/C
                         clock pessimism             -0.577     1.885    
    SLICE_X27Y25         FDRE (Hold_AFF_SLICEL_C_D)
                                                      0.056     1.941    dut/SS_00/m_p_reg[3][1][8]
  -------------------------------------------------------------------
                         required time                         -1.941    
                         arrival time                           1.980    
  -------------------------------------------------------------------
                         slack                                  0.039    

Slack (MET) :             0.040ns  (arrival time - required time)
  Source:                 dut/SS_00/conc_d_reg[5][4][13]/C
                            (rising edge-triggered cell FDRE clocked by sys_clk_pin  {rise@0.000ns fall@0.500ns period=1.000ns})
  Destination:            dut/SS_00/conc_d_reg[4][4][13]_srl6_srlopt/D
                            (rising edge-triggered cell FDRE clocked by sys_clk_pin  {rise@0.000ns fall@0.500ns period=1.000ns})
  Path Group:             sys_clk_pin
  Path Type:              Hold (Min at Fast Process Corner)
  Requirement:            0.000ns  (sys_clk_pin rise@0.000ns - sys_clk_pin rise@0.000ns)
  Data Path Delay:        0.159ns  (logic 0.048ns (30.189%)  route 0.111ns (69.811%))
  Logic Levels:           0  
  Clock Path Skew:        0.063ns (DCD - SCD - CPR)
    Destination Clock Delay (DCD):    2.494ns
    Source Clock Delay      (SCD):    1.879ns
    Clock Pessimism Removal (CPR):    0.552ns
  Clock Net Delay (Source):      0.900ns (routing 0.350ns, distribution 0.550ns)
  Clock Net Delay (Destination): 1.052ns (routing 0.390ns, distribution 0.662ns)

    Location             Delay type                Incr(ns)  Path(ns)    Netlist Resource(s)
  -------------------------------------------------------------------    -------------------
                         (clock sys_clk_pin rise edge)
                                                      0.000     0.000 r  
    AA13                                              0.000     0.000 r  clk (IN)
                         net (fo=0)                   0.000     0.000    clk_IBUF_inst/I
    AA13                 INBUF (Prop_INBUF_HRIO_PAD_O)
                                                      0.562     0.562 r  clk_IBUF_inst/INBUF_INST/O
                         net (fo=1, routed)           0.025     0.587    clk_IBUF_inst/OUT
    AA13                 IBUFCTRL (Prop_IBUFCTRL_HRIO_I_O)
                                                      0.015     0.602 r  clk_IBUF_inst/IBUFCTRL_INST/O
                         net (fo=1, routed)           0.350     0.952    clk_IBUF
    BUFGCE_X1Y0          BUFGCE (Prop_BUFCE_BUFGCE_I_O)
                                                      0.027     0.979 r  clk_IBUF_BUFG_inst/O
    X1Y0 (CLOCK_ROOT)    net (fo=1725, routed)        0.900     1.879    dut/SS_00/clk_IBUF_BUFG
    SLICE_X23Y15         FDRE                                         r  dut/SS_00/conc_d_reg[5][4][13]/C
  -------------------------------------------------------------------    -------------------
    SLICE_X23Y15         FDRE (Prop_FFF2_SLICEM_C_Q)
                                                      0.048     1.927 r  dut/SS_00/conc_d_reg[5][4][13]/Q
                         net (fo=1, routed)           0.111     2.038    dut/SS_00/srlopt_n_15
    SLICE_X22Y15         FDRE                                         r  dut/SS_00/conc_d_reg[4][4][13]_srl6_srlopt/D
  -------------------------------------------------------------------    -------------------

                         (clock sys_clk_pin rise edge)
                                                      0.000     0.000 r  
    AA13                                              0.000     0.000 r  clk (IN)
                         net (fo=0)                   0.000     0.000    clk_IBUF_inst/I
    AA13                 INBUF (Prop_INBUF_HRIO_PAD_O)
                                                      0.938     0.938 r  clk_IBUF_inst/INBUF_INST/O
                         net (fo=1, routed)           0.042     0.980    clk_IBUF_inst/OUT
    AA13                 IBUFCTRL (Prop_IBUFCTRL_HRIO_I_O)
                                                      0.022     1.002 r  clk_IBUF_inst/IBUFCTRL_INST/O
                         net (fo=1, routed)           0.409     1.411    clk_IBUF
    BUFGCE_X1Y0          BUFGCE (Prop_BUFCE_BUFGCE_I_O)
                                                      0.031     1.442 r  clk_IBUF_BUFG_inst/O
    X1Y0 (CLOCK_ROOT)    net (fo=1725, routed)        1.052     2.494    dut/SS_00/clk_IBUF_BUFG
    SLICE_X22Y15         FDRE                                         r  dut/SS_00/conc_d_reg[4][4][13]_srl6_srlopt/C
                         clock pessimism             -0.552     1.942    
    SLICE_X22Y15         FDRE (Hold_EFF_SLICEL_C_D)
                                                      0.056     1.998    dut/SS_00/conc_d_reg[4][4][13]_srl6_srlopt
  -------------------------------------------------------------------
                         required time                         -1.998    
                         arrival time                           2.038    
  -------------------------------------------------------------------
                         slack                                  0.040    

Slack (MET) :             0.042ns  (arrival time - required time)
  Source:                 dut/SS_00/m_p_reg[2][6][1]/C
                            (rising edge-triggered cell FDRE clocked by sys_clk_pin  {rise@0.000ns fall@0.500ns period=1.000ns})
  Destination:            dut/SS_00/m_p_reg[3][6][1]/D
                            (rising edge-triggered cell FDRE clocked by sys_clk_pin  {rise@0.000ns fall@0.500ns period=1.000ns})
  Path Group:             sys_clk_pin
  Path Type:              Hold (Min at Fast Process Corner)
  Requirement:            0.000ns  (sys_clk_pin rise@0.000ns - sys_clk_pin rise@0.000ns)
  Data Path Delay:        0.150ns  (logic 0.064ns (42.667%)  route 0.086ns (57.333%))
  Logic Levels:           1  (LUT3=1)
  Clock Path Skew:        0.052ns (DCD - SCD - CPR)
    Destination Clock Delay (DCD):    2.463ns
    Source Clock Delay      (SCD):    1.834ns
    Clock Pessimism Removal (CPR):    0.577ns
  Clock Net Delay (Source):      0.855ns (routing 0.350ns, distribution 0.505ns)
  Clock Net Delay (Destination): 1.021ns (routing 0.390ns, distribution 0.631ns)

    Location             Delay type                Incr(ns)  Path(ns)    Netlist Resource(s)
  -------------------------------------------------------------------    -------------------
                         (clock sys_clk_pin rise edge)
                                                      0.000     0.000 r  
    AA13                                              0.000     0.000 r  clk (IN)
                         net (fo=0)                   0.000     0.000    clk_IBUF_inst/I
    AA13                 INBUF (Prop_INBUF_HRIO_PAD_O)
                                                      0.562     0.562 r  clk_IBUF_inst/INBUF_INST/O
                         net (fo=1, routed)           0.025     0.587    clk_IBUF_inst/OUT
    AA13                 IBUFCTRL (Prop_IBUFCTRL_HRIO_I_O)
                                                      0.015     0.602 r  clk_IBUF_inst/IBUFCTRL_INST/O
                         net (fo=1, routed)           0.350     0.952    clk_IBUF
    BUFGCE_X1Y0          BUFGCE (Prop_BUFCE_BUFGCE_I_O)
                                                      0.027     0.979 r  clk_IBUF_BUFG_inst/O
    X1Y0 (CLOCK_ROOT)    net (fo=1725, routed)        0.855     1.834    dut/SS_00/clk_IBUF_BUFG
    SLICE_X26Y26         FDRE                                         r  dut/SS_00/m_p_reg[2][6][1]/C
  -------------------------------------------------------------------    -------------------
    SLICE_X26Y26         FDRE (Prop_BFF_SLICEM_C_Q)
                                                      0.049     1.883 r  dut/SS_00/m_p_reg[2][6][1]/Q
                         net (fo=4, routed)           0.074     1.957    dut/SS_00/m_p_reg_n_0_[2][6][1]
    SLICE_X26Y25         LUT3 (Prop_A6LUT_SLICEM_I0_O)
                                                      0.015     1.972 r  dut/SS_00/m_p[3][6][1]_i_1/O
                         net (fo=1, routed)           0.012     1.984    dut/SS_00/m_w[4][6]_58[1]
    SLICE_X26Y25         FDRE                                         r  dut/SS_00/m_p_reg[3][6][1]/D
  -------------------------------------------------------------------    -------------------

                         (clock sys_clk_pin rise edge)
                                                      0.000     0.000 r  
    AA13                                              0.000     0.000 r  clk (IN)
                         net (fo=0)                   0.000     0.000    clk_IBUF_inst/I
    AA13                 INBUF (Prop_INBUF_HRIO_PAD_O)
                                                      0.938     0.938 r  clk_IBUF_inst/INBUF_INST/O
                         net (fo=1, routed)           0.042     0.980    clk_IBUF_inst/OUT
    AA13                 IBUFCTRL (Prop_IBUFCTRL_HRIO_I_O)
                                                      0.022     1.002 r  clk_IBUF_inst/IBUFCTRL_INST/O
                         net (fo=1, routed)           0.409     1.411    clk_IBUF
    BUFGCE_X1Y0          BUFGCE (Prop_BUFCE_BUFGCE_I_O)
                                                      0.031     1.442 r  clk_IBUF_BUFG_inst/O
    X1Y0 (CLOCK_ROOT)    net (fo=1725, routed)        1.021     2.463    dut/SS_00/clk_IBUF_BUFG
    SLICE_X26Y25         FDRE                                         r  dut/SS_00/m_p_reg[3][6][1]/C
                         clock pessimism             -0.577     1.886    
    SLICE_X26Y25         FDRE (Hold_AFF_SLICEM_C_D)
                                                      0.056     1.942    dut/SS_00/m_p_reg[3][6][1]
  -------------------------------------------------------------------
                         required time                         -1.942    
                         arrival time                           1.984    
  -------------------------------------------------------------------
                         slack                                  0.042    

Slack (MET) :             0.042ns  (arrival time - required time)
  Source:                 dut/SS_00/m_p_reg[2][5][1]/C
                            (rising edge-triggered cell FDRE clocked by sys_clk_pin  {rise@0.000ns fall@0.500ns period=1.000ns})
  Destination:            dut/SS_00/m_p_reg[3][5][1]/D
                            (rising edge-triggered cell FDRE clocked by sys_clk_pin  {rise@0.000ns fall@0.500ns period=1.000ns})
  Path Group:             sys_clk_pin
  Path Type:              Hold (Min at Fast Process Corner)
  Requirement:            0.000ns  (sys_clk_pin rise@0.000ns - sys_clk_pin rise@0.000ns)
  Data Path Delay:        0.150ns  (logic 0.064ns (42.667%)  route 0.086ns (57.333%))
  Logic Levels:           1  (LUT3=1)
  Clock Path Skew:        0.052ns (DCD - SCD - CPR)
    Destination Clock Delay (DCD):    2.463ns
    Source Clock Delay      (SCD):    1.834ns
    Clock Pessimism Removal (CPR):    0.577ns
  Clock Net Delay (Source):      0.855ns (routing 0.350ns, distribution 0.505ns)
  Clock Net Delay (Destination): 1.021ns (routing 0.390ns, distribution 0.631ns)

    Location             Delay type                Incr(ns)  Path(ns)    Netlist Resource(s)
  -------------------------------------------------------------------    -------------------
                         (clock sys_clk_pin rise edge)
                                                      0.000     0.000 r  
    AA13                                              0.000     0.000 r  clk (IN)
                         net (fo=0)                   0.000     0.000    clk_IBUF_inst/I
    AA13                 INBUF (Prop_INBUF_HRIO_PAD_O)
                                                      0.562     0.562 r  clk_IBUF_inst/INBUF_INST/O
                         net (fo=1, routed)           0.025     0.587    clk_IBUF_inst/OUT
    AA13                 IBUFCTRL (Prop_IBUFCTRL_HRIO_I_O)
                                                      0.015     0.602 r  clk_IBUF_inst/IBUFCTRL_INST/O
                         net (fo=1, routed)           0.350     0.952    clk_IBUF
    BUFGCE_X1Y0          BUFGCE (Prop_BUFCE_BUFGCE_I_O)
                                                      0.027     0.979 r  clk_IBUF_BUFG_inst/O
    X1Y0 (CLOCK_ROOT)    net (fo=1725, routed)        0.855     1.834    dut/SS_00/clk_IBUF_BUFG
    SLICE_X26Y26         FDRE                                         r  dut/SS_00/m_p_reg[2][5][1]/C
  -------------------------------------------------------------------    -------------------
    SLICE_X26Y26         FDRE (Prop_DFF_SLICEM_C_Q)
                                                      0.049     1.883 r  dut/SS_00/m_p_reg[2][5][1]/Q
                         net (fo=4, routed)           0.070     1.953    dut/SS_00/m_p_reg_n_0_[2][5][1]
    SLICE_X26Y25         LUT3 (Prop_C6LUT_SLICEM_I0_O)
                                                      0.015     1.968 r  dut/SS_00/m_p[3][5][1]_i_1/O
                         net (fo=1, routed)           0.016     1.984    dut/SS_00/m_w[4][5]_54[1]
    SLICE_X26Y25         FDRE                                         r  dut/SS_00/m_p_reg[3][5][1]/D
  -------------------------------------------------------------------    -------------------

                         (clock sys_clk_pin rise edge)
                                                      0.000     0.000 r  
    AA13                                              0.000     0.000 r  clk (IN)
                         net (fo=0)                   0.000     0.000    clk_IBUF_inst/I
    AA13                 INBUF (Prop_INBUF_HRIO_PAD_O)
                                                      0.938     0.938 r  clk_IBUF_inst/INBUF_INST/O
                         net (fo=1, routed)           0.042     0.980    clk_IBUF_inst/OUT
    AA13                 IBUFCTRL (Prop_IBUFCTRL_HRIO_I_O)
                                                      0.022     1.002 r  clk_IBUF_inst/IBUFCTRL_INST/O
                         net (fo=1, routed)           0.409     1.411    clk_IBUF
    BUFGCE_X1Y0          BUFGCE (Prop_BUFCE_BUFGCE_I_O)
                                                      0.031     1.442 r  clk_IBUF_BUFG_inst/O
    X1Y0 (CLOCK_ROOT)    net (fo=1725, routed)        1.021     2.463    dut/SS_00/clk_IBUF_BUFG
    SLICE_X26Y25         FDRE                                         r  dut/SS_00/m_p_reg[3][5][1]/C
                         clock pessimism             -0.577     1.886    
    SLICE_X26Y25         FDRE (Hold_CFF_SLICEM_C_D)
                                                      0.056     1.942    dut/SS_00/m_p_reg[3][5][1]
  -------------------------------------------------------------------
                         required time                         -1.942    
                         arrival time                           1.984    
  -------------------------------------------------------------------
                         slack                                  0.042    

Slack (MET) :             0.042ns  (arrival time - required time)
  Source:                 start_reg/C
                            (rising edge-triggered cell FDRE clocked by sys_clk_pin  {rise@0.000ns fall@0.500ns period=1.000ns})
  Destination:            dut/valid_d_reg[5]_srl6/D
                            (rising edge-triggered cell SRL16E clocked by sys_clk_pin  {rise@0.000ns fall@0.500ns period=1.000ns})
  Path Group:             sys_clk_pin
  Path Type:              Hold (Min at Fast Process Corner)
  Requirement:            0.000ns  (sys_clk_pin rise@0.000ns - sys_clk_pin rise@0.000ns)
  Data Path Delay:        0.208ns  (logic 0.049ns (23.558%)  route 0.159ns (76.442%))
  Logic Levels:           0  
  Clock Path Skew:        0.046ns (DCD - SCD - CPR)
    Destination Clock Delay (DCD):    2.481ns
    Source Clock Delay      (SCD):    1.856ns
    Clock Pessimism Removal (CPR):    0.579ns
  Clock Net Delay (Source):      0.877ns (routing 0.350ns, distribution 0.527ns)
  Clock Net Delay (Destination): 1.039ns (routing 0.390ns, distribution 0.649ns)

    Location             Delay type                Incr(ns)  Path(ns)    Netlist Resource(s)
  -------------------------------------------------------------------    -------------------
                         (clock sys_clk_pin rise edge)
                                                      0.000     0.000 r  
    AA13                                              0.000     0.000 r  clk (IN)
                         net (fo=0)                   0.000     0.000    clk_IBUF_inst/I
    AA13                 INBUF (Prop_INBUF_HRIO_PAD_O)
                                                      0.562     0.562 r  clk_IBUF_inst/INBUF_INST/O
                         net (fo=1, routed)           0.025     0.587    clk_IBUF_inst/OUT
    AA13                 IBUFCTRL (Prop_IBUFCTRL_HRIO_I_O)
                                                      0.015     0.602 r  clk_IBUF_inst/IBUFCTRL_INST/O
                         net (fo=1, routed)           0.350     0.952    clk_IBUF
    BUFGCE_X1Y0          BUFGCE (Prop_BUFCE_BUFGCE_I_O)
                                                      0.027     0.979 r  clk_IBUF_BUFG_inst/O
    X1Y0 (CLOCK_ROOT)    net (fo=1725, routed)        0.877     1.856    clk_IBUF_BUFG
    SLICE_X30Y22         FDRE                                         r  start_reg/C
  -------------------------------------------------------------------    -------------------
    SLICE_X30Y22         FDRE (Prop_DFF2_SLICEM_C_Q)
                                                      0.049     1.905 r  start_reg/Q
                         net (fo=1, routed)           0.159     2.064    dut/valid_d_reg[6]_1
    SLICE_X30Y15         SRL16E                                       r  dut/valid_d_reg[5]_srl6/D
  -------------------------------------------------------------------    -------------------

                         (clock sys_clk_pin rise edge)
                                                      0.000     0.000 r  
    AA13                                              0.000     0.000 r  clk (IN)
                         net (fo=0)                   0.000     0.000    clk_IBUF_inst/I
    AA13                 INBUF (Prop_INBUF_HRIO_PAD_O)
                                                      0.938     0.938 r  clk_IBUF_inst/INBUF_INST/O
                         net (fo=1, routed)           0.042     0.980    clk_IBUF_inst/OUT
    AA13                 IBUFCTRL (Prop_IBUFCTRL_HRIO_I_O)
                                                      0.022     1.002 r  clk_IBUF_inst/IBUFCTRL_INST/O
                         net (fo=1, routed)           0.409     1.411    clk_IBUF
    BUFGCE_X1Y0          BUFGCE (Prop_BUFCE_BUFGCE_I_O)
                                                      0.031     1.442 r  clk_IBUF_BUFG_inst/O
    X1Y0 (CLOCK_ROOT)    net (fo=1725, routed)        1.039     2.481    dut/clk_IBUF_BUFG
    SLICE_X30Y15         SRL16E                                       r  dut/valid_d_reg[5]_srl6/CLK
                         clock pessimism             -0.579     1.902    
    SLICE_X30Y15         SRL16E (Hold_A6LUT_SLICEM_CLK_D)
                                                      0.120     2.022    dut/valid_d_reg[5]_srl6
  -------------------------------------------------------------------
                         required time                         -2.022    
                         arrival time                           2.064    
  -------------------------------------------------------------------
                         slack                                  0.042    

Slack (MET) :             0.043ns  (arrival time - required time)
  Source:                 i_labels_buf_reg[201]/C
                            (rising edge-triggered cell FDRE clocked by sys_clk_pin  {rise@0.000ns fall@0.500ns period=1.000ns})
  Destination:            dut/SS_00/conc_d_reg[4][2][41]_srl6/D
                            (rising edge-triggered cell SRL16E clocked by sys_clk_pin  {rise@0.000ns fall@0.500ns period=1.000ns})
  Path Group:             sys_clk_pin
  Path Type:              Hold (Min at Fast Process Corner)
  Requirement:            0.000ns  (sys_clk_pin rise@0.000ns - sys_clk_pin rise@0.000ns)
  Data Path Delay:        0.270ns  (logic 0.048ns (17.778%)  route 0.222ns (82.222%))
  Logic Levels:           0  
  Clock Path Skew:        0.104ns (DCD - SCD - CPR)
    Destination Clock Delay (DCD):    2.509ns
    Source Clock Delay      (SCD):    1.858ns
    Clock Pessimism Removal (CPR):    0.546ns
  Clock Net Delay (Source):      0.879ns (routing 0.350ns, distribution 0.529ns)
  Clock Net Delay (Destination): 1.067ns (routing 0.390ns, distribution 0.677ns)

    Location             Delay type                Incr(ns)  Path(ns)    Netlist Resource(s)
  -------------------------------------------------------------------    -------------------
                         (clock sys_clk_pin rise edge)
                                                      0.000     0.000 r  
    AA13                                              0.000     0.000 r  clk (IN)
                         net (fo=0)                   0.000     0.000    clk_IBUF_inst/I
    AA13                 INBUF (Prop_INBUF_HRIO_PAD_O)
                                                      0.562     0.562 r  clk_IBUF_inst/INBUF_INST/O
                         net (fo=1, routed)           0.025     0.587    clk_IBUF_inst/OUT
    AA13                 IBUFCTRL (Prop_IBUFCTRL_HRIO_I_O)
                                                      0.015     0.602 r  clk_IBUF_inst/IBUFCTRL_INST/O
                         net (fo=1, routed)           0.350     0.952    clk_IBUF
    BUFGCE_X1Y0          BUFGCE (Prop_BUFCE_BUFGCE_I_O)
                                                      0.027     0.979 r  clk_IBUF_BUFG_inst/O
    X1Y0 (CLOCK_ROOT)    net (fo=1725, routed)        0.879     1.858    clk_IBUF_BUFG
    SLICE_X31Y10         FDRE                                         r  i_labels_buf_reg[201]/C
  -------------------------------------------------------------------    -------------------
    SLICE_X31Y10         FDRE (Prop_GFF_SLICEL_C_Q)
                                                      0.048     1.906 r  i_labels_buf_reg[201]/Q
                         net (fo=1, routed)           0.222     2.128    dut/SS_00/conc_d_reg[5][2][41]_0
    SLICE_X35Y8          SRL16E                                       r  dut/SS_00/conc_d_reg[4][2][41]_srl6/D
  -------------------------------------------------------------------    -------------------

                         (clock sys_clk_pin rise edge)
                                                      0.000     0.000 r  
    AA13                                              0.000     0.000 r  clk (IN)
                         net (fo=0)                   0.000     0.000    clk_IBUF_inst/I
    AA13                 INBUF (Prop_INBUF_HRIO_PAD_O)
                                                      0.938     0.938 r  clk_IBUF_inst/INBUF_INST/O
                         net (fo=1, routed)           0.042     0.980    clk_IBUF_inst/OUT
    AA13                 IBUFCTRL (Prop_IBUFCTRL_HRIO_I_O)
                                                      0.022     1.002 r  clk_IBUF_inst/IBUFCTRL_INST/O
                         net (fo=1, routed)           0.409     1.411    clk_IBUF
    BUFGCE_X1Y0          BUFGCE (Prop_BUFCE_BUFGCE_I_O)
                                                      0.031     1.442 r  clk_IBUF_BUFG_inst/O
    X1Y0 (CLOCK_ROOT)    net (fo=1725, routed)        1.067     2.509    dut/SS_00/clk_IBUF_BUFG
    SLICE_X35Y8          SRL16E                                       r  dut/SS_00/conc_d_reg[4][2][41]_srl6/CLK
                         clock pessimism             -0.546     1.963    
    SLICE_X35Y8          SRL16E (Hold_B5LUT_SLICEM_CLK_D)
                                                      0.123     2.086    dut/SS_00/conc_d_reg[4][2][41]_srl6
  -------------------------------------------------------------------
                         required time                         -2.086    
                         arrival time                           2.128    
  -------------------------------------------------------------------
                         slack                                  0.043    

Slack (MET) :             0.045ns  (arrival time - required time)
  Source:                 dut/SS_00/m_p_reg[4][4][1]/C
                            (rising edge-triggered cell FDRE clocked by sys_clk_pin  {rise@0.000ns fall@0.500ns period=1.000ns})
  Destination:            dut/SS_00/m_p_reg[5][3][1]/D
                            (rising edge-triggered cell FDRE clocked by sys_clk_pin  {rise@0.000ns fall@0.500ns period=1.000ns})
  Path Group:             sys_clk_pin
  Path Type:              Hold (Min at Fast Process Corner)
  Requirement:            0.000ns  (sys_clk_pin rise@0.000ns - sys_clk_pin rise@0.000ns)
  Data Path Delay:        0.151ns  (logic 0.064ns (42.384%)  route 0.087ns (57.616%))
  Logic Levels:           1  (LUT3=1)
  Clock Path Skew:        0.050ns (DCD - SCD - CPR)
    Destination Clock Delay (DCD):    2.469ns
    Source Clock Delay      (SCD):    1.842ns
    Clock Pessimism Removal (CPR):    0.577ns
  Clock Net Delay (Source):      0.863ns (routing 0.350ns, distribution 0.513ns)
  Clock Net Delay (Destination): 1.027ns (routing 0.390ns, distribution 0.637ns)

    Location             Delay type                Incr(ns)  Path(ns)    Netlist Resource(s)
  -------------------------------------------------------------------    -------------------
                         (clock sys_clk_pin rise edge)
                                                      0.000     0.000 r  
    AA13                                              0.000     0.000 r  clk (IN)
                         net (fo=0)                   0.000     0.000    clk_IBUF_inst/I
    AA13                 INBUF (Prop_INBUF_HRIO_PAD_O)
                                                      0.562     0.562 r  clk_IBUF_inst/INBUF_INST/O
                         net (fo=1, routed)           0.025     0.587    clk_IBUF_inst/OUT
    AA13                 IBUFCTRL (Prop_IBUFCTRL_HRIO_I_O)
                                                      0.015     0.602 r  clk_IBUF_inst/IBUFCTRL_INST/O
                         net (fo=1, routed)           0.350     0.952    clk_IBUF
    BUFGCE_X1Y0          BUFGCE (Prop_BUFCE_BUFGCE_I_O)
                                                      0.027     0.979 r  clk_IBUF_BUFG_inst/O
    X1Y0 (CLOCK_ROOT)    net (fo=1725, routed)        0.863     1.842    dut/SS_00/clk_IBUF_BUFG
    SLICE_X27Y18         FDRE                                         r  dut/SS_00/m_p_reg[4][4][1]/C
  -------------------------------------------------------------------    -------------------
    SLICE_X27Y18         FDRE (Prop_AFF_SLICEL_C_Q)
                                                      0.049     1.891 r  dut/SS_00/m_p_reg[4][4][1]/Q
                         net (fo=4, routed)           0.072     1.963    dut/SS_00/m_p_reg_n_0_[4][4][1]
    SLICE_X27Y19         LUT3 (Prop_B6LUT_SLICEL_I1_O)
                                                      0.015     1.978 r  dut/SS_00/m_p[5][3][1]_i_1/O
                         net (fo=1, routed)           0.015     1.993    dut/SS_00/m_w[6][3]_77[1]
    SLICE_X27Y19         FDRE                                         r  dut/SS_00/m_p_reg[5][3][1]/D
  -------------------------------------------------------------------    -------------------

                         (clock sys_clk_pin rise edge)
                                                      0.000     0.000 r  
    AA13                                              0.000     0.000 r  clk (IN)
                         net (fo=0)                   0.000     0.000    clk_IBUF_inst/I
    AA13                 INBUF (Prop_INBUF_HRIO_PAD_O)
                                                      0.938     0.938 r  clk_IBUF_inst/INBUF_INST/O
                         net (fo=1, routed)           0.042     0.980    clk_IBUF_inst/OUT
    AA13                 IBUFCTRL (Prop_IBUFCTRL_HRIO_I_O)
                                                      0.022     1.002 r  clk_IBUF_inst/IBUFCTRL_INST/O
                         net (fo=1, routed)           0.409     1.411    clk_IBUF
    BUFGCE_X1Y0          BUFGCE (Prop_BUFCE_BUFGCE_I_O)
                                                      0.031     1.442 r  clk_IBUF_BUFG_inst/O
    X1Y0 (CLOCK_ROOT)    net (fo=1725, routed)        1.027     2.469    dut/SS_00/clk_IBUF_BUFG
    SLICE_X27Y19         FDRE                                         r  dut/SS_00/m_p_reg[5][3][1]/C
                         clock pessimism             -0.577     1.892    
    SLICE_X27Y19         FDRE (Hold_BFF_SLICEL_C_D)
                                                      0.056     1.948    dut/SS_00/m_p_reg[5][3][1]
  -------------------------------------------------------------------
                         required time                         -1.948    
                         arrival time                           1.993    
  -------------------------------------------------------------------
                         slack                                  0.045    





Pulse Width Checks
--------------------------------------------------------------------------------------
Clock Name:         sys_clk_pin
Waveform(ns):       { 0.000 0.500 }
Period(ns):         1.000
Sources:            { clk }

Check Type        Corner  Lib Pin     Reference Pin  Required(ns)  Actual(ns)  Slack(ns)  Location      Pin
Min Period        n/a     BUFGCE/I    n/a            1.587         1.000       -0.587     BUFGCE_X1Y0   clk_IBUF_BUFG_inst/I
Min Period        n/a     SRL16E/CLK  n/a            1.356         1.000       -0.356     SLICE_X30Y15  dut/valid_d_reg[5]_srl6/CLK
Min Period        n/a     SRL16E/CLK  n/a            1.356         1.000       -0.356     SLICE_X24Y16  dut/SS_00/conc_d_reg[4][1][0]_srl6/CLK
Min Period        n/a     SRL16E/CLK  n/a            1.356         1.000       -0.356     SLICE_X24Y16  dut/SS_00/conc_d_reg[4][1][10]_srl6/CLK
Min Period        n/a     SRL16E/CLK  n/a            1.356         1.000       -0.356     SLICE_X24Y16  dut/SS_00/conc_d_reg[4][1][11]_srl6/CLK
Min Period        n/a     SRL16E/CLK  n/a            1.356         1.000       -0.356     SLICE_X24Y16  dut/SS_00/conc_d_reg[4][1][12]_srl6/CLK
Min Period        n/a     SRL16E/CLK  n/a            1.356         1.000       -0.356     SLICE_X24Y16  dut/SS_00/conc_d_reg[4][1][13]_srl6/CLK
Min Period        n/a     SRL16E/CLK  n/a            1.356         1.000       -0.356     SLICE_X24Y16  dut/SS_00/conc_d_reg[4][1][14]_srl6/CLK
Min Period        n/a     SRL16E/CLK  n/a            1.356         1.000       -0.356     SLICE_X24Y16  dut/SS_00/conc_d_reg[4][1][15]_srl6/CLK
Min Period        n/a     SRL16E/CLK  n/a            1.356         1.000       -0.356     SLICE_X23Y2   dut/SS_00/conc_d_reg[4][1][16]_srl6/CLK
Low Pulse Width   Slow    SRL16E/CLK  n/a            0.678         0.500       -0.178     SLICE_X30Y15  dut/valid_d_reg[5]_srl6/CLK
Low Pulse Width   Fast    SRL16E/CLK  n/a            0.678         0.500       -0.178     SLICE_X30Y15  dut/valid_d_reg[5]_srl6/CLK
Low Pulse Width   Slow    SRL16E/CLK  n/a            0.678         0.500       -0.178     SLICE_X24Y16  dut/SS_00/conc_d_reg[4][1][0]_srl6/CLK
Low Pulse Width   Fast    SRL16E/CLK  n/a            0.678         0.500       -0.178     SLICE_X24Y16  dut/SS_00/conc_d_reg[4][1][0]_srl6/CLK
Low Pulse Width   Slow    SRL16E/CLK  n/a            0.678         0.500       -0.178     SLICE_X24Y16  dut/SS_00/conc_d_reg[4][1][10]_srl6/CLK
Low Pulse Width   Fast    SRL16E/CLK  n/a            0.678         0.500       -0.178     SLICE_X24Y16  dut/SS_00/conc_d_reg[4][1][10]_srl6/CLK
Low Pulse Width   Slow    SRL16E/CLK  n/a            0.678         0.500       -0.178     SLICE_X24Y16  dut/SS_00/conc_d_reg[4][1][11]_srl6/CLK
Low Pulse Width   Fast    SRL16E/CLK  n/a            0.678         0.500       -0.178     SLICE_X24Y16  dut/SS_00/conc_d_reg[4][1][11]_srl6/CLK
Low Pulse Width   Slow    SRL16E/CLK  n/a            0.678         0.500       -0.178     SLICE_X24Y16  dut/SS_00/conc_d_reg[4][1][12]_srl6/CLK
Low Pulse Width   Fast    SRL16E/CLK  n/a            0.678         0.500       -0.178     SLICE_X24Y16  dut/SS_00/conc_d_reg[4][1][12]_srl6/CLK
High Pulse Width  Slow    SRL16E/CLK  n/a            0.678         0.500       -0.178     SLICE_X30Y15  dut/valid_d_reg[5]_srl6/CLK
High Pulse Width  Fast    SRL16E/CLK  n/a            0.678         0.500       -0.178     SLICE_X30Y15  dut/valid_d_reg[5]_srl6/CLK
High Pulse Width  Slow    SRL16E/CLK  n/a            0.678         0.500       -0.178     SLICE_X24Y16  dut/SS_00/conc_d_reg[4][1][0]_srl6/CLK
High Pulse Width  Fast    SRL16E/CLK  n/a            0.678         0.500       -0.178     SLICE_X24Y16  dut/SS_00/conc_d_reg[4][1][0]_srl6/CLK
High Pulse Width  Slow    SRL16E/CLK  n/a            0.678         0.500       -0.178     SLICE_X24Y16  dut/SS_00/conc_d_reg[4][1][10]_srl6/CLK
High Pulse Width  Fast    SRL16E/CLK  n/a            0.678         0.500       -0.178     SLICE_X24Y16  dut/SS_00/conc_d_reg[4][1][10]_srl6/CLK
High Pulse Width  Slow    SRL16E/CLK  n/a            0.678         0.500       -0.178     SLICE_X24Y16  dut/SS_00/conc_d_reg[4][1][11]_srl6/CLK
High Pulse Width  Fast    SRL16E/CLK  n/a            0.678         0.500       -0.178     SLICE_X24Y16  dut/SS_00/conc_d_reg[4][1][11]_srl6/CLK
High Pulse Width  Slow    SRL16E/CLK  n/a            0.678         0.500       -0.178     SLICE_X24Y16  dut/SS_00/conc_d_reg[4][1][12]_srl6/CLK
High Pulse Width  Fast    SRL16E/CLK  n/a            0.678         0.500       -0.178     SLICE_X24Y16  dut/SS_00/conc_d_reg[4][1][12]_srl6/CLK



--------------------------------------------------------------------------------------
Path Group:  (none)
From Clock:  sys_clk_pin
  To Clock:  

Max Delay            75 Endpoints
Min Delay            75 Endpoints
--------------------------------------------------------------------------------------


Max Delay Paths
--------------------------------------------------------------------------------------
Slack:                    inf
  Source:                 o_metric_reg[5]/C
                            (rising edge-triggered cell FDRE clocked by sys_clk_pin  {rise@0.000ns fall@0.500ns period=1.000ns})
  Destination:            o_metric[5]
                            (output port)
  Path Group:             (none)
  Path Type:              Max at Slow Process Corner
  Data Path Delay:        5.908ns  (logic 1.015ns (17.176%)  route 4.893ns (82.824%))
  Logic Levels:           1  (OBUF=1)
  Clock Uncertainty:      0.025ns  ((TSJ^2 + TIJ^2)^1/2 + DJ) / 2 + PE
    Total System Jitter     (TSJ):    0.050ns
    Total Input Jitter      (TIJ):    0.000ns
    Discrete Jitter          (DJ):    0.000ns
    Phase Error              (PE):    0.000ns
  Clock Net Delay (Source):      2.335ns (routing 0.849ns, distribution 1.486ns)

    Location             Delay type                Incr(ns)  Path(ns)    Netlist Resource(s)
  -------------------------------------------------------------------    -------------------
                         (clock sys_clk_pin rise edge)
                                                      0.000     0.000 r  
    AA13                                              0.000     0.000 r  clk (IN)
                         net (fo=0)                   0.000     0.000    clk_IBUF_inst/I
    AA13                 INBUF (Prop_INBUF_HRIO_PAD_O)
                                                      0.955     0.955 r  clk_IBUF_inst/INBUF_INST/O
                         net (fo=1, routed)           0.105     1.060    clk_IBUF_inst/OUT
    AA13                 IBUFCTRL (Prop_IBUFCTRL_HRIO_I_O)
                                                      0.049     1.109 r  clk_IBUF_inst/IBUFCTRL_INST/O
                         net (fo=1, routed)           0.839     1.948    clk_IBUF
    BUFGCE_X1Y0          BUFGCE (Prop_BUFCE_BUFGCE_I_O)
                                                      0.101     2.049 r  clk_IBUF_BUFG_inst/O
    X1Y0 (CLOCK_ROOT)    net (fo=1725, routed)        2.335     4.384    clk_IBUF_BUFG
    SLICE_X24Y19         FDRE                                         r  o_metric_reg[5]/C
  -------------------------------------------------------------------    -------------------
    SLICE_X24Y19         FDRE (Prop_DFF_SLICEM_C_Q)
                                                      0.139     4.523 r  o_metric_reg[5]/Q
                         net (fo=1, routed)           4.893     9.416    o_metric_OBUF[5]
    F10                  OBUF (Prop_OUTBUF_HPIOB_I_O)
                                                      0.876    10.292 r  o_metric_OBUF[5]_inst/O
                         net (fo=0)                   0.000    10.292    o_metric[5]
    F10                                                               r  o_metric[5] (OUT)
  -------------------------------------------------------------------    -------------------

Slack:                    inf
  Source:                 o_metric_reg[2]/C
                            (rising edge-triggered cell FDRE clocked by sys_clk_pin  {rise@0.000ns fall@0.500ns period=1.000ns})
  Destination:            o_metric[2]
                            (output port)
  Path Group:             (none)
  Path Type:              Max at Slow Process Corner
  Data Path Delay:        5.790ns  (logic 1.006ns (17.378%)  route 4.784ns (82.622%))
  Logic Levels:           1  (OBUF=1)
  Clock Uncertainty:      0.025ns  ((TSJ^2 + TIJ^2)^1/2 + DJ) / 2 + PE
    Total System Jitter     (TSJ):    0.050ns
    Total Input Jitter      (TIJ):    0.000ns
    Discrete Jitter          (DJ):    0.000ns
    Phase Error              (PE):    0.000ns
  Clock Net Delay (Source):      2.345ns (routing 0.849ns, distribution 1.496ns)

    Location             Delay type                Incr(ns)  Path(ns)    Netlist Resource(s)
  -------------------------------------------------------------------    -------------------
                         (clock sys_clk_pin rise edge)
                                                      0.000     0.000 r  
    AA13                                              0.000     0.000 r  clk (IN)
                         net (fo=0)                   0.000     0.000    clk_IBUF_inst/I
    AA13                 INBUF (Prop_INBUF_HRIO_PAD_O)
                                                      0.955     0.955 r  clk_IBUF_inst/INBUF_INST/O
                         net (fo=1, routed)           0.105     1.060    clk_IBUF_inst/OUT
    AA13                 IBUFCTRL (Prop_IBUFCTRL_HRIO_I_O)
                                                      0.049     1.109 r  clk_IBUF_inst/IBUFCTRL_INST/O
                         net (fo=1, routed)           0.839     1.948    clk_IBUF
    BUFGCE_X1Y0          BUFGCE (Prop_BUFCE_BUFGCE_I_O)
                                                      0.101     2.049 r  clk_IBUF_BUFG_inst/O
    X1Y0 (CLOCK_ROOT)    net (fo=1725, routed)        2.345     4.394    clk_IBUF_BUFG
    SLICE_X25Y20         FDRE                                         r  o_metric_reg[2]/C
  -------------------------------------------------------------------    -------------------
    SLICE_X25Y20         FDRE (Prop_HFF_SLICEL_C_Q)
                                                      0.138     4.532 r  o_metric_reg[2]/Q
                         net (fo=1, routed)           4.784     9.316    o_metric_OBUF[2]
    J11                  OBUF (Prop_OUTBUF_HPIOB_I_O)
                                                      0.868    10.184 r  o_metric_OBUF[2]_inst/O
                         net (fo=0)                   0.000    10.184    o_metric[2]
    J11                                                               r  o_metric[2] (OUT)
  -------------------------------------------------------------------    -------------------

Slack:                    inf
  Source:                 o_metric_reg[3]/C
                            (rising edge-triggered cell FDRE clocked by sys_clk_pin  {rise@0.000ns fall@0.500ns period=1.000ns})
  Destination:            o_metric[3]
                            (output port)
  Path Group:             (none)
  Path Type:              Max at Slow Process Corner
  Data Path Delay:        5.761ns  (logic 1.007ns (17.483%)  route 4.754ns (82.517%))
  Logic Levels:           1  (OBUF=1)
  Clock Uncertainty:      0.025ns  ((TSJ^2 + TIJ^2)^1/2 + DJ) / 2 + PE
    Total System Jitter     (TSJ):    0.050ns
    Total Input Jitter      (TIJ):    0.000ns
    Discrete Jitter          (DJ):    0.000ns
    Phase Error              (PE):    0.000ns
  Clock Net Delay (Source):      2.345ns (routing 0.849ns, distribution 1.496ns)

    Location             Delay type                Incr(ns)  Path(ns)    Netlist Resource(s)
  -------------------------------------------------------------------    -------------------
                         (clock sys_clk_pin rise edge)
                                                      0.000     0.000 r  
    AA13                                              0.000     0.000 r  clk (IN)
                         net (fo=0)                   0.000     0.000    clk_IBUF_inst/I
    AA13                 INBUF (Prop_INBUF_HRIO_PAD_O)
                                                      0.955     0.955 r  clk_IBUF_inst/INBUF_INST/O
                         net (fo=1, routed)           0.105     1.060    clk_IBUF_inst/OUT
    AA13                 IBUFCTRL (Prop_IBUFCTRL_HRIO_I_O)
                                                      0.049     1.109 r  clk_IBUF_inst/IBUFCTRL_INST/O
                         net (fo=1, routed)           0.839     1.948    clk_IBUF
    BUFGCE_X1Y0          BUFGCE (Prop_BUFCE_BUFGCE_I_O)
                                                      0.101     2.049 r  clk_IBUF_BUFG_inst/O
    X1Y0 (CLOCK_ROOT)    net (fo=1725, routed)        2.345     4.394    clk_IBUF_BUFG
    SLICE_X25Y20         FDRE                                         r  o_metric_reg[3]/C
  -------------------------------------------------------------------    -------------------
    SLICE_X25Y20         FDRE (Prop_GFF_SLICEL_C_Q)
                                                      0.139     4.533 r  o_metric_reg[3]/Q
                         net (fo=1, routed)           4.754     9.287    o_metric_OBUF[3]
    H11                  OBUF (Prop_OUTBUF_HPIOB_I_O)
                                                      0.868    10.155 r  o_metric_OBUF[3]_inst/O
                         net (fo=0)                   0.000    10.155    o_metric[3]
    H11                                                               r  o_metric[3] (OUT)
  -------------------------------------------------------------------    -------------------

Slack:                    inf
  Source:                 o_metric_reg[1]/C
                            (rising edge-triggered cell FDRE clocked by sys_clk_pin  {rise@0.000ns fall@0.500ns period=1.000ns})
  Destination:            o_metric[1]
                            (output port)
  Path Group:             (none)
  Path Type:              Max at Slow Process Corner
  Data Path Delay:        5.613ns  (logic 1.017ns (18.119%)  route 4.596ns (81.881%))
  Logic Levels:           1  (OBUF=1)
  Clock Uncertainty:      0.025ns  ((TSJ^2 + TIJ^2)^1/2 + DJ) / 2 + PE
    Total System Jitter     (TSJ):    0.050ns
    Total Input Jitter      (TIJ):    0.000ns
    Discrete Jitter          (DJ):    0.000ns
    Phase Error              (PE):    0.000ns
  Clock Net Delay (Source):      2.380ns (routing 0.849ns, distribution 1.531ns)

    Location             Delay type                Incr(ns)  Path(ns)    Netlist Resource(s)
  -------------------------------------------------------------------    -------------------
                         (clock sys_clk_pin rise edge)
                                                      0.000     0.000 r  
    AA13                                              0.000     0.000 r  clk (IN)
                         net (fo=0)                   0.000     0.000    clk_IBUF_inst/I
    AA13                 INBUF (Prop_INBUF_HRIO_PAD_O)
                                                      0.955     0.955 r  clk_IBUF_inst/INBUF_INST/O
                         net (fo=1, routed)           0.105     1.060    clk_IBUF_inst/OUT
    AA13                 IBUFCTRL (Prop_IBUFCTRL_HRIO_I_O)
                                                      0.049     1.109 r  clk_IBUF_inst/IBUFCTRL_INST/O
                         net (fo=1, routed)           0.839     1.948    clk_IBUF
    BUFGCE_X1Y0          BUFGCE (Prop_BUFCE_BUFGCE_I_O)
                                                      0.101     2.049 r  clk_IBUF_BUFG_inst/O
    X1Y0 (CLOCK_ROOT)    net (fo=1725, routed)        2.380     4.429    clk_IBUF_BUFG
    SLICE_X30Y19         FDRE                                         r  o_metric_reg[1]/C
  -------------------------------------------------------------------    -------------------
    SLICE_X30Y19         FDRE (Prop_DFF_SLICEM_C_Q)
                                                      0.139     4.568 r  o_metric_reg[1]/Q
                         net (fo=1, routed)           4.596     9.164    o_metric_OBUF[1]
    G9                   OBUF (Prop_OUTBUF_HPIOB_I_O)
                                                      0.878    10.042 r  o_metric_OBUF[1]_inst/O
                         net (fo=0)                   0.000    10.042    o_metric[1]
    G9                                                                r  o_metric[1] (OUT)
  -------------------------------------------------------------------    -------------------

Slack:                    inf
  Source:                 o_metric_reg[6]/C
                            (rising edge-triggered cell FDRE clocked by sys_clk_pin  {rise@0.000ns fall@0.500ns period=1.000ns})
  Destination:            o_metric[6]
                            (output port)
  Path Group:             (none)
  Path Type:              Max at Slow Process Corner
  Data Path Delay:        5.615ns  (logic 1.006ns (17.923%)  route 4.609ns (82.077%))
  Logic Levels:           1  (OBUF=1)
  Clock Uncertainty:      0.025ns  ((TSJ^2 + TIJ^2)^1/2 + DJ) / 2 + PE
    Total System Jitter     (TSJ):    0.050ns
    Total Input Jitter      (TIJ):    0.000ns
    Discrete Jitter          (DJ):    0.000ns
    Phase Error              (PE):    0.000ns
  Clock Net Delay (Source):      2.344ns (routing 0.849ns, distribution 1.495ns)

    Location             Delay type                Incr(ns)  Path(ns)    Netlist Resource(s)
  -------------------------------------------------------------------    -------------------
                         (clock sys_clk_pin rise edge)
                                                      0.000     0.000 r  
    AA13                                              0.000     0.000 r  clk (IN)
                         net (fo=0)                   0.000     0.000    clk_IBUF_inst/I
    AA13                 INBUF (Prop_INBUF_HRIO_PAD_O)
                                                      0.955     0.955 r  clk_IBUF_inst/INBUF_INST/O
                         net (fo=1, routed)           0.105     1.060    clk_IBUF_inst/OUT
    AA13                 IBUFCTRL (Prop_IBUFCTRL_HRIO_I_O)
                                                      0.049     1.109 r  clk_IBUF_inst/IBUFCTRL_INST/O
                         net (fo=1, routed)           0.839     1.948    clk_IBUF
    BUFGCE_X1Y0          BUFGCE (Prop_BUFCE_BUFGCE_I_O)
                                                      0.101     2.049 r  clk_IBUF_BUFG_inst/O
    X1Y0 (CLOCK_ROOT)    net (fo=1725, routed)        2.344     4.393    clk_IBUF_BUFG
    SLICE_X25Y21         FDRE                                         r  o_metric_reg[6]/C
  -------------------------------------------------------------------    -------------------
    SLICE_X25Y21         FDRE (Prop_HFF_SLICEL_C_Q)
                                                      0.138     4.531 r  o_metric_reg[6]/Q
                         net (fo=1, routed)           4.609     9.140    o_metric_OBUF[6]
    J10                  OBUF (Prop_OUTBUF_HPIOB_I_O)
                                                      0.868    10.008 r  o_metric_OBUF[6]_inst/O
                         net (fo=0)                   0.000    10.008    o_metric[6]
    J10                                                               r  o_metric[6] (OUT)
  -------------------------------------------------------------------    -------------------

Slack:                    inf
  Source:                 o_metric_reg[0]/C
                            (rising edge-triggered cell FDRE clocked by sys_clk_pin  {rise@0.000ns fall@0.500ns period=1.000ns})
  Destination:            o_metric[0]
                            (output port)
  Path Group:             (none)
  Path Type:              Max at Slow Process Corner
  Data Path Delay:        5.613ns  (logic 1.009ns (17.983%)  route 4.604ns (82.017%))
  Logic Levels:           1  (OBUF=1)
  Clock Uncertainty:      0.025ns  ((TSJ^2 + TIJ^2)^1/2 + DJ) / 2 + PE
    Total System Jitter     (TSJ):    0.050ns
    Total Input Jitter      (TIJ):    0.000ns
    Discrete Jitter          (DJ):    0.000ns
    Phase Error              (PE):    0.000ns
  Clock Net Delay (Source):      2.338ns (routing 0.849ns, distribution 1.489ns)

    Location             Delay type                Incr(ns)  Path(ns)    Netlist Resource(s)
  -------------------------------------------------------------------    -------------------
                         (clock sys_clk_pin rise edge)
                                                      0.000     0.000 r  
    AA13                                              0.000     0.000 r  clk (IN)
                         net (fo=0)                   0.000     0.000    clk_IBUF_inst/I
    AA13                 INBUF (Prop_INBUF_HRIO_PAD_O)
                                                      0.955     0.955 r  clk_IBUF_inst/INBUF_INST/O
                         net (fo=1, routed)           0.105     1.060    clk_IBUF_inst/OUT
    AA13                 IBUFCTRL (Prop_IBUFCTRL_HRIO_I_O)
                                                      0.049     1.109 r  clk_IBUF_inst/IBUFCTRL_INST/O
                         net (fo=1, routed)           0.839     1.948    clk_IBUF
    BUFGCE_X1Y0          BUFGCE (Prop_BUFCE_BUFGCE_I_O)
                                                      0.101     2.049 r  clk_IBUF_BUFG_inst/O
    X1Y0 (CLOCK_ROOT)    net (fo=1725, routed)        2.338     4.387    clk_IBUF_BUFG
    SLICE_X29Y20         FDRE                                         r  o_metric_reg[0]/C
  -------------------------------------------------------------------    -------------------
    SLICE_X29Y20         FDRE (Prop_GFF2_SLICEM_C_Q)
                                                      0.139     4.526 r  o_metric_reg[0]/Q
                         net (fo=1, routed)           4.604     9.130    o_metric_OBUF[0]
    G10                  OBUF (Prop_OUTBUF_HPIOB_I_O)
                                                      0.870    10.000 r  o_metric_OBUF[0]_inst/O
                         net (fo=0)                   0.000    10.000    o_metric[0]
    G10                                                               r  o_metric[0] (OUT)
  -------------------------------------------------------------------    -------------------

Slack:                    inf
  Source:                 o_metric_reg[8]/C
                            (rising edge-triggered cell FDRE clocked by sys_clk_pin  {rise@0.000ns fall@0.500ns period=1.000ns})
  Destination:            o_metric[8]
                            (output port)
  Path Group:             (none)
  Path Type:              Max at Slow Process Corner
  Data Path Delay:        5.595ns  (logic 1.024ns (18.307%)  route 4.571ns (81.693%))
  Logic Levels:           1  (OBUF=1)
  Clock Uncertainty:      0.025ns  ((TSJ^2 + TIJ^2)^1/2 + DJ) / 2 + PE
    Total System Jitter     (TSJ):    0.050ns
    Total Input Jitter      (TIJ):    0.000ns
    Discrete Jitter          (DJ):    0.000ns
    Phase Error              (PE):    0.000ns
  Clock Net Delay (Source):      2.346ns (routing 0.849ns, distribution 1.497ns)

    Location             Delay type                Incr(ns)  Path(ns)    Netlist Resource(s)
  -------------------------------------------------------------------    -------------------
                         (clock sys_clk_pin rise edge)
                                                      0.000     0.000 r  
    AA13                                              0.000     0.000 r  clk (IN)
                         net (fo=0)                   0.000     0.000    clk_IBUF_inst/I
    AA13                 INBUF (Prop_INBUF_HRIO_PAD_O)
                                                      0.955     0.955 r  clk_IBUF_inst/INBUF_INST/O
                         net (fo=1, routed)           0.105     1.060    clk_IBUF_inst/OUT
    AA13                 IBUFCTRL (Prop_IBUFCTRL_HRIO_I_O)
                                                      0.049     1.109 r  clk_IBUF_inst/IBUFCTRL_INST/O
                         net (fo=1, routed)           0.839     1.948    clk_IBUF
    BUFGCE_X1Y0          BUFGCE (Prop_BUFCE_BUFGCE_I_O)
                                                      0.101     2.049 r  clk_IBUF_BUFG_inst/O
    X1Y0 (CLOCK_ROOT)    net (fo=1725, routed)        2.346     4.395    clk_IBUF_BUFG
    SLICE_X24Y22         FDRE                                         r  o_metric_reg[8]/C
  -------------------------------------------------------------------    -------------------
    SLICE_X24Y22         FDRE (Prop_HFF_SLICEM_C_Q)
                                                      0.138     4.533 r  o_metric_reg[8]/Q
                         net (fo=1, routed)           4.571     9.104    o_metric_OBUF[8]
    F9                   OBUF (Prop_OUTBUF_HPIOB_I_O)
                                                      0.886     9.990 r  o_metric_OBUF[8]_inst/O
                         net (fo=0)                   0.000     9.990    o_metric[8]
    F9                                                                r  o_metric[8] (OUT)
  -------------------------------------------------------------------    -------------------

Slack:                    inf
  Source:                 o_metric_reg[4]/C
                            (rising edge-triggered cell FDRE clocked by sys_clk_pin  {rise@0.000ns fall@0.500ns period=1.000ns})
  Destination:            o_metric[4]
                            (output port)
  Path Group:             (none)
  Path Type:              Max at Slow Process Corner
  Data Path Delay:        5.479ns  (logic 1.015ns (18.527%)  route 4.464ns (81.473%))
  Logic Levels:           1  (OBUF=1)
  Clock Uncertainty:      0.025ns  ((TSJ^2 + TIJ^2)^1/2 + DJ) / 2 + PE
    Total System Jitter     (TSJ):    0.050ns
    Total Input Jitter      (TIJ):    0.000ns
    Discrete Jitter          (DJ):    0.000ns
    Phase Error              (PE):    0.000ns
  Clock Net Delay (Source):      2.378ns (routing 0.849ns, distribution 1.529ns)

    Location             Delay type                Incr(ns)  Path(ns)    Netlist Resource(s)
  -------------------------------------------------------------------    -------------------
                         (clock sys_clk_pin rise edge)
                                                      0.000     0.000 r  
    AA13                                              0.000     0.000 r  clk (IN)
                         net (fo=0)                   0.000     0.000    clk_IBUF_inst/I
    AA13                 INBUF (Prop_INBUF_HRIO_PAD_O)
                                                      0.955     0.955 r  clk_IBUF_inst/INBUF_INST/O
                         net (fo=1, routed)           0.105     1.060    clk_IBUF_inst/OUT
    AA13                 IBUFCTRL (Prop_IBUFCTRL_HRIO_I_O)
                                                      0.049     1.109 r  clk_IBUF_inst/IBUFCTRL_INST/O
                         net (fo=1, routed)           0.839     1.948    clk_IBUF
    BUFGCE_X1Y0          BUFGCE (Prop_BUFCE_BUFGCE_I_O)
                                                      0.101     2.049 r  clk_IBUF_BUFG_inst/O
    X1Y0 (CLOCK_ROOT)    net (fo=1725, routed)        2.378     4.427    clk_IBUF_BUFG
    SLICE_X31Y19         FDRE                                         r  o_metric_reg[4]/C
  -------------------------------------------------------------------    -------------------
    SLICE_X31Y19         FDRE (Prop_DFF_SLICEL_C_Q)
                                                      0.139     4.566 r  o_metric_reg[4]/Q
                         net (fo=1, routed)           4.464     9.030    o_metric_OBUF[4]
    G11                  OBUF (Prop_OUTBUF_HPIOB_I_O)
                                                      0.876     9.906 r  o_metric_OBUF[4]_inst/O
                         net (fo=0)                   0.000     9.906    o_metric[4]
    G11                                                               r  o_metric[4] (OUT)
  -------------------------------------------------------------------    -------------------

Slack:                    inf
  Source:                 o_metric_reg[9]/C
                            (rising edge-triggered cell FDRE clocked by sys_clk_pin  {rise@0.000ns fall@0.500ns period=1.000ns})
  Destination:            o_metric[9]
                            (output port)
  Path Group:             (none)
  Path Type:              Max at Slow Process Corner
  Data Path Delay:        5.416ns  (logic 1.035ns (19.113%)  route 4.381ns (80.887%))
  Logic Levels:           1  (OBUF=1)
  Clock Uncertainty:      0.025ns  ((TSJ^2 + TIJ^2)^1/2 + DJ) / 2 + PE
    Total System Jitter     (TSJ):    0.050ns
    Total Input Jitter      (TIJ):    0.000ns
    Discrete Jitter          (DJ):    0.000ns
    Phase Error              (PE):    0.000ns
  Clock Net Delay (Source):      2.377ns (routing 0.849ns, distribution 1.528ns)

    Location             Delay type                Incr(ns)  Path(ns)    Netlist Resource(s)
  -------------------------------------------------------------------    -------------------
                         (clock sys_clk_pin rise edge)
                                                      0.000     0.000 r  
    AA13                                              0.000     0.000 r  clk (IN)
                         net (fo=0)                   0.000     0.000    clk_IBUF_inst/I
    AA13                 INBUF (Prop_INBUF_HRIO_PAD_O)
                                                      0.955     0.955 r  clk_IBUF_inst/INBUF_INST/O
                         net (fo=1, routed)           0.105     1.060    clk_IBUF_inst/OUT
    AA13                 IBUFCTRL (Prop_IBUFCTRL_HRIO_I_O)
                                                      0.049     1.109 r  clk_IBUF_inst/IBUFCTRL_INST/O
                         net (fo=1, routed)           0.839     1.948    clk_IBUF
    BUFGCE_X1Y0          BUFGCE (Prop_BUFCE_BUFGCE_I_O)
                                                      0.101     2.049 r  clk_IBUF_BUFG_inst/O
    X1Y0 (CLOCK_ROOT)    net (fo=1725, routed)        2.377     4.426    clk_IBUF_BUFG
    SLICE_X31Y20         FDRE                                         r  o_metric_reg[9]/C
  -------------------------------------------------------------------    -------------------
    SLICE_X31Y20         FDRE (Prop_DFF_SLICEL_C_Q)
                                                      0.139     4.565 r  o_metric_reg[9]/Q
                         net (fo=1, routed)           4.381     8.946    o_metric_OBUF[9]
    F8                   OBUF (Prop_OUTBUF_HPIOB_I_O)
                                                      0.896     9.842 r  o_metric_OBUF[9]_inst/O
                         net (fo=0)                   0.000     9.842    o_metric[9]
    F8                                                                r  o_metric[9] (OUT)
  -------------------------------------------------------------------    -------------------

Slack:                    inf
  Source:                 o_metric_reg[7]/C
                            (rising edge-triggered cell FDRE clocked by sys_clk_pin  {rise@0.000ns fall@0.500ns period=1.000ns})
  Destination:            o_metric[7]
                            (output port)
  Path Group:             (none)
  Path Type:              Max at Slow Process Corner
  Data Path Delay:        5.363ns  (logic 1.012ns (18.878%)  route 4.351ns (81.122%))
  Logic Levels:           1  (OBUF=1)
  Clock Uncertainty:      0.025ns  ((TSJ^2 + TIJ^2)^1/2 + DJ) / 2 + PE
    Total System Jitter     (TSJ):    0.050ns
    Total Input Jitter      (TIJ):    0.000ns
    Discrete Jitter          (DJ):    0.000ns
    Phase Error              (PE):    0.000ns
  Clock Net Delay (Source):      2.351ns (routing 0.849ns, distribution 1.502ns)

    Location             Delay type                Incr(ns)  Path(ns)    Netlist Resource(s)
  -------------------------------------------------------------------    -------------------
                         (clock sys_clk_pin rise edge)
                                                      0.000     0.000 r  
    AA13                                              0.000     0.000 r  clk (IN)
                         net (fo=0)                   0.000     0.000    clk_IBUF_inst/I
    AA13                 INBUF (Prop_INBUF_HRIO_PAD_O)
                                                      0.955     0.955 r  clk_IBUF_inst/INBUF_INST/O
                         net (fo=1, routed)           0.105     1.060    clk_IBUF_inst/OUT
    AA13                 IBUFCTRL (Prop_IBUFCTRL_HRIO_I_O)
                                                      0.049     1.109 r  clk_IBUF_inst/IBUFCTRL_INST/O
                         net (fo=1, routed)           0.839     1.948    clk_IBUF
    BUFGCE_X1Y0          BUFGCE (Prop_BUFCE_BUFGCE_I_O)
                                                      0.101     2.049 r  clk_IBUF_BUFG_inst/O
    X1Y0 (CLOCK_ROOT)    net (fo=1725, routed)        2.351     4.400    clk_IBUF_BUFG
    SLICE_X26Y19         FDRE                                         r  o_metric_reg[7]/C
  -------------------------------------------------------------------    -------------------
    SLICE_X26Y19         FDRE (Prop_HFF_SLICEM_C_Q)
                                                      0.138     4.538 r  o_metric_reg[7]/Q
                         net (fo=1, routed)           4.351     8.889    o_metric_OBUF[7]
    J9                   OBUF (Prop_OUTBUF_HPIOB_I_O)
                                                      0.874     9.763 r  o_metric_OBUF[7]_inst/O
                         net (fo=0)                   0.000     9.763    o_metric[7]
    J9                                                                r  o_metric[7] (OUT)
  -------------------------------------------------------------------    -------------------





Min Delay Paths
--------------------------------------------------------------------------------------
Slack:                    inf
  Source:                 o_label_reg[1]/C
                            (rising edge-triggered cell FDRE clocked by sys_clk_pin  {rise@0.000ns fall@0.500ns period=1.000ns})
  Destination:            o_label[1]
                            (output port)
  Path Group:             (none)
  Path Type:              Min at Fast Process Corner
  Data Path Delay:        1.217ns  (logic 0.397ns (32.648%)  route 0.820ns (67.352%))
  Logic Levels:           1  (OBUF=1)
  Clock Uncertainty:      0.025ns  ((TSJ^2 + TIJ^2)^1/2 + DJ) / 2 + PE
    Total System Jitter     (TSJ):    0.050ns
    Total Input Jitter      (TIJ):    0.000ns
    Discrete Jitter          (DJ):    0.000ns
    Phase Error              (PE):    0.000ns
  Clock Net Delay (Source):      0.908ns (routing 0.350ns, distribution 0.558ns)

    Location             Delay type                Incr(ns)  Path(ns)    Netlist Resource(s)
  -------------------------------------------------------------------    -------------------
                         (clock sys_clk_pin rise edge)
                                                      0.000     0.000 r  
    AA13                                              0.000     0.000 r  clk (IN)
                         net (fo=0)                   0.000     0.000    clk_IBUF_inst/I
    AA13                 INBUF (Prop_INBUF_HRIO_PAD_O)
                                                      0.562     0.562 r  clk_IBUF_inst/INBUF_INST/O
                         net (fo=1, routed)           0.025     0.587    clk_IBUF_inst/OUT
    AA13                 IBUFCTRL (Prop_IBUFCTRL_HRIO_I_O)
                                                      0.015     0.602 r  clk_IBUF_inst/IBUFCTRL_INST/O
                         net (fo=1, routed)           0.350     0.952    clk_IBUF
    BUFGCE_X1Y0          BUFGCE (Prop_BUFCE_BUFGCE_I_O)
                                                      0.027     0.979 r  clk_IBUF_BUFG_inst/O
    X1Y0 (CLOCK_ROOT)    net (fo=1725, routed)        0.908     1.887    clk_IBUF_BUFG
    SLICE_X20Y14         FDRE                                         r  o_label_reg[1]/C
  -------------------------------------------------------------------    -------------------
    SLICE_X20Y14         FDRE (Prop_DFF_SLICEM_C_Q)
                                                      0.049     1.936 r  o_label_reg[1]/Q
                         net (fo=1, routed)           0.820     2.756    o_label_OBUF[1]
    W24                  OBUF (Prop_OUTBUF_HPIOB_I_O)
                                                      0.348     3.105 r  o_label_OBUF[1]_inst/O
                         net (fo=0)                   0.000     3.105    o_label[1]
    W24                                                               r  o_label[1] (OUT)
  -------------------------------------------------------------------    -------------------

Slack:                    inf
  Source:                 o_label_reg[9]/C
                            (rising edge-triggered cell FDRE clocked by sys_clk_pin  {rise@0.000ns fall@0.500ns period=1.000ns})
  Destination:            o_label[9]
                            (output port)
  Path Group:             (none)
  Path Type:              Min at Fast Process Corner
  Data Path Delay:        1.282ns  (logic 0.384ns (29.947%)  route 0.898ns (70.053%))
  Logic Levels:           1  (OBUF=1)
  Clock Uncertainty:      0.025ns  ((TSJ^2 + TIJ^2)^1/2 + DJ) / 2 + PE
    Total System Jitter     (TSJ):    0.050ns
    Total Input Jitter      (TIJ):    0.000ns
    Discrete Jitter          (DJ):    0.000ns
    Phase Error              (PE):    0.000ns
  Clock Net Delay (Source):      0.859ns (routing 0.350ns, distribution 0.509ns)

    Location             Delay type                Incr(ns)  Path(ns)    Netlist Resource(s)
  -------------------------------------------------------------------    -------------------
                         (clock sys_clk_pin rise edge)
                                                      0.000     0.000 r  
    AA13                                              0.000     0.000 r  clk (IN)
                         net (fo=0)                   0.000     0.000    clk_IBUF_inst/I
    AA13                 INBUF (Prop_INBUF_HRIO_PAD_O)
                                                      0.562     0.562 r  clk_IBUF_inst/INBUF_INST/O
                         net (fo=1, routed)           0.025     0.587    clk_IBUF_inst/OUT
    AA13                 IBUFCTRL (Prop_IBUFCTRL_HRIO_I_O)
                                                      0.015     0.602 r  clk_IBUF_inst/IBUFCTRL_INST/O
                         net (fo=1, routed)           0.350     0.952    clk_IBUF
    BUFGCE_X1Y0          BUFGCE (Prop_BUFCE_BUFGCE_I_O)
                                                      0.027     0.979 r  clk_IBUF_BUFG_inst/O
    X1Y0 (CLOCK_ROOT)    net (fo=1725, routed)        0.859     1.838    clk_IBUF_BUFG
    SLICE_X27Y12         FDRE                                         r  o_label_reg[9]/C
  -------------------------------------------------------------------    -------------------
    SLICE_X27Y12         FDRE (Prop_DFF_SLICEL_C_Q)
                                                      0.049     1.887 r  o_label_reg[9]/Q
                         net (fo=1, routed)           0.898     2.785    o_label_OBUF[9]
    AB22                 OBUF (Prop_OUTBUF_HPIOB_I_O)
                                                      0.335     3.120 r  o_label_OBUF[9]_inst/O
                         net (fo=0)                   0.000     3.120    o_label[9]
    AB22                                                              r  o_label[9] (OUT)
  -------------------------------------------------------------------    -------------------

Slack:                    inf
  Source:                 o_label_reg[8]/C
                            (rising edge-triggered cell FDRE clocked by sys_clk_pin  {rise@0.000ns fall@0.500ns period=1.000ns})
  Destination:            o_label[8]
                            (output port)
  Path Group:             (none)
  Path Type:              Min at Fast Process Corner
  Data Path Delay:        1.260ns  (logic 0.382ns (30.326%)  route 0.878ns (69.674%))
  Logic Levels:           1  (OBUF=1)
  Clock Uncertainty:      0.025ns  ((TSJ^2 + TIJ^2)^1/2 + DJ) / 2 + PE
    Total System Jitter     (TSJ):    0.050ns
    Total Input Jitter      (TIJ):    0.000ns
    Discrete Jitter          (DJ):    0.000ns
    Phase Error              (PE):    0.000ns
  Clock Net Delay (Source):      0.897ns (routing 0.350ns, distribution 0.547ns)

    Location             Delay type                Incr(ns)  Path(ns)    Netlist Resource(s)
  -------------------------------------------------------------------    -------------------
                         (clock sys_clk_pin rise edge)
                                                      0.000     0.000 r  
    AA13                                              0.000     0.000 r  clk (IN)
                         net (fo=0)                   0.000     0.000    clk_IBUF_inst/I
    AA13                 INBUF (Prop_INBUF_HRIO_PAD_O)
                                                      0.562     0.562 r  clk_IBUF_inst/INBUF_INST/O
                         net (fo=1, routed)           0.025     0.587    clk_IBUF_inst/OUT
    AA13                 IBUFCTRL (Prop_IBUFCTRL_HRIO_I_O)
                                                      0.015     0.602 r  clk_IBUF_inst/IBUFCTRL_INST/O
                         net (fo=1, routed)           0.350     0.952    clk_IBUF
    BUFGCE_X1Y0          BUFGCE (Prop_BUFCE_BUFGCE_I_O)
                                                      0.027     0.979 r  clk_IBUF_BUFG_inst/O
    X1Y0 (CLOCK_ROOT)    net (fo=1725, routed)        0.897     1.876    clk_IBUF_BUFG
    SLICE_X22Y12         FDRE                                         r  o_label_reg[8]/C
  -------------------------------------------------------------------    -------------------
    SLICE_X22Y12         FDRE (Prop_DFF_SLICEL_C_Q)
                                                      0.049     1.925 r  o_label_reg[8]/Q
                         net (fo=1, routed)           0.878     2.803    o_label_OBUF[8]
    AA22                 OBUF (Prop_OUTBUF_HPIOB_I_O)
                                                      0.333     3.136 r  o_label_OBUF[8]_inst/O
                         net (fo=0)                   0.000     3.136    o_label[8]
    AA22                                                              r  o_label[8] (OUT)
  -------------------------------------------------------------------    -------------------

Slack:                    inf
  Source:                 o_label_reg[2]/C
                            (rising edge-triggered cell FDRE clocked by sys_clk_pin  {rise@0.000ns fall@0.500ns period=1.000ns})
  Destination:            o_label[2]
                            (output port)
  Path Group:             (none)
  Path Type:              Min at Fast Process Corner
  Data Path Delay:        1.315ns  (logic 0.400ns (30.434%)  route 0.915ns (69.566%))
  Logic Levels:           1  (OBUF=1)
  Clock Uncertainty:      0.025ns  ((TSJ^2 + TIJ^2)^1/2 + DJ) / 2 + PE
    Total System Jitter     (TSJ):    0.050ns
    Total Input Jitter      (TIJ):    0.000ns
    Discrete Jitter          (DJ):    0.000ns
    Phase Error              (PE):    0.000ns
  Clock Net Delay (Source):      0.858ns (routing 0.350ns, distribution 0.508ns)

    Location             Delay type                Incr(ns)  Path(ns)    Netlist Resource(s)
  -------------------------------------------------------------------    -------------------
                         (clock sys_clk_pin rise edge)
                                                      0.000     0.000 r  
    AA13                                              0.000     0.000 r  clk (IN)
                         net (fo=0)                   0.000     0.000    clk_IBUF_inst/I
    AA13                 INBUF (Prop_INBUF_HRIO_PAD_O)
                                                      0.562     0.562 r  clk_IBUF_inst/INBUF_INST/O
                         net (fo=1, routed)           0.025     0.587    clk_IBUF_inst/OUT
    AA13                 IBUFCTRL (Prop_IBUFCTRL_HRIO_I_O)
                                                      0.015     0.602 r  clk_IBUF_inst/IBUFCTRL_INST/O
                         net (fo=1, routed)           0.350     0.952    clk_IBUF
    BUFGCE_X1Y0          BUFGCE (Prop_BUFCE_BUFGCE_I_O)
                                                      0.027     0.979 r  clk_IBUF_BUFG_inst/O
    X1Y0 (CLOCK_ROOT)    net (fo=1725, routed)        0.858     1.837    clk_IBUF_BUFG
    SLICE_X27Y14         FDRE                                         r  o_label_reg[2]/C
  -------------------------------------------------------------------    -------------------
    SLICE_X27Y14         FDRE (Prop_DFF_SLICEL_C_Q)
                                                      0.049     1.886 r  o_label_reg[2]/Q
                         net (fo=1, routed)           0.915     2.801    o_label_OBUF[2]
    AC23                 OBUF (Prop_OUTBUF_HPIOB_I_O)
                                                      0.351     3.152 r  o_label_OBUF[2]_inst/O
                         net (fo=0)                   0.000     3.152    o_label[2]
    AC23                                                              r  o_label[2] (OUT)
  -------------------------------------------------------------------    -------------------

Slack:                    inf
  Source:                 o_label_reg[5]/C
                            (rising edge-triggered cell FDRE clocked by sys_clk_pin  {rise@0.000ns fall@0.500ns period=1.000ns})
  Destination:            o_label[5]
                            (output port)
  Path Group:             (none)
  Path Type:              Min at Fast Process Corner
  Data Path Delay:        1.323ns  (logic 0.401ns (30.324%)  route 0.922ns (69.676%))
  Logic Levels:           1  (OBUF=1)
  Clock Uncertainty:      0.025ns  ((TSJ^2 + TIJ^2)^1/2 + DJ) / 2 + PE
    Total System Jitter     (TSJ):    0.050ns
    Total Input Jitter      (TIJ):    0.000ns
    Discrete Jitter          (DJ):    0.000ns
    Phase Error              (PE):    0.000ns
  Clock Net Delay (Source):      0.863ns (routing 0.350ns, distribution 0.513ns)

    Location             Delay type                Incr(ns)  Path(ns)    Netlist Resource(s)
  -------------------------------------------------------------------    -------------------
                         (clock sys_clk_pin rise edge)
                                                      0.000     0.000 r  
    AA13                                              0.000     0.000 r  clk (IN)
                         net (fo=0)                   0.000     0.000    clk_IBUF_inst/I
    AA13                 INBUF (Prop_INBUF_HRIO_PAD_O)
                                                      0.562     0.562 r  clk_IBUF_inst/INBUF_INST/O
                         net (fo=1, routed)           0.025     0.587    clk_IBUF_inst/OUT
    AA13                 IBUFCTRL (Prop_IBUFCTRL_HRIO_I_O)
                                                      0.015     0.602 r  clk_IBUF_inst/IBUFCTRL_INST/O
                         net (fo=1, routed)           0.350     0.952    clk_IBUF
    BUFGCE_X1Y0          BUFGCE (Prop_BUFCE_BUFGCE_I_O)
                                                      0.027     0.979 r  clk_IBUF_BUFG_inst/O
    X1Y0 (CLOCK_ROOT)    net (fo=1725, routed)        0.863     1.842    clk_IBUF_BUFG
    SLICE_X26Y13         FDRE                                         r  o_label_reg[5]/C
  -------------------------------------------------------------------    -------------------
    SLICE_X26Y13         FDRE (Prop_AFF_SLICEM_C_Q)
                                                      0.049     1.891 r  o_label_reg[5]/Q
                         net (fo=1, routed)           0.922     2.813    o_label_OBUF[5]
    AA23                 OBUF (Prop_OUTBUF_HPIOB_I_O)
                                                      0.352     3.165 r  o_label_OBUF[5]_inst/O
                         net (fo=0)                   0.000     3.165    o_label[5]
    AA23                                                              r  o_label[5] (OUT)
  -------------------------------------------------------------------    -------------------

Slack:                    inf
  Source:                 o_label_reg[10]/C
                            (rising edge-triggered cell FDRE clocked by sys_clk_pin  {rise@0.000ns fall@0.500ns period=1.000ns})
  Destination:            o_label[10]
                            (output port)
  Path Group:             (none)
  Path Type:              Min at Fast Process Corner
  Data Path Delay:        1.333ns  (logic 0.401ns (30.074%)  route 0.932ns (69.926%))
  Logic Levels:           1  (OBUF=1)
  Clock Uncertainty:      0.025ns  ((TSJ^2 + TIJ^2)^1/2 + DJ) / 2 + PE
    Total System Jitter     (TSJ):    0.050ns
    Total Input Jitter      (TIJ):    0.000ns
    Discrete Jitter          (DJ):    0.000ns
    Phase Error              (PE):    0.000ns
  Clock Net Delay (Source):      0.855ns (routing 0.350ns, distribution 0.505ns)

    Location             Delay type                Incr(ns)  Path(ns)    Netlist Resource(s)
  -------------------------------------------------------------------    -------------------
                         (clock sys_clk_pin rise edge)
                                                      0.000     0.000 r  
    AA13                                              0.000     0.000 r  clk (IN)
                         net (fo=0)                   0.000     0.000    clk_IBUF_inst/I
    AA13                 INBUF (Prop_INBUF_HRIO_PAD_O)
                                                      0.562     0.562 r  clk_IBUF_inst/INBUF_INST/O
                         net (fo=1, routed)           0.025     0.587    clk_IBUF_inst/OUT
    AA13                 IBUFCTRL (Prop_IBUFCTRL_HRIO_I_O)
                                                      0.015     0.602 r  clk_IBUF_inst/IBUFCTRL_INST/O
                         net (fo=1, routed)           0.350     0.952    clk_IBUF
    BUFGCE_X1Y0          BUFGCE (Prop_BUFCE_BUFGCE_I_O)
                                                      0.027     0.979 r  clk_IBUF_BUFG_inst/O
    X1Y0 (CLOCK_ROOT)    net (fo=1725, routed)        0.855     1.834    clk_IBUF_BUFG
    SLICE_X25Y9          FDRE                                         r  o_label_reg[10]/C
  -------------------------------------------------------------------    -------------------
    SLICE_X25Y9          FDRE (Prop_AFF_SLICEL_C_Q)
                                                      0.049     1.883 r  o_label_reg[10]/Q
                         net (fo=1, routed)           0.932     2.815    o_label_OBUF[10]
    AB26                 OBUF (Prop_OUTBUF_HPIOB_I_O)
                                                      0.352     3.167 r  o_label_OBUF[10]_inst/O
                         net (fo=0)                   0.000     3.167    o_label[10]
    AB26                                                              r  o_label[10] (OUT)
  -------------------------------------------------------------------    -------------------

Slack:                    inf
  Source:                 o_valid_reg/C
                            (rising edge-triggered cell FDRE clocked by sys_clk_pin  {rise@0.000ns fall@0.500ns period=1.000ns})
  Destination:            o_valid
                            (output port)
  Path Group:             (none)
  Path Type:              Min at Fast Process Corner
  Data Path Delay:        1.278ns  (logic 0.394ns (30.811%)  route 0.884ns (69.189%))
  Logic Levels:           1  (OBUF=1)
  Clock Uncertainty:      0.025ns  ((TSJ^2 + TIJ^2)^1/2 + DJ) / 2 + PE
    Total System Jitter     (TSJ):    0.050ns
    Total Input Jitter      (TIJ):    0.000ns
    Discrete Jitter          (DJ):    0.000ns
    Phase Error              (PE):    0.000ns
  Clock Net Delay (Source):      0.913ns (routing 0.350ns, distribution 0.563ns)

    Location             Delay type                Incr(ns)  Path(ns)    Netlist Resource(s)
  -------------------------------------------------------------------    -------------------
                         (clock sys_clk_pin rise edge)
                                                      0.000     0.000 r  
    AA13                                              0.000     0.000 r  clk (IN)
                         net (fo=0)                   0.000     0.000    clk_IBUF_inst/I
    AA13                 INBUF (Prop_INBUF_HRIO_PAD_O)
                                                      0.562     0.562 r  clk_IBUF_inst/INBUF_INST/O
                         net (fo=1, routed)           0.025     0.587    clk_IBUF_inst/OUT
    AA13                 IBUFCTRL (Prop_IBUFCTRL_HRIO_I_O)
                                                      0.015     0.602 r  clk_IBUF_inst/IBUFCTRL_INST/O
                         net (fo=1, routed)           0.350     0.952    clk_IBUF
    BUFGCE_X1Y0          BUFGCE (Prop_BUFCE_BUFGCE_I_O)
                                                      0.027     0.979 r  clk_IBUF_BUFG_inst/O
    X1Y0 (CLOCK_ROOT)    net (fo=1725, routed)        0.913     1.892    clk_IBUF_BUFG
    SLICE_X20Y8          FDRE                                         r  o_valid_reg/C
  -------------------------------------------------------------------    -------------------
    SLICE_X20Y8          FDRE (Prop_EFF_SLICEM_C_Q)
                                                      0.049     1.941 r  o_valid_reg/Q
                         net (fo=1, routed)           0.884     2.825    o_valid_OBUF
    AA24                 OBUF (Prop_OUTBUF_HPIOB_I_O)
                                                      0.345     3.170 r  o_valid_OBUF_inst/O
                         net (fo=0)                   0.000     3.170    o_valid
    AA24                                                              r  o_valid (OUT)
  -------------------------------------------------------------------    -------------------

Slack:                    inf
  Source:                 o_label_reg[0]/C
                            (rising edge-triggered cell FDRE clocked by sys_clk_pin  {rise@0.000ns fall@0.500ns period=1.000ns})
  Destination:            o_label[0]
                            (output port)
  Path Group:             (none)
  Path Type:              Min at Fast Process Corner
  Data Path Delay:        1.345ns  (logic 0.401ns (29.797%)  route 0.944ns (70.203%))
  Logic Levels:           1  (OBUF=1)
  Clock Uncertainty:      0.025ns  ((TSJ^2 + TIJ^2)^1/2 + DJ) / 2 + PE
    Total System Jitter     (TSJ):    0.050ns
    Total Input Jitter      (TIJ):    0.000ns
    Discrete Jitter          (DJ):    0.000ns
    Phase Error              (PE):    0.000ns
  Clock Net Delay (Source):      0.856ns (routing 0.350ns, distribution 0.506ns)

    Location             Delay type                Incr(ns)  Path(ns)    Netlist Resource(s)
  -------------------------------------------------------------------    -------------------
                         (clock sys_clk_pin rise edge)
                                                      0.000     0.000 r  
    AA13                                              0.000     0.000 r  clk (IN)
                         net (fo=0)                   0.000     0.000    clk_IBUF_inst/I
    AA13                 INBUF (Prop_INBUF_HRIO_PAD_O)
                                                      0.562     0.562 r  clk_IBUF_inst/INBUF_INST/O
                         net (fo=1, routed)           0.025     0.587    clk_IBUF_inst/OUT
    AA13                 IBUFCTRL (Prop_IBUFCTRL_HRIO_I_O)
                                                      0.015     0.602 r  clk_IBUF_inst/IBUFCTRL_INST/O
                         net (fo=1, routed)           0.350     0.952    clk_IBUF
    BUFGCE_X1Y0          BUFGCE (Prop_BUFCE_BUFGCE_I_O)
                                                      0.027     0.979 r  clk_IBUF_BUFG_inst/O
    X1Y0 (CLOCK_ROOT)    net (fo=1725, routed)        0.856     1.835    clk_IBUF_BUFG
    SLICE_X24Y10         FDRE                                         r  o_label_reg[0]/C
  -------------------------------------------------------------------    -------------------
    SLICE_X24Y10         FDRE (Prop_AFF_SLICEM_C_Q)
                                                      0.049     1.884 r  o_label_reg[0]/Q
                         net (fo=1, routed)           0.944     2.828    o_label_OBUF[0]
    W23                  OBUF (Prop_OUTBUF_HPIOB_I_O)
                                                      0.352     3.180 r  o_label_OBUF[0]_inst/O
                         net (fo=0)                   0.000     3.180    o_label[0]
    W23                                                               r  o_label[0] (OUT)
  -------------------------------------------------------------------    -------------------

Slack:                    inf
  Source:                 o_label_reg[3]/C
                            (rising edge-triggered cell FDRE clocked by sys_clk_pin  {rise@0.000ns fall@0.500ns period=1.000ns})
  Destination:            o_label[3]
                            (output port)
  Path Group:             (none)
  Path Type:              Min at Fast Process Corner
  Data Path Delay:        1.307ns  (logic 0.398ns (30.453%)  route 0.909ns (69.547%))
  Logic Levels:           1  (OBUF=1)
  Clock Uncertainty:      0.025ns  ((TSJ^2 + TIJ^2)^1/2 + DJ) / 2 + PE
    Total System Jitter     (TSJ):    0.050ns
    Total Input Jitter      (TIJ):    0.000ns
    Discrete Jitter          (DJ):    0.000ns
    Phase Error              (PE):    0.000ns
  Clock Net Delay (Source):      0.895ns (routing 0.350ns, distribution 0.545ns)

    Location             Delay type                Incr(ns)  Path(ns)    Netlist Resource(s)
  -------------------------------------------------------------------    -------------------
                         (clock sys_clk_pin rise edge)
                                                      0.000     0.000 r  
    AA13                                              0.000     0.000 r  clk (IN)
                         net (fo=0)                   0.000     0.000    clk_IBUF_inst/I
    AA13                 INBUF (Prop_INBUF_HRIO_PAD_O)
                                                      0.562     0.562 r  clk_IBUF_inst/INBUF_INST/O
                         net (fo=1, routed)           0.025     0.587    clk_IBUF_inst/OUT
    AA13                 IBUFCTRL (Prop_IBUFCTRL_HRIO_I_O)
                                                      0.015     0.602 r  clk_IBUF_inst/IBUFCTRL_INST/O
                         net (fo=1, routed)           0.350     0.952    clk_IBUF
    BUFGCE_X1Y0          BUFGCE (Prop_BUFCE_BUFGCE_I_O)
                                                      0.027     0.979 r  clk_IBUF_BUFG_inst/O
    X1Y0 (CLOCK_ROOT)    net (fo=1725, routed)        0.895     1.874    clk_IBUF_BUFG
    SLICE_X23Y11         FDRE                                         r  o_label_reg[3]/C
  -------------------------------------------------------------------    -------------------
    SLICE_X23Y11         FDRE (Prop_DFF_SLICEM_C_Q)
                                                      0.049     1.923 r  o_label_reg[3]/Q
                         net (fo=1, routed)           0.909     2.832    o_label_OBUF[3]
    AC24                 OBUF (Prop_OUTBUF_HPIOB_I_O)
                                                      0.349     3.181 r  o_label_OBUF[3]_inst/O
                         net (fo=0)                   0.000     3.181    o_label[3]
    AC24                                                              r  o_label[3] (OUT)
  -------------------------------------------------------------------    -------------------

Slack:                    inf
  Source:                 o_label_reg[6]/C
                            (rising edge-triggered cell FDRE clocked by sys_clk_pin  {rise@0.000ns fall@0.500ns period=1.000ns})
  Destination:            o_label[6]
                            (output port)
  Path Group:             (none)
  Path Type:              Min at Fast Process Corner
  Data Path Delay:        1.365ns  (logic 0.400ns (29.308%)  route 0.965ns (70.692%))
  Logic Levels:           1  (OBUF=1)
  Clock Uncertainty:      0.025ns  ((TSJ^2 + TIJ^2)^1/2 + DJ) / 2 + PE
    Total System Jitter     (TSJ):    0.050ns
    Total Input Jitter      (TIJ):    0.000ns
    Discrete Jitter          (DJ):    0.000ns
    Phase Error              (PE):    0.000ns
  Clock Net Delay (Source):      0.866ns (routing 0.350ns, distribution 0.516ns)

    Location             Delay type                Incr(ns)  Path(ns)    Netlist Resource(s)
  -------------------------------------------------------------------    -------------------
                         (clock sys_clk_pin rise edge)
                                                      0.000     0.000 r  
    AA13                                              0.000     0.000 r  clk (IN)
                         net (fo=0)                   0.000     0.000    clk_IBUF_inst/I
    AA13                 INBUF (Prop_INBUF_HRIO_PAD_O)
                                                      0.562     0.562 r  clk_IBUF_inst/INBUF_INST/O
                         net (fo=1, routed)           0.025     0.587    clk_IBUF_inst/OUT
    AA13                 IBUFCTRL (Prop_IBUFCTRL_HRIO_I_O)
                                                      0.015     0.602 r  clk_IBUF_inst/IBUFCTRL_INST/O
                         net (fo=1, routed)           0.350     0.952    clk_IBUF
    BUFGCE_X1Y0          BUFGCE (Prop_BUFCE_BUFGCE_I_O)
                                                      0.027     0.979 r  clk_IBUF_BUFG_inst/O
    X1Y0 (CLOCK_ROOT)    net (fo=1725, routed)        0.866     1.845    clk_IBUF_BUFG
    SLICE_X29Y15         FDRE                                         r  o_label_reg[6]/C
  -------------------------------------------------------------------    -------------------
    SLICE_X29Y15         FDRE (Prop_DFF_SLICEM_C_Q)
                                                      0.049     1.894 r  o_label_reg[6]/Q
                         net (fo=1, routed)           0.965     2.859    o_label_OBUF[6]
    AA25                 OBUF (Prop_OUTBUF_HPIOB_I_O)
                                                      0.351     3.210 r  o_label_OBUF[6]_inst/O
                         net (fo=0)                   0.000     3.210    o_label[6]
    AA25                                                              r  o_label[6] (OUT)
  -------------------------------------------------------------------    -------------------





--------------------------------------------------------------------------------------
Path Group:  (none)
From Clock:  
  To Clock:  sys_clk_pin

Max Delay           760 Endpoints
Min Delay           760 Endpoints
--------------------------------------------------------------------------------------


Max Delay Paths
--------------------------------------------------------------------------------------
Slack:                    inf
  Source:                 i_metric1[6]
                            (input port)
  Destination:            i_metrics1_buf_reg[74]/D
                            (rising edge-triggered cell FDRE clocked by sys_clk_pin  {rise@0.000ns fall@0.500ns period=1.000ns})
  Path Group:             (none)
  Path Type:              Setup (Max at Slow Process Corner)
  Data Path Delay:        5.788ns  (logic 1.198ns (20.699%)  route 4.590ns (79.301%))
  Logic Levels:           4  (IBUFCTRL=1 INBUF=1 LUT5=1 LUT6=1)
  Clock Path Skew:        3.636ns (DCD - SCD + CPR)
    Destination Clock Delay (DCD):    3.636ns
    Source Clock Delay      (SCD):    0.000ns
    Clock Pessimism Removal (CPR):    0.000ns
  Clock Uncertainty:      0.025ns  ((TSJ^2 + TIJ^2)^1/2 + DJ) / 2 + PE
    Total System Jitter     (TSJ):    0.050ns
    Total Input Jitter      (TIJ):    0.000ns
    Discrete Jitter          (DJ):    0.000ns
    Phase Error              (PE):    0.000ns
  Clock Net Delay (Destination): 2.061ns (routing 0.780ns, distribution 1.281ns)

    Location             Delay type                Incr(ns)  Path(ns)    Netlist Resource(s)
  -------------------------------------------------------------------    -------------------
    AC22                                              0.000     0.000 r  i_metric1[6] (IN)
                         net (fo=0)                   0.000     0.000    i_metric1_IBUF[6]_inst/I
    AC22                 INBUF (Prop_INBUF_HRIO_PAD_O)
                                                      0.834     0.834 r  i_metric1_IBUF[6]_inst/INBUF_INST/O
                         net (fo=1, routed)           0.105     0.939    i_metric1_IBUF[6]_inst/OUT
    AC22                 IBUFCTRL (Prop_IBUFCTRL_HRIO_I_O)
                                                      0.049     0.988 r  i_metric1_IBUF[6]_inst/IBUFCTRL_INST/O
                         net (fo=6, routed)           3.504     4.492    i_metric1_IBUF[6]
    SLICE_X30Y47         LUT5 (Prop_A6LUT_SLICEM_I2_O)
                                                      0.224     4.716 r  i_metrics1_buf[66]_i_2/O
                         net (fo=3, routed)           0.276     4.992    i_metrics1_buf[66]_i_2_n_0
    SLICE_X30Y48         LUT6 (Prop_H6LUT_SLICEM_I5_O)
                                                      0.091     5.083 r  i_metrics1_buf[74]_i_1/O
                         net (fo=3, routed)           0.705     5.788    i_metrics1_buf[74]_i_1_n_0
    SLICE_X31Y48         FDRE                                         r  i_metrics1_buf_reg[74]/D
  -------------------------------------------------------------------    -------------------

                         (clock sys_clk_pin rise edge)
                                                      0.000     0.000 r  
    AA13                                              0.000     0.000 r  clk (IN)
                         net (fo=0)                   0.000     0.000    clk_IBUF_inst/I
    AA13                 INBUF (Prop_INBUF_HRIO_PAD_O)
                                                      0.662     0.662 r  clk_IBUF_inst/INBUF_INST/O
                         net (fo=1, routed)           0.066     0.728    clk_IBUF_inst/OUT
    AA13                 IBUFCTRL (Prop_IBUFCTRL_HRIO_I_O)
                                                      0.034     0.762 r  clk_IBUF_inst/IBUFCTRL_INST/O
                         net (fo=1, routed)           0.722     1.484    clk_IBUF
    BUFGCE_X1Y0          BUFGCE (Prop_BUFCE_BUFGCE_I_O)
                                                      0.091     1.575 r  clk_IBUF_BUFG_inst/O
    X1Y0 (CLOCK_ROOT)    net (fo=1725, routed)        2.061     3.636    clk_IBUF_BUFG
    SLICE_X31Y48         FDRE                                         r  i_metrics1_buf_reg[74]/C

Slack:                    inf
  Source:                 i_metric1[6]
                            (input port)
  Destination:            i_metrics1_buf_reg[42]/D
                            (rising edge-triggered cell FDRE clocked by sys_clk_pin  {rise@0.000ns fall@0.500ns period=1.000ns})
  Path Group:             (none)
  Path Type:              Setup (Max at Slow Process Corner)
  Data Path Delay:        5.683ns  (logic 1.198ns (21.081%)  route 4.485ns (78.919%))
  Logic Levels:           4  (IBUFCTRL=1 INBUF=1 LUT5=1 LUT6=1)
  Clock Path Skew:        3.634ns (DCD - SCD + CPR)
    Destination Clock Delay (DCD):    3.634ns
    Source Clock Delay      (SCD):    0.000ns
    Clock Pessimism Removal (CPR):    0.000ns
  Clock Uncertainty:      0.025ns  ((TSJ^2 + TIJ^2)^1/2 + DJ) / 2 + PE
    Total System Jitter     (TSJ):    0.050ns
    Total Input Jitter      (TIJ):    0.000ns
    Discrete Jitter          (DJ):    0.000ns
    Phase Error              (PE):    0.000ns
  Clock Net Delay (Destination): 2.059ns (routing 0.780ns, distribution 1.279ns)

    Location             Delay type                Incr(ns)  Path(ns)    Netlist Resource(s)
  -------------------------------------------------------------------    -------------------
    AC22                                              0.000     0.000 r  i_metric1[6] (IN)
                         net (fo=0)                   0.000     0.000    i_metric1_IBUF[6]_inst/I
    AC22                 INBUF (Prop_INBUF_HRIO_PAD_O)
                                                      0.834     0.834 r  i_metric1_IBUF[6]_inst/INBUF_INST/O
                         net (fo=1, routed)           0.105     0.939    i_metric1_IBUF[6]_inst/OUT
    AC22                 IBUFCTRL (Prop_IBUFCTRL_HRIO_I_O)
                                                      0.049     0.988 r  i_metric1_IBUF[6]_inst/IBUFCTRL_INST/O
                         net (fo=6, routed)           3.504     4.492    i_metric1_IBUF[6]
    SLICE_X30Y47         LUT5 (Prop_A6LUT_SLICEM_I2_O)
                                                      0.224     4.716 r  i_metrics1_buf[66]_i_2/O
                         net (fo=3, routed)           0.276     4.992    i_metrics1_buf[66]_i_2_n_0
    SLICE_X30Y48         LUT6 (Prop_H6LUT_SLICEM_I5_O)
                                                      0.091     5.083 r  i_metrics1_buf[74]_i_1/O
                         net (fo=3, routed)           0.600     5.683    i_metrics1_buf[74]_i_1_n_0
    SLICE_X31Y48         FDRE                                         r  i_metrics1_buf_reg[42]/D
  -------------------------------------------------------------------    -------------------

                         (clock sys_clk_pin rise edge)
                                                      0.000     0.000 r  
    AA13                                              0.000     0.000 r  clk (IN)
                         net (fo=0)                   0.000     0.000    clk_IBUF_inst/I
    AA13                 INBUF (Prop_INBUF_HRIO_PAD_O)
                                                      0.662     0.662 r  clk_IBUF_inst/INBUF_INST/O
                         net (fo=1, routed)           0.066     0.728    clk_IBUF_inst/OUT
    AA13                 IBUFCTRL (Prop_IBUFCTRL_HRIO_I_O)
                                                      0.034     0.762 r  clk_IBUF_inst/IBUFCTRL_INST/O
                         net (fo=1, routed)           0.722     1.484    clk_IBUF
    BUFGCE_X1Y0          BUFGCE (Prop_BUFCE_BUFGCE_I_O)
                                                      0.091     1.575 r  clk_IBUF_BUFG_inst/O
    X1Y0 (CLOCK_ROOT)    net (fo=1725, routed)        2.059     3.634    clk_IBUF_BUFG
    SLICE_X31Y48         FDRE                                         r  i_metrics1_buf_reg[42]/C

Slack:                    inf
  Source:                 i_metric1[6]
                            (input port)
  Destination:            i_metrics1_buf_reg[58]/D
                            (rising edge-triggered cell FDRE clocked by sys_clk_pin  {rise@0.000ns fall@0.500ns period=1.000ns})
  Path Group:             (none)
  Path Type:              Setup (Max at Slow Process Corner)
  Data Path Delay:        5.584ns  (logic 1.198ns (21.455%)  route 4.386ns (78.545%))
  Logic Levels:           4  (IBUFCTRL=1 INBUF=1 LUT5=1 LUT6=1)
  Clock Path Skew:        3.633ns (DCD - SCD + CPR)
    Destination Clock Delay (DCD):    3.633ns
    Source Clock Delay      (SCD):    0.000ns
    Clock Pessimism Removal (CPR):    0.000ns
  Clock Uncertainty:      0.025ns  ((TSJ^2 + TIJ^2)^1/2 + DJ) / 2 + PE
    Total System Jitter     (TSJ):    0.050ns
    Total Input Jitter      (TIJ):    0.000ns
    Discrete Jitter          (DJ):    0.000ns
    Phase Error              (PE):    0.000ns
  Clock Net Delay (Destination): 2.058ns (routing 0.780ns, distribution 1.278ns)

    Location             Delay type                Incr(ns)  Path(ns)    Netlist Resource(s)
  -------------------------------------------------------------------    -------------------
    AC22                                              0.000     0.000 r  i_metric1[6] (IN)
                         net (fo=0)                   0.000     0.000    i_metric1_IBUF[6]_inst/I
    AC22                 INBUF (Prop_INBUF_HRIO_PAD_O)
                                                      0.834     0.834 r  i_metric1_IBUF[6]_inst/INBUF_INST/O
                         net (fo=1, routed)           0.105     0.939    i_metric1_IBUF[6]_inst/OUT
    AC22                 IBUFCTRL (Prop_IBUFCTRL_HRIO_I_O)
                                                      0.049     0.988 r  i_metric1_IBUF[6]_inst/IBUFCTRL_INST/O
                         net (fo=6, routed)           3.504     4.492    i_metric1_IBUF[6]
    SLICE_X30Y47         LUT5 (Prop_A6LUT_SLICEM_I2_O)
                                                      0.224     4.716 r  i_metrics1_buf[66]_i_2/O
                         net (fo=3, routed)           0.276     4.992    i_metrics1_buf[66]_i_2_n_0
    SLICE_X30Y48         LUT6 (Prop_H6LUT_SLICEM_I5_O)
                                                      0.091     5.083 r  i_metrics1_buf[74]_i_1/O
                         net (fo=3, routed)           0.501     5.584    i_metrics1_buf[74]_i_1_n_0
    SLICE_X30Y49         FDRE                                         r  i_metrics1_buf_reg[58]/D
  -------------------------------------------------------------------    -------------------

                         (clock sys_clk_pin rise edge)
                                                      0.000     0.000 r  
    AA13                                              0.000     0.000 r  clk (IN)
                         net (fo=0)                   0.000     0.000    clk_IBUF_inst/I
    AA13                 INBUF (Prop_INBUF_HRIO_PAD_O)
                                                      0.662     0.662 r  clk_IBUF_inst/INBUF_INST/O
                         net (fo=1, routed)           0.066     0.728    clk_IBUF_inst/OUT
    AA13                 IBUFCTRL (Prop_IBUFCTRL_HRIO_I_O)
                                                      0.034     0.762 r  clk_IBUF_inst/IBUFCTRL_INST/O
                         net (fo=1, routed)           0.722     1.484    clk_IBUF
    BUFGCE_X1Y0          BUFGCE (Prop_BUFCE_BUFGCE_I_O)
                                                      0.091     1.575 r  clk_IBUF_BUFG_inst/O
    X1Y0 (CLOCK_ROOT)    net (fo=1725, routed)        2.058     3.633    clk_IBUF_BUFG
    SLICE_X30Y49         FDRE                                         r  i_metrics1_buf_reg[58]/C

Slack:                    inf
  Source:                 i_metric[0]
                            (input port)
  Destination:            i_metrics_buf_reg[76]/D
                            (rising edge-triggered cell FDRE clocked by sys_clk_pin  {rise@0.000ns fall@0.500ns period=1.000ns})
  Path Group:             (none)
  Path Type:              Setup (Max at Slow Process Corner)
  Data Path Delay:        5.580ns  (logic 1.187ns (21.275%)  route 4.393ns (78.725%))
  Logic Levels:           4  (IBUFCTRL=1 INBUF=1 LUT5=1 LUT6=1)
  Clock Path Skew:        3.634ns (DCD - SCD + CPR)
    Destination Clock Delay (DCD):    3.634ns
    Source Clock Delay      (SCD):    0.000ns
    Clock Pessimism Removal (CPR):    0.000ns
  Clock Uncertainty:      0.025ns  ((TSJ^2 + TIJ^2)^1/2 + DJ) / 2 + PE
    Total System Jitter     (TSJ):    0.050ns
    Total Input Jitter      (TIJ):    0.000ns
    Discrete Jitter          (DJ):    0.000ns
    Phase Error              (PE):    0.000ns
  Clock Net Delay (Destination): 2.059ns (routing 0.780ns, distribution 1.279ns)

    Location             Delay type                Incr(ns)  Path(ns)    Netlist Resource(s)
  -------------------------------------------------------------------    -------------------
    W21                                               0.000     0.000 r  i_metric[0] (IN)
                         net (fo=0)                   0.000     0.000    i_metric_IBUF[0]_inst/I
    W21                  INBUF (Prop_INBUF_HRIO_PAD_O)
                                                      0.746     0.746 r  i_metric_IBUF[0]_inst/INBUF_INST/O
                         net (fo=1, routed)           0.105     0.851    i_metric_IBUF[0]_inst/OUT
    W21                  IBUFCTRL (Prop_IBUFCTRL_HRIO_I_O)
                                                      0.049     0.900 r  i_metric_IBUF[0]_inst/IBUFCTRL_INST/O
                         net (fo=8, routed)           3.535     4.435    i_metric_IBUF[0]
    SLICE_X32Y47         LUT5 (Prop_C6LUT_SLICEM_I2_O)
                                                      0.224     4.659 r  i_metrics_buf[68]_i_2/O
                         net (fo=3, routed)           0.164     4.823    i_metrics_buf[68]_i_2_n_0
    SLICE_X32Y48         LUT6 (Prop_G6LUT_SLICEM_I0_O)
                                                      0.168     4.991 r  i_metrics_buf[76]_i_1/O
                         net (fo=3, routed)           0.589     5.580    i_metrics_buf[76]_i_1_n_0
    SLICE_X31Y48         FDRE                                         r  i_metrics_buf_reg[76]/D
  -------------------------------------------------------------------    -------------------

                         (clock sys_clk_pin rise edge)
                                                      0.000     0.000 r  
    AA13                                              0.000     0.000 r  clk (IN)
                         net (fo=0)                   0.000     0.000    clk_IBUF_inst/I
    AA13                 INBUF (Prop_INBUF_HRIO_PAD_O)
                                                      0.662     0.662 r  clk_IBUF_inst/INBUF_INST/O
                         net (fo=1, routed)           0.066     0.728    clk_IBUF_inst/OUT
    AA13                 IBUFCTRL (Prop_IBUFCTRL_HRIO_I_O)
                                                      0.034     0.762 r  clk_IBUF_inst/IBUFCTRL_INST/O
                         net (fo=1, routed)           0.722     1.484    clk_IBUF
    BUFGCE_X1Y0          BUFGCE (Prop_BUFCE_BUFGCE_I_O)
                                                      0.091     1.575 r  clk_IBUF_BUFG_inst/O
    X1Y0 (CLOCK_ROOT)    net (fo=1725, routed)        2.059     3.634    clk_IBUF_BUFG
    SLICE_X31Y48         FDRE                                         r  i_metrics_buf_reg[76]/C

Slack:                    inf
  Source:                 i_metric[0]
                            (input port)
  Destination:            i_metrics_buf_reg[62]/D
                            (rising edge-triggered cell FDRE clocked by sys_clk_pin  {rise@0.000ns fall@0.500ns period=1.000ns})
  Path Group:             (none)
  Path Type:              Setup (Max at Slow Process Corner)
  Data Path Delay:        5.527ns  (logic 1.128ns (20.412%)  route 4.399ns (79.588%))
  Logic Levels:           4  (IBUFCTRL=1 INBUF=1 LUT5=1 LUT6=1)
  Clock Path Skew:        3.632ns (DCD - SCD + CPR)
    Destination Clock Delay (DCD):    3.632ns
    Source Clock Delay      (SCD):    0.000ns
    Clock Pessimism Removal (CPR):    0.000ns
  Clock Uncertainty:      0.025ns  ((TSJ^2 + TIJ^2)^1/2 + DJ) / 2 + PE
    Total System Jitter     (TSJ):    0.050ns
    Total Input Jitter      (TIJ):    0.000ns
    Discrete Jitter          (DJ):    0.000ns
    Phase Error              (PE):    0.000ns
  Clock Net Delay (Destination): 2.057ns (routing 0.780ns, distribution 1.277ns)

    Location             Delay type                Incr(ns)  Path(ns)    Netlist Resource(s)
  -------------------------------------------------------------------    -------------------
    W21                                               0.000     0.000 r  i_metric[0] (IN)
                         net (fo=0)                   0.000     0.000    i_metric_IBUF[0]_inst/I
    W21                  INBUF (Prop_INBUF_HRIO_PAD_O)
                                                      0.746     0.746 r  i_metric_IBUF[0]_inst/INBUF_INST/O
                         net (fo=1, routed)           0.105     0.851    i_metric_IBUF[0]_inst/OUT
    W21                  IBUFCTRL (Prop_IBUFCTRL_HRIO_I_O)
                                                      0.049     0.900 r  i_metric_IBUF[0]_inst/IBUFCTRL_INST/O
                         net (fo=8, routed)           3.535     4.435    i_metric_IBUF[0]
    SLICE_X32Y47         LUT6 (Prop_G6LUT_SLICEM_I5_O)
                                                      0.246     4.681 r  i_metrics_buf[70]_i_2/O
                         net (fo=3, routed)           0.266     4.947    i_metrics_buf[70]_i_2_n_0
    SLICE_X31Y45         LUT5 (Prop_E6LUT_SLICEL_I0_O)
                                                      0.087     5.034 r  i_metrics_buf[78]_i_1/O
                         net (fo=3, routed)           0.493     5.527    i_metrics_buf[78]_i_1_n_0
    SLICE_X31Y45         FDRE                                         r  i_metrics_buf_reg[62]/D
  -------------------------------------------------------------------    -------------------

                         (clock sys_clk_pin rise edge)
                                                      0.000     0.000 r  
    AA13                                              0.000     0.000 r  clk (IN)
                         net (fo=0)                   0.000     0.000    clk_IBUF_inst/I
    AA13                 INBUF (Prop_INBUF_HRIO_PAD_O)
                                                      0.662     0.662 r  clk_IBUF_inst/INBUF_INST/O
                         net (fo=1, routed)           0.066     0.728    clk_IBUF_inst/OUT
    AA13                 IBUFCTRL (Prop_IBUFCTRL_HRIO_I_O)
                                                      0.034     0.762 r  clk_IBUF_inst/IBUFCTRL_INST/O
                         net (fo=1, routed)           0.722     1.484    clk_IBUF
    BUFGCE_X1Y0          BUFGCE (Prop_BUFCE_BUFGCE_I_O)
                                                      0.091     1.575 r  clk_IBUF_BUFG_inst/O
    X1Y0 (CLOCK_ROOT)    net (fo=1725, routed)        2.057     3.632    clk_IBUF_BUFG
    SLICE_X31Y45         FDRE                                         r  i_metrics_buf_reg[62]/C

Slack:                    inf
  Source:                 i_metric[0]
                            (input port)
  Destination:            i_metrics_buf_reg[60]/D
                            (rising edge-triggered cell FDRE clocked by sys_clk_pin  {rise@0.000ns fall@0.500ns period=1.000ns})
  Path Group:             (none)
  Path Type:              Setup (Max at Slow Process Corner)
  Data Path Delay:        5.522ns  (logic 1.187ns (21.499%)  route 4.335ns (78.501%))
  Logic Levels:           4  (IBUFCTRL=1 INBUF=1 LUT5=1 LUT6=1)
  Clock Path Skew:        3.633ns (DCD - SCD + CPR)
    Destination Clock Delay (DCD):    3.633ns
    Source Clock Delay      (SCD):    0.000ns
    Clock Pessimism Removal (CPR):    0.000ns
  Clock Uncertainty:      0.025ns  ((TSJ^2 + TIJ^2)^1/2 + DJ) / 2 + PE
    Total System Jitter     (TSJ):    0.050ns
    Total Input Jitter      (TIJ):    0.000ns
    Discrete Jitter          (DJ):    0.000ns
    Phase Error              (PE):    0.000ns
  Clock Net Delay (Destination): 2.058ns (routing 0.780ns, distribution 1.278ns)

    Location             Delay type                Incr(ns)  Path(ns)    Netlist Resource(s)
  -------------------------------------------------------------------    -------------------
    W21                                               0.000     0.000 r  i_metric[0] (IN)
                         net (fo=0)                   0.000     0.000    i_metric_IBUF[0]_inst/I
    W21                  INBUF (Prop_INBUF_HRIO_PAD_O)
                                                      0.746     0.746 r  i_metric_IBUF[0]_inst/INBUF_INST/O
                         net (fo=1, routed)           0.105     0.851    i_metric_IBUF[0]_inst/OUT
    W21                  IBUFCTRL (Prop_IBUFCTRL_HRIO_I_O)
                                                      0.049     0.900 r  i_metric_IBUF[0]_inst/IBUFCTRL_INST/O
                         net (fo=8, routed)           3.535     4.435    i_metric_IBUF[0]
    SLICE_X32Y47         LUT5 (Prop_C6LUT_SLICEM_I2_O)
                                                      0.224     4.659 r  i_metrics_buf[68]_i_2/O
                         net (fo=3, routed)           0.164     4.823    i_metrics_buf[68]_i_2_n_0
    SLICE_X32Y48         LUT6 (Prop_G6LUT_SLICEM_I0_O)
                                                      0.168     4.991 r  i_metrics_buf[76]_i_1/O
                         net (fo=3, routed)           0.531     5.522    i_metrics_buf[76]_i_1_n_0
    SLICE_X30Y49         FDRE                                         r  i_metrics_buf_reg[60]/D
  -------------------------------------------------------------------    -------------------

                         (clock sys_clk_pin rise edge)
                                                      0.000     0.000 r  
    AA13                                              0.000     0.000 r  clk (IN)
                         net (fo=0)                   0.000     0.000    clk_IBUF_inst/I
    AA13                 INBUF (Prop_INBUF_HRIO_PAD_O)
                                                      0.662     0.662 r  clk_IBUF_inst/INBUF_INST/O
                         net (fo=1, routed)           0.066     0.728    clk_IBUF_inst/OUT
    AA13                 IBUFCTRL (Prop_IBUFCTRL_HRIO_I_O)
                                                      0.034     0.762 r  clk_IBUF_inst/IBUFCTRL_INST/O
                         net (fo=1, routed)           0.722     1.484    clk_IBUF
    BUFGCE_X1Y0          BUFGCE (Prop_BUFCE_BUFGCE_I_O)
                                                      0.091     1.575 r  clk_IBUF_BUFG_inst/O
    X1Y0 (CLOCK_ROOT)    net (fo=1725, routed)        2.058     3.633    clk_IBUF_BUFG
    SLICE_X30Y49         FDRE                                         r  i_metrics_buf_reg[60]/C

Slack:                    inf
  Source:                 i_metric1[6]
                            (input port)
  Destination:            i_metrics1_buf_reg[56]/D
                            (rising edge-triggered cell FDRE clocked by sys_clk_pin  {rise@0.000ns fall@0.500ns period=1.000ns})
  Path Group:             (none)
  Path Type:              Setup (Max at Slow Process Corner)
  Data Path Delay:        5.489ns  (logic 1.182ns (21.535%)  route 4.307ns (78.465%))
  Logic Levels:           4  (IBUFCTRL=1 INBUF=1 LUT5=1 LUT6=1)
  Clock Path Skew:        3.628ns (DCD - SCD + CPR)
    Destination Clock Delay (DCD):    3.628ns
    Source Clock Delay      (SCD):    0.000ns
    Clock Pessimism Removal (CPR):    0.000ns
  Clock Uncertainty:      0.025ns  ((TSJ^2 + TIJ^2)^1/2 + DJ) / 2 + PE
    Total System Jitter     (TSJ):    0.050ns
    Total Input Jitter      (TIJ):    0.000ns
    Discrete Jitter          (DJ):    0.000ns
    Phase Error              (PE):    0.000ns
  Clock Net Delay (Destination): 2.053ns (routing 0.780ns, distribution 1.273ns)

    Location             Delay type                Incr(ns)  Path(ns)    Netlist Resource(s)
  -------------------------------------------------------------------    -------------------
    AC22                                              0.000     0.000 r  i_metric1[6] (IN)
                         net (fo=0)                   0.000     0.000    i_metric1_IBUF[6]_inst/I
    AC22                 INBUF (Prop_INBUF_HRIO_PAD_O)
                                                      0.834     0.834 r  i_metric1_IBUF[6]_inst/INBUF_INST/O
                         net (fo=1, routed)           0.105     0.939    i_metric1_IBUF[6]_inst/OUT
    AC22                 IBUFCTRL (Prop_IBUFCTRL_HRIO_I_O)
                                                      0.049     0.988 r  i_metric1_IBUF[6]_inst/IBUFCTRL_INST/O
                         net (fo=6, routed)           3.394     4.382    i_metric1_IBUF[6]
    SLICE_X32Y47         LUT6 (Prop_H6LUT_SLICEM_I0_O)
                                                      0.244     4.626 r  i_metrics1_buf[64]_i_2/O
                         net (fo=3, routed)           0.305     4.931    i_metrics1_buf[64]_i_2_n_0
    SLICE_X29Y46         LUT5 (Prop_H6LUT_SLICEM_I4_O)
                                                      0.055     4.986 r  i_metrics1_buf[72]_i_1/O
                         net (fo=3, routed)           0.503     5.489    i_metrics1_buf[72]_i_1_n_0
    SLICE_X32Y46         FDRE                                         r  i_metrics1_buf_reg[56]/D
  -------------------------------------------------------------------    -------------------

                         (clock sys_clk_pin rise edge)
                                                      0.000     0.000 r  
    AA13                                              0.000     0.000 r  clk (IN)
                         net (fo=0)                   0.000     0.000    clk_IBUF_inst/I
    AA13                 INBUF (Prop_INBUF_HRIO_PAD_O)
                                                      0.662     0.662 r  clk_IBUF_inst/INBUF_INST/O
                         net (fo=1, routed)           0.066     0.728    clk_IBUF_inst/OUT
    AA13                 IBUFCTRL (Prop_IBUFCTRL_HRIO_I_O)
                                                      0.034     0.762 r  clk_IBUF_inst/IBUFCTRL_INST/O
                         net (fo=1, routed)           0.722     1.484    clk_IBUF
    BUFGCE_X1Y0          BUFGCE (Prop_BUFCE_BUFGCE_I_O)
                                                      0.091     1.575 r  clk_IBUF_BUFG_inst/O
    X1Y0 (CLOCK_ROOT)    net (fo=1725, routed)        2.053     3.628    clk_IBUF_BUFG
    SLICE_X32Y46         FDRE                                         r  i_metrics1_buf_reg[56]/C

Slack:                    inf
  Source:                 i_metric[7]
                            (input port)
  Destination:            i_metrics_buf_reg[75]/D
                            (rising edge-triggered cell FDRE clocked by sys_clk_pin  {rise@0.000ns fall@0.500ns period=1.000ns})
  Path Group:             (none)
  Path Type:              Setup (Max at Slow Process Corner)
  Data Path Delay:        5.475ns  (logic 1.160ns (21.194%)  route 4.315ns (78.806%))
  Logic Levels:           4  (IBUFCTRL=1 INBUF=1 LUT5=1 LUT6=1)
  Clock Path Skew:        3.636ns (DCD - SCD + CPR)
    Destination Clock Delay (DCD):    3.636ns
    Source Clock Delay      (SCD):    0.000ns
    Clock Pessimism Removal (CPR):    0.000ns
  Clock Uncertainty:      0.025ns  ((TSJ^2 + TIJ^2)^1/2 + DJ) / 2 + PE
    Total System Jitter     (TSJ):    0.050ns
    Total Input Jitter      (TIJ):    0.000ns
    Discrete Jitter          (DJ):    0.000ns
    Phase Error              (PE):    0.000ns
  Clock Net Delay (Destination): 2.061ns (routing 0.780ns, distribution 1.281ns)

    Location             Delay type                Incr(ns)  Path(ns)    Netlist Resource(s)
  -------------------------------------------------------------------    -------------------
    AD18                                              0.000     0.000 r  i_metric[7] (IN)
                         net (fo=0)                   0.000     0.000    i_metric_IBUF[7]_inst/I
    AD18                 INBUF (Prop_INBUF_HRIO_PAD_O)
                                                      0.778     0.778 r  i_metric_IBUF[7]_inst/INBUF_INST/O
                         net (fo=1, routed)           0.105     0.883    i_metric_IBUF[7]_inst/OUT
    AD18                 IBUFCTRL (Prop_IBUFCTRL_HRIO_I_O)
                                                      0.049     0.932 r  i_metric_IBUF[7]_inst/IBUFCTRL_INST/O
                         net (fo=6, routed)           3.186     4.118    i_metric_IBUF[7]
    SLICE_X34Y46         LUT5 (Prop_F6LUT_SLICEL_I2_O)
                                                      0.166     4.284 r  i_metrics_buf[67]_i_3/O
                         net (fo=3, routed)           0.503     4.787    i_metrics_buf[67]_i_3_n_0
    SLICE_X30Y49         LUT6 (Prop_A6LUT_SLICEM_I5_O)
                                                      0.167     4.954 r  i_metrics_buf[75]_i_2/O
                         net (fo=3, routed)           0.521     5.475    i_metrics_buf[75]_i_2_n_0
    SLICE_X31Y48         FDRE                                         r  i_metrics_buf_reg[75]/D
  -------------------------------------------------------------------    -------------------

                         (clock sys_clk_pin rise edge)
                                                      0.000     0.000 r  
    AA13                                              0.000     0.000 r  clk (IN)
                         net (fo=0)                   0.000     0.000    clk_IBUF_inst/I
    AA13                 INBUF (Prop_INBUF_HRIO_PAD_O)
                                                      0.662     0.662 r  clk_IBUF_inst/INBUF_INST/O
                         net (fo=1, routed)           0.066     0.728    clk_IBUF_inst/OUT
    AA13                 IBUFCTRL (Prop_IBUFCTRL_HRIO_I_O)
                                                      0.034     0.762 r  clk_IBUF_inst/IBUFCTRL_INST/O
                         net (fo=1, routed)           0.722     1.484    clk_IBUF
    BUFGCE_X1Y0          BUFGCE (Prop_BUFCE_BUFGCE_I_O)
                                                      0.091     1.575 r  clk_IBUF_BUFG_inst/O
    X1Y0 (CLOCK_ROOT)    net (fo=1725, routed)        2.061     3.636    clk_IBUF_BUFG
    SLICE_X31Y48         FDRE                                         r  i_metrics_buf_reg[75]/C

Slack:                    inf
  Source:                 i_metric[0]
                            (input port)
  Destination:            i_metrics_buf_reg[44]/D
                            (rising edge-triggered cell FDRE clocked by sys_clk_pin  {rise@0.000ns fall@0.500ns period=1.000ns})
  Path Group:             (none)
  Path Type:              Setup (Max at Slow Process Corner)
  Data Path Delay:        5.466ns  (logic 1.187ns (21.719%)  route 4.279ns (78.281%))
  Logic Levels:           4  (IBUFCTRL=1 INBUF=1 LUT5=1 LUT6=1)
  Clock Path Skew:        3.636ns (DCD - SCD + CPR)
    Destination Clock Delay (DCD):    3.636ns
    Source Clock Delay      (SCD):    0.000ns
    Clock Pessimism Removal (CPR):    0.000ns
  Clock Uncertainty:      0.025ns  ((TSJ^2 + TIJ^2)^1/2 + DJ) / 2 + PE
    Total System Jitter     (TSJ):    0.050ns
    Total Input Jitter      (TIJ):    0.000ns
    Discrete Jitter          (DJ):    0.000ns
    Phase Error              (PE):    0.000ns
  Clock Net Delay (Destination): 2.061ns (routing 0.780ns, distribution 1.281ns)

    Location             Delay type                Incr(ns)  Path(ns)    Netlist Resource(s)
  -------------------------------------------------------------------    -------------------
    W21                                               0.000     0.000 r  i_metric[0] (IN)
                         net (fo=0)                   0.000     0.000    i_metric_IBUF[0]_inst/I
    W21                  INBUF (Prop_INBUF_HRIO_PAD_O)
                                                      0.746     0.746 r  i_metric_IBUF[0]_inst/INBUF_INST/O
                         net (fo=1, routed)           0.105     0.851    i_metric_IBUF[0]_inst/OUT
    W21                  IBUFCTRL (Prop_IBUFCTRL_HRIO_I_O)
                                                      0.049     0.900 r  i_metric_IBUF[0]_inst/IBUFCTRL_INST/O
                         net (fo=8, routed)           3.535     4.435    i_metric_IBUF[0]
    SLICE_X32Y47         LUT5 (Prop_C6LUT_SLICEM_I2_O)
                                                      0.224     4.659 r  i_metrics_buf[68]_i_2/O
                         net (fo=3, routed)           0.164     4.823    i_metrics_buf[68]_i_2_n_0
    SLICE_X32Y48         LUT6 (Prop_G6LUT_SLICEM_I0_O)
                                                      0.168     4.991 r  i_metrics_buf[76]_i_1/O
                         net (fo=3, routed)           0.475     5.466    i_metrics_buf[76]_i_1_n_0
    SLICE_X31Y48         FDRE                                         r  i_metrics_buf_reg[44]/D
  -------------------------------------------------------------------    -------------------

                         (clock sys_clk_pin rise edge)
                                                      0.000     0.000 r  
    AA13                                              0.000     0.000 r  clk (IN)
                         net (fo=0)                   0.000     0.000    clk_IBUF_inst/I
    AA13                 INBUF (Prop_INBUF_HRIO_PAD_O)
                                                      0.662     0.662 r  clk_IBUF_inst/INBUF_INST/O
                         net (fo=1, routed)           0.066     0.728    clk_IBUF_inst/OUT
    AA13                 IBUFCTRL (Prop_IBUFCTRL_HRIO_I_O)
                                                      0.034     0.762 r  clk_IBUF_inst/IBUFCTRL_INST/O
                         net (fo=1, routed)           0.722     1.484    clk_IBUF
    BUFGCE_X1Y0          BUFGCE (Prop_BUFCE_BUFGCE_I_O)
                                                      0.091     1.575 r  clk_IBUF_BUFG_inst/O
    X1Y0 (CLOCK_ROOT)    net (fo=1725, routed)        2.061     3.636    clk_IBUF_BUFG
    SLICE_X31Y48         FDRE                                         r  i_metrics_buf_reg[44]/C

Slack:                    inf
  Source:                 i_metric[0]
                            (input port)
  Destination:            i_metrics_buf_reg[78]/D
                            (rising edge-triggered cell FDRE clocked by sys_clk_pin  {rise@0.000ns fall@0.500ns period=1.000ns})
  Path Group:             (none)
  Path Type:              Setup (Max at Slow Process Corner)
  Data Path Delay:        5.458ns  (logic 1.128ns (20.670%)  route 4.330ns (79.330%))
  Logic Levels:           4  (IBUFCTRL=1 INBUF=1 LUT5=1 LUT6=1)
  Clock Path Skew:        3.631ns (DCD - SCD + CPR)
    Destination Clock Delay (DCD):    3.631ns
    Source Clock Delay      (SCD):    0.000ns
    Clock Pessimism Removal (CPR):    0.000ns
  Clock Uncertainty:      0.025ns  ((TSJ^2 + TIJ^2)^1/2 + DJ) / 2 + PE
    Total System Jitter     (TSJ):    0.050ns
    Total Input Jitter      (TIJ):    0.000ns
    Discrete Jitter          (DJ):    0.000ns
    Phase Error              (PE):    0.000ns
  Clock Net Delay (Destination): 2.056ns (routing 0.780ns, distribution 1.276ns)

    Location             Delay type                Incr(ns)  Path(ns)    Netlist Resource(s)
  -------------------------------------------------------------------    -------------------
    W21                                               0.000     0.000 r  i_metric[0] (IN)
                         net (fo=0)                   0.000     0.000    i_metric_IBUF[0]_inst/I
    W21                  INBUF (Prop_INBUF_HRIO_PAD_O)
                                                      0.746     0.746 r  i_metric_IBUF[0]_inst/INBUF_INST/O
                         net (fo=1, routed)           0.105     0.851    i_metric_IBUF[0]_inst/OUT
    W21                  IBUFCTRL (Prop_IBUFCTRL_HRIO_I_O)
                                                      0.049     0.900 r  i_metric_IBUF[0]_inst/IBUFCTRL_INST/O
                         net (fo=8, routed)           3.535     4.435    i_metric_IBUF[0]
    SLICE_X32Y47         LUT6 (Prop_G6LUT_SLICEM_I5_O)
                                                      0.246     4.681 r  i_metrics_buf[70]_i_2/O
                         net (fo=3, routed)           0.266     4.947    i_metrics_buf[70]_i_2_n_0
    SLICE_X31Y45         LUT5 (Prop_E6LUT_SLICEL_I0_O)
                                                      0.087     5.034 r  i_metrics_buf[78]_i_1/O
                         net (fo=3, routed)           0.424     5.458    i_metrics_buf[78]_i_1_n_0
    SLICE_X30Y45         FDRE                                         r  i_metrics_buf_reg[78]/D
  -------------------------------------------------------------------    -------------------

                         (clock sys_clk_pin rise edge)
                                                      0.000     0.000 r  
    AA13                                              0.000     0.000 r  clk (IN)
                         net (fo=0)                   0.000     0.000    clk_IBUF_inst/I
    AA13                 INBUF (Prop_INBUF_HRIO_PAD_O)
                                                      0.662     0.662 r  clk_IBUF_inst/INBUF_INST/O
                         net (fo=1, routed)           0.066     0.728    clk_IBUF_inst/OUT
    AA13                 IBUFCTRL (Prop_IBUFCTRL_HRIO_I_O)
                                                      0.034     0.762 r  clk_IBUF_inst/IBUFCTRL_INST/O
                         net (fo=1, routed)           0.722     1.484    clk_IBUF
    BUFGCE_X1Y0          BUFGCE (Prop_BUFCE_BUFGCE_I_O)
                                                      0.091     1.575 r  clk_IBUF_BUFG_inst/O
    X1Y0 (CLOCK_ROOT)    net (fo=1725, routed)        2.056     3.631    clk_IBUF_BUFG
    SLICE_X30Y45         FDRE                                         r  i_metrics_buf_reg[78]/C





Min Delay Paths
--------------------------------------------------------------------------------------
Slack:                    inf
  Source:                 rst
                            (input port)
  Destination:            o_valid_reg/R
                            (rising edge-triggered cell FDRE clocked by sys_clk_pin  {rise@0.000ns fall@0.500ns period=1.000ns})
  Path Group:             (none)
  Path Type:              Hold (Min at Fast Process Corner)
  Data Path Delay:        0.996ns  (logic 0.106ns (10.630%)  route 0.890ns (89.370%))
  Logic Levels:           2  (IBUFCTRL=1 INBUF=1)
  Clock Path Skew:        2.518ns (DCD - SCD - CPR)
    Destination Clock Delay (DCD):    2.518ns
    Source Clock Delay      (SCD):    0.000ns
    Clock Pessimism Removal (CPR):    -0.000ns
  Clock Net Delay (Destination): 1.076ns (routing 0.390ns, distribution 0.686ns)

    Location             Delay type                Incr(ns)  Path(ns)    Netlist Resource(s)
  -------------------------------------------------------------------    -------------------
    W26                                               0.000     0.000 r  rst (IN)
                         net (fo=0)                   0.000     0.000    rst_IBUF_inst/I
    W26                  INBUF (Prop_INBUF_HPIOB_PAD_O)
                                                      0.106     0.106 r  rst_IBUF_inst/INBUF_INST/O
                         net (fo=1, routed)           0.027     0.133    rst_IBUF_inst/OUT
    W26                  IBUFCTRL (Prop_IBUFCTRL_HPIOB_I_O)
                                                      0.000     0.133 r  rst_IBUF_inst/IBUFCTRL_INST/O
                         net (fo=23, routed)          0.863     0.996    rst_IBUF
    SLICE_X20Y8          FDRE                                         r  o_valid_reg/R
  -------------------------------------------------------------------    -------------------

                         (clock sys_clk_pin rise edge)
                                                      0.000     0.000 r  
    AA13                                              0.000     0.000 r  clk (IN)
                         net (fo=0)                   0.000     0.000    clk_IBUF_inst/I
    AA13                 INBUF (Prop_INBUF_HRIO_PAD_O)
                                                      0.938     0.938 r  clk_IBUF_inst/INBUF_INST/O
                         net (fo=1, routed)           0.042     0.980    clk_IBUF_inst/OUT
    AA13                 IBUFCTRL (Prop_IBUFCTRL_HRIO_I_O)
                                                      0.022     1.002 r  clk_IBUF_inst/IBUFCTRL_INST/O
                         net (fo=1, routed)           0.409     1.411    clk_IBUF
    BUFGCE_X1Y0          BUFGCE (Prop_BUFCE_BUFGCE_I_O)
                                                      0.031     1.442 r  clk_IBUF_BUFG_inst/O
    X1Y0 (CLOCK_ROOT)    net (fo=1725, routed)        1.076     2.518    clk_IBUF_BUFG
    SLICE_X20Y8          FDRE                                         r  o_valid_reg/C

Slack:                    inf
  Source:                 i_label[26]
                            (input port)
  Destination:            i_labels_buf_reg[250]/D
                            (rising edge-triggered cell FDRE clocked by sys_clk_pin  {rise@0.000ns fall@0.500ns period=1.000ns})
  Path Group:             (none)
  Path Type:              Hold (Min at Fast Process Corner)
  Data Path Delay:        1.076ns  (logic 0.132ns (12.258%)  route 0.944ns (87.742%))
  Logic Levels:           2  (IBUFCTRL=1 INBUF=1)
  Clock Path Skew:        2.468ns (DCD - SCD - CPR)
    Destination Clock Delay (DCD):    2.468ns
    Source Clock Delay      (SCD):    0.000ns
    Clock Pessimism Removal (CPR):    -0.000ns
  Clock Net Delay (Destination): 1.026ns (routing 0.390ns, distribution 0.636ns)

    Location             Delay type                Incr(ns)  Path(ns)    Netlist Resource(s)
  -------------------------------------------------------------------    -------------------
    U24                                               0.000     0.000 r  i_label[26] (IN)
                         net (fo=0)                   0.000     0.000    i_label_IBUF[26]_inst/I
    U24                  INBUF (Prop_INBUF_HPIOB_PAD_O)
                                                      0.132     0.132 r  i_label_IBUF[26]_inst/INBUF_INST/O
                         net (fo=1, routed)           0.027     0.159    i_label_IBUF[26]_inst/OUT
    U24                  IBUFCTRL (Prop_IBUFCTRL_HPIOB_I_O)
                                                      0.000     0.159 r  i_label_IBUF[26]_inst/IBUFCTRL_INST/O
                         net (fo=4, routed)           0.917     1.076    i_label_IBUF[26]
    SLICE_X28Y4          FDRE                                         r  i_labels_buf_reg[250]/D
  -------------------------------------------------------------------    -------------------

                         (clock sys_clk_pin rise edge)
                                                      0.000     0.000 r  
    AA13                                              0.000     0.000 r  clk (IN)
                         net (fo=0)                   0.000     0.000    clk_IBUF_inst/I
    AA13                 INBUF (Prop_INBUF_HRIO_PAD_O)
                                                      0.938     0.938 r  clk_IBUF_inst/INBUF_INST/O
                         net (fo=1, routed)           0.042     0.980    clk_IBUF_inst/OUT
    AA13                 IBUFCTRL (Prop_IBUFCTRL_HRIO_I_O)
                                                      0.022     1.002 r  clk_IBUF_inst/IBUFCTRL_INST/O
                         net (fo=1, routed)           0.409     1.411    clk_IBUF
    BUFGCE_X1Y0          BUFGCE (Prop_BUFCE_BUFGCE_I_O)
                                                      0.031     1.442 r  clk_IBUF_BUFG_inst/O
    X1Y0 (CLOCK_ROOT)    net (fo=1725, routed)        1.026     2.468    clk_IBUF_BUFG
    SLICE_X28Y4          FDRE                                         r  i_labels_buf_reg[250]/C

Slack:                    inf
  Source:                 i_valid
                            (input port)
  Destination:            start_reg/D
                            (rising edge-triggered cell FDRE clocked by sys_clk_pin  {rise@0.000ns fall@0.500ns period=1.000ns})
  Path Group:             (none)
  Path Type:              Hold (Min at Fast Process Corner)
  Data Path Delay:        1.076ns  (logic 0.144ns (13.377%)  route 0.932ns (86.623%))
  Logic Levels:           3  (IBUFCTRL=1 INBUF=1 LUT4=1)
  Clock Path Skew:        2.486ns (DCD - SCD - CPR)
    Destination Clock Delay (DCD):    2.486ns
    Source Clock Delay      (SCD):    0.000ns
    Clock Pessimism Removal (CPR):    -0.000ns
  Clock Net Delay (Destination): 1.044ns (routing 0.390ns, distribution 0.654ns)

    Location             Delay type                Incr(ns)  Path(ns)    Netlist Resource(s)
  -------------------------------------------------------------------    -------------------
    W25                                               0.000     0.000 r  i_valid (IN)
                         net (fo=0)                   0.000     0.000    i_valid_IBUF_inst/I
    W25                  INBUF (Prop_INBUF_HPIOB_PAD_O)
                                                      0.104     0.104 r  i_valid_IBUF_inst/INBUF_INST/O
                         net (fo=1, routed)           0.027     0.131    i_valid_IBUF_inst/OUT
    W25                  IBUFCTRL (Prop_IBUFCTRL_HPIOB_I_O)
                                                      0.000     0.131 r  i_valid_IBUF_inst/IBUFCTRL_INST/O
                         net (fo=19, routed)          0.893     1.024    i_valid_IBUF
    SLICE_X30Y22         LUT4 (Prop_D5LUT_SLICEM_I2_O)
                                                      0.040     1.064 r  start_i_1/O
                         net (fo=1, routed)           0.012     1.076    start
    SLICE_X30Y22         FDRE                                         r  start_reg/D
  -------------------------------------------------------------------    -------------------

                         (clock sys_clk_pin rise edge)
                                                      0.000     0.000 r  
    AA13                                              0.000     0.000 r  clk (IN)
                         net (fo=0)                   0.000     0.000    clk_IBUF_inst/I
    AA13                 INBUF (Prop_INBUF_HRIO_PAD_O)
                                                      0.938     0.938 r  clk_IBUF_inst/INBUF_INST/O
                         net (fo=1, routed)           0.042     0.980    clk_IBUF_inst/OUT
    AA13                 IBUFCTRL (Prop_IBUFCTRL_HRIO_I_O)
                                                      0.022     1.002 r  clk_IBUF_inst/IBUFCTRL_INST/O
                         net (fo=1, routed)           0.409     1.411    clk_IBUF
    BUFGCE_X1Y0          BUFGCE (Prop_BUFCE_BUFGCE_I_O)
                                                      0.031     1.442 r  clk_IBUF_BUFG_inst/O
    X1Y0 (CLOCK_ROOT)    net (fo=1725, routed)        1.044     2.486    clk_IBUF_BUFG
    SLICE_X30Y22         FDRE                                         r  start_reg/C

Slack:                    inf
  Source:                 i_label[31]
                            (input port)
  Destination:            i_labels_buf_reg[223]/D
                            (rising edge-triggered cell FDRE clocked by sys_clk_pin  {rise@0.000ns fall@0.500ns period=1.000ns})
  Path Group:             (none)
  Path Type:              Hold (Min at Fast Process Corner)
  Data Path Delay:        1.090ns  (logic 0.126ns (11.537%)  route 0.964ns (88.463%))
  Logic Levels:           2  (IBUFCTRL=1 INBUF=1)
  Clock Path Skew:        2.471ns (DCD - SCD - CPR)
    Destination Clock Delay (DCD):    2.471ns
    Source Clock Delay      (SCD):    0.000ns
    Clock Pessimism Removal (CPR):    -0.000ns
  Clock Net Delay (Destination): 1.029ns (routing 0.390ns, distribution 0.639ns)

    Location             Delay type                Incr(ns)  Path(ns)    Netlist Resource(s)
  -------------------------------------------------------------------    -------------------
    Y26                                               0.000     0.000 r  i_label[31] (IN)
                         net (fo=0)                   0.000     0.000    i_label_IBUF[31]_inst/I
    Y26                  INBUF (Prop_INBUF_HPIOB_PAD_O)
                                                      0.126     0.126 r  i_label_IBUF[31]_inst/INBUF_INST/O
                         net (fo=1, routed)           0.027     0.153    i_label_IBUF[31]_inst/OUT
    Y26                  IBUFCTRL (Prop_IBUFCTRL_HPIOB_I_O)
                                                      0.000     0.153 r  i_label_IBUF[31]_inst/IBUFCTRL_INST/O
                         net (fo=4, routed)           0.937     1.090    i_label_IBUF[31]
    SLICE_X28Y4          FDRE                                         r  i_labels_buf_reg[223]/D
  -------------------------------------------------------------------    -------------------

                         (clock sys_clk_pin rise edge)
                                                      0.000     0.000 r  
    AA13                                              0.000     0.000 r  clk (IN)
                         net (fo=0)                   0.000     0.000    clk_IBUF_inst/I
    AA13                 INBUF (Prop_INBUF_HRIO_PAD_O)
                                                      0.938     0.938 r  clk_IBUF_inst/INBUF_INST/O
                         net (fo=1, routed)           0.042     0.980    clk_IBUF_inst/OUT
    AA13                 IBUFCTRL (Prop_IBUFCTRL_HRIO_I_O)
                                                      0.022     1.002 r  clk_IBUF_inst/IBUFCTRL_INST/O
                         net (fo=1, routed)           0.409     1.411    clk_IBUF
    BUFGCE_X1Y0          BUFGCE (Prop_BUFCE_BUFGCE_I_O)
                                                      0.031     1.442 r  clk_IBUF_BUFG_inst/O
    X1Y0 (CLOCK_ROOT)    net (fo=1725, routed)        1.029     2.471    clk_IBUF_BUFG
    SLICE_X28Y4          FDRE                                         r  i_labels_buf_reg[223]/C

Slack:                    inf
  Source:                 i_label[30]
                            (input port)
  Destination:            i_labels_buf_reg[222]/D
                            (rising edge-triggered cell FDRE clocked by sys_clk_pin  {rise@0.000ns fall@0.500ns period=1.000ns})
  Path Group:             (none)
  Path Type:              Hold (Min at Fast Process Corner)
  Data Path Delay:        1.095ns  (logic 0.126ns (11.508%)  route 0.969ns (88.492%))
  Logic Levels:           2  (IBUFCTRL=1 INBUF=1)
  Clock Path Skew:        2.458ns (DCD - SCD - CPR)
    Destination Clock Delay (DCD):    2.458ns
    Source Clock Delay      (SCD):    0.000ns
    Clock Pessimism Removal (CPR):    -0.000ns
  Clock Net Delay (Destination): 1.016ns (routing 0.390ns, distribution 0.626ns)

    Location             Delay type                Incr(ns)  Path(ns)    Netlist Resource(s)
  -------------------------------------------------------------------    -------------------
    Y25                                               0.000     0.000 r  i_label[30] (IN)
                         net (fo=0)                   0.000     0.000    i_label_IBUF[30]_inst/I
    Y25                  INBUF (Prop_INBUF_HPIOB_PAD_O)
                                                      0.126     0.126 r  i_label_IBUF[30]_inst/INBUF_INST/O
                         net (fo=1, routed)           0.027     0.153    i_label_IBUF[30]_inst/OUT
    Y25                  IBUFCTRL (Prop_IBUFCTRL_HPIOB_I_O)
                                                      0.000     0.153 r  i_label_IBUF[30]_inst/IBUFCTRL_INST/O
                         net (fo=4, routed)           0.942     1.095    i_label_IBUF[30]
    SLICE_X25Y2          FDRE                                         r  i_labels_buf_reg[222]/D
  -------------------------------------------------------------------    -------------------

                         (clock sys_clk_pin rise edge)
                                                      0.000     0.000 r  
    AA13                                              0.000     0.000 r  clk (IN)
                         net (fo=0)                   0.000     0.000    clk_IBUF_inst/I
    AA13                 INBUF (Prop_INBUF_HRIO_PAD_O)
                                                      0.938     0.938 r  clk_IBUF_inst/INBUF_INST/O
                         net (fo=1, routed)           0.042     0.980    clk_IBUF_inst/OUT
    AA13                 IBUFCTRL (Prop_IBUFCTRL_HRIO_I_O)
                                                      0.022     1.002 r  clk_IBUF_inst/IBUFCTRL_INST/O
                         net (fo=1, routed)           0.409     1.411    clk_IBUF
    BUFGCE_X1Y0          BUFGCE (Prop_BUFCE_BUFGCE_I_O)
                                                      0.031     1.442 r  clk_IBUF_BUFG_inst/O
    X1Y0 (CLOCK_ROOT)    net (fo=1725, routed)        1.016     2.458    clk_IBUF_BUFG
    SLICE_X25Y2          FDRE                                         r  i_labels_buf_reg[222]/C

Slack:                    inf
  Source:                 i_label[31]
                            (input port)
  Destination:            i_labels_buf_reg[159]/D
                            (rising edge-triggered cell FDRE clocked by sys_clk_pin  {rise@0.000ns fall@0.500ns period=1.000ns})
  Path Group:             (none)
  Path Type:              Hold (Min at Fast Process Corner)
  Data Path Delay:        1.107ns  (logic 0.126ns (11.360%)  route 0.981ns (88.640%))
  Logic Levels:           2  (IBUFCTRL=1 INBUF=1)
  Clock Path Skew:        2.468ns (DCD - SCD - CPR)
    Destination Clock Delay (DCD):    2.468ns
    Source Clock Delay      (SCD):    0.000ns
    Clock Pessimism Removal (CPR):    -0.000ns
  Clock Net Delay (Destination): 1.026ns (routing 0.390ns, distribution 0.636ns)

    Location             Delay type                Incr(ns)  Path(ns)    Netlist Resource(s)
  -------------------------------------------------------------------    -------------------
    Y26                                               0.000     0.000 r  i_label[31] (IN)
                         net (fo=0)                   0.000     0.000    i_label_IBUF[31]_inst/I
    Y26                  INBUF (Prop_INBUF_HPIOB_PAD_O)
                                                      0.126     0.126 r  i_label_IBUF[31]_inst/INBUF_INST/O
                         net (fo=1, routed)           0.027     0.153    i_label_IBUF[31]_inst/OUT
    Y26                  IBUFCTRL (Prop_IBUFCTRL_HPIOB_I_O)
                                                      0.000     0.153 r  i_label_IBUF[31]_inst/IBUFCTRL_INST/O
                         net (fo=4, routed)           0.954     1.107    i_label_IBUF[31]
    SLICE_X28Y4          FDRE                                         r  i_labels_buf_reg[159]/D
  -------------------------------------------------------------------    -------------------

                         (clock sys_clk_pin rise edge)
                                                      0.000     0.000 r  
    AA13                                              0.000     0.000 r  clk (IN)
                         net (fo=0)                   0.000     0.000    clk_IBUF_inst/I
    AA13                 INBUF (Prop_INBUF_HRIO_PAD_O)
                                                      0.938     0.938 r  clk_IBUF_inst/INBUF_INST/O
                         net (fo=1, routed)           0.042     0.980    clk_IBUF_inst/OUT
    AA13                 IBUFCTRL (Prop_IBUFCTRL_HRIO_I_O)
                                                      0.022     1.002 r  clk_IBUF_inst/IBUFCTRL_INST/O
                         net (fo=1, routed)           0.409     1.411    clk_IBUF
    BUFGCE_X1Y0          BUFGCE (Prop_BUFCE_BUFGCE_I_O)
                                                      0.031     1.442 r  clk_IBUF_BUFG_inst/O
    X1Y0 (CLOCK_ROOT)    net (fo=1725, routed)        1.026     2.468    clk_IBUF_BUFG
    SLICE_X28Y4          FDRE                                         r  i_labels_buf_reg[159]/C

Slack:                    inf
  Source:                 i_label[25]
                            (input port)
  Destination:            i_labels_buf_reg[249]/D
                            (rising edge-triggered cell FDRE clocked by sys_clk_pin  {rise@0.000ns fall@0.500ns period=1.000ns})
  Path Group:             (none)
  Path Type:              Hold (Min at Fast Process Corner)
  Data Path Delay:        1.109ns  (logic 0.108ns (9.712%)  route 1.001ns (90.288%))
  Logic Levels:           2  (IBUFCTRL=1 INBUF=1)
  Clock Path Skew:        2.468ns (DCD - SCD - CPR)
    Destination Clock Delay (DCD):    2.468ns
    Source Clock Delay      (SCD):    0.000ns
    Clock Pessimism Removal (CPR):    -0.000ns
  Clock Net Delay (Destination): 1.026ns (routing 0.390ns, distribution 0.636ns)

    Location             Delay type                Incr(ns)  Path(ns)    Netlist Resource(s)
  -------------------------------------------------------------------    -------------------
    V23                                               0.000     0.000 r  i_label[25] (IN)
                         net (fo=0)                   0.000     0.000    i_label_IBUF[25]_inst/I
    V23                  INBUF (Prop_INBUF_HPIOB_PAD_O)
                                                      0.108     0.108 r  i_label_IBUF[25]_inst/INBUF_INST/O
                         net (fo=1, routed)           0.027     0.135    i_label_IBUF[25]_inst/OUT
    V23                  IBUFCTRL (Prop_IBUFCTRL_HPIOB_I_O)
                                                      0.000     0.135 r  i_label_IBUF[25]_inst/IBUFCTRL_INST/O
                         net (fo=4, routed)           0.974     1.109    i_label_IBUF[25]
    SLICE_X28Y4          FDRE                                         r  i_labels_buf_reg[249]/D
  -------------------------------------------------------------------    -------------------

                         (clock sys_clk_pin rise edge)
                                                      0.000     0.000 r  
    AA13                                              0.000     0.000 r  clk (IN)
                         net (fo=0)                   0.000     0.000    clk_IBUF_inst/I
    AA13                 INBUF (Prop_INBUF_HRIO_PAD_O)
                                                      0.938     0.938 r  clk_IBUF_inst/INBUF_INST/O
                         net (fo=1, routed)           0.042     0.980    clk_IBUF_inst/OUT
    AA13                 IBUFCTRL (Prop_IBUFCTRL_HRIO_I_O)
                                                      0.022     1.002 r  clk_IBUF_inst/IBUFCTRL_INST/O
                         net (fo=1, routed)           0.409     1.411    clk_IBUF
    BUFGCE_X1Y0          BUFGCE (Prop_BUFCE_BUFGCE_I_O)
                                                      0.031     1.442 r  clk_IBUF_BUFG_inst/O
    X1Y0 (CLOCK_ROOT)    net (fo=1725, routed)        1.026     2.468    clk_IBUF_BUFG
    SLICE_X28Y4          FDRE                                         r  i_labels_buf_reg[249]/C

Slack:                    inf
  Source:                 i_label[26]
                            (input port)
  Destination:            i_labels_buf_reg[154]/D
                            (rising edge-triggered cell FDRE clocked by sys_clk_pin  {rise@0.000ns fall@0.500ns period=1.000ns})
  Path Group:             (none)
  Path Type:              Hold (Min at Fast Process Corner)
  Data Path Delay:        1.110ns  (logic 0.132ns (11.882%)  route 0.978ns (88.118%))
  Logic Levels:           2  (IBUFCTRL=1 INBUF=1)
  Clock Path Skew:        2.471ns (DCD - SCD - CPR)
    Destination Clock Delay (DCD):    2.471ns
    Source Clock Delay      (SCD):    0.000ns
    Clock Pessimism Removal (CPR):    -0.000ns
  Clock Net Delay (Destination): 1.029ns (routing 0.390ns, distribution 0.639ns)

    Location             Delay type                Incr(ns)  Path(ns)    Netlist Resource(s)
  -------------------------------------------------------------------    -------------------
    U24                                               0.000     0.000 r  i_label[26] (IN)
                         net (fo=0)                   0.000     0.000    i_label_IBUF[26]_inst/I
    U24                  INBUF (Prop_INBUF_HPIOB_PAD_O)
                                                      0.132     0.132 r  i_label_IBUF[26]_inst/INBUF_INST/O
                         net (fo=1, routed)           0.027     0.159    i_label_IBUF[26]_inst/OUT
    U24                  IBUFCTRL (Prop_IBUFCTRL_HPIOB_I_O)
                                                      0.000     0.159 r  i_label_IBUF[26]_inst/IBUFCTRL_INST/O
                         net (fo=4, routed)           0.951     1.110    i_label_IBUF[26]
    SLICE_X28Y3          FDRE                                         r  i_labels_buf_reg[154]/D
  -------------------------------------------------------------------    -------------------

                         (clock sys_clk_pin rise edge)
                                                      0.000     0.000 r  
    AA13                                              0.000     0.000 r  clk (IN)
                         net (fo=0)                   0.000     0.000    clk_IBUF_inst/I
    AA13                 INBUF (Prop_INBUF_HRIO_PAD_O)
                                                      0.938     0.938 r  clk_IBUF_inst/INBUF_INST/O
                         net (fo=1, routed)           0.042     0.980    clk_IBUF_inst/OUT
    AA13                 IBUFCTRL (Prop_IBUFCTRL_HRIO_I_O)
                                                      0.022     1.002 r  clk_IBUF_inst/IBUFCTRL_INST/O
                         net (fo=1, routed)           0.409     1.411    clk_IBUF
    BUFGCE_X1Y0          BUFGCE (Prop_BUFCE_BUFGCE_I_O)
                                                      0.031     1.442 r  clk_IBUF_BUFG_inst/O
    X1Y0 (CLOCK_ROOT)    net (fo=1725, routed)        1.029     2.471    clk_IBUF_BUFG
    SLICE_X28Y3          FDRE                                         r  i_labels_buf_reg[154]/C

Slack:                    inf
  Source:                 rst
                            (input port)
  Destination:            busy_reg/R
                            (rising edge-triggered cell FDRE clocked by sys_clk_pin  {rise@0.000ns fall@0.500ns period=1.000ns})
  Path Group:             (none)
  Path Type:              Hold (Min at Fast Process Corner)
  Data Path Delay:        1.126ns  (logic 0.106ns (9.402%)  route 1.020ns (90.598%))
  Logic Levels:           2  (IBUFCTRL=1 INBUF=1)
  Clock Path Skew:        2.472ns (DCD - SCD - CPR)
    Destination Clock Delay (DCD):    2.472ns
    Source Clock Delay      (SCD):    0.000ns
    Clock Pessimism Removal (CPR):    -0.000ns
  Clock Net Delay (Destination): 1.030ns (routing 0.390ns, distribution 0.640ns)

    Location             Delay type                Incr(ns)  Path(ns)    Netlist Resource(s)
  -------------------------------------------------------------------    -------------------
    W26                                               0.000     0.000 r  rst (IN)
                         net (fo=0)                   0.000     0.000    rst_IBUF_inst/I
    W26                  INBUF (Prop_INBUF_HPIOB_PAD_O)
                                                      0.106     0.106 r  rst_IBUF_inst/INBUF_INST/O
                         net (fo=1, routed)           0.027     0.133    rst_IBUF_inst/OUT
    W26                  IBUFCTRL (Prop_IBUFCTRL_HPIOB_I_O)
                                                      0.000     0.133 r  rst_IBUF_inst/IBUFCTRL_INST/O
                         net (fo=23, routed)          0.993     1.126    rst_IBUF
    SLICE_X25Y8          FDRE                                         r  busy_reg/R
  -------------------------------------------------------------------    -------------------

                         (clock sys_clk_pin rise edge)
                                                      0.000     0.000 r  
    AA13                                              0.000     0.000 r  clk (IN)
                         net (fo=0)                   0.000     0.000    clk_IBUF_inst/I
    AA13                 INBUF (Prop_INBUF_HRIO_PAD_O)
                                                      0.938     0.938 r  clk_IBUF_inst/INBUF_INST/O
                         net (fo=1, routed)           0.042     0.980    clk_IBUF_inst/OUT
    AA13                 IBUFCTRL (Prop_IBUFCTRL_HRIO_I_O)
                                                      0.022     1.002 r  clk_IBUF_inst/IBUFCTRL_INST/O
                         net (fo=1, routed)           0.409     1.411    clk_IBUF
    BUFGCE_X1Y0          BUFGCE (Prop_BUFCE_BUFGCE_I_O)
                                                      0.031     1.442 r  clk_IBUF_BUFG_inst/O
    X1Y0 (CLOCK_ROOT)    net (fo=1725, routed)        1.030     2.472    clk_IBUF_BUFG
    SLICE_X25Y8          FDRE                                         r  busy_reg/C

Slack:                    inf
  Source:                 i_label[23]
                            (input port)
  Destination:            i_labels_buf_reg[183]/D
                            (rising edge-triggered cell FDRE clocked by sys_clk_pin  {rise@0.000ns fall@0.500ns period=1.000ns})
  Path Group:             (none)
  Path Type:              Hold (Min at Fast Process Corner)
  Data Path Delay:        1.127ns  (logic 0.127ns (11.274%)  route 1.000ns (88.726%))
  Logic Levels:           2  (IBUFCTRL=1 INBUF=1)
  Clock Path Skew:        2.468ns (DCD - SCD - CPR)
    Destination Clock Delay (DCD):    2.468ns
    Source Clock Delay      (SCD):    0.000ns
    Clock Pessimism Removal (CPR):    -0.000ns
  Clock Net Delay (Destination): 1.026ns (routing 0.390ns, distribution 0.636ns)

    Location             Delay type                Incr(ns)  Path(ns)    Netlist Resource(s)
  -------------------------------------------------------------------    -------------------
    T24                                               0.000     0.000 r  i_label[23] (IN)
                         net (fo=0)                   0.000     0.000    i_label_IBUF[23]_inst/I
    T24                  INBUF (Prop_INBUF_HPIOB_PAD_O)
                                                      0.127     0.127 r  i_label_IBUF[23]_inst/INBUF_INST/O
                         net (fo=1, routed)           0.027     0.154    i_label_IBUF[23]_inst/OUT
    T24                  IBUFCTRL (Prop_IBUFCTRL_HPIOB_I_O)
                                                      0.000     0.154 r  i_label_IBUF[23]_inst/IBUFCTRL_INST/O
                         net (fo=4, routed)           0.973     1.127    i_label_IBUF[23]
    SLICE_X26Y6          FDRE                                         r  i_labels_buf_reg[183]/D
  -------------------------------------------------------------------    -------------------

                         (clock sys_clk_pin rise edge)
                                                      0.000     0.000 r  
    AA13                                              0.000     0.000 r  clk (IN)
                         net (fo=0)                   0.000     0.000    clk_IBUF_inst/I
    AA13                 INBUF (Prop_INBUF_HRIO_PAD_O)
                                                      0.938     0.938 r  clk_IBUF_inst/INBUF_INST/O
                         net (fo=1, routed)           0.042     0.980    clk_IBUF_inst/OUT
    AA13                 IBUFCTRL (Prop_IBUFCTRL_HRIO_I_O)
                                                      0.022     1.002 r  clk_IBUF_inst/IBUFCTRL_INST/O
                         net (fo=1, routed)           0.409     1.411    clk_IBUF
    BUFGCE_X1Y0          BUFGCE (Prop_BUFCE_BUFGCE_I_O)
                                                      0.031     1.442 r  clk_IBUF_BUFG_inst/O
    X1Y0 (CLOCK_ROOT)    net (fo=1725, routed)        1.026     2.468    clk_IBUF_BUFG
    SLICE_X26Y6          FDRE                                         r  i_labels_buf_reg[183]/C





