Copyright 1986-2022 Xilinx, Inc. All Rights Reserved.
-----------------------------------------------------------------------------------------------------------------------------------------------------------------------------------------
| Tool Version : Vivado v.2022.1 (win64) Build 3526262 Mon Apr 18 15:48:16 MDT 2022
| Date         : Sat May  2 18:33:00 2026
| Host         : feduuk running 64-bit major release  (build 9200)
| Command      : report_methodology -file wp_full_sum_lists_methodology_drc_routed.rpt -pb wp_full_sum_lists_methodology_drc_routed.pb -rpx wp_full_sum_lists_methodology_drc_routed.rpx
| Design       : wp_full_sum_lists
| Device       : xcku035-fbva676-1-i
| Speed File   : -1
| Design State : Fully Routed
-----------------------------------------------------------------------------------------------------------------------------------------------------------------------------------------

Report Methodology

Table of Contents
-----------------
1. REPORT SUMMARY
2. REPORT DETAILS

1. REPORT SUMMARY
-----------------
            Netlist: netlist
          Floorplan: design_1
      Design limits: <entire design considered>
             Max violations: <unlimited>
             Violations found: 601
+-----------+----------+-------------------------------+------------+
| Rule      | Severity | Description                   | Violations |
+-----------+----------+-------------------------------+------------+
| TIMING-16 | Warning  | Large setup violation         | 505        |
| TIMING-18 | Warning  | Missing input or output delay | 96         |
+-----------+----------+-------------------------------+------------+

2. REPORT DETAILS
-----------------
TIMING-16#1 Warning
Large setup violation  
There is a large setup violation of -1.000 ns between buf_metrics1_reg[29]/C (clocked by sys_clk_pin) and dut/m1_rep_reg[0][2][9]/D (clocked by sys_clk_pin). Large setup violations at the end of those stages might be difficult to fix during the post-placement implementation flow and could be the result of non-optimal XDC constraints or non-optimal design architecture
Related violations: <none>

TIMING-16#2 Warning
Large setup violation  
There is a large setup violation of -1.001 ns between dut/sort_inst/genblk1[4].genblk1[0].pipe_labels_raw_reg[10][1][3]_srl13/CLK (clocked by sys_clk_pin) and out_labels_reg_reg[131]/D (clocked by sys_clk_pin). Large setup violations at the end of those stages might be difficult to fix during the post-placement implementation flow and could be the result of non-optimal XDC constraints or non-optimal design architecture
Related violations: <none>

TIMING-16#3 Warning
Large setup violation  
There is a large setup violation of -1.001 ns between dut/sort_inst/genblk1[4].genblk1[2].pipe_metrics_reg[8][6][7]/C (clocked by sys_clk_pin) and dut/sort_inst/genblk1[4].genblk1[1].pipe_metrics_reg[9][6][6]/D (clocked by sys_clk_pin). Large setup violations at the end of those stages might be difficult to fix during the post-placement implementation flow and could be the result of non-optimal XDC constraints or non-optimal design architecture
Related violations: <none>

TIMING-16#4 Warning
Large setup violation  
There is a large setup violation of -1.001 ns between dut/sort_inst/genblk1[4].genblk1[2].pipe_metrics_reg[8][8][4]/C (clocked by sys_clk_pin) and dut/sort_inst/genblk1[4].genblk1[1].pipe_metrics_reg[9][8][7]/D (clocked by sys_clk_pin). Large setup violations at the end of those stages might be difficult to fix during the post-placement implementation flow and could be the result of non-optimal XDC constraints or non-optimal design architecture
Related violations: <none>

TIMING-16#5 Warning
Large setup violation  
There is a large setup violation of -1.001 ns between dut/sort_inst/genblk1[4].genblk1[3].pipe_metrics_reg[7][9][0]/C (clocked by sys_clk_pin) and dut/sort_inst/genblk1[4].genblk1[2].pipe_metrics_reg[8][9][9]/D (clocked by sys_clk_pin). Large setup violations at the end of those stages might be difficult to fix during the post-placement implementation flow and could be the result of non-optimal XDC constraints or non-optimal design architecture
Related violations: <none>

TIMING-16#6 Warning
Large setup violation  
There is a large setup violation of -1.002 ns between dut/sort_inst/genblk1[2].genblk1[0].pipe_metrics_reg[3][12][0]/C (clocked by sys_clk_pin) and dut/sort_inst/genblk1[3].genblk1[2].pipe_metrics_reg[4][12][6]/D (clocked by sys_clk_pin). Large setup violations at the end of those stages might be difficult to fix during the post-placement implementation flow and could be the result of non-optimal XDC constraints or non-optimal design architecture
Related violations: <none>

TIMING-16#7 Warning
Large setup violation  
There is a large setup violation of -1.002 ns between dut/sort_inst/genblk1[2].genblk1[0].pipe_metrics_reg[3][1][0]/C (clocked by sys_clk_pin) and dut/sort_inst/genblk1[3].genblk1[2].pipe_metrics_reg[4][1][2]/D (clocked by sys_clk_pin). Large setup violations at the end of those stages might be difficult to fix during the post-placement implementation flow and could be the result of non-optimal XDC constraints or non-optimal design architecture
Related violations: <none>

TIMING-16#8 Warning
Large setup violation  
There is a large setup violation of -1.002 ns between dut/sort_inst/genblk1[4].genblk1[2].pipe_metrics_reg[8][7][5]/C (clocked by sys_clk_pin) and dut/sort_inst/genblk1[4].genblk1[1].pipe_metrics_reg[9][5][6]/D (clocked by sys_clk_pin). Large setup violations at the end of those stages might be difficult to fix during the post-placement implementation flow and could be the result of non-optimal XDC constraints or non-optimal design architecture
Related violations: <none>

TIMING-16#9 Warning
Large setup violation  
There is a large setup violation of -1.003 ns between dut/sort_inst/genblk1[2].genblk1[0].pipe_metrics_reg[3][12][0]/C (clocked by sys_clk_pin) and dut/sort_inst/genblk1[3].genblk1[2].pipe_indices_reg[4][12][2]/D (clocked by sys_clk_pin). Large setup violations at the end of those stages might be difficult to fix during the post-placement implementation flow and could be the result of non-optimal XDC constraints or non-optimal design architecture
Related violations: <none>

TIMING-16#10 Warning
Large setup violation  
There is a large setup violation of -1.003 ns between dut/sort_inst/genblk1[4].genblk1[0].pipe_labels_raw_reg[10][3][9]_srl13/CLK (clocked by sys_clk_pin) and out_labels_reg_reg[297]/D (clocked by sys_clk_pin). Large setup violations at the end of those stages might be difficult to fix during the post-placement implementation flow and could be the result of non-optimal XDC constraints or non-optimal design architecture
Related violations: <none>

TIMING-16#11 Warning
Large setup violation  
There is a large setup violation of -1.003 ns between dut/sort_inst/genblk1[4].genblk1[0].pipe_valid_reg[10]/C (clocked by sys_clk_pin) and out_labels_reg_reg[246]/CE (clocked by sys_clk_pin). Large setup violations at the end of those stages might be difficult to fix during the post-placement implementation flow and could be the result of non-optimal XDC constraints or non-optimal design architecture
Related violations: <none>

TIMING-16#12 Warning
Large setup violation  
There is a large setup violation of -1.003 ns between dut/sort_inst/genblk1[4].genblk1[0].pipe_valid_reg[10]/C (clocked by sys_clk_pin) and out_labels_reg_reg[278]/CE (clocked by sys_clk_pin). Large setup violations at the end of those stages might be difficult to fix during the post-placement implementation flow and could be the result of non-optimal XDC constraints or non-optimal design architecture
Related violations: <none>

TIMING-16#13 Warning
Large setup violation  
There is a large setup violation of -1.004 ns between dut/sort_inst/genblk1[3].genblk1[0].pipe_metrics_reg[6][13][1]/C (clocked by sys_clk_pin) and dut/sort_inst/genblk1[4].genblk1[3].pipe_metrics_reg[7][5][8]/D (clocked by sys_clk_pin). Large setup violations at the end of those stages might be difficult to fix during the post-placement implementation flow and could be the result of non-optimal XDC constraints or non-optimal design architecture
Related violations: <none>

TIMING-16#14 Warning
Large setup violation  
There is a large setup violation of -1.004 ns between dut/sort_inst/genblk1[4].genblk1[2].pipe_metrics_reg[8][2][8]/C (clocked by sys_clk_pin) and dut/sort_inst/genblk1[4].genblk1[1].pipe_indices_reg[9][2][2]/D (clocked by sys_clk_pin). Large setup violations at the end of those stages might be difficult to fix during the post-placement implementation flow and could be the result of non-optimal XDC constraints or non-optimal design architecture
Related violations: <none>

TIMING-16#15 Warning
Large setup violation  
There is a large setup violation of -1.005 ns between buf_metrics0_reg[1]/C (clocked by sys_clk_pin) and dut/m_rep_reg[0][1][1]_rep/D (clocked by sys_clk_pin). Large setup violations at the end of those stages might be difficult to fix during the post-placement implementation flow and could be the result of non-optimal XDC constraints or non-optimal design architecture
Related violations: <none>

TIMING-16#16 Warning
Large setup violation  
There is a large setup violation of -1.005 ns between dut/sort_inst/genblk1[3].genblk1[0].pipe_metrics_reg[6][13][1]/C (clocked by sys_clk_pin) and dut/sort_inst/genblk1[4].genblk1[3].pipe_metrics_reg[7][5][0]/D (clocked by sys_clk_pin). Large setup violations at the end of those stages might be difficult to fix during the post-placement implementation flow and could be the result of non-optimal XDC constraints or non-optimal design architecture
Related violations: <none>

TIMING-16#17 Warning
Large setup violation  
There is a large setup violation of -1.005 ns between dut/sort_inst/genblk1[4].genblk1[0].pipe_labels_raw_reg[10][3][9]_srl13/CLK (clocked by sys_clk_pin) and out_labels_reg_reg[201]/D (clocked by sys_clk_pin). Large setup violations at the end of those stages might be difficult to fix during the post-placement implementation flow and could be the result of non-optimal XDC constraints or non-optimal design architecture
Related violations: <none>

TIMING-16#18 Warning
Large setup violation  
There is a large setup violation of -1.006 ns between dut/sort_inst/genblk1[3].genblk1[2].pipe_metrics_reg[4][4][4]/C (clocked by sys_clk_pin) and dut/sort_inst/genblk1[3].genblk1[1].pipe_metrics_reg[5][4][4]/D (clocked by sys_clk_pin). Large setup violations at the end of those stages might be difficult to fix during the post-placement implementation flow and could be the result of non-optimal XDC constraints or non-optimal design architecture
Related violations: <none>

TIMING-16#19 Warning
Large setup violation  
There is a large setup violation of -1.006 ns between dut/sort_inst/genblk1[4].genblk1[0].pipe_indices_reg[10][12][0]/C (clocked by sys_clk_pin) and out_labels_reg_reg[110]/D (clocked by sys_clk_pin). Large setup violations at the end of those stages might be difficult to fix during the post-placement implementation flow and could be the result of non-optimal XDC constraints or non-optimal design architecture
Related violations: <none>

TIMING-16#20 Warning
Large setup violation  
There is a large setup violation of -1.006 ns between dut/sort_inst/genblk1[4].genblk1[3].pipe_metrics_reg[7][9][0]/C (clocked by sys_clk_pin) and dut/sort_inst/genblk1[4].genblk1[2].pipe_indices_reg[8][9][1]/D (clocked by sys_clk_pin). Large setup violations at the end of those stages might be difficult to fix during the post-placement implementation flow and could be the result of non-optimal XDC constraints or non-optimal design architecture
Related violations: <none>

TIMING-16#21 Warning
Large setup violation  
There is a large setup violation of -1.007 ns between dut/m_rep_reg[3][3][0]/C (clocked by sys_clk_pin) and dut/sum_packed_reg[0]/S (clocked by sys_clk_pin). Large setup violations at the end of those stages might be difficult to fix during the post-placement implementation flow and could be the result of non-optimal XDC constraints or non-optimal design architecture
Related violations: <none>

TIMING-16#22 Warning
Large setup violation  
There is a large setup violation of -1.007 ns between dut/m_rep_reg[3][3][0]/C (clocked by sys_clk_pin) and dut/sum_packed_reg[1]/S (clocked by sys_clk_pin). Large setup violations at the end of those stages might be difficult to fix during the post-placement implementation flow and could be the result of non-optimal XDC constraints or non-optimal design architecture
Related violations: <none>

TIMING-16#23 Warning
Large setup violation  
There is a large setup violation of -1.007 ns between dut/m_rep_reg[3][3][0]/C (clocked by sys_clk_pin) and dut/sum_packed_reg[2]/S (clocked by sys_clk_pin). Large setup violations at the end of those stages might be difficult to fix during the post-placement implementation flow and could be the result of non-optimal XDC constraints or non-optimal design architecture
Related violations: <none>

TIMING-16#24 Warning
Large setup violation  
There is a large setup violation of -1.007 ns between dut/m_rep_reg[3][3][0]/C (clocked by sys_clk_pin) and dut/sum_packed_reg[3]/S (clocked by sys_clk_pin). Large setup violations at the end of those stages might be difficult to fix during the post-placement implementation flow and could be the result of non-optimal XDC constraints or non-optimal design architecture
Related violations: <none>

TIMING-16#25 Warning
Large setup violation  
There is a large setup violation of -1.007 ns between dut/sort_inst/genblk1[1].genblk1[0].pipe_metrics_reg[1][8][6]/C (clocked by sys_clk_pin) and dut/sort_inst/genblk1[2].genblk1[1].pipe_metrics_reg[2][8][7]/D (clocked by sys_clk_pin). Large setup violations at the end of those stages might be difficult to fix during the post-placement implementation flow and could be the result of non-optimal XDC constraints or non-optimal design architecture
Related violations: <none>

TIMING-16#26 Warning
Large setup violation  
There is a large setup violation of -1.007 ns between dut/sort_inst/genblk1[4].genblk1[2].pipe_metrics_reg[8][13][6]/C (clocked by sys_clk_pin) and dut/sort_inst/genblk1[4].genblk1[1].pipe_metrics_reg[9][13][0]/D (clocked by sys_clk_pin). Large setup violations at the end of those stages might be difficult to fix during the post-placement implementation flow and could be the result of non-optimal XDC constraints or non-optimal design architecture
Related violations: <none>

TIMING-16#27 Warning
Large setup violation  
There is a large setup violation of -1.008 ns between dut/sort_inst/genblk1[2].genblk1[0].pipe_metrics_reg[3][12][0]/C (clocked by sys_clk_pin) and dut/sort_inst/genblk1[3].genblk1[2].pipe_indices_reg[4][8][1]/D (clocked by sys_clk_pin). Large setup violations at the end of those stages might be difficult to fix during the post-placement implementation flow and could be the result of non-optimal XDC constraints or non-optimal design architecture
Related violations: <none>

TIMING-16#28 Warning
Large setup violation  
There is a large setup violation of -1.008 ns between dut/sort_inst/genblk1[4].genblk1[0].pipe_valid_reg[10]/C (clocked by sys_clk_pin) and out_labels_reg_reg[122]/CE (clocked by sys_clk_pin). Large setup violations at the end of those stages might be difficult to fix during the post-placement implementation flow and could be the result of non-optimal XDC constraints or non-optimal design architecture
Related violations: <none>

TIMING-16#29 Warning
Large setup violation  
There is a large setup violation of -1.008 ns between dut/sort_inst/genblk1[4].genblk1[0].pipe_valid_reg[10]/C (clocked by sys_clk_pin) and out_labels_reg_reg[26]/CE (clocked by sys_clk_pin). Large setup violations at the end of those stages might be difficult to fix during the post-placement implementation flow and could be the result of non-optimal XDC constraints or non-optimal design architecture
Related violations: <none>

TIMING-16#30 Warning
Large setup violation  
There is a large setup violation of -1.008 ns between dut/sort_inst/genblk1[4].genblk1[0].pipe_valid_reg[10]/C (clocked by sys_clk_pin) and out_labels_reg_reg[58]/CE (clocked by sys_clk_pin). Large setup violations at the end of those stages might be difficult to fix during the post-placement implementation flow and could be the result of non-optimal XDC constraints or non-optimal design architecture
Related violations: <none>

TIMING-16#31 Warning
Large setup violation  
There is a large setup violation of -1.008 ns between dut/sort_inst/genblk1[4].genblk1[0].pipe_valid_reg[10]/C (clocked by sys_clk_pin) and out_labels_reg_reg[90]/CE (clocked by sys_clk_pin). Large setup violations at the end of those stages might be difficult to fix during the post-placement implementation flow and could be the result of non-optimal XDC constraints or non-optimal design architecture
Related violations: <none>

TIMING-16#32 Warning
Large setup violation  
There is a large setup violation of -1.009 ns between dut/sort_inst/genblk1[2].genblk1[0].pipe_metrics_reg[3][12][0]/C (clocked by sys_clk_pin) and dut/sort_inst/genblk1[3].genblk1[2].pipe_indices_reg[4][8][0]/D (clocked by sys_clk_pin). Large setup violations at the end of those stages might be difficult to fix during the post-placement implementation flow and could be the result of non-optimal XDC constraints or non-optimal design architecture
Related violations: <none>

TIMING-16#33 Warning
Large setup violation  
There is a large setup violation of -1.009 ns between dut/sort_inst/genblk1[3].genblk1[0].pipe_metrics_reg[6][13][1]/C (clocked by sys_clk_pin) and dut/sort_inst/genblk1[4].genblk1[3].pipe_indices_reg[7][13][3]/D (clocked by sys_clk_pin). Large setup violations at the end of those stages might be difficult to fix during the post-placement implementation flow and could be the result of non-optimal XDC constraints or non-optimal design architecture
Related violations: <none>

TIMING-16#34 Warning
Large setup violation  
There is a large setup violation of -1.009 ns between dut/sort_inst/genblk1[3].genblk1[2].pipe_metrics_reg[4][3][4]/C (clocked by sys_clk_pin) and dut/sort_inst/genblk1[3].genblk1[1].pipe_metrics_reg[5][3][8]/D (clocked by sys_clk_pin). Large setup violations at the end of those stages might be difficult to fix during the post-placement implementation flow and could be the result of non-optimal XDC constraints or non-optimal design architecture
Related violations: <none>

TIMING-16#35 Warning
Large setup violation  
There is a large setup violation of -1.009 ns between dut/sort_inst/genblk1[4].genblk1[0].pipe_labels_raw_reg[10][3][9]_srl13/CLK (clocked by sys_clk_pin) and out_labels_reg_reg[265]/D (clocked by sys_clk_pin). Large setup violations at the end of those stages might be difficult to fix during the post-placement implementation flow and could be the result of non-optimal XDC constraints or non-optimal design architecture
Related violations: <none>

TIMING-16#36 Warning
Large setup violation  
There is a large setup violation of -1.009 ns between dut/sort_inst/genblk1[4].genblk1[0].pipe_labels_raw_reg[10][4][19]_srl13/CLK (clocked by sys_clk_pin) and out_labels_reg_reg[307]/D (clocked by sys_clk_pin). Large setup violations at the end of those stages might be difficult to fix during the post-placement implementation flow and could be the result of non-optimal XDC constraints or non-optimal design architecture
Related violations: <none>

TIMING-16#37 Warning
Large setup violation  
There is a large setup violation of -1.009 ns between dut/sort_inst/genblk1[4].genblk1[2].pipe_metrics_reg[8][2][8]/C (clocked by sys_clk_pin) and dut/sort_inst/genblk1[4].genblk1[1].pipe_indices_reg[9][0][2]/D (clocked by sys_clk_pin). Large setup violations at the end of those stages might be difficult to fix during the post-placement implementation flow and could be the result of non-optimal XDC constraints or non-optimal design architecture
Related violations: <none>

TIMING-16#38 Warning
Large setup violation  
There is a large setup violation of -1.009 ns between dut/sort_inst/genblk1[4].genblk1[3].pipe_metrics_reg[7][9][0]/C (clocked by sys_clk_pin) and dut/sort_inst/genblk1[4].genblk1[2].pipe_indices_reg[8][13][3]/D (clocked by sys_clk_pin). Large setup violations at the end of those stages might be difficult to fix during the post-placement implementation flow and could be the result of non-optimal XDC constraints or non-optimal design architecture
Related violations: <none>

TIMING-16#39 Warning
Large setup violation  
There is a large setup violation of -1.009 ns between dut/sort_inst/genblk1[4].genblk1[3].pipe_metrics_reg[7][9][0]/C (clocked by sys_clk_pin) and dut/sort_inst/genblk1[4].genblk1[2].pipe_indices_reg[8][9][3]/D (clocked by sys_clk_pin). Large setup violations at the end of those stages might be difficult to fix during the post-placement implementation flow and could be the result of non-optimal XDC constraints or non-optimal design architecture
Related violations: <none>

TIMING-16#40 Warning
Large setup violation  
There is a large setup violation of -1.010 ns between dut/sort_inst/genblk1[3].genblk1[0].pipe_metrics_reg[6][7][5]/C (clocked by sys_clk_pin) and dut/sort_inst/genblk1[4].genblk1[3].pipe_metrics_reg[7][15][9]/D (clocked by sys_clk_pin). Large setup violations at the end of those stages might be difficult to fix during the post-placement implementation flow and could be the result of non-optimal XDC constraints or non-optimal design architecture
Related violations: <none>

TIMING-16#41 Warning
Large setup violation  
There is a large setup violation of -1.010 ns between dut/sort_inst/genblk1[3].genblk1[2].pipe_metrics_reg[4][3][4]/C (clocked by sys_clk_pin) and dut/sort_inst/genblk1[3].genblk1[1].pipe_indices_reg[5][3][0]/D (clocked by sys_clk_pin). Large setup violations at the end of those stages might be difficult to fix during the post-placement implementation flow and could be the result of non-optimal XDC constraints or non-optimal design architecture
Related violations: <none>

TIMING-16#42 Warning
Large setup violation  
There is a large setup violation of -1.010 ns between dut/sort_inst/genblk1[4].genblk1[0].pipe_valid_reg[10]/C (clocked by sys_clk_pin) and out_labels_reg_reg[143]/CE (clocked by sys_clk_pin). Large setup violations at the end of those stages might be difficult to fix during the post-placement implementation flow and could be the result of non-optimal XDC constraints or non-optimal design architecture
Related violations: <none>

TIMING-16#43 Warning
Large setup violation  
There is a large setup violation of -1.010 ns between dut/sort_inst/genblk1[4].genblk1[0].pipe_valid_reg[10]/C (clocked by sys_clk_pin) and out_labels_reg_reg[239]/CE (clocked by sys_clk_pin). Large setup violations at the end of those stages might be difficult to fix during the post-placement implementation flow and could be the result of non-optimal XDC constraints or non-optimal design architecture
Related violations: <none>

TIMING-16#44 Warning
Large setup violation  
There is a large setup violation of -1.011 ns between dut/sort_inst/genblk1[2].genblk1[0].pipe_metrics_reg[3][15][1]/C (clocked by sys_clk_pin) and dut/sort_inst/genblk1[3].genblk1[2].pipe_indices_reg[4][15][0]/D (clocked by sys_clk_pin). Large setup violations at the end of those stages might be difficult to fix during the post-placement implementation flow and could be the result of non-optimal XDC constraints or non-optimal design architecture
Related violations: <none>

TIMING-16#45 Warning
Large setup violation  
There is a large setup violation of -1.012 ns between dut/sort_inst/genblk1[4].genblk1[0].pipe_valid_reg[10]/C (clocked by sys_clk_pin) and out_labels_reg_reg[247]/CE (clocked by sys_clk_pin). Large setup violations at the end of those stages might be difficult to fix during the post-placement implementation flow and could be the result of non-optimal XDC constraints or non-optimal design architecture
Related violations: <none>

TIMING-16#46 Warning
Large setup violation  
There is a large setup violation of -1.012 ns between dut/sort_inst/genblk1[4].genblk1[0].pipe_valid_reg[10]/C (clocked by sys_clk_pin) and out_labels_reg_reg[311]/CE (clocked by sys_clk_pin). Large setup violations at the end of those stages might be difficult to fix during the post-placement implementation flow and could be the result of non-optimal XDC constraints or non-optimal design architecture
Related violations: <none>

TIMING-16#47 Warning
Large setup violation  
There is a large setup violation of -1.012 ns between dut/sort_inst/genblk1[4].genblk1[2].pipe_metrics_reg[8][7][5]/C (clocked by sys_clk_pin) and dut/sort_inst/genblk1[4].genblk1[1].pipe_metrics_reg[9][5][3]/D (clocked by sys_clk_pin). Large setup violations at the end of those stages might be difficult to fix during the post-placement implementation flow and could be the result of non-optimal XDC constraints or non-optimal design architecture
Related violations: <none>

TIMING-16#48 Warning
Large setup violation  
There is a large setup violation of -1.013 ns between dut/sort_inst/genblk1[2].genblk1[0].pipe_metrics_reg[3][12][0]/C (clocked by sys_clk_pin) and dut/sort_inst/genblk1[3].genblk1[2].pipe_metrics_reg[4][12][5]/D (clocked by sys_clk_pin). Large setup violations at the end of those stages might be difficult to fix during the post-placement implementation flow and could be the result of non-optimal XDC constraints or non-optimal design architecture
Related violations: <none>

TIMING-16#49 Warning
Large setup violation  
There is a large setup violation of -1.013 ns between dut/sort_inst/genblk1[2].genblk1[1].pipe_metrics_reg[2][3][0]/C (clocked by sys_clk_pin) and dut/sort_inst/genblk1[2].genblk1[0].pipe_metrics_reg[3][3][0]/D (clocked by sys_clk_pin). Large setup violations at the end of those stages might be difficult to fix during the post-placement implementation flow and could be the result of non-optimal XDC constraints or non-optimal design architecture
Related violations: <none>

TIMING-16#50 Warning
Large setup violation  
There is a large setup violation of -1.013 ns between dut/sort_inst/genblk1[4].genblk1[0].pipe_valid_reg[10]/C (clocked by sys_clk_pin) and out_labels_reg_reg[125]/CE (clocked by sys_clk_pin). Large setup violations at the end of those stages might be difficult to fix during the post-placement implementation flow and could be the result of non-optimal XDC constraints or non-optimal design architecture
Related violations: <none>

TIMING-16#51 Warning
Large setup violation  
There is a large setup violation of -1.013 ns between dut/sort_inst/genblk1[4].genblk1[0].pipe_valid_reg[10]/C (clocked by sys_clk_pin) and out_labels_reg_reg[279]/CE (clocked by sys_clk_pin). Large setup violations at the end of those stages might be difficult to fix during the post-placement implementation flow and could be the result of non-optimal XDC constraints or non-optimal design architecture
Related violations: <none>

TIMING-16#52 Warning
Large setup violation  
There is a large setup violation of -1.013 ns between dut/sort_inst/genblk1[4].genblk1[0].pipe_valid_reg[10]/C (clocked by sys_clk_pin) and out_labels_reg_reg[61]/CE (clocked by sys_clk_pin). Large setup violations at the end of those stages might be difficult to fix during the post-placement implementation flow and could be the result of non-optimal XDC constraints or non-optimal design architecture
Related violations: <none>

TIMING-16#53 Warning
Large setup violation  
There is a large setup violation of -1.013 ns between dut/sort_inst/genblk1[4].genblk1[0].pipe_valid_reg[10]/C (clocked by sys_clk_pin) and out_labels_reg_reg[93]/CE (clocked by sys_clk_pin). Large setup violations at the end of those stages might be difficult to fix during the post-placement implementation flow and could be the result of non-optimal XDC constraints or non-optimal design architecture
Related violations: <none>

TIMING-16#54 Warning
Large setup violation  
There is a large setup violation of -1.014 ns between dut/sort_inst/genblk1[2].genblk1[1].pipe_metrics_reg[2][3][0]/C (clocked by sys_clk_pin) and dut/sort_inst/genblk1[2].genblk1[0].pipe_metrics_reg[3][3][2]/D (clocked by sys_clk_pin). Large setup violations at the end of those stages might be difficult to fix during the post-placement implementation flow and could be the result of non-optimal XDC constraints or non-optimal design architecture
Related violations: <none>

TIMING-16#55 Warning
Large setup violation  
There is a large setup violation of -1.014 ns between dut/sort_inst/genblk1[3].genblk1[0].pipe_metrics_reg[6][3][4]/C (clocked by sys_clk_pin) and dut/sort_inst/genblk1[4].genblk1[3].pipe_metrics_reg[7][11][6]/D (clocked by sys_clk_pin). Large setup violations at the end of those stages might be difficult to fix during the post-placement implementation flow and could be the result of non-optimal XDC constraints or non-optimal design architecture
Related violations: <none>

TIMING-16#56 Warning
Large setup violation  
There is a large setup violation of -1.014 ns between dut/sort_inst/genblk1[4].genblk1[3].pipe_metrics_reg[7][6][7]/C (clocked by sys_clk_pin) and dut/sort_inst/genblk1[4].genblk1[2].pipe_metrics_reg[8][2][3]/D (clocked by sys_clk_pin). Large setup violations at the end of those stages might be difficult to fix during the post-placement implementation flow and could be the result of non-optimal XDC constraints or non-optimal design architecture
Related violations: <none>

TIMING-16#57 Warning
Large setup violation  
There is a large setup violation of -1.015 ns between buf_metrics1_reg[22]/C (clocked by sys_clk_pin) and dut/m1_rep_reg[1][2][2]/D (clocked by sys_clk_pin). Large setup violations at the end of those stages might be difficult to fix during the post-placement implementation flow and could be the result of non-optimal XDC constraints or non-optimal design architecture
Related violations: <none>

TIMING-16#58 Warning
Large setup violation  
There is a large setup violation of -1.015 ns between dut/sort_inst/genblk1[2].genblk1[1].pipe_metrics_reg[2][8][3]/C (clocked by sys_clk_pin) and dut/sort_inst/genblk1[2].genblk1[0].pipe_metrics_reg[3][8][8]/D (clocked by sys_clk_pin). Large setup violations at the end of those stages might be difficult to fix during the post-placement implementation flow and could be the result of non-optimal XDC constraints or non-optimal design architecture
Related violations: <none>

TIMING-16#59 Warning
Large setup violation  
There is a large setup violation of -1.015 ns between dut/sort_inst/genblk1[2].genblk1[1].pipe_metrics_reg[2][8][3]/C (clocked by sys_clk_pin) and dut/sort_inst/genblk1[2].genblk1[0].pipe_metrics_reg[3][9][7]/D (clocked by sys_clk_pin). Large setup violations at the end of those stages might be difficult to fix during the post-placement implementation flow and could be the result of non-optimal XDC constraints or non-optimal design architecture
Related violations: <none>

TIMING-16#60 Warning
Large setup violation  
There is a large setup violation of -1.015 ns between dut/sort_inst/genblk1[3].genblk1[2].pipe_metrics_reg[4][3][4]/C (clocked by sys_clk_pin) and dut/sort_inst/genblk1[3].genblk1[1].pipe_indices_reg[5][1][0]/D (clocked by sys_clk_pin). Large setup violations at the end of those stages might be difficult to fix during the post-placement implementation flow and could be the result of non-optimal XDC constraints or non-optimal design architecture
Related violations: <none>

TIMING-16#61 Warning
Large setup violation  
There is a large setup violation of -1.016 ns between buf_metrics1_reg[32]/C (clocked by sys_clk_pin) and dut/m1_rep_reg[1][3][2]/D (clocked by sys_clk_pin). Large setup violations at the end of those stages might be difficult to fix during the post-placement implementation flow and could be the result of non-optimal XDC constraints or non-optimal design architecture
Related violations: <none>

TIMING-16#62 Warning
Large setup violation  
There is a large setup violation of -1.016 ns between dut/m_rep_reg[3][2][0]/C (clocked by sys_clk_pin) and dut/sum_packed_reg[14]/S (clocked by sys_clk_pin). Large setup violations at the end of those stages might be difficult to fix during the post-placement implementation flow and could be the result of non-optimal XDC constraints or non-optimal design architecture
Related violations: <none>

TIMING-16#63 Warning
Large setup violation  
There is a large setup violation of -1.016 ns between dut/m_rep_reg[3][2][0]/C (clocked by sys_clk_pin) and dut/sum_packed_reg[15]/S (clocked by sys_clk_pin). Large setup violations at the end of those stages might be difficult to fix during the post-placement implementation flow and could be the result of non-optimal XDC constraints or non-optimal design architecture
Related violations: <none>

TIMING-16#64 Warning
Large setup violation  
There is a large setup violation of -1.016 ns between dut/m_rep_reg[3][2][0]/C (clocked by sys_clk_pin) and dut/sum_packed_reg[16]/S (clocked by sys_clk_pin). Large setup violations at the end of those stages might be difficult to fix during the post-placement implementation flow and could be the result of non-optimal XDC constraints or non-optimal design architecture
Related violations: <none>

TIMING-16#65 Warning
Large setup violation  
There is a large setup violation of -1.016 ns between dut/m_rep_reg[3][2][0]/C (clocked by sys_clk_pin) and dut/sum_packed_reg[17]/S (clocked by sys_clk_pin). Large setup violations at the end of those stages might be difficult to fix during the post-placement implementation flow and could be the result of non-optimal XDC constraints or non-optimal design architecture
Related violations: <none>

TIMING-16#66 Warning
Large setup violation  
There is a large setup violation of -1.016 ns between dut/sort_inst/genblk1[2].genblk1[0].pipe_metrics_reg[3][15][1]/C (clocked by sys_clk_pin) and dut/sort_inst/genblk1[3].genblk1[2].pipe_indices_reg[4][11][0]/D (clocked by sys_clk_pin). Large setup violations at the end of those stages might be difficult to fix during the post-placement implementation flow and could be the result of non-optimal XDC constraints or non-optimal design architecture
Related violations: <none>

TIMING-16#67 Warning
Large setup violation  
There is a large setup violation of -1.016 ns between dut/sort_inst/genblk1[3].genblk1[2].pipe_metrics_reg[4][0][0]/C (clocked by sys_clk_pin) and dut/sort_inst/genblk1[3].genblk1[1].pipe_metrics_reg[5][2][6]/D (clocked by sys_clk_pin). Large setup violations at the end of those stages might be difficult to fix during the post-placement implementation flow and could be the result of non-optimal XDC constraints or non-optimal design architecture
Related violations: <none>

TIMING-16#68 Warning
Large setup violation  
There is a large setup violation of -1.016 ns between dut/sort_inst/genblk1[3].genblk1[2].pipe_metrics_reg[4][3][4]/C (clocked by sys_clk_pin) and dut/sort_inst/genblk1[3].genblk1[1].pipe_indices_reg[5][3][2]/D (clocked by sys_clk_pin). Large setup violations at the end of those stages might be difficult to fix during the post-placement implementation flow and could be the result of non-optimal XDC constraints or non-optimal design architecture
Related violations: <none>

TIMING-16#69 Warning
Large setup violation  
There is a large setup violation of -1.016 ns between dut/sort_inst/genblk1[4].genblk1[0].pipe_indices_reg[10][10][1]/C (clocked by sys_clk_pin) and out_labels_reg_reg[170]/D (clocked by sys_clk_pin). Large setup violations at the end of those stages might be difficult to fix during the post-placement implementation flow and could be the result of non-optimal XDC constraints or non-optimal design architecture
Related violations: <none>

TIMING-16#70 Warning
Large setup violation  
There is a large setup violation of -1.017 ns between dut/sort_inst/genblk1[3].genblk1[0].pipe_metrics_reg[6][3][4]/C (clocked by sys_clk_pin) and dut/sort_inst/genblk1[4].genblk1[3].pipe_metrics_reg[7][3][5]/D (clocked by sys_clk_pin). Large setup violations at the end of those stages might be difficult to fix during the post-placement implementation flow and could be the result of non-optimal XDC constraints or non-optimal design architecture
Related violations: <none>

TIMING-16#71 Warning
Large setup violation  
There is a large setup violation of -1.017 ns between dut/sort_inst/genblk1[4].genblk1[0].pipe_indices_reg[10][15][2]/C (clocked by sys_clk_pin) and out_labels_reg_reg[17]/D (clocked by sys_clk_pin). Large setup violations at the end of those stages might be difficult to fix during the post-placement implementation flow and could be the result of non-optimal XDC constraints or non-optimal design architecture
Related violations: <none>

TIMING-16#72 Warning
Large setup violation  
There is a large setup violation of -1.017 ns between dut/sort_inst/genblk1[4].genblk1[2].pipe_metrics_reg[8][7][5]/C (clocked by sys_clk_pin) and dut/sort_inst/genblk1[4].genblk1[1].pipe_metrics_reg[9][7][2]/D (clocked by sys_clk_pin). Large setup violations at the end of those stages might be difficult to fix during the post-placement implementation flow and could be the result of non-optimal XDC constraints or non-optimal design architecture
Related violations: <none>

TIMING-16#73 Warning
Large setup violation  
There is a large setup violation of -1.018 ns between dut/m_rep_reg[2][2][0]/C (clocked by sys_clk_pin) and dut/sum_packed_reg[54]/S (clocked by sys_clk_pin). Large setup violations at the end of those stages might be difficult to fix during the post-placement implementation flow and could be the result of non-optimal XDC constraints or non-optimal design architecture
Related violations: <none>

TIMING-16#74 Warning
Large setup violation  
There is a large setup violation of -1.018 ns between dut/m_rep_reg[2][2][0]/C (clocked by sys_clk_pin) and dut/sum_packed_reg[55]/S (clocked by sys_clk_pin). Large setup violations at the end of those stages might be difficult to fix during the post-placement implementation flow and could be the result of non-optimal XDC constraints or non-optimal design architecture
Related violations: <none>

TIMING-16#75 Warning
Large setup violation  
There is a large setup violation of -1.018 ns between dut/m_rep_reg[2][2][0]/C (clocked by sys_clk_pin) and dut/sum_packed_reg[56]/S (clocked by sys_clk_pin). Large setup violations at the end of those stages might be difficult to fix during the post-placement implementation flow and could be the result of non-optimal XDC constraints or non-optimal design architecture
Related violations: <none>

TIMING-16#76 Warning
Large setup violation  
There is a large setup violation of -1.018 ns between dut/m_rep_reg[2][2][0]/C (clocked by sys_clk_pin) and dut/sum_packed_reg[57]/S (clocked by sys_clk_pin). Large setup violations at the end of those stages might be difficult to fix during the post-placement implementation flow and could be the result of non-optimal XDC constraints or non-optimal design architecture
Related violations: <none>

TIMING-16#77 Warning
Large setup violation  
There is a large setup violation of -1.018 ns between dut/sort_inst/genblk1[3].genblk1[1].pipe_metrics_reg[5][6][6]/C (clocked by sys_clk_pin) and dut/sort_inst/genblk1[3].genblk1[0].pipe_metrics_reg[6][6][2]/D (clocked by sys_clk_pin). Large setup violations at the end of those stages might be difficult to fix during the post-placement implementation flow and could be the result of non-optimal XDC constraints or non-optimal design architecture
Related violations: <none>

TIMING-16#78 Warning
Large setup violation  
There is a large setup violation of -1.018 ns between dut/sort_inst/genblk1[4].genblk1[0].pipe_valid_reg[10]/C (clocked by sys_clk_pin) and out_labels_reg_reg[215]/CE (clocked by sys_clk_pin). Large setup violations at the end of those stages might be difficult to fix during the post-placement implementation flow and could be the result of non-optimal XDC constraints or non-optimal design architecture
Related violations: <none>

TIMING-16#79 Warning
Large setup violation  
There is a large setup violation of -1.018 ns between dut/sort_inst/genblk1[4].genblk1[3].pipe_metrics_reg[7][1][6]/C (clocked by sys_clk_pin) and dut/sort_inst/genblk1[4].genblk1[2].pipe_metrics_reg[8][1][8]/D (clocked by sys_clk_pin). Large setup violations at the end of those stages might be difficult to fix during the post-placement implementation flow and could be the result of non-optimal XDC constraints or non-optimal design architecture
Related violations: <none>

TIMING-16#80 Warning
Large setup violation  
There is a large setup violation of -1.019 ns between dut/m_rep_reg[1][0][1]_rep/C (clocked by sys_clk_pin) and dut/sum_packed_reg[114]/S (clocked by sys_clk_pin). Large setup violations at the end of those stages might be difficult to fix during the post-placement implementation flow and could be the result of non-optimal XDC constraints or non-optimal design architecture
Related violations: <none>

TIMING-16#81 Warning
Large setup violation  
There is a large setup violation of -1.019 ns between dut/m_rep_reg[1][0][1]_rep/C (clocked by sys_clk_pin) and dut/sum_packed_reg[115]/S (clocked by sys_clk_pin). Large setup violations at the end of those stages might be difficult to fix during the post-placement implementation flow and could be the result of non-optimal XDC constraints or non-optimal design architecture
Related violations: <none>

TIMING-16#82 Warning
Large setup violation  
There is a large setup violation of -1.019 ns between dut/m_rep_reg[1][0][1]_rep/C (clocked by sys_clk_pin) and dut/sum_packed_reg[116]/S (clocked by sys_clk_pin). Large setup violations at the end of those stages might be difficult to fix during the post-placement implementation flow and could be the result of non-optimal XDC constraints or non-optimal design architecture
Related violations: <none>

TIMING-16#83 Warning
Large setup violation  
There is a large setup violation of -1.019 ns between dut/m_rep_reg[1][0][1]_rep/C (clocked by sys_clk_pin) and dut/sum_packed_reg[117]/S (clocked by sys_clk_pin). Large setup violations at the end of those stages might be difficult to fix during the post-placement implementation flow and could be the result of non-optimal XDC constraints or non-optimal design architecture
Related violations: <none>

TIMING-16#84 Warning
Large setup violation  
There is a large setup violation of -1.019 ns between dut/sort_inst/genblk1[4].genblk1[0].pipe_labels_raw_reg[10][2][8]_srl13/CLK (clocked by sys_clk_pin) and out_labels_reg_reg[456]/D (clocked by sys_clk_pin). Large setup violations at the end of those stages might be difficult to fix during the post-placement implementation flow and could be the result of non-optimal XDC constraints or non-optimal design architecture
Related violations: <none>

TIMING-16#85 Warning
Large setup violation  
There is a large setup violation of -1.019 ns between dut/sort_inst/genblk1[4].genblk1[2].pipe_metrics_reg[8][7][5]/C (clocked by sys_clk_pin) and dut/sort_inst/genblk1[4].genblk1[1].pipe_metrics_reg[9][5][2]/D (clocked by sys_clk_pin). Large setup violations at the end of those stages might be difficult to fix during the post-placement implementation flow and could be the result of non-optimal XDC constraints or non-optimal design architecture
Related violations: <none>

TIMING-16#86 Warning
Large setup violation  
There is a large setup violation of -1.020 ns between dut/sort_inst/genblk1[3].genblk1[0].pipe_metrics_reg[6][3][4]/C (clocked by sys_clk_pin) and dut/sort_inst/genblk1[4].genblk1[3].pipe_metrics_reg[7][11][9]/D (clocked by sys_clk_pin). Large setup violations at the end of those stages might be difficult to fix during the post-placement implementation flow and could be the result of non-optimal XDC constraints or non-optimal design architecture
Related violations: <none>

TIMING-16#87 Warning
Large setup violation  
There is a large setup violation of -1.020 ns between dut/sort_inst/genblk1[4].genblk1[0].pipe_labels_raw_reg[10][12][16]_srl13/CLK (clocked by sys_clk_pin) and out_labels_reg_reg[336]/D (clocked by sys_clk_pin). Large setup violations at the end of those stages might be difficult to fix during the post-placement implementation flow and could be the result of non-optimal XDC constraints or non-optimal design architecture
Related violations: <none>

TIMING-16#88 Warning
Large setup violation  
There is a large setup violation of -1.021 ns between dut/sort_inst/genblk1[2].genblk1[0].pipe_metrics_reg[3][4][3]/C (clocked by sys_clk_pin) and dut/sort_inst/genblk1[3].genblk1[2].pipe_metrics_reg[4][0][5]/D (clocked by sys_clk_pin). Large setup violations at the end of those stages might be difficult to fix during the post-placement implementation flow and could be the result of non-optimal XDC constraints or non-optimal design architecture
Related violations: <none>

TIMING-16#89 Warning
Large setup violation  
There is a large setup violation of -1.022 ns between dut/m_rep_reg[3][2][0]/C (clocked by sys_clk_pin) and dut/sum_packed_reg[10]/S (clocked by sys_clk_pin). Large setup violations at the end of those stages might be difficult to fix during the post-placement implementation flow and could be the result of non-optimal XDC constraints or non-optimal design architecture
Related violations: <none>

TIMING-16#90 Warning
Large setup violation  
There is a large setup violation of -1.022 ns between dut/m_rep_reg[3][2][0]/C (clocked by sys_clk_pin) and dut/sum_packed_reg[11]/S (clocked by sys_clk_pin). Large setup violations at the end of those stages might be difficult to fix during the post-placement implementation flow and could be the result of non-optimal XDC constraints or non-optimal design architecture
Related violations: <none>

TIMING-16#91 Warning
Large setup violation  
There is a large setup violation of -1.022 ns between dut/m_rep_reg[3][2][0]/C (clocked by sys_clk_pin) and dut/sum_packed_reg[12]/S (clocked by sys_clk_pin). Large setup violations at the end of those stages might be difficult to fix during the post-placement implementation flow and could be the result of non-optimal XDC constraints or non-optimal design architecture
Related violations: <none>

TIMING-16#92 Warning
Large setup violation  
There is a large setup violation of -1.022 ns between dut/m_rep_reg[3][2][0]/C (clocked by sys_clk_pin) and dut/sum_packed_reg[13]/S (clocked by sys_clk_pin). Large setup violations at the end of those stages might be difficult to fix during the post-placement implementation flow and could be the result of non-optimal XDC constraints or non-optimal design architecture
Related violations: <none>

TIMING-16#93 Warning
Large setup violation  
There is a large setup violation of -1.022 ns between dut/sort_inst/genblk1[2].genblk1[0].pipe_metrics_reg[3][12][0]/C (clocked by sys_clk_pin) and dut/sort_inst/genblk1[3].genblk1[2].pipe_metrics_reg[4][12][9]/D (clocked by sys_clk_pin). Large setup violations at the end of those stages might be difficult to fix during the post-placement implementation flow and could be the result of non-optimal XDC constraints or non-optimal design architecture
Related violations: <none>

TIMING-16#94 Warning
Large setup violation  
There is a large setup violation of -1.023 ns between dut/sort_inst/genblk1[4].genblk1[0].pipe_indices_reg[10][12][3]/C (clocked by sys_clk_pin) and out_labels_reg_reg[125]/D (clocked by sys_clk_pin). Large setup violations at the end of those stages might be difficult to fix during the post-placement implementation flow and could be the result of non-optimal XDC constraints or non-optimal design architecture
Related violations: <none>

TIMING-16#95 Warning
Large setup violation  
There is a large setup violation of -1.023 ns between dut/sort_inst/genblk1[4].genblk1[0].pipe_labels_raw_reg[10][3][5]_srl13/CLK (clocked by sys_clk_pin) and out_labels_reg_reg[421]/D (clocked by sys_clk_pin). Large setup violations at the end of those stages might be difficult to fix during the post-placement implementation flow and could be the result of non-optimal XDC constraints or non-optimal design architecture
Related violations: <none>

TIMING-16#96 Warning
Large setup violation  
There is a large setup violation of -1.023 ns between dut/sort_inst/genblk1[4].genblk1[2].pipe_metrics_reg[8][8][4]/C (clocked by sys_clk_pin) and dut/sort_inst/genblk1[4].genblk1[1].pipe_metrics_reg[9][10][1]/D (clocked by sys_clk_pin). Large setup violations at the end of those stages might be difficult to fix during the post-placement implementation flow and could be the result of non-optimal XDC constraints or non-optimal design architecture
Related violations: <none>

TIMING-16#97 Warning
Large setup violation  
There is a large setup violation of -1.024 ns between dut/m_rep_reg[2][2][0]/C (clocked by sys_clk_pin) and dut/sum_packed_reg[50]/S (clocked by sys_clk_pin). Large setup violations at the end of those stages might be difficult to fix during the post-placement implementation flow and could be the result of non-optimal XDC constraints or non-optimal design architecture
Related violations: <none>

TIMING-16#98 Warning
Large setup violation  
There is a large setup violation of -1.024 ns between dut/m_rep_reg[2][2][0]/C (clocked by sys_clk_pin) and dut/sum_packed_reg[51]/S (clocked by sys_clk_pin). Large setup violations at the end of those stages might be difficult to fix during the post-placement implementation flow and could be the result of non-optimal XDC constraints or non-optimal design architecture
Related violations: <none>

TIMING-16#99 Warning
Large setup violation  
There is a large setup violation of -1.024 ns between dut/m_rep_reg[2][2][0]/C (clocked by sys_clk_pin) and dut/sum_packed_reg[52]/S (clocked by sys_clk_pin). Large setup violations at the end of those stages might be difficult to fix during the post-placement implementation flow and could be the result of non-optimal XDC constraints or non-optimal design architecture
Related violations: <none>

TIMING-16#100 Warning
Large setup violation  
There is a large setup violation of -1.024 ns between dut/m_rep_reg[2][2][0]/C (clocked by sys_clk_pin) and dut/sum_packed_reg[53]/S (clocked by sys_clk_pin). Large setup violations at the end of those stages might be difficult to fix during the post-placement implementation flow and could be the result of non-optimal XDC constraints or non-optimal design architecture
Related violations: <none>

TIMING-16#101 Warning
Large setup violation  
There is a large setup violation of -1.025 ns between dut/sort_inst/genblk1[4].genblk1[2].pipe_metrics_reg[8][8][4]/C (clocked by sys_clk_pin) and dut/sort_inst/genblk1[4].genblk1[1].pipe_metrics_reg[9][8][4]/D (clocked by sys_clk_pin). Large setup violations at the end of those stages might be difficult to fix during the post-placement implementation flow and could be the result of non-optimal XDC constraints or non-optimal design architecture
Related violations: <none>

TIMING-16#102 Warning
Large setup violation  
There is a large setup violation of -1.026 ns between dut/sort_inst/genblk1[4].genblk1[2].pipe_metrics_reg[8][8][4]/C (clocked by sys_clk_pin) and dut/sort_inst/genblk1[4].genblk1[1].pipe_metrics_reg[9][10][3]/D (clocked by sys_clk_pin). Large setup violations at the end of those stages might be difficult to fix during the post-placement implementation flow and could be the result of non-optimal XDC constraints or non-optimal design architecture
Related violations: <none>

TIMING-16#103 Warning
Large setup violation  
There is a large setup violation of -1.027 ns between dut/sort_inst/genblk1[2].genblk1[0].pipe_metrics_reg[3][12][0]/C (clocked by sys_clk_pin) and dut/sort_inst/genblk1[3].genblk1[2].pipe_metrics_reg[4][12][3]/D (clocked by sys_clk_pin). Large setup violations at the end of those stages might be difficult to fix during the post-placement implementation flow and could be the result of non-optimal XDC constraints or non-optimal design architecture
Related violations: <none>

TIMING-16#104 Warning
Large setup violation  
There is a large setup violation of -1.027 ns between dut/sort_inst/genblk1[4].genblk1[0].pipe_indices_reg[10][3][0]/C (clocked by sys_clk_pin) and out_labels_reg_reg[384]/D (clocked by sys_clk_pin). Large setup violations at the end of those stages might be difficult to fix during the post-placement implementation flow and could be the result of non-optimal XDC constraints or non-optimal design architecture
Related violations: <none>

TIMING-16#105 Warning
Large setup violation  
There is a large setup violation of -1.028 ns between buf_metrics0_reg[4]/C (clocked by sys_clk_pin) and dut/m_rep_reg[0][2][4]_rep/D (clocked by sys_clk_pin). Large setup violations at the end of those stages might be difficult to fix during the post-placement implementation flow and could be the result of non-optimal XDC constraints or non-optimal design architecture
Related violations: <none>

TIMING-16#106 Warning
Large setup violation  
There is a large setup violation of -1.028 ns between dut/m_rep_reg[1][0][1]_rep/C (clocked by sys_clk_pin) and dut/sum_packed_reg[110]/S (clocked by sys_clk_pin). Large setup violations at the end of those stages might be difficult to fix during the post-placement implementation flow and could be the result of non-optimal XDC constraints or non-optimal design architecture
Related violations: <none>

TIMING-16#107 Warning
Large setup violation  
There is a large setup violation of -1.028 ns between dut/m_rep_reg[1][0][1]_rep/C (clocked by sys_clk_pin) and dut/sum_packed_reg[111]/S (clocked by sys_clk_pin). Large setup violations at the end of those stages might be difficult to fix during the post-placement implementation flow and could be the result of non-optimal XDC constraints or non-optimal design architecture
Related violations: <none>

TIMING-16#108 Warning
Large setup violation  
There is a large setup violation of -1.028 ns between dut/m_rep_reg[1][0][1]_rep/C (clocked by sys_clk_pin) and dut/sum_packed_reg[112]/S (clocked by sys_clk_pin). Large setup violations at the end of those stages might be difficult to fix during the post-placement implementation flow and could be the result of non-optimal XDC constraints or non-optimal design architecture
Related violations: <none>

TIMING-16#109 Warning
Large setup violation  
There is a large setup violation of -1.028 ns between dut/m_rep_reg[1][0][1]_rep/C (clocked by sys_clk_pin) and dut/sum_packed_reg[113]/S (clocked by sys_clk_pin). Large setup violations at the end of those stages might be difficult to fix during the post-placement implementation flow and could be the result of non-optimal XDC constraints or non-optimal design architecture
Related violations: <none>

TIMING-16#110 Warning
Large setup violation  
There is a large setup violation of -1.028 ns between dut/sort_inst/genblk1[4].genblk1[0].pipe_indices_reg[10][2][0]/C (clocked by sys_clk_pin) and out_labels_reg_reg[427]/D (clocked by sys_clk_pin). Large setup violations at the end of those stages might be difficult to fix during the post-placement implementation flow and could be the result of non-optimal XDC constraints or non-optimal design architecture
Related violations: <none>

TIMING-16#111 Warning
Large setup violation  
There is a large setup violation of -1.029 ns between dut/sort_inst/genblk1[2].genblk1[0].pipe_metrics_reg[3][14][4]/C (clocked by sys_clk_pin) and dut/sort_inst/genblk1[3].genblk1[2].pipe_indices_reg[4][10][1]/D (clocked by sys_clk_pin). Large setup violations at the end of those stages might be difficult to fix during the post-placement implementation flow and could be the result of non-optimal XDC constraints or non-optimal design architecture
Related violations: <none>

TIMING-16#112 Warning
Large setup violation  
There is a large setup violation of -1.029 ns between dut/sort_inst/genblk1[3].genblk1[2].pipe_metrics_reg[4][3][4]/C (clocked by sys_clk_pin) and dut/sort_inst/genblk1[3].genblk1[1].pipe_metrics_reg[5][3][1]/D (clocked by sys_clk_pin). Large setup violations at the end of those stages might be difficult to fix during the post-placement implementation flow and could be the result of non-optimal XDC constraints or non-optimal design architecture
Related violations: <none>

TIMING-16#113 Warning
Large setup violation  
There is a large setup violation of -1.029 ns between dut/sort_inst/genblk1[4].genblk1[0].pipe_labels_raw_reg[10][12][19]_srl13/CLK (clocked by sys_clk_pin) and out_labels_reg_reg[467]/D (clocked by sys_clk_pin). Large setup violations at the end of those stages might be difficult to fix during the post-placement implementation flow and could be the result of non-optimal XDC constraints or non-optimal design architecture
Related violations: <none>

TIMING-16#114 Warning
Large setup violation  
There is a large setup violation of -1.029 ns between dut/sort_inst/genblk1[4].genblk1[0].pipe_labels_raw_reg[10][2][12]_srl13/CLK (clocked by sys_clk_pin) and out_labels_reg_reg[140]/D (clocked by sys_clk_pin). Large setup violations at the end of those stages might be difficult to fix during the post-placement implementation flow and could be the result of non-optimal XDC constraints or non-optimal design architecture
Related violations: <none>

TIMING-16#115 Warning
Large setup violation  
There is a large setup violation of -1.029 ns between dut/sort_inst/genblk1[4].genblk1[3].pipe_metrics_reg[7][1][6]/C (clocked by sys_clk_pin) and dut/sort_inst/genblk1[4].genblk1[2].pipe_metrics_reg[8][1][1]/D (clocked by sys_clk_pin). Large setup violations at the end of those stages might be difficult to fix during the post-placement implementation flow and could be the result of non-optimal XDC constraints or non-optimal design architecture
Related violations: <none>

TIMING-16#116 Warning
Large setup violation  
There is a large setup violation of -1.031 ns between dut/sort_inst/genblk1[3].genblk1[2].pipe_metrics_reg[4][14][5]/C (clocked by sys_clk_pin) and dut/sort_inst/genblk1[3].genblk1[1].pipe_metrics_reg[5][12][2]/D (clocked by sys_clk_pin). Large setup violations at the end of those stages might be difficult to fix during the post-placement implementation flow and could be the result of non-optimal XDC constraints or non-optimal design architecture
Related violations: <none>

TIMING-16#117 Warning
Large setup violation  
There is a large setup violation of -1.032 ns between dut/sort_inst/genblk1[4].genblk1[0].pipe_labels_raw_reg[10][2][12]_srl13/CLK (clocked by sys_clk_pin) and out_labels_reg_reg[12]/D (clocked by sys_clk_pin). Large setup violations at the end of those stages might be difficult to fix during the post-placement implementation flow and could be the result of non-optimal XDC constraints or non-optimal design architecture
Related violations: <none>

TIMING-16#118 Warning
Large setup violation  
There is a large setup violation of -1.032 ns between dut/sort_inst/genblk1[4].genblk1[2].pipe_metrics_reg[8][8][4]/C (clocked by sys_clk_pin) and dut/sort_inst/genblk1[4].genblk1[1].pipe_metrics_reg[9][10][0]/D (clocked by sys_clk_pin). Large setup violations at the end of those stages might be difficult to fix during the post-placement implementation flow and could be the result of non-optimal XDC constraints or non-optimal design architecture
Related violations: <none>

TIMING-16#119 Warning
Large setup violation  
There is a large setup violation of -1.033 ns between dut/sort_inst/genblk1[2].genblk1[1].pipe_metrics_reg[2][6][3]/C (clocked by sys_clk_pin) and dut/sort_inst/genblk1[2].genblk1[0].pipe_metrics_reg[3][6][1]/D (clocked by sys_clk_pin). Large setup violations at the end of those stages might be difficult to fix during the post-placement implementation flow and could be the result of non-optimal XDC constraints or non-optimal design architecture
Related violations: <none>

TIMING-16#120 Warning
Large setup violation  
There is a large setup violation of -1.033 ns between dut/sort_inst/genblk1[4].genblk1[2].pipe_metrics_reg[8][7][5]/C (clocked by sys_clk_pin) and dut/sort_inst/genblk1[4].genblk1[1].pipe_metrics_reg[9][7][8]/D (clocked by sys_clk_pin). Large setup violations at the end of those stages might be difficult to fix during the post-placement implementation flow and could be the result of non-optimal XDC constraints or non-optimal design architecture
Related violations: <none>

TIMING-16#121 Warning
Large setup violation  
There is a large setup violation of -1.034 ns between dut/m1_rep_reg[0][0][2]/C (clocked by sys_clk_pin) and dut/sum_packed_reg[154]/S (clocked by sys_clk_pin). Large setup violations at the end of those stages might be difficult to fix during the post-placement implementation flow and could be the result of non-optimal XDC constraints or non-optimal design architecture
Related violations: <none>

TIMING-16#122 Warning
Large setup violation  
There is a large setup violation of -1.034 ns between dut/m1_rep_reg[0][0][2]/C (clocked by sys_clk_pin) and dut/sum_packed_reg[155]/S (clocked by sys_clk_pin). Large setup violations at the end of those stages might be difficult to fix during the post-placement implementation flow and could be the result of non-optimal XDC constraints or non-optimal design architecture
Related violations: <none>

TIMING-16#123 Warning
Large setup violation  
There is a large setup violation of -1.034 ns between dut/m1_rep_reg[0][0][2]/C (clocked by sys_clk_pin) and dut/sum_packed_reg[156]/S (clocked by sys_clk_pin). Large setup violations at the end of those stages might be difficult to fix during the post-placement implementation flow and could be the result of non-optimal XDC constraints or non-optimal design architecture
Related violations: <none>

TIMING-16#124 Warning
Large setup violation  
There is a large setup violation of -1.034 ns between dut/m1_rep_reg[0][0][2]/C (clocked by sys_clk_pin) and dut/sum_packed_reg[157]/S (clocked by sys_clk_pin). Large setup violations at the end of those stages might be difficult to fix during the post-placement implementation flow and could be the result of non-optimal XDC constraints or non-optimal design architecture
Related violations: <none>

TIMING-16#125 Warning
Large setup violation  
There is a large setup violation of -1.034 ns between dut/sort_inst/genblk1[4].genblk1[0].pipe_valid_reg[10]/C (clocked by sys_clk_pin) and out_labels_reg_reg[100]/CE (clocked by sys_clk_pin). Large setup violations at the end of those stages might be difficult to fix during the post-placement implementation flow and could be the result of non-optimal XDC constraints or non-optimal design architecture
Related violations: <none>

TIMING-16#126 Warning
Large setup violation  
There is a large setup violation of -1.034 ns between dut/sort_inst/genblk1[4].genblk1[0].pipe_valid_reg[10]/C (clocked by sys_clk_pin) and out_labels_reg_reg[228]/CE (clocked by sys_clk_pin). Large setup violations at the end of those stages might be difficult to fix during the post-placement implementation flow and could be the result of non-optimal XDC constraints or non-optimal design architecture
Related violations: <none>

TIMING-16#127 Warning
Large setup violation  
There is a large setup violation of -1.034 ns between dut/sort_inst/genblk1[4].genblk1[0].pipe_valid_reg[10]/C (clocked by sys_clk_pin) and out_labels_reg_reg[292]/CE (clocked by sys_clk_pin). Large setup violations at the end of those stages might be difficult to fix during the post-placement implementation flow and could be the result of non-optimal XDC constraints or non-optimal design architecture
Related violations: <none>

TIMING-16#128 Warning
Large setup violation  
There is a large setup violation of -1.034 ns between dut/sort_inst/genblk1[4].genblk1[2].pipe_metrics_reg[8][8][4]/C (clocked by sys_clk_pin) and dut/sort_inst/genblk1[4].genblk1[1].pipe_metrics_reg[9][8][2]/D (clocked by sys_clk_pin). Large setup violations at the end of those stages might be difficult to fix during the post-placement implementation flow and could be the result of non-optimal XDC constraints or non-optimal design architecture
Related violations: <none>

TIMING-16#129 Warning
Large setup violation  
There is a large setup violation of -1.036 ns between dut/m_rep_reg[2][3][0]_rep/C (clocked by sys_clk_pin) and dut/sum_packed_reg[44]/S (clocked by sys_clk_pin). Large setup violations at the end of those stages might be difficult to fix during the post-placement implementation flow and could be the result of non-optimal XDC constraints or non-optimal design architecture
Related violations: <none>

TIMING-16#130 Warning
Large setup violation  
There is a large setup violation of -1.036 ns between dut/m_rep_reg[2][3][0]_rep/C (clocked by sys_clk_pin) and dut/sum_packed_reg[45]/S (clocked by sys_clk_pin). Large setup violations at the end of those stages might be difficult to fix during the post-placement implementation flow and could be the result of non-optimal XDC constraints or non-optimal design architecture
Related violations: <none>

TIMING-16#131 Warning
Large setup violation  
There is a large setup violation of -1.036 ns between dut/m_rep_reg[2][3][0]_rep/C (clocked by sys_clk_pin) and dut/sum_packed_reg[46]/S (clocked by sys_clk_pin). Large setup violations at the end of those stages might be difficult to fix during the post-placement implementation flow and could be the result of non-optimal XDC constraints or non-optimal design architecture
Related violations: <none>

TIMING-16#132 Warning
Large setup violation  
There is a large setup violation of -1.036 ns between dut/m_rep_reg[2][3][0]_rep/C (clocked by sys_clk_pin) and dut/sum_packed_reg[47]/S (clocked by sys_clk_pin). Large setup violations at the end of those stages might be difficult to fix during the post-placement implementation flow and could be the result of non-optimal XDC constraints or non-optimal design architecture
Related violations: <none>

TIMING-16#133 Warning
Large setup violation  
There is a large setup violation of -1.037 ns between dut/m_rep_reg[0][1][3]/C (clocked by sys_clk_pin) and dut/sum_packed_reg[148]/S (clocked by sys_clk_pin). Large setup violations at the end of those stages might be difficult to fix during the post-placement implementation flow and could be the result of non-optimal XDC constraints or non-optimal design architecture
Related violations: <none>

TIMING-16#134 Warning
Large setup violation  
There is a large setup violation of -1.037 ns between dut/m_rep_reg[0][1][3]/C (clocked by sys_clk_pin) and dut/sum_packed_reg[149]/S (clocked by sys_clk_pin). Large setup violations at the end of those stages might be difficult to fix during the post-placement implementation flow and could be the result of non-optimal XDC constraints or non-optimal design architecture
Related violations: <none>

TIMING-16#135 Warning
Large setup violation  
There is a large setup violation of -1.039 ns between dut/sort_inst/genblk1[2].genblk1[0].pipe_metrics_reg[3][9][0]/C (clocked by sys_clk_pin) and dut/sort_inst/genblk1[3].genblk1[2].pipe_indices_reg[4][9][0]/D (clocked by sys_clk_pin). Large setup violations at the end of those stages might be difficult to fix during the post-placement implementation flow and could be the result of non-optimal XDC constraints or non-optimal design architecture
Related violations: <none>

TIMING-16#136 Warning
Large setup violation  
There is a large setup violation of -1.039 ns between dut/sort_inst/genblk1[3].genblk1[1].pipe_metrics_reg[5][6][6]/C (clocked by sys_clk_pin) and dut/sort_inst/genblk1[3].genblk1[0].pipe_metrics_reg[6][6][7]/D (clocked by sys_clk_pin). Large setup violations at the end of those stages might be difficult to fix during the post-placement implementation flow and could be the result of non-optimal XDC constraints or non-optimal design architecture
Related violations: <none>

TIMING-16#137 Warning
Large setup violation  
There is a large setup violation of -1.039 ns between dut/sort_inst/genblk1[3].genblk1[1].pipe_metrics_reg[5][8][6]/C (clocked by sys_clk_pin) and dut/sort_inst/genblk1[3].genblk1[0].pipe_metrics_reg[6][8][0]/D (clocked by sys_clk_pin). Large setup violations at the end of those stages might be difficult to fix during the post-placement implementation flow and could be the result of non-optimal XDC constraints or non-optimal design architecture
Related violations: <none>

TIMING-16#138 Warning
Large setup violation  
There is a large setup violation of -1.040 ns between dut/m1_rep_reg[0][0][2]/C (clocked by sys_clk_pin) and dut/sum_packed_reg[150]/S (clocked by sys_clk_pin). Large setup violations at the end of those stages might be difficult to fix during the post-placement implementation flow and could be the result of non-optimal XDC constraints or non-optimal design architecture
Related violations: <none>

TIMING-16#139 Warning
Large setup violation  
There is a large setup violation of -1.040 ns between dut/m1_rep_reg[0][0][2]/C (clocked by sys_clk_pin) and dut/sum_packed_reg[151]/S (clocked by sys_clk_pin). Large setup violations at the end of those stages might be difficult to fix during the post-placement implementation flow and could be the result of non-optimal XDC constraints or non-optimal design architecture
Related violations: <none>

TIMING-16#140 Warning
Large setup violation  
There is a large setup violation of -1.040 ns between dut/m1_rep_reg[0][0][2]/C (clocked by sys_clk_pin) and dut/sum_packed_reg[152]/S (clocked by sys_clk_pin). Large setup violations at the end of those stages might be difficult to fix during the post-placement implementation flow and could be the result of non-optimal XDC constraints or non-optimal design architecture
Related violations: <none>

TIMING-16#141 Warning
Large setup violation  
There is a large setup violation of -1.040 ns between dut/m1_rep_reg[0][0][2]/C (clocked by sys_clk_pin) and dut/sum_packed_reg[153]/S (clocked by sys_clk_pin). Large setup violations at the end of those stages might be difficult to fix during the post-placement implementation flow and could be the result of non-optimal XDC constraints or non-optimal design architecture
Related violations: <none>

TIMING-16#142 Warning
Large setup violation  
There is a large setup violation of -1.041 ns between dut/m_rep_reg[3][0][3]_rep/C (clocked by sys_clk_pin) and dut/sum_packed_reg[34]/S (clocked by sys_clk_pin). Large setup violations at the end of those stages might be difficult to fix during the post-placement implementation flow and could be the result of non-optimal XDC constraints or non-optimal design architecture
Related violations: <none>

TIMING-16#143 Warning
Large setup violation  
There is a large setup violation of -1.041 ns between dut/m_rep_reg[3][0][3]_rep/C (clocked by sys_clk_pin) and dut/sum_packed_reg[35]/S (clocked by sys_clk_pin). Large setup violations at the end of those stages might be difficult to fix during the post-placement implementation flow and could be the result of non-optimal XDC constraints or non-optimal design architecture
Related violations: <none>

TIMING-16#144 Warning
Large setup violation  
There is a large setup violation of -1.041 ns between dut/m_rep_reg[3][0][3]_rep/C (clocked by sys_clk_pin) and dut/sum_packed_reg[36]/S (clocked by sys_clk_pin). Large setup violations at the end of those stages might be difficult to fix during the post-placement implementation flow and could be the result of non-optimal XDC constraints or non-optimal design architecture
Related violations: <none>

TIMING-16#145 Warning
Large setup violation  
There is a large setup violation of -1.041 ns between dut/m_rep_reg[3][0][3]_rep/C (clocked by sys_clk_pin) and dut/sum_packed_reg[37]/S (clocked by sys_clk_pin). Large setup violations at the end of those stages might be difficult to fix during the post-placement implementation flow and could be the result of non-optimal XDC constraints or non-optimal design architecture
Related violations: <none>

TIMING-16#146 Warning
Large setup violation  
There is a large setup violation of -1.041 ns between dut/sort_inst/genblk1[4].genblk1[0].pipe_indices_reg[10][13][0]/C (clocked by sys_clk_pin) and out_labels_reg_reg[76]/D (clocked by sys_clk_pin). Large setup violations at the end of those stages might be difficult to fix during the post-placement implementation flow and could be the result of non-optimal XDC constraints or non-optimal design architecture
Related violations: <none>

TIMING-16#147 Warning
Large setup violation  
There is a large setup violation of -1.041 ns between dut/sort_inst/genblk1[4].genblk1[0].pipe_labels_raw_reg[10][12][19]_srl13/CLK (clocked by sys_clk_pin) and out_labels_reg_reg[435]/D (clocked by sys_clk_pin). Large setup violations at the end of those stages might be difficult to fix during the post-placement implementation flow and could be the result of non-optimal XDC constraints or non-optimal design architecture
Related violations: <none>

TIMING-16#148 Warning
Large setup violation  
There is a large setup violation of -1.041 ns between dut/sort_inst/genblk1[4].genblk1[2].pipe_metrics_reg[8][7][5]/C (clocked by sys_clk_pin) and dut/sort_inst/genblk1[4].genblk1[1].pipe_indices_reg[9][7][3]/D (clocked by sys_clk_pin). Large setup violations at the end of those stages might be difficult to fix during the post-placement implementation flow and could be the result of non-optimal XDC constraints or non-optimal design architecture
Related violations: <none>

TIMING-16#149 Warning
Large setup violation  
There is a large setup violation of -1.042 ns between dut/sort_inst/genblk1[4].genblk1[2].pipe_metrics_reg[8][7][5]/C (clocked by sys_clk_pin) and dut/sort_inst/genblk1[4].genblk1[1].pipe_indices_reg[9][5][3]/D (clocked by sys_clk_pin). Large setup violations at the end of those stages might be difficult to fix during the post-placement implementation flow and could be the result of non-optimal XDC constraints or non-optimal design architecture
Related violations: <none>

TIMING-16#150 Warning
Large setup violation  
There is a large setup violation of -1.043 ns between dut/sort_inst/genblk1[4].genblk1[0].pipe_indices_reg[10][15][1]/C (clocked by sys_clk_pin) and out_labels_reg_reg[9]/D (clocked by sys_clk_pin). Large setup violations at the end of those stages might be difficult to fix during the post-placement implementation flow and could be the result of non-optimal XDC constraints or non-optimal design architecture
Related violations: <none>

TIMING-16#151 Warning
Large setup violation  
There is a large setup violation of -1.045 ns between dut/m_rep_reg[0][2][3]_rep/C (clocked by sys_clk_pin) and dut/sum_packed_reg[134]/S (clocked by sys_clk_pin). Large setup violations at the end of those stages might be difficult to fix during the post-placement implementation flow and could be the result of non-optimal XDC constraints or non-optimal design architecture
Related violations: <none>

TIMING-16#152 Warning
Large setup violation  
There is a large setup violation of -1.045 ns between dut/m_rep_reg[0][2][3]_rep/C (clocked by sys_clk_pin) and dut/sum_packed_reg[135]/S (clocked by sys_clk_pin). Large setup violations at the end of those stages might be difficult to fix during the post-placement implementation flow and could be the result of non-optimal XDC constraints or non-optimal design architecture
Related violations: <none>

TIMING-16#153 Warning
Large setup violation  
There is a large setup violation of -1.045 ns between dut/m_rep_reg[0][2][3]_rep/C (clocked by sys_clk_pin) and dut/sum_packed_reg[136]/S (clocked by sys_clk_pin). Large setup violations at the end of those stages might be difficult to fix during the post-placement implementation flow and could be the result of non-optimal XDC constraints or non-optimal design architecture
Related violations: <none>

TIMING-16#154 Warning
Large setup violation  
There is a large setup violation of -1.045 ns between dut/m_rep_reg[0][2][3]_rep/C (clocked by sys_clk_pin) and dut/sum_packed_reg[137]/S (clocked by sys_clk_pin). Large setup violations at the end of those stages might be difficult to fix during the post-placement implementation flow and could be the result of non-optimal XDC constraints or non-optimal design architecture
Related violations: <none>

TIMING-16#155 Warning
Large setup violation  
There is a large setup violation of -1.045 ns between dut/m_rep_reg[2][3][0]_rep/C (clocked by sys_clk_pin) and dut/sum_packed_reg[40]/S (clocked by sys_clk_pin). Large setup violations at the end of those stages might be difficult to fix during the post-placement implementation flow and could be the result of non-optimal XDC constraints or non-optimal design architecture
Related violations: <none>

TIMING-16#156 Warning
Large setup violation  
There is a large setup violation of -1.045 ns between dut/m_rep_reg[2][3][0]_rep/C (clocked by sys_clk_pin) and dut/sum_packed_reg[41]/S (clocked by sys_clk_pin). Large setup violations at the end of those stages might be difficult to fix during the post-placement implementation flow and could be the result of non-optimal XDC constraints or non-optimal design architecture
Related violations: <none>

TIMING-16#157 Warning
Large setup violation  
There is a large setup violation of -1.045 ns between dut/m_rep_reg[2][3][0]_rep/C (clocked by sys_clk_pin) and dut/sum_packed_reg[42]/S (clocked by sys_clk_pin). Large setup violations at the end of those stages might be difficult to fix during the post-placement implementation flow and could be the result of non-optimal XDC constraints or non-optimal design architecture
Related violations: <none>

TIMING-16#158 Warning
Large setup violation  
There is a large setup violation of -1.045 ns between dut/m_rep_reg[2][3][0]_rep/C (clocked by sys_clk_pin) and dut/sum_packed_reg[43]/S (clocked by sys_clk_pin). Large setup violations at the end of those stages might be difficult to fix during the post-placement implementation flow and could be the result of non-optimal XDC constraints or non-optimal design architecture
Related violations: <none>

TIMING-16#159 Warning
Large setup violation  
There is a large setup violation of -1.045 ns between dut/sort_inst/genblk1[2].genblk1[0].pipe_metrics_reg[3][9][0]/C (clocked by sys_clk_pin) and dut/sort_inst/genblk1[3].genblk1[2].pipe_indices_reg[4][13][0]/D (clocked by sys_clk_pin). Large setup violations at the end of those stages might be difficult to fix during the post-placement implementation flow and could be the result of non-optimal XDC constraints or non-optimal design architecture
Related violations: <none>

TIMING-16#160 Warning
Large setup violation  
There is a large setup violation of -1.045 ns between dut/sort_inst/genblk1[4].genblk1[0].pipe_indices_reg[10][10][0]/C (clocked by sys_clk_pin) and out_labels_reg_reg[166]/D (clocked by sys_clk_pin). Large setup violations at the end of those stages might be difficult to fix during the post-placement implementation flow and could be the result of non-optimal XDC constraints or non-optimal design architecture
Related violations: <none>

TIMING-16#161 Warning
Large setup violation  
There is a large setup violation of -1.045 ns between dut/sort_inst/genblk1[4].genblk1[0].pipe_labels_raw_reg[10][4][25]_srl13/CLK (clocked by sys_clk_pin) and out_labels_reg_reg[409]/D (clocked by sys_clk_pin). Large setup violations at the end of those stages might be difficult to fix during the post-placement implementation flow and could be the result of non-optimal XDC constraints or non-optimal design architecture
Related violations: <none>

TIMING-16#162 Warning
Large setup violation  
There is a large setup violation of -1.045 ns between dut/sort_inst/genblk1[4].genblk1[1].pipe_metrics_reg[9][5][0]/C (clocked by sys_clk_pin) and dut/sort_inst/genblk1[4].genblk1[0].pipe_metrics_reg[10][5][4]/D (clocked by sys_clk_pin). Large setup violations at the end of those stages might be difficult to fix during the post-placement implementation flow and could be the result of non-optimal XDC constraints or non-optimal design architecture
Related violations: <none>

TIMING-16#163 Warning
Large setup violation  
There is a large setup violation of -1.046 ns between dut/sort_inst/genblk1[4].genblk1[3].pipe_metrics_reg[7][12][4]/C (clocked by sys_clk_pin) and dut/sort_inst/genblk1[4].genblk1[2].pipe_indices_reg[8][8][2]/D (clocked by sys_clk_pin). Large setup violations at the end of those stages might be difficult to fix during the post-placement implementation flow and could be the result of non-optimal XDC constraints or non-optimal design architecture
Related violations: <none>

TIMING-16#164 Warning
Large setup violation  
There is a large setup violation of -1.047 ns between dut/sort_inst/genblk1[4].genblk1[0].pipe_labels_raw_reg[10][3][13]_srl13/CLK (clocked by sys_clk_pin) and out_labels_reg_reg[173]/D (clocked by sys_clk_pin). Large setup violations at the end of those stages might be difficult to fix during the post-placement implementation flow and could be the result of non-optimal XDC constraints or non-optimal design architecture
Related violations: <none>

TIMING-16#165 Warning
Large setup violation  
There is a large setup violation of -1.047 ns between dut/sort_inst/genblk1[4].genblk1[0].pipe_labels_raw_reg[10][3][13]_srl13/CLK (clocked by sys_clk_pin) and out_labels_reg_reg[205]/D (clocked by sys_clk_pin). Large setup violations at the end of those stages might be difficult to fix during the post-placement implementation flow and could be the result of non-optimal XDC constraints or non-optimal design architecture
Related violations: <none>

TIMING-16#166 Warning
Large setup violation  
There is a large setup violation of -1.047 ns between dut/sort_inst/genblk1[4].genblk1[0].pipe_labels_raw_reg[10][4][25]_srl13/CLK (clocked by sys_clk_pin) and out_labels_reg_reg[377]/D (clocked by sys_clk_pin). Large setup violations at the end of those stages might be difficult to fix during the post-placement implementation flow and could be the result of non-optimal XDC constraints or non-optimal design architecture
Related violations: <none>

TIMING-16#167 Warning
Large setup violation  
There is a large setup violation of -1.047 ns between dut/sort_inst/genblk1[4].genblk1[2].pipe_metrics_reg[8][13][6]/C (clocked by sys_clk_pin) and dut/sort_inst/genblk1[4].genblk1[1].pipe_indices_reg[9][13][2]/D (clocked by sys_clk_pin). Large setup violations at the end of those stages might be difficult to fix during the post-placement implementation flow and could be the result of non-optimal XDC constraints or non-optimal design architecture
Related violations: <none>

TIMING-16#168 Warning
Large setup violation  
There is a large setup violation of -1.048 ns between dut/sort_inst/genblk1[3].genblk1[2].pipe_metrics_reg[4][3][4]/C (clocked by sys_clk_pin) and dut/sort_inst/genblk1[3].genblk1[1].pipe_metrics_reg[5][3][2]/D (clocked by sys_clk_pin). Large setup violations at the end of those stages might be difficult to fix during the post-placement implementation flow and could be the result of non-optimal XDC constraints or non-optimal design architecture
Related violations: <none>

TIMING-16#169 Warning
Large setup violation  
There is a large setup violation of -1.048 ns between dut/sort_inst/genblk1[4].genblk1[3].pipe_metrics_reg[7][6][7]/C (clocked by sys_clk_pin) and dut/sort_inst/genblk1[4].genblk1[2].pipe_metrics_reg[8][2][2]/D (clocked by sys_clk_pin). Large setup violations at the end of those stages might be difficult to fix during the post-placement implementation flow and could be the result of non-optimal XDC constraints or non-optimal design architecture
Related violations: <none>

TIMING-16#170 Warning
Large setup violation  
There is a large setup violation of -1.049 ns between dut/sort_inst/genblk1[4].genblk1[0].pipe_labels_raw_reg[10][2][13]_srl13/CLK (clocked by sys_clk_pin) and out_labels_reg_reg[301]/D (clocked by sys_clk_pin). Large setup violations at the end of those stages might be difficult to fix during the post-placement implementation flow and could be the result of non-optimal XDC constraints or non-optimal design architecture
Related violations: <none>

TIMING-16#171 Warning
Large setup violation  
There is a large setup violation of -1.049 ns between dut/sort_inst/genblk1[4].genblk1[0].pipe_labels_raw_reg[10][3][0]_srl13/CLK (clocked by sys_clk_pin) and out_labels_reg_reg[288]/D (clocked by sys_clk_pin). Large setup violations at the end of those stages might be difficult to fix during the post-placement implementation flow and could be the result of non-optimal XDC constraints or non-optimal design architecture
Related violations: <none>

TIMING-16#172 Warning
Large setup violation  
There is a large setup violation of -1.049 ns between dut/sort_inst/genblk1[4].genblk1[2].pipe_metrics_reg[8][8][4]/C (clocked by sys_clk_pin) and dut/sort_inst/genblk1[4].genblk1[1].pipe_metrics_reg[9][10][6]/D (clocked by sys_clk_pin). Large setup violations at the end of those stages might be difficult to fix during the post-placement implementation flow and could be the result of non-optimal XDC constraints or non-optimal design architecture
Related violations: <none>

TIMING-16#173 Warning
Large setup violation  
There is a large setup violation of -1.050 ns between dut/m_rep_reg[3][0][3]_rep/C (clocked by sys_clk_pin) and dut/sum_packed_reg[30]/S (clocked by sys_clk_pin). Large setup violations at the end of those stages might be difficult to fix during the post-placement implementation flow and could be the result of non-optimal XDC constraints or non-optimal design architecture
Related violations: <none>

TIMING-16#174 Warning
Large setup violation  
There is a large setup violation of -1.050 ns between dut/m_rep_reg[3][0][3]_rep/C (clocked by sys_clk_pin) and dut/sum_packed_reg[31]/S (clocked by sys_clk_pin). Large setup violations at the end of those stages might be difficult to fix during the post-placement implementation flow and could be the result of non-optimal XDC constraints or non-optimal design architecture
Related violations: <none>

TIMING-16#175 Warning
Large setup violation  
There is a large setup violation of -1.050 ns between dut/m_rep_reg[3][0][3]_rep/C (clocked by sys_clk_pin) and dut/sum_packed_reg[32]/S (clocked by sys_clk_pin). Large setup violations at the end of those stages might be difficult to fix during the post-placement implementation flow and could be the result of non-optimal XDC constraints or non-optimal design architecture
Related violations: <none>

TIMING-16#176 Warning
Large setup violation  
There is a large setup violation of -1.050 ns between dut/m_rep_reg[3][0][3]_rep/C (clocked by sys_clk_pin) and dut/sum_packed_reg[33]/S (clocked by sys_clk_pin). Large setup violations at the end of those stages might be difficult to fix during the post-placement implementation flow and could be the result of non-optimal XDC constraints or non-optimal design architecture
Related violations: <none>

TIMING-16#177 Warning
Large setup violation  
There is a large setup violation of -1.050 ns between dut/sort_inst/genblk1[3].genblk1[0].pipe_metrics_reg[6][3][4]/C (clocked by sys_clk_pin) and dut/sort_inst/genblk1[4].genblk1[3].pipe_metrics_reg[7][3][4]/D (clocked by sys_clk_pin). Large setup violations at the end of those stages might be difficult to fix during the post-placement implementation flow and could be the result of non-optimal XDC constraints or non-optimal design architecture
Related violations: <none>

TIMING-16#178 Warning
Large setup violation  
There is a large setup violation of -1.050 ns between dut/sort_inst/genblk1[3].genblk1[1].pipe_metrics_reg[5][8][6]/C (clocked by sys_clk_pin) and dut/sort_inst/genblk1[3].genblk1[0].pipe_metrics_reg[6][8][4]/D (clocked by sys_clk_pin). Large setup violations at the end of those stages might be difficult to fix during the post-placement implementation flow and could be the result of non-optimal XDC constraints or non-optimal design architecture
Related violations: <none>

TIMING-16#179 Warning
Large setup violation  
There is a large setup violation of -1.050 ns between dut/sort_inst/genblk1[4].genblk1[0].pipe_labels_raw_reg[10][4][25]_srl13/CLK (clocked by sys_clk_pin) and out_labels_reg_reg[57]/D (clocked by sys_clk_pin). Large setup violations at the end of those stages might be difficult to fix during the post-placement implementation flow and could be the result of non-optimal XDC constraints or non-optimal design architecture
Related violations: <none>

TIMING-16#180 Warning
Large setup violation  
There is a large setup violation of -1.050 ns between dut/sort_inst/genblk1[4].genblk1[0].pipe_valid_reg[10]/C (clocked by sys_clk_pin) and out_labels_reg_reg[2]/CE (clocked by sys_clk_pin). Large setup violations at the end of those stages might be difficult to fix during the post-placement implementation flow and could be the result of non-optimal XDC constraints or non-optimal design architecture
Related violations: <none>

TIMING-16#181 Warning
Large setup violation  
There is a large setup violation of -1.050 ns between dut/sort_inst/genblk1[4].genblk1[0].pipe_valid_reg[10]/C (clocked by sys_clk_pin) and out_labels_reg_reg[35]/CE (clocked by sys_clk_pin). Large setup violations at the end of those stages might be difficult to fix during the post-placement implementation flow and could be the result of non-optimal XDC constraints or non-optimal design architecture
Related violations: <none>

TIMING-16#182 Warning
Large setup violation  
There is a large setup violation of -1.050 ns between dut/sort_inst/genblk1[4].genblk1[0].pipe_valid_reg[10]/C (clocked by sys_clk_pin) and out_labels_reg_reg[387]/CE (clocked by sys_clk_pin). Large setup violations at the end of those stages might be difficult to fix during the post-placement implementation flow and could be the result of non-optimal XDC constraints or non-optimal design architecture
Related violations: <none>

TIMING-16#183 Warning
Large setup violation  
There is a large setup violation of -1.050 ns between dut/sort_inst/genblk1[4].genblk1[0].pipe_valid_reg[10]/C (clocked by sys_clk_pin) and out_labels_reg_reg[67]/CE (clocked by sys_clk_pin). Large setup violations at the end of those stages might be difficult to fix during the post-placement implementation flow and could be the result of non-optimal XDC constraints or non-optimal design architecture
Related violations: <none>

TIMING-16#184 Warning
Large setup violation  
There is a large setup violation of -1.051 ns between dut/m_rep_reg[0][2][3]_rep/C (clocked by sys_clk_pin) and dut/sum_packed_reg[130]/S (clocked by sys_clk_pin). Large setup violations at the end of those stages might be difficult to fix during the post-placement implementation flow and could be the result of non-optimal XDC constraints or non-optimal design architecture
Related violations: <none>

TIMING-16#185 Warning
Large setup violation  
There is a large setup violation of -1.051 ns between dut/m_rep_reg[0][2][3]_rep/C (clocked by sys_clk_pin) and dut/sum_packed_reg[131]/S (clocked by sys_clk_pin). Large setup violations at the end of those stages might be difficult to fix during the post-placement implementation flow and could be the result of non-optimal XDC constraints or non-optimal design architecture
Related violations: <none>

TIMING-16#186 Warning
Large setup violation  
There is a large setup violation of -1.051 ns between dut/m_rep_reg[0][2][3]_rep/C (clocked by sys_clk_pin) and dut/sum_packed_reg[132]/S (clocked by sys_clk_pin). Large setup violations at the end of those stages might be difficult to fix during the post-placement implementation flow and could be the result of non-optimal XDC constraints or non-optimal design architecture
Related violations: <none>

TIMING-16#187 Warning
Large setup violation  
There is a large setup violation of -1.051 ns between dut/m_rep_reg[0][2][3]_rep/C (clocked by sys_clk_pin) and dut/sum_packed_reg[133]/S (clocked by sys_clk_pin). Large setup violations at the end of those stages might be difficult to fix during the post-placement implementation flow and could be the result of non-optimal XDC constraints or non-optimal design architecture
Related violations: <none>

TIMING-16#188 Warning
Large setup violation  
There is a large setup violation of -1.051 ns between dut/sort_inst/genblk1[2].genblk1[1].pipe_metrics_reg[2][13][0]/C (clocked by sys_clk_pin) and dut/sort_inst/genblk1[2].genblk1[0].pipe_metrics_reg[3][12][2]/D (clocked by sys_clk_pin). Large setup violations at the end of those stages might be difficult to fix during the post-placement implementation flow and could be the result of non-optimal XDC constraints or non-optimal design architecture
Related violations: <none>

TIMING-16#189 Warning
Large setup violation  
There is a large setup violation of -1.051 ns between dut/sort_inst/genblk1[2].genblk1[1].pipe_metrics_reg[2][3][0]/C (clocked by sys_clk_pin) and dut/sort_inst/genblk1[2].genblk1[0].pipe_metrics_reg[3][3][3]/D (clocked by sys_clk_pin). Large setup violations at the end of those stages might be difficult to fix during the post-placement implementation flow and could be the result of non-optimal XDC constraints or non-optimal design architecture
Related violations: <none>

TIMING-16#190 Warning
Large setup violation  
There is a large setup violation of -1.053 ns between dut/sort_inst/genblk1[3].genblk1[2].pipe_metrics_reg[4][0][0]/C (clocked by sys_clk_pin) and dut/sort_inst/genblk1[3].genblk1[1].pipe_metrics_reg[5][2][2]/D (clocked by sys_clk_pin). Large setup violations at the end of those stages might be difficult to fix during the post-placement implementation flow and could be the result of non-optimal XDC constraints or non-optimal design architecture
Related violations: <none>

TIMING-16#191 Warning
Large setup violation  
There is a large setup violation of -1.053 ns between dut/sort_inst/genblk1[4].genblk1[0].pipe_indices_reg[10][6][1]/C (clocked by sys_clk_pin) and out_labels_reg_reg[291]/D (clocked by sys_clk_pin). Large setup violations at the end of those stages might be difficult to fix during the post-placement implementation flow and could be the result of non-optimal XDC constraints or non-optimal design architecture
Related violations: <none>

TIMING-16#192 Warning
Large setup violation  
There is a large setup violation of -1.055 ns between dut/sort_inst/genblk1[4].genblk1[0].pipe_valid_reg[10]/C (clocked by sys_clk_pin) and out_labels_reg_reg[322]/CE (clocked by sys_clk_pin). Large setup violations at the end of those stages might be difficult to fix during the post-placement implementation flow and could be the result of non-optimal XDC constraints or non-optimal design architecture
Related violations: <none>

TIMING-16#193 Warning
Large setup violation  
There is a large setup violation of -1.055 ns between dut/sort_inst/genblk1[4].genblk1[0].pipe_valid_reg[10]/C (clocked by sys_clk_pin) and out_labels_reg_reg[354]/CE (clocked by sys_clk_pin). Large setup violations at the end of those stages might be difficult to fix during the post-placement implementation flow and could be the result of non-optimal XDC constraints or non-optimal design architecture
Related violations: <none>

TIMING-16#194 Warning
Large setup violation  
There is a large setup violation of -1.055 ns between dut/sort_inst/genblk1[4].genblk1[0].pipe_valid_reg[10]/C (clocked by sys_clk_pin) and out_labels_reg_reg[421]/CE (clocked by sys_clk_pin). Large setup violations at the end of those stages might be difficult to fix during the post-placement implementation flow and could be the result of non-optimal XDC constraints or non-optimal design architecture
Related violations: <none>

TIMING-16#195 Warning
Large setup violation  
There is a large setup violation of -1.056 ns between dut/sort_inst/genblk1[4].genblk1[0].pipe_indices_reg[10][2][1]/C (clocked by sys_clk_pin) and out_labels_reg_reg[425]/D (clocked by sys_clk_pin). Large setup violations at the end of those stages might be difficult to fix during the post-placement implementation flow and could be the result of non-optimal XDC constraints or non-optimal design architecture
Related violations: <none>

TIMING-16#196 Warning
Large setup violation  
There is a large setup violation of -1.057 ns between dut/sort_inst/genblk1[4].genblk1[1].pipe_metrics_reg[9][5][0]/C (clocked by sys_clk_pin) and dut/sort_inst/genblk1[4].genblk1[0].pipe_metrics_reg[10][5][3]/D (clocked by sys_clk_pin). Large setup violations at the end of those stages might be difficult to fix during the post-placement implementation flow and could be the result of non-optimal XDC constraints or non-optimal design architecture
Related violations: <none>

TIMING-16#197 Warning
Large setup violation  
There is a large setup violation of -1.058 ns between dut/sort_inst/genblk1[4].genblk1[3].pipe_metrics_reg[7][12][4]/C (clocked by sys_clk_pin) and dut/sort_inst/genblk1[4].genblk1[2].pipe_indices_reg[8][12][2]/D (clocked by sys_clk_pin). Large setup violations at the end of those stages might be difficult to fix during the post-placement implementation flow and could be the result of non-optimal XDC constraints or non-optimal design architecture
Related violations: <none>

TIMING-16#198 Warning
Large setup violation  
There is a large setup violation of -1.059 ns between dut/sort_inst/genblk1[2].genblk1[0].pipe_metrics_reg[3][3][4]/C (clocked by sys_clk_pin) and dut/sort_inst/genblk1[3].genblk1[2].pipe_metrics_reg[4][7][6]/D (clocked by sys_clk_pin). Large setup violations at the end of those stages might be difficult to fix during the post-placement implementation flow and could be the result of non-optimal XDC constraints or non-optimal design architecture
Related violations: <none>

TIMING-16#199 Warning
Large setup violation  
There is a large setup violation of -1.059 ns between dut/sort_inst/genblk1[4].genblk1[2].pipe_metrics_reg[8][8][4]/C (clocked by sys_clk_pin) and dut/sort_inst/genblk1[4].genblk1[1].pipe_indices_reg[9][8][3]/D (clocked by sys_clk_pin). Large setup violations at the end of those stages might be difficult to fix during the post-placement implementation flow and could be the result of non-optimal XDC constraints or non-optimal design architecture
Related violations: <none>

TIMING-16#200 Warning
Large setup violation  
There is a large setup violation of -1.062 ns between dut/m1_rep_reg[1][2][3]/C (clocked by sys_clk_pin) and dut/sum_packed_reg[94]/S (clocked by sys_clk_pin). Large setup violations at the end of those stages might be difficult to fix during the post-placement implementation flow and could be the result of non-optimal XDC constraints or non-optimal design architecture
Related violations: <none>

TIMING-16#201 Warning
Large setup violation  
There is a large setup violation of -1.062 ns between dut/m1_rep_reg[1][2][3]/C (clocked by sys_clk_pin) and dut/sum_packed_reg[95]/S (clocked by sys_clk_pin). Large setup violations at the end of those stages might be difficult to fix during the post-placement implementation flow and could be the result of non-optimal XDC constraints or non-optimal design architecture
Related violations: <none>

TIMING-16#202 Warning
Large setup violation  
There is a large setup violation of -1.062 ns between dut/m1_rep_reg[1][2][3]/C (clocked by sys_clk_pin) and dut/sum_packed_reg[96]/S (clocked by sys_clk_pin). Large setup violations at the end of those stages might be difficult to fix during the post-placement implementation flow and could be the result of non-optimal XDC constraints or non-optimal design architecture
Related violations: <none>

TIMING-16#203 Warning
Large setup violation  
There is a large setup violation of -1.062 ns between dut/m1_rep_reg[1][2][3]/C (clocked by sys_clk_pin) and dut/sum_packed_reg[97]/S (clocked by sys_clk_pin). Large setup violations at the end of those stages might be difficult to fix during the post-placement implementation flow and could be the result of non-optimal XDC constraints or non-optimal design architecture
Related violations: <none>

TIMING-16#204 Warning
Large setup violation  
There is a large setup violation of -1.062 ns between dut/sort_inst/genblk1[3].genblk1[0].pipe_metrics_reg[6][7][5]/C (clocked by sys_clk_pin) and dut/sort_inst/genblk1[4].genblk1[3].pipe_metrics_reg[7][7][9]/D (clocked by sys_clk_pin). Large setup violations at the end of those stages might be difficult to fix during the post-placement implementation flow and could be the result of non-optimal XDC constraints or non-optimal design architecture
Related violations: <none>

TIMING-16#205 Warning
Large setup violation  
There is a large setup violation of -1.062 ns between dut/sort_inst/genblk1[3].genblk1[2].pipe_metrics_reg[4][14][5]/C (clocked by sys_clk_pin) and dut/sort_inst/genblk1[3].genblk1[1].pipe_metrics_reg[5][12][1]/D (clocked by sys_clk_pin). Large setup violations at the end of those stages might be difficult to fix during the post-placement implementation flow and could be the result of non-optimal XDC constraints or non-optimal design architecture
Related violations: <none>

TIMING-16#206 Warning
Large setup violation  
There is a large setup violation of -1.062 ns between dut/sort_inst/genblk1[4].genblk1[0].pipe_valid_reg[10]/C (clocked by sys_clk_pin) and out_labels_reg_reg[155]/CE (clocked by sys_clk_pin). Large setup violations at the end of those stages might be difficult to fix during the post-placement implementation flow and could be the result of non-optimal XDC constraints or non-optimal design architecture
Related violations: <none>

TIMING-16#207 Warning
Large setup violation  
There is a large setup violation of -1.062 ns between dut/sort_inst/genblk1[4].genblk1[0].pipe_valid_reg[10]/C (clocked by sys_clk_pin) and out_labels_reg_reg[187]/CE (clocked by sys_clk_pin). Large setup violations at the end of those stages might be difficult to fix during the post-placement implementation flow and could be the result of non-optimal XDC constraints or non-optimal design architecture
Related violations: <none>

TIMING-16#208 Warning
Large setup violation  
There is a large setup violation of -1.062 ns between dut/sort_inst/genblk1[4].genblk1[0].pipe_valid_reg[10]/C (clocked by sys_clk_pin) and out_labels_reg_reg[219]/CE (clocked by sys_clk_pin). Large setup violations at the end of those stages might be difficult to fix during the post-placement implementation flow and could be the result of non-optimal XDC constraints or non-optimal design architecture
Related violations: <none>

TIMING-16#209 Warning
Large setup violation  
There is a large setup violation of -1.062 ns between dut/sort_inst/genblk1[4].genblk1[1].pipe_metrics_reg[9][5][0]/C (clocked by sys_clk_pin) and dut/sort_inst/genblk1[4].genblk1[0].pipe_metrics_reg[10][4][4]/D (clocked by sys_clk_pin). Large setup violations at the end of those stages might be difficult to fix during the post-placement implementation flow and could be the result of non-optimal XDC constraints or non-optimal design architecture
Related violations: <none>

TIMING-16#210 Warning
Large setup violation  
There is a large setup violation of -1.063 ns between dut/sort_inst/genblk1[4].genblk1[0].pipe_labels_raw_reg[10][8][30]_srl13/CLK (clocked by sys_clk_pin) and out_labels_reg_reg[254]/D (clocked by sys_clk_pin). Large setup violations at the end of those stages might be difficult to fix during the post-placement implementation flow and could be the result of non-optimal XDC constraints or non-optimal design architecture
Related violations: <none>

TIMING-16#211 Warning
Large setup violation  
There is a large setup violation of -1.063 ns between dut/sort_inst/genblk1[4].genblk1[2].pipe_metrics_reg[8][7][5]/C (clocked by sys_clk_pin) and dut/sort_inst/genblk1[4].genblk1[1].pipe_metrics_reg[9][7][9]/D (clocked by sys_clk_pin). Large setup violations at the end of those stages might be difficult to fix during the post-placement implementation flow and could be the result of non-optimal XDC constraints or non-optimal design architecture
Related violations: <none>

TIMING-16#212 Warning
Large setup violation  
There is a large setup violation of -1.065 ns between dut/m_rep_reg[2][3][0]_rep/C (clocked by sys_clk_pin) and dut/sum_packed_reg[48]/S (clocked by sys_clk_pin). Large setup violations at the end of those stages might be difficult to fix during the post-placement implementation flow and could be the result of non-optimal XDC constraints or non-optimal design architecture
Related violations: <none>

TIMING-16#213 Warning
Large setup violation  
There is a large setup violation of -1.065 ns between dut/m_rep_reg[2][3][0]_rep/C (clocked by sys_clk_pin) and dut/sum_packed_reg[49]/S (clocked by sys_clk_pin). Large setup violations at the end of those stages might be difficult to fix during the post-placement implementation flow and could be the result of non-optimal XDC constraints or non-optimal design architecture
Related violations: <none>

TIMING-16#214 Warning
Large setup violation  
There is a large setup violation of -1.066 ns between buf_metrics1_reg[23]/C (clocked by sys_clk_pin) and dut/m1_rep_reg[0][2][3]/D (clocked by sys_clk_pin). Large setup violations at the end of those stages might be difficult to fix during the post-placement implementation flow and could be the result of non-optimal XDC constraints or non-optimal design architecture
Related violations: <none>

TIMING-16#215 Warning
Large setup violation  
There is a large setup violation of -1.066 ns between dut/sort_inst/genblk1[4].genblk1[0].pipe_labels_raw_reg[10][8][30]_srl13/CLK (clocked by sys_clk_pin) and out_labels_reg_reg[158]/D (clocked by sys_clk_pin). Large setup violations at the end of those stages might be difficult to fix during the post-placement implementation flow and could be the result of non-optimal XDC constraints or non-optimal design architecture
Related violations: <none>

TIMING-16#216 Warning
Large setup violation  
There is a large setup violation of -1.067 ns between dut/sort_inst/genblk1[4].genblk1[0].pipe_valid_reg[10]/C (clocked by sys_clk_pin) and out_labels_reg_reg[186]/CE (clocked by sys_clk_pin). Large setup violations at the end of those stages might be difficult to fix during the post-placement implementation flow and could be the result of non-optimal XDC constraints or non-optimal design architecture
Related violations: <none>

TIMING-16#217 Warning
Large setup violation  
There is a large setup violation of -1.067 ns between dut/sort_inst/genblk1[4].genblk1[0].pipe_valid_reg[10]/C (clocked by sys_clk_pin) and out_labels_reg_reg[378]/CE (clocked by sys_clk_pin). Large setup violations at the end of those stages might be difficult to fix during the post-placement implementation flow and could be the result of non-optimal XDC constraints or non-optimal design architecture
Related violations: <none>

TIMING-16#218 Warning
Large setup violation  
There is a large setup violation of -1.067 ns between dut/sort_inst/genblk1[4].genblk1[0].pipe_valid_reg[10]/C (clocked by sys_clk_pin) and out_labels_reg_reg[410]/CE (clocked by sys_clk_pin). Large setup violations at the end of those stages might be difficult to fix during the post-placement implementation flow and could be the result of non-optimal XDC constraints or non-optimal design architecture
Related violations: <none>

TIMING-16#219 Warning
Large setup violation  
There is a large setup violation of -1.068 ns between dut/sort_inst/genblk1[4].genblk1[1].pipe_metrics_reg[9][5][0]/C (clocked by sys_clk_pin) and dut/sort_inst/genblk1[4].genblk1[0].pipe_metrics_reg[10][4][3]/D (clocked by sys_clk_pin). Large setup violations at the end of those stages might be difficult to fix during the post-placement implementation flow and could be the result of non-optimal XDC constraints or non-optimal design architecture
Related violations: <none>

TIMING-16#220 Warning
Large setup violation  
There is a large setup violation of -1.068 ns between dut/sort_inst/genblk1[4].genblk1[2].pipe_metrics_reg[8][7][5]/C (clocked by sys_clk_pin) and dut/sort_inst/genblk1[4].genblk1[1].pipe_metrics_reg[9][5][1]/D (clocked by sys_clk_pin). Large setup violations at the end of those stages might be difficult to fix during the post-placement implementation flow and could be the result of non-optimal XDC constraints or non-optimal design architecture
Related violations: <none>

TIMING-16#221 Warning
Large setup violation  
There is a large setup violation of -1.068 ns between dut/sort_inst/genblk1[4].genblk1[2].pipe_metrics_reg[8][7][5]/C (clocked by sys_clk_pin) and dut/sort_inst/genblk1[4].genblk1[1].pipe_metrics_reg[9][7][7]/D (clocked by sys_clk_pin). Large setup violations at the end of those stages might be difficult to fix during the post-placement implementation flow and could be the result of non-optimal XDC constraints or non-optimal design architecture
Related violations: <none>

TIMING-16#222 Warning
Large setup violation  
There is a large setup violation of -1.069 ns between dut/sort_inst/genblk1[4].genblk1[0].pipe_valid_reg[10]/C (clocked by sys_clk_pin) and out_labels_reg_reg[163]/CE (clocked by sys_clk_pin). Large setup violations at the end of those stages might be difficult to fix during the post-placement implementation flow and could be the result of non-optimal XDC constraints or non-optimal design architecture
Related violations: <none>

TIMING-16#223 Warning
Large setup violation  
There is a large setup violation of -1.069 ns between dut/sort_inst/genblk1[4].genblk1[0].pipe_valid_reg[10]/C (clocked by sys_clk_pin) and out_labels_reg_reg[174]/CE (clocked by sys_clk_pin). Large setup violations at the end of those stages might be difficult to fix during the post-placement implementation flow and could be the result of non-optimal XDC constraints or non-optimal design architecture
Related violations: <none>

TIMING-16#224 Warning
Large setup violation  
There is a large setup violation of -1.069 ns between dut/sort_inst/genblk1[4].genblk1[0].pipe_valid_reg[10]/C (clocked by sys_clk_pin) and out_labels_reg_reg[195]/CE (clocked by sys_clk_pin). Large setup violations at the end of those stages might be difficult to fix during the post-placement implementation flow and could be the result of non-optimal XDC constraints or non-optimal design architecture
Related violations: <none>

TIMING-16#225 Warning
Large setup violation  
There is a large setup violation of -1.069 ns between dut/sort_inst/genblk1[4].genblk1[0].pipe_valid_reg[10]/C (clocked by sys_clk_pin) and out_labels_reg_reg[206]/CE (clocked by sys_clk_pin). Large setup violations at the end of those stages might be difficult to fix during the post-placement implementation flow and could be the result of non-optimal XDC constraints or non-optimal design architecture
Related violations: <none>

TIMING-16#226 Warning
Large setup violation  
There is a large setup violation of -1.071 ns between dut/m1_rep_reg[1][2][3]/C (clocked by sys_clk_pin) and dut/sum_packed_reg[90]/S (clocked by sys_clk_pin). Large setup violations at the end of those stages might be difficult to fix during the post-placement implementation flow and could be the result of non-optimal XDC constraints or non-optimal design architecture
Related violations: <none>

TIMING-16#227 Warning
Large setup violation  
There is a large setup violation of -1.071 ns between dut/m1_rep_reg[1][2][3]/C (clocked by sys_clk_pin) and dut/sum_packed_reg[91]/S (clocked by sys_clk_pin). Large setup violations at the end of those stages might be difficult to fix during the post-placement implementation flow and could be the result of non-optimal XDC constraints or non-optimal design architecture
Related violations: <none>

TIMING-16#228 Warning
Large setup violation  
There is a large setup violation of -1.071 ns between dut/m1_rep_reg[1][2][3]/C (clocked by sys_clk_pin) and dut/sum_packed_reg[92]/S (clocked by sys_clk_pin). Large setup violations at the end of those stages might be difficult to fix during the post-placement implementation flow and could be the result of non-optimal XDC constraints or non-optimal design architecture
Related violations: <none>

TIMING-16#229 Warning
Large setup violation  
There is a large setup violation of -1.071 ns between dut/m1_rep_reg[1][2][3]/C (clocked by sys_clk_pin) and dut/sum_packed_reg[93]/S (clocked by sys_clk_pin). Large setup violations at the end of those stages might be difficult to fix during the post-placement implementation flow and could be the result of non-optimal XDC constraints or non-optimal design architecture
Related violations: <none>

TIMING-16#230 Warning
Large setup violation  
There is a large setup violation of -1.071 ns between dut/sort_inst/genblk1[2].genblk1[0].pipe_metrics_reg[3][3][4]/C (clocked by sys_clk_pin) and dut/sort_inst/genblk1[3].genblk1[2].pipe_metrics_reg[4][3][6]/D (clocked by sys_clk_pin). Large setup violations at the end of those stages might be difficult to fix during the post-placement implementation flow and could be the result of non-optimal XDC constraints or non-optimal design architecture
Related violations: <none>

TIMING-16#231 Warning
Large setup violation  
There is a large setup violation of -1.071 ns between dut/sort_inst/genblk1[4].genblk1[0].pipe_labels_raw_reg[10][3][13]_srl13/CLK (clocked by sys_clk_pin) and out_labels_reg_reg[237]/D (clocked by sys_clk_pin). Large setup violations at the end of those stages might be difficult to fix during the post-placement implementation flow and could be the result of non-optimal XDC constraints or non-optimal design architecture
Related violations: <none>

TIMING-16#232 Warning
Large setup violation  
There is a large setup violation of -1.071 ns between dut/sort_inst/genblk1[4].genblk1[3].pipe_metrics_reg[7][1][6]/C (clocked by sys_clk_pin) and dut/sort_inst/genblk1[4].genblk1[2].pipe_metrics_reg[8][1][4]/D (clocked by sys_clk_pin). Large setup violations at the end of those stages might be difficult to fix during the post-placement implementation flow and could be the result of non-optimal XDC constraints or non-optimal design architecture
Related violations: <none>

TIMING-16#233 Warning
Large setup violation  
There is a large setup violation of -1.072 ns between dut/sort_inst/genblk1[4].genblk1[0].pipe_indices_reg[10][12][0]/C (clocked by sys_clk_pin) and out_labels_reg_reg[96]/D (clocked by sys_clk_pin). Large setup violations at the end of those stages might be difficult to fix during the post-placement implementation flow and could be the result of non-optimal XDC constraints or non-optimal design architecture
Related violations: <none>

TIMING-16#234 Warning
Large setup violation  
There is a large setup violation of -1.072 ns between dut/sort_inst/genblk1[4].genblk1[3].pipe_metrics_reg[7][1][6]/C (clocked by sys_clk_pin) and dut/sort_inst/genblk1[4].genblk1[2].pipe_metrics_reg[8][1][0]/D (clocked by sys_clk_pin). Large setup violations at the end of those stages might be difficult to fix during the post-placement implementation flow and could be the result of non-optimal XDC constraints or non-optimal design architecture
Related violations: <none>

TIMING-16#235 Warning
Large setup violation  
There is a large setup violation of -1.074 ns between dut/sort_inst/genblk1[4].genblk1[0].pipe_indices_reg[10][12][1]/C (clocked by sys_clk_pin) and out_labels_reg_reg[102]/D (clocked by sys_clk_pin). Large setup violations at the end of those stages might be difficult to fix during the post-placement implementation flow and could be the result of non-optimal XDC constraints or non-optimal design architecture
Related violations: <none>

TIMING-16#236 Warning
Large setup violation  
There is a large setup violation of -1.074 ns between dut/sort_inst/genblk1[4].genblk1[0].pipe_labels_raw_reg[10][4][28]_srl13/CLK (clocked by sys_clk_pin) and out_labels_reg_reg[92]/D (clocked by sys_clk_pin). Large setup violations at the end of those stages might be difficult to fix during the post-placement implementation flow and could be the result of non-optimal XDC constraints or non-optimal design architecture
Related violations: <none>

TIMING-16#237 Warning
Large setup violation  
There is a large setup violation of -1.074 ns between dut/sort_inst/genblk1[4].genblk1[0].pipe_valid_reg[10]/C (clocked by sys_clk_pin) and out_labels_reg_reg[310]/CE (clocked by sys_clk_pin). Large setup violations at the end of those stages might be difficult to fix during the post-placement implementation flow and could be the result of non-optimal XDC constraints or non-optimal design architecture
Related violations: <none>

TIMING-16#238 Warning
Large setup violation  
There is a large setup violation of -1.074 ns between dut/sort_inst/genblk1[4].genblk1[0].pipe_valid_reg[10]/C (clocked by sys_clk_pin) and out_labels_reg_reg[470]/CE (clocked by sys_clk_pin). Large setup violations at the end of those stages might be difficult to fix during the post-placement implementation flow and could be the result of non-optimal XDC constraints or non-optimal design architecture
Related violations: <none>

TIMING-16#239 Warning
Large setup violation  
There is a large setup violation of -1.074 ns between dut/sort_inst/genblk1[4].genblk1[2].pipe_metrics_reg[8][8][4]/C (clocked by sys_clk_pin) and dut/sort_inst/genblk1[4].genblk1[1].pipe_indices_reg[9][10][3]/D (clocked by sys_clk_pin). Large setup violations at the end of those stages might be difficult to fix during the post-placement implementation flow and could be the result of non-optimal XDC constraints or non-optimal design architecture
Related violations: <none>

TIMING-16#240 Warning
Large setup violation  
There is a large setup violation of -1.075 ns between dut/sort_inst/genblk1[4].genblk1[0].pipe_indices_reg[10][12][0]/C (clocked by sys_clk_pin) and out_labels_reg_reg[107]/D (clocked by sys_clk_pin). Large setup violations at the end of those stages might be difficult to fix during the post-placement implementation flow and could be the result of non-optimal XDC constraints or non-optimal design architecture
Related violations: <none>

TIMING-16#241 Warning
Large setup violation  
There is a large setup violation of -1.075 ns between dut/sort_inst/genblk1[4].genblk1[0].pipe_valid_reg[10]/C (clocked by sys_clk_pin) and out_labels_reg_reg[418]/CE (clocked by sys_clk_pin). Large setup violations at the end of those stages might be difficult to fix during the post-placement implementation flow and could be the result of non-optimal XDC constraints or non-optimal design architecture
Related violations: <none>

TIMING-16#242 Warning
Large setup violation  
There is a large setup violation of -1.075 ns between dut/sort_inst/genblk1[4].genblk1[0].pipe_valid_reg[10]/C (clocked by sys_clk_pin) and out_labels_reg_reg[450]/CE (clocked by sys_clk_pin). Large setup violations at the end of those stages might be difficult to fix during the post-placement implementation flow and could be the result of non-optimal XDC constraints or non-optimal design architecture
Related violations: <none>

TIMING-16#243 Warning
Large setup violation  
There is a large setup violation of -1.075 ns between dut/sort_inst/genblk1[4].genblk1[0].pipe_valid_reg[10]/C (clocked by sys_clk_pin) and out_labels_reg_reg[482]/CE (clocked by sys_clk_pin). Large setup violations at the end of those stages might be difficult to fix during the post-placement implementation flow and could be the result of non-optimal XDC constraints or non-optimal design architecture
Related violations: <none>

TIMING-16#244 Warning
Large setup violation  
There is a large setup violation of -1.076 ns between dut/sort_inst/genblk1[4].genblk1[0].pipe_valid_reg[10]/C (clocked by sys_clk_pin) and out_labels_reg_reg[23]/CE (clocked by sys_clk_pin). Large setup violations at the end of those stages might be difficult to fix during the post-placement implementation flow and could be the result of non-optimal XDC constraints or non-optimal design architecture
Related violations: <none>

TIMING-16#245 Warning
Large setup violation  
There is a large setup violation of -1.076 ns between dut/sort_inst/genblk1[4].genblk1[0].pipe_valid_reg[10]/C (clocked by sys_clk_pin) and out_labels_reg_reg[342]/CE (clocked by sys_clk_pin). Large setup violations at the end of those stages might be difficult to fix during the post-placement implementation flow and could be the result of non-optimal XDC constraints or non-optimal design architecture
Related violations: <none>

TIMING-16#246 Warning
Large setup violation  
There is a large setup violation of -1.076 ns between dut/sort_inst/genblk1[4].genblk1[0].pipe_valid_reg[10]/C (clocked by sys_clk_pin) and out_labels_reg_reg[374]/CE (clocked by sys_clk_pin). Large setup violations at the end of those stages might be difficult to fix during the post-placement implementation flow and could be the result of non-optimal XDC constraints or non-optimal design architecture
Related violations: <none>

TIMING-16#247 Warning
Large setup violation  
There is a large setup violation of -1.076 ns between dut/sort_inst/genblk1[4].genblk1[0].pipe_valid_reg[10]/C (clocked by sys_clk_pin) and out_labels_reg_reg[462]/CE (clocked by sys_clk_pin). Large setup violations at the end of those stages might be difficult to fix during the post-placement implementation flow and could be the result of non-optimal XDC constraints or non-optimal design architecture
Related violations: <none>

TIMING-16#248 Warning
Large setup violation  
There is a large setup violation of -1.076 ns between dut/sort_inst/genblk1[4].genblk1[0].pipe_valid_reg[10]/C (clocked by sys_clk_pin) and out_labels_reg_reg[78]/CE (clocked by sys_clk_pin). Large setup violations at the end of those stages might be difficult to fix during the post-placement implementation flow and could be the result of non-optimal XDC constraints or non-optimal design architecture
Related violations: <none>

TIMING-16#249 Warning
Large setup violation  
There is a large setup violation of -1.078 ns between dut/m_rep_reg[3][3][0]/C (clocked by sys_clk_pin) and dut/sum_packed_reg[8]/S (clocked by sys_clk_pin). Large setup violations at the end of those stages might be difficult to fix during the post-placement implementation flow and could be the result of non-optimal XDC constraints or non-optimal design architecture
Related violations: <none>

TIMING-16#250 Warning
Large setup violation  
There is a large setup violation of -1.078 ns between dut/m_rep_reg[3][3][0]/C (clocked by sys_clk_pin) and dut/sum_packed_reg[9]/S (clocked by sys_clk_pin). Large setup violations at the end of those stages might be difficult to fix during the post-placement implementation flow and could be the result of non-optimal XDC constraints or non-optimal design architecture
Related violations: <none>

TIMING-16#251 Warning
Large setup violation  
There is a large setup violation of -1.079 ns between dut/sort_inst/genblk1[4].genblk1[0].pipe_indices_reg[10][9][1]/C (clocked by sys_clk_pin) and out_labels_reg_reg[207]/D (clocked by sys_clk_pin). Large setup violations at the end of those stages might be difficult to fix during the post-placement implementation flow and could be the result of non-optimal XDC constraints or non-optimal design architecture
Related violations: <none>

TIMING-16#252 Warning
Large setup violation  
There is a large setup violation of -1.079 ns between dut/sort_inst/genblk1[4].genblk1[0].pipe_valid_reg[10]/C (clocked by sys_clk_pin) and out_labels_reg_reg[160]/CE (clocked by sys_clk_pin). Large setup violations at the end of those stages might be difficult to fix during the post-placement implementation flow and could be the result of non-optimal XDC constraints or non-optimal design architecture
Related violations: <none>

TIMING-16#253 Warning
Large setup violation  
There is a large setup violation of -1.079 ns between dut/sort_inst/genblk1[4].genblk1[0].pipe_valid_reg[10]/C (clocked by sys_clk_pin) and out_labels_reg_reg[270]/CE (clocked by sys_clk_pin). Large setup violations at the end of those stages might be difficult to fix during the post-placement implementation flow and could be the result of non-optimal XDC constraints or non-optimal design architecture
Related violations: <none>

TIMING-16#254 Warning
Large setup violation  
There is a large setup violation of -1.079 ns between dut/sort_inst/genblk1[4].genblk1[0].pipe_valid_reg[10]/C (clocked by sys_clk_pin) and out_labels_reg_reg[302]/CE (clocked by sys_clk_pin). Large setup violations at the end of those stages might be difficult to fix during the post-placement implementation flow and could be the result of non-optimal XDC constraints or non-optimal design architecture
Related violations: <none>

TIMING-16#255 Warning
Large setup violation  
There is a large setup violation of -1.081 ns between dut/sort_inst/genblk1[3].genblk1[1].pipe_metrics_reg[5][6][6]/C (clocked by sys_clk_pin) and dut/sort_inst/genblk1[3].genblk1[0].pipe_metrics_reg[6][6][6]/D (clocked by sys_clk_pin). Large setup violations at the end of those stages might be difficult to fix during the post-placement implementation flow and could be the result of non-optimal XDC constraints or non-optimal design architecture
Related violations: <none>

TIMING-16#256 Warning
Large setup violation  
There is a large setup violation of -1.081 ns between dut/sort_inst/genblk1[4].genblk1[0].pipe_valid_reg[10]/C (clocked by sys_clk_pin) and out_labels_reg_reg[437]/CE (clocked by sys_clk_pin). Large setup violations at the end of those stages might be difficult to fix during the post-placement implementation flow and could be the result of non-optimal XDC constraints or non-optimal design architecture
Related violations: <none>

TIMING-16#257 Warning
Large setup violation  
There is a large setup violation of -1.081 ns between dut/sort_inst/genblk1[4].genblk1[0].pipe_valid_reg[10]/C (clocked by sys_clk_pin) and out_labels_reg_reg[469]/CE (clocked by sys_clk_pin). Large setup violations at the end of those stages might be difficult to fix during the post-placement implementation flow and could be the result of non-optimal XDC constraints or non-optimal design architecture
Related violations: <none>

TIMING-16#258 Warning
Large setup violation  
There is a large setup violation of -1.081 ns between dut/sort_inst/genblk1[4].genblk1[0].pipe_valid_reg[10]/C (clocked by sys_clk_pin) and out_labels_reg_reg[501]/CE (clocked by sys_clk_pin). Large setup violations at the end of those stages might be difficult to fix during the post-placement implementation flow and could be the result of non-optimal XDC constraints or non-optimal design architecture
Related violations: <none>

TIMING-16#259 Warning
Large setup violation  
There is a large setup violation of -1.081 ns between dut/sort_inst/genblk1[4].genblk1[0].pipe_valid_reg[10]/C (clocked by sys_clk_pin) and out_labels_reg_reg[85]/CE (clocked by sys_clk_pin). Large setup violations at the end of those stages might be difficult to fix during the post-placement implementation flow and could be the result of non-optimal XDC constraints or non-optimal design architecture
Related violations: <none>

TIMING-16#260 Warning
Large setup violation  
There is a large setup violation of -1.082 ns between dut/m1_rep_reg[2][1][1]/C (clocked by sys_clk_pin) and dut/sum_packed_reg[64]/S (clocked by sys_clk_pin). Large setup violations at the end of those stages might be difficult to fix during the post-placement implementation flow and could be the result of non-optimal XDC constraints or non-optimal design architecture
Related violations: <none>

TIMING-16#261 Warning
Large setup violation  
There is a large setup violation of -1.082 ns between dut/m1_rep_reg[2][1][1]/C (clocked by sys_clk_pin) and dut/sum_packed_reg[65]/S (clocked by sys_clk_pin). Large setup violations at the end of those stages might be difficult to fix during the post-placement implementation flow and could be the result of non-optimal XDC constraints or non-optimal design architecture
Related violations: <none>

TIMING-16#262 Warning
Large setup violation  
There is a large setup violation of -1.082 ns between dut/m1_rep_reg[2][1][1]/C (clocked by sys_clk_pin) and dut/sum_packed_reg[66]/S (clocked by sys_clk_pin). Large setup violations at the end of those stages might be difficult to fix during the post-placement implementation flow and could be the result of non-optimal XDC constraints or non-optimal design architecture
Related violations: <none>

TIMING-16#263 Warning
Large setup violation  
There is a large setup violation of -1.082 ns between dut/m1_rep_reg[2][1][1]/C (clocked by sys_clk_pin) and dut/sum_packed_reg[67]/S (clocked by sys_clk_pin). Large setup violations at the end of those stages might be difficult to fix during the post-placement implementation flow and could be the result of non-optimal XDC constraints or non-optimal design architecture
Related violations: <none>

TIMING-16#264 Warning
Large setup violation  
There is a large setup violation of -1.082 ns between dut/sort_inst/genblk1[4].genblk1[0].pipe_valid_reg[10]/C (clocked by sys_clk_pin) and out_labels_reg_reg[419]/CE (clocked by sys_clk_pin). Large setup violations at the end of those stages might be difficult to fix during the post-placement implementation flow and could be the result of non-optimal XDC constraints or non-optimal design architecture
Related violations: <none>

TIMING-16#265 Warning
Large setup violation  
There is a large setup violation of -1.082 ns between dut/sort_inst/genblk1[4].genblk1[0].pipe_valid_reg[10]/C (clocked by sys_clk_pin) and out_labels_reg_reg[451]/CE (clocked by sys_clk_pin). Large setup violations at the end of those stages might be difficult to fix during the post-placement implementation flow and could be the result of non-optimal XDC constraints or non-optimal design architecture
Related violations: <none>

TIMING-16#266 Warning
Large setup violation  
There is a large setup violation of -1.082 ns between dut/sort_inst/genblk1[4].genblk1[0].pipe_valid_reg[10]/C (clocked by sys_clk_pin) and out_labels_reg_reg[483]/CE (clocked by sys_clk_pin). Large setup violations at the end of those stages might be difficult to fix during the post-placement implementation flow and could be the result of non-optimal XDC constraints or non-optimal design architecture
Related violations: <none>

TIMING-16#267 Warning
Large setup violation  
There is a large setup violation of -1.082 ns between dut/sort_inst/genblk1[4].genblk1[0].pipe_valid_reg[10]/C (clocked by sys_clk_pin) and out_labels_reg_reg[99]/CE (clocked by sys_clk_pin). Large setup violations at the end of those stages might be difficult to fix during the post-placement implementation flow and could be the result of non-optimal XDC constraints or non-optimal design architecture
Related violations: <none>

TIMING-16#268 Warning
Large setup violation  
There is a large setup violation of -1.083 ns between dut/sort_inst/genblk1[4].genblk1[0].pipe_indices_reg[10][14][2]/C (clocked by sys_clk_pin) and out_labels_reg_reg[50]/D (clocked by sys_clk_pin). Large setup violations at the end of those stages might be difficult to fix during the post-placement implementation flow and could be the result of non-optimal XDC constraints or non-optimal design architecture
Related violations: <none>

TIMING-16#269 Warning
Large setup violation  
There is a large setup violation of -1.083 ns between dut/sort_inst/genblk1[4].genblk1[0].pipe_valid_reg[10]/C (clocked by sys_clk_pin) and out_labels_reg_reg[182]/CE (clocked by sys_clk_pin). Large setup violations at the end of those stages might be difficult to fix during the post-placement implementation flow and could be the result of non-optimal XDC constraints or non-optimal design architecture
Related violations: <none>

TIMING-16#270 Warning
Large setup violation  
There is a large setup violation of -1.083 ns between dut/sort_inst/genblk1[4].genblk1[0].pipe_valid_reg[10]/C (clocked by sys_clk_pin) and out_labels_reg_reg[406]/CE (clocked by sys_clk_pin). Large setup violations at the end of those stages might be difficult to fix during the post-placement implementation flow and could be the result of non-optimal XDC constraints or non-optimal design architecture
Related violations: <none>

TIMING-16#271 Warning
Large setup violation  
There is a large setup violation of -1.083 ns between dut/sort_inst/genblk1[4].genblk1[0].pipe_valid_reg[10]/C (clocked by sys_clk_pin) and out_labels_reg_reg[438]/CE (clocked by sys_clk_pin). Large setup violations at the end of those stages might be difficult to fix during the post-placement implementation flow and could be the result of non-optimal XDC constraints or non-optimal design architecture
Related violations: <none>

TIMING-16#272 Warning
Large setup violation  
There is a large setup violation of -1.084 ns between dut/sort_inst/genblk1[4].genblk1[0].pipe_valid_reg[10]/C (clocked by sys_clk_pin) and out_labels_reg_reg[407]/CE (clocked by sys_clk_pin). Large setup violations at the end of those stages might be difficult to fix during the post-placement implementation flow and could be the result of non-optimal XDC constraints or non-optimal design architecture
Related violations: <none>

TIMING-16#273 Warning
Large setup violation  
There is a large setup violation of -1.085 ns between dut/sort_inst/genblk1[3].genblk1[2].pipe_metrics_reg[4][3][4]/C (clocked by sys_clk_pin) and dut/sort_inst/genblk1[3].genblk1[1].pipe_indices_reg[5][3][1]/D (clocked by sys_clk_pin). Large setup violations at the end of those stages might be difficult to fix during the post-placement implementation flow and could be the result of non-optimal XDC constraints or non-optimal design architecture
Related violations: <none>

TIMING-16#274 Warning
Large setup violation  
There is a large setup violation of -1.086 ns between dut/sort_inst/genblk1[3].genblk1[2].pipe_metrics_reg[4][0][0]/C (clocked by sys_clk_pin) and dut/sort_inst/genblk1[3].genblk1[1].pipe_metrics_reg[5][2][0]/D (clocked by sys_clk_pin). Large setup violations at the end of those stages might be difficult to fix during the post-placement implementation flow and could be the result of non-optimal XDC constraints or non-optimal design architecture
Related violations: <none>

TIMING-16#275 Warning
Large setup violation  
There is a large setup violation of -1.086 ns between dut/sort_inst/genblk1[4].genblk1[0].pipe_valid_reg[10]/C (clocked by sys_clk_pin) and out_labels_reg_reg[184]/CE (clocked by sys_clk_pin). Large setup violations at the end of those stages might be difficult to fix during the post-placement implementation flow and could be the result of non-optimal XDC constraints or non-optimal design architecture
Related violations: <none>

TIMING-16#276 Warning
Large setup violation  
There is a large setup violation of -1.086 ns between dut/sort_inst/genblk1[4].genblk1[0].pipe_valid_reg[10]/C (clocked by sys_clk_pin) and out_labels_reg_reg[192]/CE (clocked by sys_clk_pin). Large setup violations at the end of those stages might be difficult to fix during the post-placement implementation flow and could be the result of non-optimal XDC constraints or non-optimal design architecture
Related violations: <none>

TIMING-16#277 Warning
Large setup violation  
There is a large setup violation of -1.086 ns between dut/sort_inst/genblk1[4].genblk1[0].pipe_valid_reg[10]/C (clocked by sys_clk_pin) and out_labels_reg_reg[216]/CE (clocked by sys_clk_pin). Large setup violations at the end of those stages might be difficult to fix during the post-placement implementation flow and could be the result of non-optimal XDC constraints or non-optimal design architecture
Related violations: <none>

TIMING-16#278 Warning
Large setup violation  
There is a large setup violation of -1.086 ns between dut/sort_inst/genblk1[4].genblk1[0].pipe_valid_reg[10]/C (clocked by sys_clk_pin) and out_labels_reg_reg[282]/CE (clocked by sys_clk_pin). Large setup violations at the end of those stages might be difficult to fix during the post-placement implementation flow and could be the result of non-optimal XDC constraints or non-optimal design architecture
Related violations: <none>

TIMING-16#279 Warning
Large setup violation  
There is a large setup violation of -1.086 ns between dut/sort_inst/genblk1[4].genblk1[0].pipe_valid_reg[10]/C (clocked by sys_clk_pin) and out_labels_reg_reg[314]/CE (clocked by sys_clk_pin). Large setup violations at the end of those stages might be difficult to fix during the post-placement implementation flow and could be the result of non-optimal XDC constraints or non-optimal design architecture
Related violations: <none>

TIMING-16#280 Warning
Large setup violation  
There is a large setup violation of -1.086 ns between dut/sort_inst/genblk1[4].genblk1[0].pipe_valid_reg[10]/C (clocked by sys_clk_pin) and out_labels_reg_reg[91]/CE (clocked by sys_clk_pin). Large setup violations at the end of those stages might be difficult to fix during the post-placement implementation flow and could be the result of non-optimal XDC constraints or non-optimal design architecture
Related violations: <none>

TIMING-16#281 Warning
Large setup violation  
There is a large setup violation of -1.087 ns between dut/sort_inst/genblk1[3].genblk1[2].pipe_metrics_reg[4][3][4]/C (clocked by sys_clk_pin) and dut/sort_inst/genblk1[3].genblk1[1].pipe_indices_reg[5][1][1]/D (clocked by sys_clk_pin). Large setup violations at the end of those stages might be difficult to fix during the post-placement implementation flow and could be the result of non-optimal XDC constraints or non-optimal design architecture
Related violations: <none>

TIMING-16#282 Warning
Large setup violation  
There is a large setup violation of -1.087 ns between dut/sort_inst/genblk1[3].genblk1[2].pipe_metrics_reg[4][3][4]/C (clocked by sys_clk_pin) and dut/sort_inst/genblk1[3].genblk1[1].pipe_metrics_reg[5][3][7]/D (clocked by sys_clk_pin). Large setup violations at the end of those stages might be difficult to fix during the post-placement implementation flow and could be the result of non-optimal XDC constraints or non-optimal design architecture
Related violations: <none>

TIMING-16#283 Warning
Large setup violation  
There is a large setup violation of -1.087 ns between dut/sort_inst/genblk1[4].genblk1[0].pipe_valid_reg[10]/C (clocked by sys_clk_pin) and out_labels_reg_reg[430]/CE (clocked by sys_clk_pin). Large setup violations at the end of those stages might be difficult to fix during the post-placement implementation flow and could be the result of non-optimal XDC constraints or non-optimal design architecture
Related violations: <none>

TIMING-16#284 Warning
Large setup violation  
There is a large setup violation of -1.087 ns between dut/sort_inst/genblk1[4].genblk1[0].pipe_valid_reg[10]/C (clocked by sys_clk_pin) and out_labels_reg_reg[453]/CE (clocked by sys_clk_pin). Large setup violations at the end of those stages might be difficult to fix during the post-placement implementation flow and could be the result of non-optimal XDC constraints or non-optimal design architecture
Related violations: <none>

TIMING-16#285 Warning
Large setup violation  
There is a large setup violation of -1.087 ns between dut/sort_inst/genblk1[4].genblk1[0].pipe_valid_reg[10]/C (clocked by sys_clk_pin) and out_labels_reg_reg[485]/CE (clocked by sys_clk_pin). Large setup violations at the end of those stages might be difficult to fix during the post-placement implementation flow and could be the result of non-optimal XDC constraints or non-optimal design architecture
Related violations: <none>

TIMING-16#286 Warning
Large setup violation  
There is a large setup violation of -1.088 ns between dut/m1_rep_reg[2][1][1]/C (clocked by sys_clk_pin) and dut/sum_packed_reg[60]/S (clocked by sys_clk_pin). Large setup violations at the end of those stages might be difficult to fix during the post-placement implementation flow and could be the result of non-optimal XDC constraints or non-optimal design architecture
Related violations: <none>

TIMING-16#287 Warning
Large setup violation  
There is a large setup violation of -1.088 ns between dut/m1_rep_reg[2][1][1]/C (clocked by sys_clk_pin) and dut/sum_packed_reg[61]/S (clocked by sys_clk_pin). Large setup violations at the end of those stages might be difficult to fix during the post-placement implementation flow and could be the result of non-optimal XDC constraints or non-optimal design architecture
Related violations: <none>

TIMING-16#288 Warning
Large setup violation  
There is a large setup violation of -1.088 ns between dut/m1_rep_reg[2][1][1]/C (clocked by sys_clk_pin) and dut/sum_packed_reg[62]/S (clocked by sys_clk_pin). Large setup violations at the end of those stages might be difficult to fix during the post-placement implementation flow and could be the result of non-optimal XDC constraints or non-optimal design architecture
Related violations: <none>

TIMING-16#289 Warning
Large setup violation  
There is a large setup violation of -1.088 ns between dut/m1_rep_reg[2][1][1]/C (clocked by sys_clk_pin) and dut/sum_packed_reg[63]/S (clocked by sys_clk_pin). Large setup violations at the end of those stages might be difficult to fix during the post-placement implementation flow and could be the result of non-optimal XDC constraints or non-optimal design architecture
Related violations: <none>

TIMING-16#290 Warning
Large setup violation  
There is a large setup violation of -1.088 ns between dut/sort_inst/genblk1[4].genblk1[0].pipe_valid_reg[10]/C (clocked by sys_clk_pin) and out_labels_reg_reg[214]/CE (clocked by sys_clk_pin). Large setup violations at the end of those stages might be difficult to fix during the post-placement implementation flow and could be the result of non-optimal XDC constraints or non-optimal design architecture
Related violations: <none>

TIMING-16#291 Warning
Large setup violation  
There is a large setup violation of -1.088 ns between dut/sort_inst/genblk1[4].genblk1[0].pipe_valid_reg[10]/C (clocked by sys_clk_pin) and out_labels_reg_reg[22]/CE (clocked by sys_clk_pin). Large setup violations at the end of those stages might be difficult to fix during the post-placement implementation flow and could be the result of non-optimal XDC constraints or non-optimal design architecture
Related violations: <none>

TIMING-16#292 Warning
Large setup violation  
There is a large setup violation of -1.088 ns between dut/sort_inst/genblk1[4].genblk1[3].pipe_metrics_reg[7][1][6]/C (clocked by sys_clk_pin) and dut/sort_inst/genblk1[4].genblk1[2].pipe_metrics_reg[8][1][3]/D (clocked by sys_clk_pin). Large setup violations at the end of those stages might be difficult to fix during the post-placement implementation flow and could be the result of non-optimal XDC constraints or non-optimal design architecture
Related violations: <none>

TIMING-16#293 Warning
Large setup violation  
There is a large setup violation of -1.089 ns between dut/m_rep_reg[1][0][1]_rep/C (clocked by sys_clk_pin) and dut/sum_packed_reg[118]/S (clocked by sys_clk_pin). Large setup violations at the end of those stages might be difficult to fix during the post-placement implementation flow and could be the result of non-optimal XDC constraints or non-optimal design architecture
Related violations: <none>

TIMING-16#294 Warning
Large setup violation  
There is a large setup violation of -1.089 ns between dut/m_rep_reg[1][0][1]_rep/C (clocked by sys_clk_pin) and dut/sum_packed_reg[119]/S (clocked by sys_clk_pin). Large setup violations at the end of those stages might be difficult to fix during the post-placement implementation flow and could be the result of non-optimal XDC constraints or non-optimal design architecture
Related violations: <none>

TIMING-16#295 Warning
Large setup violation  
There is a large setup violation of -1.091 ns between dut/sort_inst/genblk1[4].genblk1[0].pipe_valid_reg[10]/C (clocked by sys_clk_pin) and out_labels_reg_reg[442]/CE (clocked by sys_clk_pin). Large setup violations at the end of those stages might be difficult to fix during the post-placement implementation flow and could be the result of non-optimal XDC constraints or non-optimal design architecture
Related violations: <none>

TIMING-16#296 Warning
Large setup violation  
There is a large setup violation of -1.091 ns between dut/sort_inst/genblk1[4].genblk1[0].pipe_valid_reg[10]/C (clocked by sys_clk_pin) and out_labels_reg_reg[474]/CE (clocked by sys_clk_pin). Large setup violations at the end of those stages might be difficult to fix during the post-placement implementation flow and could be the result of non-optimal XDC constraints or non-optimal design architecture
Related violations: <none>

TIMING-16#297 Warning
Large setup violation  
There is a large setup violation of -1.091 ns between dut/sort_inst/genblk1[4].genblk1[0].pipe_valid_reg[10]/C (clocked by sys_clk_pin) and out_labels_reg_reg[506]/CE (clocked by sys_clk_pin). Large setup violations at the end of those stages might be difficult to fix during the post-placement implementation flow and could be the result of non-optimal XDC constraints or non-optimal design architecture
Related violations: <none>

TIMING-16#298 Warning
Large setup violation  
There is a large setup violation of -1.091 ns between dut/sort_inst/genblk1[4].genblk1[2].pipe_metrics_reg[8][7][5]/C (clocked by sys_clk_pin) and dut/sort_inst/genblk1[4].genblk1[1].pipe_metrics_reg[9][5][7]/D (clocked by sys_clk_pin). Large setup violations at the end of those stages might be difficult to fix during the post-placement implementation flow and could be the result of non-optimal XDC constraints or non-optimal design architecture
Related violations: <none>

TIMING-16#299 Warning
Large setup violation  
There is a large setup violation of -1.093 ns between dut/sort_inst/genblk1[2].genblk1[0].pipe_metrics_reg[3][12][0]/C (clocked by sys_clk_pin) and dut/sort_inst/genblk1[3].genblk1[2].pipe_indices_reg[4][12][1]/D (clocked by sys_clk_pin). Large setup violations at the end of those stages might be difficult to fix during the post-placement implementation flow and could be the result of non-optimal XDC constraints or non-optimal design architecture
Related violations: <none>

TIMING-16#300 Warning
Large setup violation  
There is a large setup violation of -1.095 ns between dut/sort_inst/genblk1[4].genblk1[0].pipe_indices_reg[10][8][0]/C (clocked by sys_clk_pin) and out_labels_reg_reg[230]/D (clocked by sys_clk_pin). Large setup violations at the end of those stages might be difficult to fix during the post-placement implementation flow and could be the result of non-optimal XDC constraints or non-optimal design architecture
Related violations: <none>

TIMING-16#301 Warning
Large setup violation  
There is a large setup violation of -1.098 ns between buf_metrics1_reg[13]/C (clocked by sys_clk_pin) and dut/m1_rep_reg[1][1][3]/D (clocked by sys_clk_pin). Large setup violations at the end of those stages might be difficult to fix during the post-placement implementation flow and could be the result of non-optimal XDC constraints or non-optimal design architecture
Related violations: <none>

TIMING-16#302 Warning
Large setup violation  
There is a large setup violation of -1.098 ns between dut/sort_inst/genblk1[2].genblk1[1].pipe_metrics_reg[2][15][2]/C (clocked by sys_clk_pin) and dut/sort_inst/genblk1[2].genblk1[0].pipe_metrics_reg[3][14][8]/D (clocked by sys_clk_pin). Large setup violations at the end of those stages might be difficult to fix during the post-placement implementation flow and could be the result of non-optimal XDC constraints or non-optimal design architecture
Related violations: <none>

TIMING-16#303 Warning
Large setup violation  
There is a large setup violation of -1.098 ns between dut/sort_inst/genblk1[4].genblk1[0].pipe_indices_reg[10][12][0]/C (clocked by sys_clk_pin) and out_labels_reg_reg[101]/D (clocked by sys_clk_pin). Large setup violations at the end of those stages might be difficult to fix during the post-placement implementation flow and could be the result of non-optimal XDC constraints or non-optimal design architecture
Related violations: <none>

TIMING-16#304 Warning
Large setup violation  
There is a large setup violation of -1.098 ns between dut/sort_inst/genblk1[4].genblk1[2].pipe_metrics_reg[8][7][5]/C (clocked by sys_clk_pin) and dut/sort_inst/genblk1[4].genblk1[1].pipe_metrics_reg[9][5][9]/D (clocked by sys_clk_pin). Large setup violations at the end of those stages might be difficult to fix during the post-placement implementation flow and could be the result of non-optimal XDC constraints or non-optimal design architecture
Related violations: <none>

TIMING-16#305 Warning
Large setup violation  
There is a large setup violation of -1.100 ns between dut/sort_inst/genblk1[2].genblk1[0].pipe_metrics_reg[3][14][4]/C (clocked by sys_clk_pin) and dut/sort_inst/genblk1[3].genblk1[2].pipe_indices_reg[4][14][2]/D (clocked by sys_clk_pin). Large setup violations at the end of those stages might be difficult to fix during the post-placement implementation flow and could be the result of non-optimal XDC constraints or non-optimal design architecture
Related violations: <none>

TIMING-16#306 Warning
Large setup violation  
There is a large setup violation of -1.100 ns between dut/sort_inst/genblk1[4].genblk1[0].pipe_valid_reg[10]/C (clocked by sys_clk_pin) and out_labels_reg_reg[283]/CE (clocked by sys_clk_pin). Large setup violations at the end of those stages might be difficult to fix during the post-placement implementation flow and could be the result of non-optimal XDC constraints or non-optimal design architecture
Related violations: <none>

TIMING-16#307 Warning
Large setup violation  
There is a large setup violation of -1.100 ns between dut/sort_inst/genblk1[4].genblk1[0].pipe_valid_reg[10]/C (clocked by sys_clk_pin) and out_labels_reg_reg[315]/CE (clocked by sys_clk_pin). Large setup violations at the end of those stages might be difficult to fix during the post-placement implementation flow and could be the result of non-optimal XDC constraints or non-optimal design architecture
Related violations: <none>

TIMING-16#308 Warning
Large setup violation  
There is a large setup violation of -1.101 ns between dut/sort_inst/genblk1[4].genblk1[0].pipe_indices_reg[10][13][0]/C (clocked by sys_clk_pin) and out_labels_reg_reg[71]/D (clocked by sys_clk_pin). Large setup violations at the end of those stages might be difficult to fix during the post-placement implementation flow and could be the result of non-optimal XDC constraints or non-optimal design architecture
Related violations: <none>

TIMING-16#309 Warning
Large setup violation  
There is a large setup violation of -1.101 ns between dut/sort_inst/genblk1[4].genblk1[0].pipe_indices_reg[10][6][1]/C (clocked by sys_clk_pin) and out_labels_reg_reg[289]/D (clocked by sys_clk_pin). Large setup violations at the end of those stages might be difficult to fix during the post-placement implementation flow and could be the result of non-optimal XDC constraints or non-optimal design architecture
Related violations: <none>

TIMING-16#310 Warning
Large setup violation  
There is a large setup violation of -1.103 ns between buf_metrics1_reg[22]/C (clocked by sys_clk_pin) and dut/m1_rep_reg[0][2][2]/D (clocked by sys_clk_pin). Large setup violations at the end of those stages might be difficult to fix during the post-placement implementation flow and could be the result of non-optimal XDC constraints or non-optimal design architecture
Related violations: <none>

TIMING-16#311 Warning
Large setup violation  
There is a large setup violation of -1.103 ns between dut/sort_inst/genblk1[4].genblk1[0].pipe_indices_reg[10][10][0]/C (clocked by sys_clk_pin) and out_labels_reg_reg[169]/D (clocked by sys_clk_pin). Large setup violations at the end of those stages might be difficult to fix during the post-placement implementation flow and could be the result of non-optimal XDC constraints or non-optimal design architecture
Related violations: <none>

TIMING-16#312 Warning
Large setup violation  
There is a large setup violation of -1.104 ns between dut/m_rep_reg[3][0][3]_rep/C (clocked by sys_clk_pin) and dut/sum_packed_reg[38]/S (clocked by sys_clk_pin). Large setup violations at the end of those stages might be difficult to fix during the post-placement implementation flow and could be the result of non-optimal XDC constraints or non-optimal design architecture
Related violations: <none>

TIMING-16#313 Warning
Large setup violation  
There is a large setup violation of -1.104 ns between dut/m_rep_reg[3][0][3]_rep/C (clocked by sys_clk_pin) and dut/sum_packed_reg[39]/S (clocked by sys_clk_pin). Large setup violations at the end of those stages might be difficult to fix during the post-placement implementation flow and could be the result of non-optimal XDC constraints or non-optimal design architecture
Related violations: <none>

TIMING-16#314 Warning
Large setup violation  
There is a large setup violation of -1.104 ns between dut/sort_inst/genblk1[3].genblk1[0].pipe_metrics_reg[6][7][5]/C (clocked by sys_clk_pin) and dut/sort_inst/genblk1[4].genblk1[3].pipe_metrics_reg[7][7][2]/D (clocked by sys_clk_pin). Large setup violations at the end of those stages might be difficult to fix during the post-placement implementation flow and could be the result of non-optimal XDC constraints or non-optimal design architecture
Related violations: <none>

TIMING-16#315 Warning
Large setup violation  
There is a large setup violation of -1.105 ns between dut/sort_inst/genblk1[4].genblk1[0].pipe_valid_reg[10]/C (clocked by sys_clk_pin) and out_labels_reg_reg[114]/CE (clocked by sys_clk_pin). Large setup violations at the end of those stages might be difficult to fix during the post-placement implementation flow and could be the result of non-optimal XDC constraints or non-optimal design architecture
Related violations: <none>

TIMING-16#316 Warning
Large setup violation  
There is a large setup violation of -1.105 ns between dut/sort_inst/genblk1[4].genblk1[0].pipe_valid_reg[10]/C (clocked by sys_clk_pin) and out_labels_reg_reg[146]/CE (clocked by sys_clk_pin). Large setup violations at the end of those stages might be difficult to fix during the post-placement implementation flow and could be the result of non-optimal XDC constraints or non-optimal design architecture
Related violations: <none>

TIMING-16#317 Warning
Large setup violation  
There is a large setup violation of -1.105 ns between dut/sort_inst/genblk1[4].genblk1[0].pipe_valid_reg[10]/C (clocked by sys_clk_pin) and out_labels_reg_reg[18]/CE (clocked by sys_clk_pin). Large setup violations at the end of those stages might be difficult to fix during the post-placement implementation flow and could be the result of non-optimal XDC constraints or non-optimal design architecture
Related violations: <none>

TIMING-16#318 Warning
Large setup violation  
There is a large setup violation of -1.105 ns between dut/sort_inst/genblk1[4].genblk1[0].pipe_valid_reg[10]/C (clocked by sys_clk_pin) and out_labels_reg_reg[50]/CE (clocked by sys_clk_pin). Large setup violations at the end of those stages might be difficult to fix during the post-placement implementation flow and could be the result of non-optimal XDC constraints or non-optimal design architecture
Related violations: <none>

TIMING-16#319 Warning
Large setup violation  
There is a large setup violation of -1.109 ns between cnt_in_reg[2]_replica_4/C (clocked by sys_clk_pin) and buf_metrics0_reg[33]/D (clocked by sys_clk_pin). Large setup violations at the end of those stages might be difficult to fix during the post-placement implementation flow and could be the result of non-optimal XDC constraints or non-optimal design architecture
Related violations: <none>

TIMING-16#320 Warning
Large setup violation  
There is a large setup violation of -1.109 ns between dut/sort_inst/genblk1[4].genblk1[0].pipe_labels_raw_reg[10][12][19]_srl13/CLK (clocked by sys_clk_pin) and out_labels_reg_reg[499]/D (clocked by sys_clk_pin). Large setup violations at the end of those stages might be difficult to fix during the post-placement implementation flow and could be the result of non-optimal XDC constraints or non-optimal design architecture
Related violations: <none>

TIMING-16#321 Warning
Large setup violation  
There is a large setup violation of -1.116 ns between dut/m_rep_reg[3][1][0]_rep/C (clocked by sys_clk_pin) and dut/sum_packed_reg[24]/S (clocked by sys_clk_pin). Large setup violations at the end of those stages might be difficult to fix during the post-placement implementation flow and could be the result of non-optimal XDC constraints or non-optimal design architecture
Related violations: <none>

TIMING-16#322 Warning
Large setup violation  
There is a large setup violation of -1.116 ns between dut/m_rep_reg[3][1][0]_rep/C (clocked by sys_clk_pin) and dut/sum_packed_reg[25]/S (clocked by sys_clk_pin). Large setup violations at the end of those stages might be difficult to fix during the post-placement implementation flow and could be the result of non-optimal XDC constraints or non-optimal design architecture
Related violations: <none>

TIMING-16#323 Warning
Large setup violation  
There is a large setup violation of -1.116 ns between dut/m_rep_reg[3][1][0]_rep/C (clocked by sys_clk_pin) and dut/sum_packed_reg[26]/S (clocked by sys_clk_pin). Large setup violations at the end of those stages might be difficult to fix during the post-placement implementation flow and could be the result of non-optimal XDC constraints or non-optimal design architecture
Related violations: <none>

TIMING-16#324 Warning
Large setup violation  
There is a large setup violation of -1.116 ns between dut/m_rep_reg[3][1][0]_rep/C (clocked by sys_clk_pin) and dut/sum_packed_reg[27]/S (clocked by sys_clk_pin). Large setup violations at the end of those stages might be difficult to fix during the post-placement implementation flow and could be the result of non-optimal XDC constraints or non-optimal design architecture
Related violations: <none>

TIMING-16#325 Warning
Large setup violation  
There is a large setup violation of -1.121 ns between dut/sort_inst/genblk1[2].genblk1[1].pipe_metrics_reg[2][13][0]/C (clocked by sys_clk_pin) and dut/sort_inst/genblk1[2].genblk1[0].pipe_metrics_reg[3][12][4]/D (clocked by sys_clk_pin). Large setup violations at the end of those stages might be difficult to fix during the post-placement implementation flow and could be the result of non-optimal XDC constraints or non-optimal design architecture
Related violations: <none>

TIMING-16#326 Warning
Large setup violation  
There is a large setup violation of -1.125 ns between dut/m_rep_reg[3][1][0]_rep/C (clocked by sys_clk_pin) and dut/sum_packed_reg[20]/S (clocked by sys_clk_pin). Large setup violations at the end of those stages might be difficult to fix during the post-placement implementation flow and could be the result of non-optimal XDC constraints or non-optimal design architecture
Related violations: <none>

TIMING-16#327 Warning
Large setup violation  
There is a large setup violation of -1.125 ns between dut/m_rep_reg[3][1][0]_rep/C (clocked by sys_clk_pin) and dut/sum_packed_reg[21]/S (clocked by sys_clk_pin). Large setup violations at the end of those stages might be difficult to fix during the post-placement implementation flow and could be the result of non-optimal XDC constraints or non-optimal design architecture
Related violations: <none>

TIMING-16#328 Warning
Large setup violation  
There is a large setup violation of -1.125 ns between dut/m_rep_reg[3][1][0]_rep/C (clocked by sys_clk_pin) and dut/sum_packed_reg[22]/S (clocked by sys_clk_pin). Large setup violations at the end of those stages might be difficult to fix during the post-placement implementation flow and could be the result of non-optimal XDC constraints or non-optimal design architecture
Related violations: <none>

TIMING-16#329 Warning
Large setup violation  
There is a large setup violation of -1.125 ns between dut/m_rep_reg[3][1][0]_rep/C (clocked by sys_clk_pin) and dut/sum_packed_reg[23]/S (clocked by sys_clk_pin). Large setup violations at the end of those stages might be difficult to fix during the post-placement implementation flow and could be the result of non-optimal XDC constraints or non-optimal design architecture
Related violations: <none>

TIMING-16#330 Warning
Large setup violation  
There is a large setup violation of -1.129 ns between cnt_in_reg[2]_replica_4/C (clocked by sys_clk_pin) and buf_metrics1_reg[24]/D (clocked by sys_clk_pin). Large setup violations at the end of those stages might be difficult to fix during the post-placement implementation flow and could be the result of non-optimal XDC constraints or non-optimal design architecture
Related violations: <none>

TIMING-16#331 Warning
Large setup violation  
There is a large setup violation of -1.129 ns between dut/m_rep_reg[0][1][3]/C (clocked by sys_clk_pin) and dut/sum_packed_reg[144]/S (clocked by sys_clk_pin). Large setup violations at the end of those stages might be difficult to fix during the post-placement implementation flow and could be the result of non-optimal XDC constraints or non-optimal design architecture
Related violations: <none>

TIMING-16#332 Warning
Large setup violation  
There is a large setup violation of -1.129 ns between dut/m_rep_reg[0][1][3]/C (clocked by sys_clk_pin) and dut/sum_packed_reg[145]/S (clocked by sys_clk_pin). Large setup violations at the end of those stages might be difficult to fix during the post-placement implementation flow and could be the result of non-optimal XDC constraints or non-optimal design architecture
Related violations: <none>

TIMING-16#333 Warning
Large setup violation  
There is a large setup violation of -1.129 ns between dut/m_rep_reg[0][1][3]/C (clocked by sys_clk_pin) and dut/sum_packed_reg[146]/S (clocked by sys_clk_pin). Large setup violations at the end of those stages might be difficult to fix during the post-placement implementation flow and could be the result of non-optimal XDC constraints or non-optimal design architecture
Related violations: <none>

TIMING-16#334 Warning
Large setup violation  
There is a large setup violation of -1.129 ns between dut/m_rep_reg[0][1][3]/C (clocked by sys_clk_pin) and dut/sum_packed_reg[147]/S (clocked by sys_clk_pin). Large setup violations at the end of those stages might be difficult to fix during the post-placement implementation flow and could be the result of non-optimal XDC constraints or non-optimal design architecture
Related violations: <none>

TIMING-16#335 Warning
Large setup violation  
There is a large setup violation of -1.134 ns between dut/sort_inst/genblk1[3].genblk1[2].pipe_metrics_reg[4][3][4]/C (clocked by sys_clk_pin) and dut/sort_inst/genblk1[3].genblk1[1].pipe_metrics_reg[5][3][5]/D (clocked by sys_clk_pin). Large setup violations at the end of those stages might be difficult to fix during the post-placement implementation flow and could be the result of non-optimal XDC constraints or non-optimal design architecture
Related violations: <none>

TIMING-16#336 Warning
Large setup violation  
There is a large setup violation of -1.135 ns between dut/m_rep_reg[0][1][3]/C (clocked by sys_clk_pin) and dut/sum_packed_reg[140]/S (clocked by sys_clk_pin). Large setup violations at the end of those stages might be difficult to fix during the post-placement implementation flow and could be the result of non-optimal XDC constraints or non-optimal design architecture
Related violations: <none>

TIMING-16#337 Warning
Large setup violation  
There is a large setup violation of -1.135 ns between dut/m_rep_reg[0][1][3]/C (clocked by sys_clk_pin) and dut/sum_packed_reg[141]/S (clocked by sys_clk_pin). Large setup violations at the end of those stages might be difficult to fix during the post-placement implementation flow and could be the result of non-optimal XDC constraints or non-optimal design architecture
Related violations: <none>

TIMING-16#338 Warning
Large setup violation  
There is a large setup violation of -1.135 ns between dut/m_rep_reg[0][1][3]/C (clocked by sys_clk_pin) and dut/sum_packed_reg[142]/S (clocked by sys_clk_pin). Large setup violations at the end of those stages might be difficult to fix during the post-placement implementation flow and could be the result of non-optimal XDC constraints or non-optimal design architecture
Related violations: <none>

TIMING-16#339 Warning
Large setup violation  
There is a large setup violation of -1.135 ns between dut/m_rep_reg[0][1][3]/C (clocked by sys_clk_pin) and dut/sum_packed_reg[143]/S (clocked by sys_clk_pin). Large setup violations at the end of those stages might be difficult to fix during the post-placement implementation flow and could be the result of non-optimal XDC constraints or non-optimal design architecture
Related violations: <none>

TIMING-16#340 Warning
Large setup violation  
There is a large setup violation of -1.139 ns between cnt_in_reg[2]_replica_4/C (clocked by sys_clk_pin) and buf_metrics0_reg[5]/D (clocked by sys_clk_pin). Large setup violations at the end of those stages might be difficult to fix during the post-placement implementation flow and could be the result of non-optimal XDC constraints or non-optimal design architecture
Related violations: <none>

TIMING-16#341 Warning
Large setup violation  
There is a large setup violation of -1.149 ns between cnt_in_reg[2]_replica_4/C (clocked by sys_clk_pin) and buf_metrics1_reg[4]/D (clocked by sys_clk_pin). Large setup violations at the end of those stages might be difficult to fix during the post-placement implementation flow and could be the result of non-optimal XDC constraints or non-optimal design architecture
Related violations: <none>

TIMING-16#342 Warning
Large setup violation  
There is a large setup violation of -1.152 ns between dut/sort_inst/genblk1[3].genblk1[1].pipe_metrics_reg[5][3][3]/C (clocked by sys_clk_pin) and dut/sort_inst/genblk1[3].genblk1[0].pipe_metrics_reg[6][2][2]/D (clocked by sys_clk_pin). Large setup violations at the end of those stages might be difficult to fix during the post-placement implementation flow and could be the result of non-optimal XDC constraints or non-optimal design architecture
Related violations: <none>

TIMING-16#343 Warning
Large setup violation  
There is a large setup violation of -1.157 ns between cnt_in_reg[2]_replica_4/C (clocked by sys_clk_pin) and buf_metrics1_reg[32]/D (clocked by sys_clk_pin). Large setup violations at the end of those stages might be difficult to fix during the post-placement implementation flow and could be the result of non-optimal XDC constraints or non-optimal design architecture
Related violations: <none>

TIMING-16#344 Warning
Large setup violation  
There is a large setup violation of -1.162 ns between dut/m_rep_reg[3][1][0]_rep/C (clocked by sys_clk_pin) and dut/sum_packed_reg[28]/S (clocked by sys_clk_pin). Large setup violations at the end of those stages might be difficult to fix during the post-placement implementation flow and could be the result of non-optimal XDC constraints or non-optimal design architecture
Related violations: <none>

TIMING-16#345 Warning
Large setup violation  
There is a large setup violation of -1.162 ns between dut/m_rep_reg[3][1][0]_rep/C (clocked by sys_clk_pin) and dut/sum_packed_reg[29]/S (clocked by sys_clk_pin). Large setup violations at the end of those stages might be difficult to fix during the post-placement implementation flow and could be the result of non-optimal XDC constraints or non-optimal design architecture
Related violations: <none>

TIMING-16#346 Warning
Large setup violation  
There is a large setup violation of -1.169 ns between cnt_in_reg[2]_replica_4/C (clocked by sys_clk_pin) and buf_metrics1_reg[17]/D (clocked by sys_clk_pin). Large setup violations at the end of those stages might be difficult to fix during the post-placement implementation flow and could be the result of non-optimal XDC constraints or non-optimal design architecture
Related violations: <none>

TIMING-16#347 Warning
Large setup violation  
There is a large setup violation of -1.170 ns between cnt_in_reg[2]_replica_4/C (clocked by sys_clk_pin) and buf_metrics0_reg[6]/D (clocked by sys_clk_pin). Large setup violations at the end of those stages might be difficult to fix during the post-placement implementation flow and could be the result of non-optimal XDC constraints or non-optimal design architecture
Related violations: <none>

TIMING-16#348 Warning
Large setup violation  
There is a large setup violation of -1.172 ns between cnt_in_reg[2]_replica_4/C (clocked by sys_clk_pin) and buf_metrics0_reg[29]/D (clocked by sys_clk_pin). Large setup violations at the end of those stages might be difficult to fix during the post-placement implementation flow and could be the result of non-optimal XDC constraints or non-optimal design architecture
Related violations: <none>

TIMING-16#349 Warning
Large setup violation  
There is a large setup violation of -1.183 ns between cnt_in_reg[2]_replica_4/C (clocked by sys_clk_pin) and buf_metrics0_reg[18]/D (clocked by sys_clk_pin). Large setup violations at the end of those stages might be difficult to fix during the post-placement implementation flow and could be the result of non-optimal XDC constraints or non-optimal design architecture
Related violations: <none>

TIMING-16#350 Warning
Large setup violation  
There is a large setup violation of -1.196 ns between dut/m1_rep_reg[1][2][3]/C (clocked by sys_clk_pin) and dut/sum_packed_reg[98]/S (clocked by sys_clk_pin). Large setup violations at the end of those stages might be difficult to fix during the post-placement implementation flow and could be the result of non-optimal XDC constraints or non-optimal design architecture
Related violations: <none>

TIMING-16#351 Warning
Large setup violation  
There is a large setup violation of -1.196 ns between dut/m1_rep_reg[1][2][3]/C (clocked by sys_clk_pin) and dut/sum_packed_reg[99]/S (clocked by sys_clk_pin). Large setup violations at the end of those stages might be difficult to fix during the post-placement implementation flow and could be the result of non-optimal XDC constraints or non-optimal design architecture
Related violations: <none>

TIMING-16#352 Warning
Large setup violation  
There is a large setup violation of -1.196 ns between dut/sort_inst/genblk1[3].genblk1[1].pipe_metrics_reg[5][6][6]/C (clocked by sys_clk_pin) and dut/sort_inst/genblk1[3].genblk1[0].pipe_metrics_reg[6][7][6]/D (clocked by sys_clk_pin). Large setup violations at the end of those stages might be difficult to fix during the post-placement implementation flow and could be the result of non-optimal XDC constraints or non-optimal design architecture
Related violations: <none>

TIMING-16#353 Warning
Large setup violation  
There is a large setup violation of -1.198 ns between dut/m1_rep_reg[1][3][0]/C (clocked by sys_clk_pin) and dut/sum_packed_reg[84]/S (clocked by sys_clk_pin). Large setup violations at the end of those stages might be difficult to fix during the post-placement implementation flow and could be the result of non-optimal XDC constraints or non-optimal design architecture
Related violations: <none>

TIMING-16#354 Warning
Large setup violation  
There is a large setup violation of -1.198 ns between dut/m1_rep_reg[1][3][0]/C (clocked by sys_clk_pin) and dut/sum_packed_reg[85]/S (clocked by sys_clk_pin). Large setup violations at the end of those stages might be difficult to fix during the post-placement implementation flow and could be the result of non-optimal XDC constraints or non-optimal design architecture
Related violations: <none>

TIMING-16#355 Warning
Large setup violation  
There is a large setup violation of -1.198 ns between dut/m1_rep_reg[1][3][0]/C (clocked by sys_clk_pin) and dut/sum_packed_reg[86]/S (clocked by sys_clk_pin). Large setup violations at the end of those stages might be difficult to fix during the post-placement implementation flow and could be the result of non-optimal XDC constraints or non-optimal design architecture
Related violations: <none>

TIMING-16#356 Warning
Large setup violation  
There is a large setup violation of -1.198 ns between dut/m1_rep_reg[1][3][0]/C (clocked by sys_clk_pin) and dut/sum_packed_reg[87]/S (clocked by sys_clk_pin). Large setup violations at the end of those stages might be difficult to fix during the post-placement implementation flow and could be the result of non-optimal XDC constraints or non-optimal design architecture
Related violations: <none>

TIMING-16#357 Warning
Large setup violation  
There is a large setup violation of -1.207 ns between dut/m1_rep_reg[1][3][0]/C (clocked by sys_clk_pin) and dut/sum_packed_reg[80]/S (clocked by sys_clk_pin). Large setup violations at the end of those stages might be difficult to fix during the post-placement implementation flow and could be the result of non-optimal XDC constraints or non-optimal design architecture
Related violations: <none>

TIMING-16#358 Warning
Large setup violation  
There is a large setup violation of -1.207 ns between dut/m1_rep_reg[1][3][0]/C (clocked by sys_clk_pin) and dut/sum_packed_reg[81]/S (clocked by sys_clk_pin). Large setup violations at the end of those stages might be difficult to fix during the post-placement implementation flow and could be the result of non-optimal XDC constraints or non-optimal design architecture
Related violations: <none>

TIMING-16#359 Warning
Large setup violation  
There is a large setup violation of -1.207 ns between dut/m1_rep_reg[1][3][0]/C (clocked by sys_clk_pin) and dut/sum_packed_reg[82]/S (clocked by sys_clk_pin). Large setup violations at the end of those stages might be difficult to fix during the post-placement implementation flow and could be the result of non-optimal XDC constraints or non-optimal design architecture
Related violations: <none>

TIMING-16#360 Warning
Large setup violation  
There is a large setup violation of -1.207 ns between dut/m1_rep_reg[1][3][0]/C (clocked by sys_clk_pin) and dut/sum_packed_reg[83]/S (clocked by sys_clk_pin). Large setup violations at the end of those stages might be difficult to fix during the post-placement implementation flow and could be the result of non-optimal XDC constraints or non-optimal design architecture
Related violations: <none>

TIMING-16#361 Warning
Large setup violation  
There is a large setup violation of -1.216 ns between cnt_in_reg[2]_replica_4/C (clocked by sys_clk_pin) and buf_metrics1_reg[21]/D (clocked by sys_clk_pin). Large setup violations at the end of those stages might be difficult to fix during the post-placement implementation flow and could be the result of non-optimal XDC constraints or non-optimal design architecture
Related violations: <none>

TIMING-16#362 Warning
Large setup violation  
There is a large setup violation of -1.217 ns between cnt_in_reg[2]_replica_4/C (clocked by sys_clk_pin) and buf_metrics0_reg[4]/D (clocked by sys_clk_pin). Large setup violations at the end of those stages might be difficult to fix during the post-placement implementation flow and could be the result of non-optimal XDC constraints or non-optimal design architecture
Related violations: <none>

TIMING-16#363 Warning
Large setup violation  
There is a large setup violation of -1.217 ns between cnt_in_reg[2]_replica_4/C (clocked by sys_clk_pin) and buf_metrics1_reg[5]/D (clocked by sys_clk_pin). Large setup violations at the end of those stages might be difficult to fix during the post-placement implementation flow and could be the result of non-optimal XDC constraints or non-optimal design architecture
Related violations: <none>

TIMING-16#364 Warning
Large setup violation  
There is a large setup violation of -1.219 ns between cnt_in_reg[2]_replica_4/C (clocked by sys_clk_pin) and buf_metrics1_reg[34]/D (clocked by sys_clk_pin). Large setup violations at the end of those stages might be difficult to fix during the post-placement implementation flow and could be the result of non-optimal XDC constraints or non-optimal design architecture
Related violations: <none>

TIMING-16#365 Warning
Large setup violation  
There is a large setup violation of -1.221 ns between cnt_in_reg[2]_replica_4/C (clocked by sys_clk_pin) and buf_metrics0_reg[9]/D (clocked by sys_clk_pin). Large setup violations at the end of those stages might be difficult to fix during the post-placement implementation flow and could be the result of non-optimal XDC constraints or non-optimal design architecture
Related violations: <none>

TIMING-16#366 Warning
Large setup violation  
There is a large setup violation of -1.225 ns between cnt_in_reg[2]_replica_4/C (clocked by sys_clk_pin) and buf_metrics0_reg[36]/D (clocked by sys_clk_pin). Large setup violations at the end of those stages might be difficult to fix during the post-placement implementation flow and could be the result of non-optimal XDC constraints or non-optimal design architecture
Related violations: <none>

TIMING-16#367 Warning
Large setup violation  
There is a large setup violation of -1.227 ns between cnt_in_reg[2]_replica_4/C (clocked by sys_clk_pin) and buf_metrics0_reg[0]/CE (clocked by sys_clk_pin). Large setup violations at the end of those stages might be difficult to fix during the post-placement implementation flow and could be the result of non-optimal XDC constraints or non-optimal design architecture
Related violations: <none>

TIMING-16#368 Warning
Large setup violation  
There is a large setup violation of -1.227 ns between cnt_in_reg[2]_replica_4/C (clocked by sys_clk_pin) and buf_metrics0_reg[1]/CE (clocked by sys_clk_pin). Large setup violations at the end of those stages might be difficult to fix during the post-placement implementation flow and could be the result of non-optimal XDC constraints or non-optimal design architecture
Related violations: <none>

TIMING-16#369 Warning
Large setup violation  
There is a large setup violation of -1.227 ns between cnt_in_reg[2]_replica_4/C (clocked by sys_clk_pin) and buf_metrics1_reg[0]/CE (clocked by sys_clk_pin). Large setup violations at the end of those stages might be difficult to fix during the post-placement implementation flow and could be the result of non-optimal XDC constraints or non-optimal design architecture
Related violations: <none>

TIMING-16#370 Warning
Large setup violation  
There is a large setup violation of -1.227 ns between cnt_in_reg[2]_replica_4/C (clocked by sys_clk_pin) and buf_metrics1_reg[1]/CE (clocked by sys_clk_pin). Large setup violations at the end of those stages might be difficult to fix during the post-placement implementation flow and could be the result of non-optimal XDC constraints or non-optimal design architecture
Related violations: <none>

TIMING-16#371 Warning
Large setup violation  
There is a large setup violation of -1.230 ns between cnt_in_reg[2]_replica_4/C (clocked by sys_clk_pin) and buf_metrics1_reg[23]/D (clocked by sys_clk_pin). Large setup violations at the end of those stages might be difficult to fix during the post-placement implementation flow and could be the result of non-optimal XDC constraints or non-optimal design architecture
Related violations: <none>

TIMING-16#372 Warning
Large setup violation  
There is a large setup violation of -1.234 ns between cnt_in_reg[2]_replica_4/C (clocked by sys_clk_pin) and buf_metrics0_reg[24]/D (clocked by sys_clk_pin). Large setup violations at the end of those stages might be difficult to fix during the post-placement implementation flow and could be the result of non-optimal XDC constraints or non-optimal design architecture
Related violations: <none>

TIMING-16#373 Warning
Large setup violation  
There is a large setup violation of -1.234 ns between cnt_in_reg[2]_replica_4/C (clocked by sys_clk_pin) and buf_metrics0_reg[31]/D (clocked by sys_clk_pin). Large setup violations at the end of those stages might be difficult to fix during the post-placement implementation flow and could be the result of non-optimal XDC constraints or non-optimal design architecture
Related violations: <none>

TIMING-16#374 Warning
Large setup violation  
There is a large setup violation of -1.234 ns between cnt_in_reg[2]_replica_4/C (clocked by sys_clk_pin) and buf_metrics1_reg[30]/D (clocked by sys_clk_pin). Large setup violations at the end of those stages might be difficult to fix during the post-placement implementation flow and could be the result of non-optimal XDC constraints or non-optimal design architecture
Related violations: <none>

TIMING-16#375 Warning
Large setup violation  
There is a large setup violation of -1.235 ns between cnt_in_reg[2]_replica_4/C (clocked by sys_clk_pin) and buf_metrics0_reg[15]/D (clocked by sys_clk_pin). Large setup violations at the end of those stages might be difficult to fix during the post-placement implementation flow and could be the result of non-optimal XDC constraints or non-optimal design architecture
Related violations: <none>

TIMING-16#376 Warning
Large setup violation  
There is a large setup violation of -1.242 ns between cnt_in_reg[2]_replica_4/C (clocked by sys_clk_pin) and buf_metrics1_reg[33]/D (clocked by sys_clk_pin). Large setup violations at the end of those stages might be difficult to fix during the post-placement implementation flow and could be the result of non-optimal XDC constraints or non-optimal design architecture
Related violations: <none>

TIMING-16#377 Warning
Large setup violation  
There is a large setup violation of -1.246 ns between cnt_in_reg[2]_replica_4/C (clocked by sys_clk_pin) and buf_metrics1_reg[38]/D (clocked by sys_clk_pin). Large setup violations at the end of those stages might be difficult to fix during the post-placement implementation flow and could be the result of non-optimal XDC constraints or non-optimal design architecture
Related violations: <none>

TIMING-16#378 Warning
Large setup violation  
There is a large setup violation of -1.248 ns between cnt_in_reg[2]_replica_4/C (clocked by sys_clk_pin) and buf_metrics0_reg[30]/D (clocked by sys_clk_pin). Large setup violations at the end of those stages might be difficult to fix during the post-placement implementation flow and could be the result of non-optimal XDC constraints or non-optimal design architecture
Related violations: <none>

TIMING-16#379 Warning
Large setup violation  
There is a large setup violation of -1.248 ns between cnt_in_reg[2]_replica_4/C (clocked by sys_clk_pin) and buf_metrics1_reg[7]/D (clocked by sys_clk_pin). Large setup violations at the end of those stages might be difficult to fix during the post-placement implementation flow and could be the result of non-optimal XDC constraints or non-optimal design architecture
Related violations: <none>

TIMING-16#380 Warning
Large setup violation  
There is a large setup violation of -1.252 ns between cnt_in_reg[2]_replica_4/C (clocked by sys_clk_pin) and buf_metrics0_reg[21]/D (clocked by sys_clk_pin). Large setup violations at the end of those stages might be difficult to fix during the post-placement implementation flow and could be the result of non-optimal XDC constraints or non-optimal design architecture
Related violations: <none>

TIMING-16#381 Warning
Large setup violation  
There is a large setup violation of -1.258 ns between cnt_in_reg[2]_replica_4/C (clocked by sys_clk_pin) and buf_metrics1_reg[26]/CE (clocked by sys_clk_pin). Large setup violations at the end of those stages might be difficult to fix during the post-placement implementation flow and could be the result of non-optimal XDC constraints or non-optimal design architecture
Related violations: <none>

TIMING-16#382 Warning
Large setup violation  
There is a large setup violation of -1.262 ns between cnt_in_reg[2]_replica_4/C (clocked by sys_clk_pin) and buf_metrics1_reg[6]/D (clocked by sys_clk_pin). Large setup violations at the end of those stages might be difficult to fix during the post-placement implementation flow and could be the result of non-optimal XDC constraints or non-optimal design architecture
Related violations: <none>

TIMING-16#383 Warning
Large setup violation  
There is a large setup violation of -1.265 ns between cnt_in_reg[2]_replica_4/C (clocked by sys_clk_pin) and buf_metrics1_reg[19]/D (clocked by sys_clk_pin). Large setup violations at the end of those stages might be difficult to fix during the post-placement implementation flow and could be the result of non-optimal XDC constraints or non-optimal design architecture
Related violations: <none>

TIMING-16#384 Warning
Large setup violation  
There is a large setup violation of -1.266 ns between cnt_in_reg[2]_replica_4/C (clocked by sys_clk_pin) and buf_metrics0_reg[30]/CE (clocked by sys_clk_pin). Large setup violations at the end of those stages might be difficult to fix during the post-placement implementation flow and could be the result of non-optimal XDC constraints or non-optimal design architecture
Related violations: <none>

TIMING-16#385 Warning
Large setup violation  
There is a large setup violation of -1.270 ns between cnt_in_reg[2]_replica_4/C (clocked by sys_clk_pin) and buf_metrics0_reg[16]/D (clocked by sys_clk_pin). Large setup violations at the end of those stages might be difficult to fix during the post-placement implementation flow and could be the result of non-optimal XDC constraints or non-optimal design architecture
Related violations: <none>

TIMING-16#386 Warning
Large setup violation  
There is a large setup violation of -1.271 ns between cnt_in_reg[2]_replica_4/C (clocked by sys_clk_pin) and buf_metrics0_reg[34]/D (clocked by sys_clk_pin). Large setup violations at the end of those stages might be difficult to fix during the post-placement implementation flow and could be the result of non-optimal XDC constraints or non-optimal design architecture
Related violations: <none>

TIMING-16#387 Warning
Large setup violation  
There is a large setup violation of -1.271 ns between cnt_in_reg[2]_replica_4/C (clocked by sys_clk_pin) and buf_metrics1_reg[39]/D (clocked by sys_clk_pin). Large setup violations at the end of those stages might be difficult to fix during the post-placement implementation flow and could be the result of non-optimal XDC constraints or non-optimal design architecture
Related violations: <none>

TIMING-16#388 Warning
Large setup violation  
There is a large setup violation of -1.272 ns between cnt_in_reg[2]_replica_4/C (clocked by sys_clk_pin) and buf_metrics1_reg[16]/D (clocked by sys_clk_pin). Large setup violations at the end of those stages might be difficult to fix during the post-placement implementation flow and could be the result of non-optimal XDC constraints or non-optimal design architecture
Related violations: <none>

TIMING-16#389 Warning
Large setup violation  
There is a large setup violation of -1.273 ns between dut/m1_rep_reg[1][3][0]/C (clocked by sys_clk_pin) and dut/sum_packed_reg[88]/S (clocked by sys_clk_pin). Large setup violations at the end of those stages might be difficult to fix during the post-placement implementation flow and could be the result of non-optimal XDC constraints or non-optimal design architecture
Related violations: <none>

TIMING-16#390 Warning
Large setup violation  
There is a large setup violation of -1.273 ns between dut/m1_rep_reg[1][3][0]/C (clocked by sys_clk_pin) and dut/sum_packed_reg[89]/S (clocked by sys_clk_pin). Large setup violations at the end of those stages might be difficult to fix during the post-placement implementation flow and could be the result of non-optimal XDC constraints or non-optimal design architecture
Related violations: <none>

TIMING-16#391 Warning
Large setup violation  
There is a large setup violation of -1.274 ns between cnt_in_reg[2]_replica_4/C (clocked by sys_clk_pin) and buf_metrics0_reg[17]/D (clocked by sys_clk_pin). Large setup violations at the end of those stages might be difficult to fix during the post-placement implementation flow and could be the result of non-optimal XDC constraints or non-optimal design architecture
Related violations: <none>

TIMING-16#392 Warning
Large setup violation  
There is a large setup violation of -1.276 ns between cnt_in_reg[2]_replica_4/C (clocked by sys_clk_pin) and buf_metrics0_reg[31]/CE (clocked by sys_clk_pin). Large setup violations at the end of those stages might be difficult to fix during the post-placement implementation flow and could be the result of non-optimal XDC constraints or non-optimal design architecture
Related violations: <none>

TIMING-16#393 Warning
Large setup violation  
There is a large setup violation of -1.282 ns between cnt_in_reg[2]_replica_4/C (clocked by sys_clk_pin) and buf_metrics0_reg[38]/CE (clocked by sys_clk_pin). Large setup violations at the end of those stages might be difficult to fix during the post-placement implementation flow and could be the result of non-optimal XDC constraints or non-optimal design architecture
Related violations: <none>

TIMING-16#394 Warning
Large setup violation  
There is a large setup violation of -1.299 ns between cnt_in_reg[2]_replica_4/C (clocked by sys_clk_pin) and buf_metrics0_reg[23]/CE (clocked by sys_clk_pin). Large setup violations at the end of those stages might be difficult to fix during the post-placement implementation flow and could be the result of non-optimal XDC constraints or non-optimal design architecture
Related violations: <none>

TIMING-16#395 Warning
Large setup violation  
There is a large setup violation of -1.301 ns between cnt_in_reg[2]_replica_4/C (clocked by sys_clk_pin) and buf_metrics1_reg[12]/CE (clocked by sys_clk_pin). Large setup violations at the end of those stages might be difficult to fix during the post-placement implementation flow and could be the result of non-optimal XDC constraints or non-optimal design architecture
Related violations: <none>

TIMING-16#396 Warning
Large setup violation  
There is a large setup violation of -1.303 ns between cnt_in_reg[2]_replica_4/C (clocked by sys_clk_pin) and buf_metrics0_reg[12]/CE (clocked by sys_clk_pin). Large setup violations at the end of those stages might be difficult to fix during the post-placement implementation flow and could be the result of non-optimal XDC constraints or non-optimal design architecture
Related violations: <none>

TIMING-16#397 Warning
Large setup violation  
There is a large setup violation of -1.303 ns between cnt_in_reg[2]_replica_4/C (clocked by sys_clk_pin) and buf_metrics1_reg[13]/CE (clocked by sys_clk_pin). Large setup violations at the end of those stages might be difficult to fix during the post-placement implementation flow and could be the result of non-optimal XDC constraints or non-optimal design architecture
Related violations: <none>

TIMING-16#398 Warning
Large setup violation  
There is a large setup violation of -1.306 ns between cnt_in_reg[2]_replica_4/C (clocked by sys_clk_pin) and buf_metrics0_reg[7]/D (clocked by sys_clk_pin). Large setup violations at the end of those stages might be difficult to fix during the post-placement implementation flow and could be the result of non-optimal XDC constraints or non-optimal design architecture
Related violations: <none>

TIMING-16#399 Warning
Large setup violation  
There is a large setup violation of -1.309 ns between cnt_in_reg[2]_replica_4/C (clocked by sys_clk_pin) and buf_metrics0_reg[32]/CE (clocked by sys_clk_pin). Large setup violations at the end of those stages might be difficult to fix during the post-placement implementation flow and could be the result of non-optimal XDC constraints or non-optimal design architecture
Related violations: <none>

TIMING-16#400 Warning
Large setup violation  
There is a large setup violation of -1.309 ns between cnt_in_reg[2]_replica_4/C (clocked by sys_clk_pin) and buf_metrics0_reg[33]/CE (clocked by sys_clk_pin). Large setup violations at the end of those stages might be difficult to fix during the post-placement implementation flow and could be the result of non-optimal XDC constraints or non-optimal design architecture
Related violations: <none>

TIMING-16#401 Warning
Large setup violation  
There is a large setup violation of -1.309 ns between cnt_in_reg[2]_replica_4/C (clocked by sys_clk_pin) and buf_metrics1_reg[32]/CE (clocked by sys_clk_pin). Large setup violations at the end of those stages might be difficult to fix during the post-placement implementation flow and could be the result of non-optimal XDC constraints or non-optimal design architecture
Related violations: <none>

TIMING-16#402 Warning
Large setup violation  
There is a large setup violation of -1.314 ns between cnt_in_reg[2]_replica_4/C (clocked by sys_clk_pin) and buf_metrics0_reg[24]/CE (clocked by sys_clk_pin). Large setup violations at the end of those stages might be difficult to fix during the post-placement implementation flow and could be the result of non-optimal XDC constraints or non-optimal design architecture
Related violations: <none>

TIMING-16#403 Warning
Large setup violation  
There is a large setup violation of -1.315 ns between cnt_in_reg[2]_replica_4/C (clocked by sys_clk_pin) and buf_metrics0_reg[20]/D (clocked by sys_clk_pin). Large setup violations at the end of those stages might be difficult to fix during the post-placement implementation flow and could be the result of non-optimal XDC constraints or non-optimal design architecture
Related violations: <none>

TIMING-16#404 Warning
Large setup violation  
There is a large setup violation of -1.316 ns between cnt_in_reg[2]_replica_4/C (clocked by sys_clk_pin) and buf_metrics1_reg[18]/D (clocked by sys_clk_pin). Large setup violations at the end of those stages might be difficult to fix during the post-placement implementation flow and could be the result of non-optimal XDC constraints or non-optimal design architecture
Related violations: <none>

TIMING-16#405 Warning
Large setup violation  
There is a large setup violation of -1.326 ns between cnt_in_reg[2]_replica_4/C (clocked by sys_clk_pin) and buf_metrics0_reg[22]/D (clocked by sys_clk_pin). Large setup violations at the end of those stages might be difficult to fix during the post-placement implementation flow and could be the result of non-optimal XDC constraints or non-optimal design architecture
Related violations: <none>

TIMING-16#406 Warning
Large setup violation  
There is a large setup violation of -1.331 ns between cnt_in_reg[2]_replica_4/C (clocked by sys_clk_pin) and buf_metrics1_reg[31]/CE (clocked by sys_clk_pin). Large setup violations at the end of those stages might be difficult to fix during the post-placement implementation flow and could be the result of non-optimal XDC constraints or non-optimal design architecture
Related violations: <none>

TIMING-16#407 Warning
Large setup violation  
There is a large setup violation of -1.332 ns between cnt_in_reg[2]_replica_4/C (clocked by sys_clk_pin) and buf_metrics0_reg[39]/D (clocked by sys_clk_pin). Large setup violations at the end of those stages might be difficult to fix during the post-placement implementation flow and could be the result of non-optimal XDC constraints or non-optimal design architecture
Related violations: <none>

TIMING-16#408 Warning
Large setup violation  
There is a large setup violation of -1.333 ns between cnt_in_reg[2]_replica_4/C (clocked by sys_clk_pin) and buf_metrics0_reg[38]/D (clocked by sys_clk_pin). Large setup violations at the end of those stages might be difficult to fix during the post-placement implementation flow and could be the result of non-optimal XDC constraints or non-optimal design architecture
Related violations: <none>

TIMING-16#409 Warning
Large setup violation  
There is a large setup violation of -1.333 ns between cnt_in_reg[2]_replica_4/C (clocked by sys_clk_pin) and buf_metrics1_reg[13]/D (clocked by sys_clk_pin). Large setup violations at the end of those stages might be difficult to fix during the post-placement implementation flow and could be the result of non-optimal XDC constraints or non-optimal design architecture
Related violations: <none>

TIMING-16#410 Warning
Large setup violation  
There is a large setup violation of -1.334 ns between cnt_in_reg[2]_replica_4/C (clocked by sys_clk_pin) and buf_metrics0_reg[39]/CE (clocked by sys_clk_pin). Large setup violations at the end of those stages might be difficult to fix during the post-placement implementation flow and could be the result of non-optimal XDC constraints or non-optimal design architecture
Related violations: <none>

TIMING-16#411 Warning
Large setup violation  
There is a large setup violation of -1.340 ns between cnt_in_reg[2]_replica_4/C (clocked by sys_clk_pin) and buf_metrics1_reg[27]/CE (clocked by sys_clk_pin). Large setup violations at the end of those stages might be difficult to fix during the post-placement implementation flow and could be the result of non-optimal XDC constraints or non-optimal design architecture
Related violations: <none>

TIMING-16#412 Warning
Large setup violation  
There is a large setup violation of -1.343 ns between cnt_in_reg[2]_replica_4/C (clocked by sys_clk_pin) and buf_metrics0_reg[19]/D (clocked by sys_clk_pin). Large setup violations at the end of those stages might be difficult to fix during the post-placement implementation flow and could be the result of non-optimal XDC constraints or non-optimal design architecture
Related violations: <none>

TIMING-16#413 Warning
Large setup violation  
There is a large setup violation of -1.345 ns between cnt_in_reg[2]_replica_4/C (clocked by sys_clk_pin) and buf_metrics0_reg[19]/CE (clocked by sys_clk_pin). Large setup violations at the end of those stages might be difficult to fix during the post-placement implementation flow and could be the result of non-optimal XDC constraints or non-optimal design architecture
Related violations: <none>

TIMING-16#414 Warning
Large setup violation  
There is a large setup violation of -1.345 ns between cnt_in_reg[2]_replica_4/C (clocked by sys_clk_pin) and buf_metrics1_reg[18]/CE (clocked by sys_clk_pin). Large setup violations at the end of those stages might be difficult to fix during the post-placement implementation flow and could be the result of non-optimal XDC constraints or non-optimal design architecture
Related violations: <none>

TIMING-16#415 Warning
Large setup violation  
There is a large setup violation of -1.348 ns between cnt_in_reg[2]_replica_4/C (clocked by sys_clk_pin) and buf_metrics0_reg[16]/CE (clocked by sys_clk_pin). Large setup violations at the end of those stages might be difficult to fix during the post-placement implementation flow and could be the result of non-optimal XDC constraints or non-optimal design architecture
Related violations: <none>

TIMING-16#416 Warning
Large setup violation  
There is a large setup violation of -1.348 ns between cnt_in_reg[2]_replica_4/C (clocked by sys_clk_pin) and buf_metrics0_reg[17]/CE (clocked by sys_clk_pin). Large setup violations at the end of those stages might be difficult to fix during the post-placement implementation flow and could be the result of non-optimal XDC constraints or non-optimal design architecture
Related violations: <none>

TIMING-16#417 Warning
Large setup violation  
There is a large setup violation of -1.348 ns between cnt_in_reg[2]_replica_4/C (clocked by sys_clk_pin) and buf_metrics0_reg[28]/CE (clocked by sys_clk_pin). Large setup violations at the end of those stages might be difficult to fix during the post-placement implementation flow and could be the result of non-optimal XDC constraints or non-optimal design architecture
Related violations: <none>

TIMING-16#418 Warning
Large setup violation  
There is a large setup violation of -1.348 ns between cnt_in_reg[2]_replica_4/C (clocked by sys_clk_pin) and buf_metrics0_reg[29]/CE (clocked by sys_clk_pin). Large setup violations at the end of those stages might be difficult to fix during the post-placement implementation flow and could be the result of non-optimal XDC constraints or non-optimal design architecture
Related violations: <none>

TIMING-16#419 Warning
Large setup violation  
There is a large setup violation of -1.348 ns between cnt_in_reg[2]_replica_4/C (clocked by sys_clk_pin) and buf_metrics1_reg[28]/CE (clocked by sys_clk_pin). Large setup violations at the end of those stages might be difficult to fix during the post-placement implementation flow and could be the result of non-optimal XDC constraints or non-optimal design architecture
Related violations: <none>

TIMING-16#420 Warning
Large setup violation  
There is a large setup violation of -1.348 ns between cnt_in_reg[2]_replica_4/C (clocked by sys_clk_pin) and buf_metrics1_reg[29]/CE (clocked by sys_clk_pin). Large setup violations at the end of those stages might be difficult to fix during the post-placement implementation flow and could be the result of non-optimal XDC constraints or non-optimal design architecture
Related violations: <none>

TIMING-16#421 Warning
Large setup violation  
There is a large setup violation of -1.350 ns between cnt_in_reg[2]_replica_4/C (clocked by sys_clk_pin) and buf_metrics0_reg[23]/D (clocked by sys_clk_pin). Large setup violations at the end of those stages might be difficult to fix during the post-placement implementation flow and could be the result of non-optimal XDC constraints or non-optimal design architecture
Related violations: <none>

TIMING-16#422 Warning
Large setup violation  
There is a large setup violation of -1.351 ns between cnt_in_reg[2]_replica_4/C (clocked by sys_clk_pin) and buf_metrics1_reg[28]/D (clocked by sys_clk_pin). Large setup violations at the end of those stages might be difficult to fix during the post-placement implementation flow and could be the result of non-optimal XDC constraints or non-optimal design architecture
Related violations: <none>

TIMING-16#423 Warning
Large setup violation  
There is a large setup violation of -1.352 ns between cnt_in_reg[2]_replica_4/C (clocked by sys_clk_pin) and buf_metrics1_reg[11]/CE (clocked by sys_clk_pin). Large setup violations at the end of those stages might be difficult to fix during the post-placement implementation flow and could be the result of non-optimal XDC constraints or non-optimal design architecture
Related violations: <none>

TIMING-16#424 Warning
Large setup violation  
There is a large setup violation of -1.356 ns between cnt_in_reg[2]_replica_4/C (clocked by sys_clk_pin) and buf_metrics1_reg[38]/CE (clocked by sys_clk_pin). Large setup violations at the end of those stages might be difficult to fix during the post-placement implementation flow and could be the result of non-optimal XDC constraints or non-optimal design architecture
Related violations: <none>

TIMING-16#425 Warning
Large setup violation  
There is a large setup violation of -1.356 ns between cnt_in_reg[2]_replica_4/C (clocked by sys_clk_pin) and buf_metrics1_reg[39]/CE (clocked by sys_clk_pin). Large setup violations at the end of those stages might be difficult to fix during the post-placement implementation flow and could be the result of non-optimal XDC constraints or non-optimal design architecture
Related violations: <none>

TIMING-16#426 Warning
Large setup violation  
There is a large setup violation of -1.358 ns between cnt_in_reg[2]_replica_4/C (clocked by sys_clk_pin) and buf_metrics1_reg[22]/D (clocked by sys_clk_pin). Large setup violations at the end of those stages might be difficult to fix during the post-placement implementation flow and could be the result of non-optimal XDC constraints or non-optimal design architecture
Related violations: <none>

TIMING-16#427 Warning
Large setup violation  
There is a large setup violation of -1.361 ns between cnt_in_reg[2]_replica_4/C (clocked by sys_clk_pin) and buf_metrics0_reg[26]/CE (clocked by sys_clk_pin). Large setup violations at the end of those stages might be difficult to fix during the post-placement implementation flow and could be the result of non-optimal XDC constraints or non-optimal design architecture
Related violations: <none>

TIMING-16#428 Warning
Large setup violation  
There is a large setup violation of -1.364 ns between cnt_in_reg[2]_replica_4/C (clocked by sys_clk_pin) and buf_metrics1_reg[25]/D (clocked by sys_clk_pin). Large setup violations at the end of those stages might be difficult to fix during the post-placement implementation flow and could be the result of non-optimal XDC constraints or non-optimal design architecture
Related violations: <none>

TIMING-16#429 Warning
Large setup violation  
There is a large setup violation of -1.366 ns between cnt_in_reg[2]_replica_4/C (clocked by sys_clk_pin) and buf_metrics0_reg[27]/D (clocked by sys_clk_pin). Large setup violations at the end of those stages might be difficult to fix during the post-placement implementation flow and could be the result of non-optimal XDC constraints or non-optimal design architecture
Related violations: <none>

TIMING-16#430 Warning
Large setup violation  
There is a large setup violation of -1.370 ns between cnt_in_reg[2]_replica_4/C (clocked by sys_clk_pin) and buf_metrics1_reg[24]/CE (clocked by sys_clk_pin). Large setup violations at the end of those stages might be difficult to fix during the post-placement implementation flow and could be the result of non-optimal XDC constraints or non-optimal design architecture
Related violations: <none>

TIMING-16#431 Warning
Large setup violation  
There is a large setup violation of -1.372 ns between cnt_in_reg[2]_replica_4/C (clocked by sys_clk_pin) and buf_metrics1_reg[11]/D (clocked by sys_clk_pin). Large setup violations at the end of those stages might be difficult to fix during the post-placement implementation flow and could be the result of non-optimal XDC constraints or non-optimal design architecture
Related violations: <none>

TIMING-16#432 Warning
Large setup violation  
There is a large setup violation of -1.374 ns between cnt_in_reg[2]_replica_4/C (clocked by sys_clk_pin) and buf_metrics1_reg[27]/D (clocked by sys_clk_pin). Large setup violations at the end of those stages might be difficult to fix during the post-placement implementation flow and could be the result of non-optimal XDC constraints or non-optimal design architecture
Related violations: <none>

TIMING-16#433 Warning
Large setup violation  
There is a large setup violation of -1.375 ns between cnt_in_reg[2]_replica_4/C (clocked by sys_clk_pin) and buf_metrics0_reg[13]/D (clocked by sys_clk_pin). Large setup violations at the end of those stages might be difficult to fix during the post-placement implementation flow and could be the result of non-optimal XDC constraints or non-optimal design architecture
Related violations: <none>

TIMING-16#434 Warning
Large setup violation  
There is a large setup violation of -1.375 ns between cnt_in_reg[2]_replica_4/C (clocked by sys_clk_pin) and buf_metrics1_reg[30]/CE (clocked by sys_clk_pin). Large setup violations at the end of those stages might be difficult to fix during the post-placement implementation flow and could be the result of non-optimal XDC constraints or non-optimal design architecture
Related violations: <none>

TIMING-16#435 Warning
Large setup violation  
There is a large setup violation of -1.378 ns between cnt_in_reg[2]_replica_4/C (clocked by sys_clk_pin) and buf_metrics0_reg[34]/CE (clocked by sys_clk_pin). Large setup violations at the end of those stages might be difficult to fix during the post-placement implementation flow and could be the result of non-optimal XDC constraints or non-optimal design architecture
Related violations: <none>

TIMING-16#436 Warning
Large setup violation  
There is a large setup violation of -1.378 ns between cnt_in_reg[2]_replica_4/C (clocked by sys_clk_pin) and buf_metrics0_reg[35]/CE (clocked by sys_clk_pin). Large setup violations at the end of those stages might be difficult to fix during the post-placement implementation flow and could be the result of non-optimal XDC constraints or non-optimal design architecture
Related violations: <none>

TIMING-16#437 Warning
Large setup violation  
There is a large setup violation of -1.378 ns between cnt_in_reg[2]_replica_4/C (clocked by sys_clk_pin) and buf_metrics1_reg[34]/CE (clocked by sys_clk_pin). Large setup violations at the end of those stages might be difficult to fix during the post-placement implementation flow and could be the result of non-optimal XDC constraints or non-optimal design architecture
Related violations: <none>

TIMING-16#438 Warning
Large setup violation  
There is a large setup violation of -1.382 ns between cnt_in_reg[2]_replica_4/C (clocked by sys_clk_pin) and buf_metrics0_reg[28]/D (clocked by sys_clk_pin). Large setup violations at the end of those stages might be difficult to fix during the post-placement implementation flow and could be the result of non-optimal XDC constraints or non-optimal design architecture
Related violations: <none>

TIMING-16#439 Warning
Large setup violation  
There is a large setup violation of -1.383 ns between cnt_in_reg[2]_replica_4/C (clocked by sys_clk_pin) and buf_metrics0_reg[12]/D (clocked by sys_clk_pin). Large setup violations at the end of those stages might be difficult to fix during the post-placement implementation flow and could be the result of non-optimal XDC constraints or non-optimal design architecture
Related violations: <none>

TIMING-16#440 Warning
Large setup violation  
There is a large setup violation of -1.388 ns between cnt_in_reg[2]_replica_4/C (clocked by sys_clk_pin) and buf_metrics0_reg[2]/CE (clocked by sys_clk_pin). Large setup violations at the end of those stages might be difficult to fix during the post-placement implementation flow and could be the result of non-optimal XDC constraints or non-optimal design architecture
Related violations: <none>

TIMING-16#441 Warning
Large setup violation  
There is a large setup violation of -1.388 ns between cnt_in_reg[2]_replica_4/C (clocked by sys_clk_pin) and buf_metrics0_reg[3]/CE (clocked by sys_clk_pin). Large setup violations at the end of those stages might be difficult to fix during the post-placement implementation flow and could be the result of non-optimal XDC constraints or non-optimal design architecture
Related violations: <none>

TIMING-16#442 Warning
Large setup violation  
There is a large setup violation of -1.388 ns between cnt_in_reg[2]_replica_4/C (clocked by sys_clk_pin) and buf_metrics1_reg[2]/CE (clocked by sys_clk_pin). Large setup violations at the end of those stages might be difficult to fix during the post-placement implementation flow and could be the result of non-optimal XDC constraints or non-optimal design architecture
Related violations: <none>

TIMING-16#443 Warning
Large setup violation  
There is a large setup violation of -1.388 ns between cnt_in_reg[2]_replica_4/C (clocked by sys_clk_pin) and buf_metrics1_reg[3]/CE (clocked by sys_clk_pin). Large setup violations at the end of those stages might be difficult to fix during the post-placement implementation flow and could be the result of non-optimal XDC constraints or non-optimal design architecture
Related violations: <none>

TIMING-16#444 Warning
Large setup violation  
There is a large setup violation of -1.394 ns between cnt_in_reg[2]_replica_4/C (clocked by sys_clk_pin) and buf_metrics1_reg[20]/D (clocked by sys_clk_pin). Large setup violations at the end of those stages might be difficult to fix during the post-placement implementation flow and could be the result of non-optimal XDC constraints or non-optimal design architecture
Related violations: <none>

TIMING-16#445 Warning
Large setup violation  
There is a large setup violation of -1.395 ns between cnt_in_reg[2]_replica_4/C (clocked by sys_clk_pin) and buf_metrics0_reg[25]/CE (clocked by sys_clk_pin). Large setup violations at the end of those stages might be difficult to fix during the post-placement implementation flow and could be the result of non-optimal XDC constraints or non-optimal design architecture
Related violations: <none>

TIMING-16#446 Warning
Large setup violation  
There is a large setup violation of -1.395 ns between cnt_in_reg[2]_replica_4/C (clocked by sys_clk_pin) and buf_metrics1_reg[25]/CE (clocked by sys_clk_pin). Large setup violations at the end of those stages might be difficult to fix during the post-placement implementation flow and could be the result of non-optimal XDC constraints or non-optimal design architecture
Related violations: <none>

TIMING-16#447 Warning
Large setup violation  
There is a large setup violation of -1.396 ns between cnt_in_reg[2]_replica_4/C (clocked by sys_clk_pin) and buf_metrics0_reg[18]/CE (clocked by sys_clk_pin). Large setup violations at the end of those stages might be difficult to fix during the post-placement implementation flow and could be the result of non-optimal XDC constraints or non-optimal design architecture
Related violations: <none>

TIMING-16#448 Warning
Large setup violation  
There is a large setup violation of -1.396 ns between cnt_in_reg[2]_replica_4/C (clocked by sys_clk_pin) and buf_metrics1_reg[12]/D (clocked by sys_clk_pin). Large setup violations at the end of those stages might be difficult to fix during the post-placement implementation flow and could be the result of non-optimal XDC constraints or non-optimal design architecture
Related violations: <none>

TIMING-16#449 Warning
Large setup violation  
There is a large setup violation of -1.398 ns between cnt_in_reg[2]_replica_4/C (clocked by sys_clk_pin) and buf_metrics1_reg[4]/CE (clocked by sys_clk_pin). Large setup violations at the end of those stages might be difficult to fix during the post-placement implementation flow and could be the result of non-optimal XDC constraints or non-optimal design architecture
Related violations: <none>

TIMING-16#450 Warning
Large setup violation  
There is a large setup violation of -1.398 ns between cnt_in_reg[2]_replica_4/C (clocked by sys_clk_pin) and buf_metrics1_reg[5]/CE (clocked by sys_clk_pin). Large setup violations at the end of those stages might be difficult to fix during the post-placement implementation flow and could be the result of non-optimal XDC constraints or non-optimal design architecture
Related violations: <none>

TIMING-16#451 Warning
Large setup violation  
There is a large setup violation of -1.399 ns between cnt_in_reg[2]_replica_4/C (clocked by sys_clk_pin) and buf_metrics0_reg[4]/CE (clocked by sys_clk_pin). Large setup violations at the end of those stages might be difficult to fix during the post-placement implementation flow and could be the result of non-optimal XDC constraints or non-optimal design architecture
Related violations: <none>

TIMING-16#452 Warning
Large setup violation  
There is a large setup violation of -1.399 ns between cnt_in_reg[2]_replica_4/C (clocked by sys_clk_pin) and buf_metrics0_reg[5]/CE (clocked by sys_clk_pin). Large setup violations at the end of those stages might be difficult to fix during the post-placement implementation flow and could be the result of non-optimal XDC constraints or non-optimal design architecture
Related violations: <none>

TIMING-16#453 Warning
Large setup violation  
There is a large setup violation of -1.399 ns between cnt_in_reg[2]_replica_4/C (clocked by sys_clk_pin) and buf_metrics1_reg[26]/D (clocked by sys_clk_pin). Large setup violations at the end of those stages might be difficult to fix during the post-placement implementation flow and could be the result of non-optimal XDC constraints or non-optimal design architecture
Related violations: <none>

TIMING-16#454 Warning
Large setup violation  
There is a large setup violation of -1.400 ns between cnt_in_reg[2]_replica_4/C (clocked by sys_clk_pin) and buf_metrics0_reg[27]/CE (clocked by sys_clk_pin). Large setup violations at the end of those stages might be difficult to fix during the post-placement implementation flow and could be the result of non-optimal XDC constraints or non-optimal design architecture
Related violations: <none>

TIMING-16#455 Warning
Large setup violation  
There is a large setup violation of -1.402 ns between cnt_in_reg[2]_replica_4/C (clocked by sys_clk_pin) and buf_metrics1_reg[10]/CE (clocked by sys_clk_pin). Large setup violations at the end of those stages might be difficult to fix during the post-placement implementation flow and could be the result of non-optimal XDC constraints or non-optimal design architecture
Related violations: <none>

TIMING-16#456 Warning
Large setup violation  
There is a large setup violation of -1.403 ns between cnt_in_reg[2]_replica_4/C (clocked by sys_clk_pin) and buf_metrics1_reg[6]/CE (clocked by sys_clk_pin). Large setup violations at the end of those stages might be difficult to fix during the post-placement implementation flow and could be the result of non-optimal XDC constraints or non-optimal design architecture
Related violations: <none>

TIMING-16#457 Warning
Large setup violation  
There is a large setup violation of -1.407 ns between cnt_in_reg[2]_replica_4/C (clocked by sys_clk_pin) and buf_metrics0_reg[10]/CE (clocked by sys_clk_pin). Large setup violations at the end of those stages might be difficult to fix during the post-placement implementation flow and could be the result of non-optimal XDC constraints or non-optimal design architecture
Related violations: <none>

TIMING-16#458 Warning
Large setup violation  
There is a large setup violation of -1.407 ns between cnt_in_reg[2]_replica_4/C (clocked by sys_clk_pin) and buf_metrics0_reg[32]/D (clocked by sys_clk_pin). Large setup violations at the end of those stages might be difficult to fix during the post-placement implementation flow and could be the result of non-optimal XDC constraints or non-optimal design architecture
Related violations: <none>

TIMING-16#459 Warning
Large setup violation  
There is a large setup violation of -1.415 ns between cnt_in_reg[2]_replica_4/C (clocked by sys_clk_pin) and buf_metrics1_reg[16]/CE (clocked by sys_clk_pin). Large setup violations at the end of those stages might be difficult to fix during the post-placement implementation flow and could be the result of non-optimal XDC constraints or non-optimal design architecture
Related violations: <none>

TIMING-16#460 Warning
Large setup violation  
There is a large setup violation of -1.415 ns between cnt_in_reg[2]_replica_4/C (clocked by sys_clk_pin) and buf_metrics1_reg[17]/CE (clocked by sys_clk_pin). Large setup violations at the end of those stages might be difficult to fix during the post-placement implementation flow and could be the result of non-optimal XDC constraints or non-optimal design architecture
Related violations: <none>

TIMING-16#461 Warning
Large setup violation  
There is a large setup violation of -1.418 ns between cnt_in_reg[2]_replica_4/C (clocked by sys_clk_pin) and buf_metrics0_reg[20]/CE (clocked by sys_clk_pin). Large setup violations at the end of those stages might be difficult to fix during the post-placement implementation flow and could be the result of non-optimal XDC constraints or non-optimal design architecture
Related violations: <none>

TIMING-16#462 Warning
Large setup violation  
There is a large setup violation of -1.418 ns between cnt_in_reg[2]_replica_4/C (clocked by sys_clk_pin) and buf_metrics1_reg[20]/CE (clocked by sys_clk_pin). Large setup violations at the end of those stages might be difficult to fix during the post-placement implementation flow and could be the result of non-optimal XDC constraints or non-optimal design architecture
Related violations: <none>

TIMING-16#463 Warning
Large setup violation  
There is a large setup violation of -1.420 ns between cnt_in_reg[2]_replica_4/C (clocked by sys_clk_pin) and buf_metrics0_reg[11]/CE (clocked by sys_clk_pin). Large setup violations at the end of those stages might be difficult to fix during the post-placement implementation flow and could be the result of non-optimal XDC constraints or non-optimal design architecture
Related violations: <none>

TIMING-16#464 Warning
Large setup violation  
There is a large setup violation of -1.421 ns between cnt_in_reg[2]_replica_4/C (clocked by sys_clk_pin) and buf_metrics1_reg[9]/CE (clocked by sys_clk_pin). Large setup violations at the end of those stages might be difficult to fix during the post-placement implementation flow and could be the result of non-optimal XDC constraints or non-optimal design architecture
Related violations: <none>

TIMING-16#465 Warning
Large setup violation  
There is a large setup violation of -1.422 ns between cnt_in_reg[2]_replica_4/C (clocked by sys_clk_pin) and buf_metrics0_reg[10]/D (clocked by sys_clk_pin). Large setup violations at the end of those stages might be difficult to fix during the post-placement implementation flow and could be the result of non-optimal XDC constraints or non-optimal design architecture
Related violations: <none>

TIMING-16#466 Warning
Large setup violation  
There is a large setup violation of -1.422 ns between cnt_in_reg[2]_replica_4/C (clocked by sys_clk_pin) and buf_metrics1_reg[10]/D (clocked by sys_clk_pin). Large setup violations at the end of those stages might be difficult to fix during the post-placement implementation flow and could be the result of non-optimal XDC constraints or non-optimal design architecture
Related violations: <none>

TIMING-16#467 Warning
Large setup violation  
There is a large setup violation of -1.422 ns between cnt_in_reg[2]_replica_4/C (clocked by sys_clk_pin) and buf_metrics1_reg[35]/D (clocked by sys_clk_pin). Large setup violations at the end of those stages might be difficult to fix during the post-placement implementation flow and could be the result of non-optimal XDC constraints or non-optimal design architecture
Related violations: <none>

TIMING-16#468 Warning
Large setup violation  
There is a large setup violation of -1.423 ns between cnt_in_reg[2]_replica_4/C (clocked by sys_clk_pin) and buf_metrics0_reg[13]/CE (clocked by sys_clk_pin). Large setup violations at the end of those stages might be difficult to fix during the post-placement implementation flow and could be the result of non-optimal XDC constraints or non-optimal design architecture
Related violations: <none>

TIMING-16#469 Warning
Large setup violation  
There is a large setup violation of -1.423 ns between cnt_in_reg[2]_replica_4/C (clocked by sys_clk_pin) and buf_metrics0_reg[21]/CE (clocked by sys_clk_pin). Large setup violations at the end of those stages might be difficult to fix during the post-placement implementation flow and could be the result of non-optimal XDC constraints or non-optimal design architecture
Related violations: <none>

TIMING-16#470 Warning
Large setup violation  
There is a large setup violation of -1.423 ns between cnt_in_reg[2]_replica_4/C (clocked by sys_clk_pin) and buf_metrics1_reg[21]/CE (clocked by sys_clk_pin). Large setup violations at the end of those stages might be difficult to fix during the post-placement implementation flow and could be the result of non-optimal XDC constraints or non-optimal design architecture
Related violations: <none>

TIMING-16#471 Warning
Large setup violation  
There is a large setup violation of -1.428 ns between cnt_in_reg[2]_replica_4/C (clocked by sys_clk_pin) and buf_metrics1_reg[9]/D (clocked by sys_clk_pin). Large setup violations at the end of those stages might be difficult to fix during the post-placement implementation flow and could be the result of non-optimal XDC constraints or non-optimal design architecture
Related violations: <none>

TIMING-16#472 Warning
Large setup violation  
There is a large setup violation of -1.430 ns between cnt_in_reg[2]_replica_4/C (clocked by sys_clk_pin) and buf_metrics0_reg[36]/CE (clocked by sys_clk_pin). Large setup violations at the end of those stages might be difficult to fix during the post-placement implementation flow and could be the result of non-optimal XDC constraints or non-optimal design architecture
Related violations: <none>

TIMING-16#473 Warning
Large setup violation  
There is a large setup violation of -1.432 ns between cnt_in_reg[2]_replica_4/C (clocked by sys_clk_pin) and buf_metrics1_reg[8]/D (clocked by sys_clk_pin). Large setup violations at the end of those stages might be difficult to fix during the post-placement implementation flow and could be the result of non-optimal XDC constraints or non-optimal design architecture
Related violations: <none>

TIMING-16#474 Warning
Large setup violation  
There is a large setup violation of -1.435 ns between cnt_in_reg[2]_replica_4/C (clocked by sys_clk_pin) and buf_metrics0_reg[25]/D (clocked by sys_clk_pin). Large setup violations at the end of those stages might be difficult to fix during the post-placement implementation flow and could be the result of non-optimal XDC constraints or non-optimal design architecture
Related violations: <none>

TIMING-16#475 Warning
Large setup violation  
There is a large setup violation of -1.435 ns between cnt_in_reg[2]_replica_4/C (clocked by sys_clk_pin) and buf_metrics1_reg[37]/D (clocked by sys_clk_pin). Large setup violations at the end of those stages might be difficult to fix during the post-placement implementation flow and could be the result of non-optimal XDC constraints or non-optimal design architecture
Related violations: <none>

TIMING-16#476 Warning
Large setup violation  
There is a large setup violation of -1.436 ns between cnt_in_reg[2]_replica_4/C (clocked by sys_clk_pin) and buf_metrics1_reg[36]/D (clocked by sys_clk_pin). Large setup violations at the end of those stages might be difficult to fix during the post-placement implementation flow and could be the result of non-optimal XDC constraints or non-optimal design architecture
Related violations: <none>

TIMING-16#477 Warning
Large setup violation  
There is a large setup violation of -1.441 ns between cnt_in_reg[2]_replica_4/C (clocked by sys_clk_pin) and buf_metrics0_reg[11]/D (clocked by sys_clk_pin). Large setup violations at the end of those stages might be difficult to fix during the post-placement implementation flow and could be the result of non-optimal XDC constraints or non-optimal design architecture
Related violations: <none>

TIMING-16#478 Warning
Large setup violation  
There is a large setup violation of -1.445 ns between cnt_in_reg[2]_replica_4/C (clocked by sys_clk_pin) and buf_metrics0_reg[35]/D (clocked by sys_clk_pin). Large setup violations at the end of those stages might be difficult to fix during the post-placement implementation flow and could be the result of non-optimal XDC constraints or non-optimal design architecture
Related violations: <none>

TIMING-16#479 Warning
Large setup violation  
There is a large setup violation of -1.445 ns between cnt_in_reg[2]_replica_4/C (clocked by sys_clk_pin) and buf_metrics1_reg[33]/CE (clocked by sys_clk_pin). Large setup violations at the end of those stages might be difficult to fix during the post-placement implementation flow and could be the result of non-optimal XDC constraints or non-optimal design architecture
Related violations: <none>

TIMING-16#480 Warning
Large setup violation  
There is a large setup violation of -1.446 ns between cnt_in_reg[2]_replica_4/C (clocked by sys_clk_pin) and buf_metrics1_reg[14]/D (clocked by sys_clk_pin). Large setup violations at the end of those stages might be difficult to fix during the post-placement implementation flow and could be the result of non-optimal XDC constraints or non-optimal design architecture
Related violations: <none>

TIMING-16#481 Warning
Large setup violation  
There is a large setup violation of -1.448 ns between cnt_in_reg[2]_replica_4/C (clocked by sys_clk_pin) and buf_metrics0_reg[15]/CE (clocked by sys_clk_pin). Large setup violations at the end of those stages might be difficult to fix during the post-placement implementation flow and could be the result of non-optimal XDC constraints or non-optimal design architecture
Related violations: <none>

TIMING-16#482 Warning
Large setup violation  
There is a large setup violation of -1.448 ns between cnt_in_reg[2]_replica_4/C (clocked by sys_clk_pin) and buf_metrics1_reg[15]/CE (clocked by sys_clk_pin). Large setup violations at the end of those stages might be difficult to fix during the post-placement implementation flow and could be the result of non-optimal XDC constraints or non-optimal design architecture
Related violations: <none>

TIMING-16#483 Warning
Large setup violation  
There is a large setup violation of -1.449 ns between cnt_in_reg[2]_replica_4/C (clocked by sys_clk_pin) and buf_metrics1_reg[35]/CE (clocked by sys_clk_pin). Large setup violations at the end of those stages might be difficult to fix during the post-placement implementation flow and could be the result of non-optimal XDC constraints or non-optimal design architecture
Related violations: <none>

TIMING-16#484 Warning
Large setup violation  
There is a large setup violation of -1.452 ns between cnt_in_reg[2]_replica_4/C (clocked by sys_clk_pin) and buf_metrics1_reg[36]/CE (clocked by sys_clk_pin). Large setup violations at the end of those stages might be difficult to fix during the post-placement implementation flow and could be the result of non-optimal XDC constraints or non-optimal design architecture
Related violations: <none>

TIMING-16#485 Warning
Large setup violation  
There is a large setup violation of -1.454 ns between cnt_in_reg[2]_replica_4/C (clocked by sys_clk_pin) and buf_metrics0_reg[37]/CE (clocked by sys_clk_pin). Large setup violations at the end of those stages might be difficult to fix during the post-placement implementation flow and could be the result of non-optimal XDC constraints or non-optimal design architecture
Related violations: <none>

TIMING-16#486 Warning
Large setup violation  
There is a large setup violation of -1.454 ns between cnt_in_reg[2]_replica_4/C (clocked by sys_clk_pin) and buf_metrics1_reg[37]/CE (clocked by sys_clk_pin). Large setup violations at the end of those stages might be difficult to fix during the post-placement implementation flow and could be the result of non-optimal XDC constraints or non-optimal design architecture
Related violations: <none>

TIMING-16#487 Warning
Large setup violation  
There is a large setup violation of -1.454 ns between cnt_in_reg[2]_replica_4/C (clocked by sys_clk_pin) and buf_metrics1_reg[7]/CE (clocked by sys_clk_pin). Large setup violations at the end of those stages might be difficult to fix during the post-placement implementation flow and could be the result of non-optimal XDC constraints or non-optimal design architecture
Related violations: <none>

TIMING-16#488 Warning
Large setup violation  
There is a large setup violation of -1.455 ns between cnt_in_reg[2]_replica_4/C (clocked by sys_clk_pin) and buf_metrics0_reg[14]/D (clocked by sys_clk_pin). Large setup violations at the end of those stages might be difficult to fix during the post-placement implementation flow and could be the result of non-optimal XDC constraints or non-optimal design architecture
Related violations: <none>

TIMING-16#489 Warning
Large setup violation  
There is a large setup violation of -1.456 ns between cnt_in_reg[2]_replica_4/C (clocked by sys_clk_pin) and buf_metrics1_reg[14]/CE (clocked by sys_clk_pin). Large setup violations at the end of those stages might be difficult to fix during the post-placement implementation flow and could be the result of non-optimal XDC constraints or non-optimal design architecture
Related violations: <none>

TIMING-16#490 Warning
Large setup violation  
There is a large setup violation of -1.459 ns between cnt_in_reg[2]_replica_4/C (clocked by sys_clk_pin) and buf_metrics0_reg[6]/CE (clocked by sys_clk_pin). Large setup violations at the end of those stages might be difficult to fix during the post-placement implementation flow and could be the result of non-optimal XDC constraints or non-optimal design architecture
Related violations: <none>

TIMING-16#491 Warning
Large setup violation  
There is a large setup violation of -1.460 ns between cnt_in_reg[2]_replica_4/C (clocked by sys_clk_pin) and buf_metrics0_reg[26]/D (clocked by sys_clk_pin). Large setup violations at the end of those stages might be difficult to fix during the post-placement implementation flow and could be the result of non-optimal XDC constraints or non-optimal design architecture
Related violations: <none>

TIMING-16#492 Warning
Large setup violation  
There is a large setup violation of -1.464 ns between cnt_in_reg[2]_replica_4/C (clocked by sys_clk_pin) and buf_metrics1_reg[8]/CE (clocked by sys_clk_pin). Large setup violations at the end of those stages might be difficult to fix during the post-placement implementation flow and could be the result of non-optimal XDC constraints or non-optimal design architecture
Related violations: <none>

TIMING-16#493 Warning
Large setup violation  
There is a large setup violation of -1.465 ns between cnt_in_reg[2]_replica_4/C (clocked by sys_clk_pin) and buf_metrics0_reg[8]/D (clocked by sys_clk_pin). Large setup violations at the end of those stages might be difficult to fix during the post-placement implementation flow and could be the result of non-optimal XDC constraints or non-optimal design architecture
Related violations: <none>

TIMING-16#494 Warning
Large setup violation  
There is a large setup violation of -1.469 ns between cnt_in_reg[2]_replica_4/C (clocked by sys_clk_pin) and buf_metrics0_reg[8]/CE (clocked by sys_clk_pin). Large setup violations at the end of those stages might be difficult to fix during the post-placement implementation flow and could be the result of non-optimal XDC constraints or non-optimal design architecture
Related violations: <none>

TIMING-16#495 Warning
Large setup violation  
There is a large setup violation of -1.471 ns between cnt_in_reg[2]_replica_4/C (clocked by sys_clk_pin) and buf_metrics0_reg[9]/CE (clocked by sys_clk_pin). Large setup violations at the end of those stages might be difficult to fix during the post-placement implementation flow and could be the result of non-optimal XDC constraints or non-optimal design architecture
Related violations: <none>

TIMING-16#496 Warning
Large setup violation  
There is a large setup violation of -1.475 ns between cnt_in_reg[2]_replica_4/C (clocked by sys_clk_pin) and buf_metrics1_reg[31]/D (clocked by sys_clk_pin). Large setup violations at the end of those stages might be difficult to fix during the post-placement implementation flow and could be the result of non-optimal XDC constraints or non-optimal design architecture
Related violations: <none>

TIMING-16#497 Warning
Large setup violation  
There is a large setup violation of -1.478 ns between cnt_in_reg[2]_replica_4/C (clocked by sys_clk_pin) and buf_metrics0_reg[7]/CE (clocked by sys_clk_pin). Large setup violations at the end of those stages might be difficult to fix during the post-placement implementation flow and could be the result of non-optimal XDC constraints or non-optimal design architecture
Related violations: <none>

TIMING-16#498 Warning
Large setup violation  
There is a large setup violation of -1.482 ns between cnt_in_reg[2]_replica_4/C (clocked by sys_clk_pin) and buf_metrics1_reg[29]/D (clocked by sys_clk_pin). Large setup violations at the end of those stages might be difficult to fix during the post-placement implementation flow and could be the result of non-optimal XDC constraints or non-optimal design architecture
Related violations: <none>

TIMING-16#499 Warning
Large setup violation  
There is a large setup violation of -1.488 ns between cnt_in_reg[2]_replica_4/C (clocked by sys_clk_pin) and buf_metrics1_reg[19]/CE (clocked by sys_clk_pin). Large setup violations at the end of those stages might be difficult to fix during the post-placement implementation flow and could be the result of non-optimal XDC constraints or non-optimal design architecture
Related violations: <none>

TIMING-16#500 Warning
Large setup violation  
There is a large setup violation of -1.515 ns between cnt_in_reg[2]_replica_4/C (clocked by sys_clk_pin) and buf_metrics1_reg[15]/D (clocked by sys_clk_pin). Large setup violations at the end of those stages might be difficult to fix during the post-placement implementation flow and could be the result of non-optimal XDC constraints or non-optimal design architecture
Related violations: <none>

TIMING-16#501 Warning
Large setup violation  
There is a large setup violation of -1.532 ns between cnt_in_reg[2]_replica_4/C (clocked by sys_clk_pin) and buf_metrics1_reg[22]/CE (clocked by sys_clk_pin). Large setup violations at the end of those stages might be difficult to fix during the post-placement implementation flow and could be the result of non-optimal XDC constraints or non-optimal design architecture
Related violations: <none>

TIMING-16#502 Warning
Large setup violation  
There is a large setup violation of -1.532 ns between cnt_in_reg[2]_replica_4/C (clocked by sys_clk_pin) and buf_metrics1_reg[23]/CE (clocked by sys_clk_pin). Large setup violations at the end of those stages might be difficult to fix during the post-placement implementation flow and could be the result of non-optimal XDC constraints or non-optimal design architecture
Related violations: <none>

TIMING-16#503 Warning
Large setup violation  
There is a large setup violation of -1.536 ns between cnt_in_reg[2]_replica_4/C (clocked by sys_clk_pin) and buf_metrics0_reg[22]/CE (clocked by sys_clk_pin). Large setup violations at the end of those stages might be difficult to fix during the post-placement implementation flow and could be the result of non-optimal XDC constraints or non-optimal design architecture
Related violations: <none>

TIMING-16#504 Warning
Large setup violation  
There is a large setup violation of -1.546 ns between cnt_in_reg[2]_replica_4/C (clocked by sys_clk_pin) and buf_metrics0_reg[37]/D (clocked by sys_clk_pin). Large setup violations at the end of those stages might be difficult to fix during the post-placement implementation flow and could be the result of non-optimal XDC constraints or non-optimal design architecture
Related violations: <none>

TIMING-16#505 Warning
Large setup violation  
There is a large setup violation of -1.558 ns between cnt_in_reg[2]_replica_4/C (clocked by sys_clk_pin) and buf_metrics0_reg[14]/CE (clocked by sys_clk_pin). Large setup violations at the end of those stages might be difficult to fix during the post-placement implementation flow and could be the result of non-optimal XDC constraints or non-optimal design architecture
Related violations: <none>

TIMING-18#1 Warning
Missing input or output delay  
An input delay is missing on i_label1[0] relative to clock(s) sys_clk_pin
Related violations: <none>

TIMING-18#2 Warning
Missing input or output delay  
An input delay is missing on i_label1[10] relative to clock(s) sys_clk_pin
Related violations: <none>

TIMING-18#3 Warning
Missing input or output delay  
An input delay is missing on i_label1[11] relative to clock(s) sys_clk_pin
Related violations: <none>

TIMING-18#4 Warning
Missing input or output delay  
An input delay is missing on i_label1[12] relative to clock(s) sys_clk_pin
Related violations: <none>

TIMING-18#5 Warning
Missing input or output delay  
An input delay is missing on i_label1[13] relative to clock(s) sys_clk_pin
Related violations: <none>

TIMING-18#6 Warning
Missing input or output delay  
An input delay is missing on i_label1[14] relative to clock(s) sys_clk_pin
Related violations: <none>

TIMING-18#7 Warning
Missing input or output delay  
An input delay is missing on i_label1[15] relative to clock(s) sys_clk_pin
Related violations: <none>

TIMING-18#8 Warning
Missing input or output delay  
An input delay is missing on i_label1[1] relative to clock(s) sys_clk_pin
Related violations: <none>

TIMING-18#9 Warning
Missing input or output delay  
An input delay is missing on i_label1[2] relative to clock(s) sys_clk_pin
Related violations: <none>

TIMING-18#10 Warning
Missing input or output delay  
An input delay is missing on i_label1[3] relative to clock(s) sys_clk_pin
Related violations: <none>

TIMING-18#11 Warning
Missing input or output delay  
An input delay is missing on i_label1[4] relative to clock(s) sys_clk_pin
Related violations: <none>

TIMING-18#12 Warning
Missing input or output delay  
An input delay is missing on i_label1[5] relative to clock(s) sys_clk_pin
Related violations: <none>

TIMING-18#13 Warning
Missing input or output delay  
An input delay is missing on i_label1[6] relative to clock(s) sys_clk_pin
Related violations: <none>

TIMING-18#14 Warning
Missing input or output delay  
An input delay is missing on i_label1[7] relative to clock(s) sys_clk_pin
Related violations: <none>

TIMING-18#15 Warning
Missing input or output delay  
An input delay is missing on i_label1[8] relative to clock(s) sys_clk_pin
Related violations: <none>

TIMING-18#16 Warning
Missing input or output delay  
An input delay is missing on i_label1[9] relative to clock(s) sys_clk_pin
Related violations: <none>

TIMING-18#17 Warning
Missing input or output delay  
An input delay is missing on i_label[0] relative to clock(s) sys_clk_pin
Related violations: <none>

TIMING-18#18 Warning
Missing input or output delay  
An input delay is missing on i_label[10] relative to clock(s) sys_clk_pin
Related violations: <none>

TIMING-18#19 Warning
Missing input or output delay  
An input delay is missing on i_label[11] relative to clock(s) sys_clk_pin
Related violations: <none>

TIMING-18#20 Warning
Missing input or output delay  
An input delay is missing on i_label[12] relative to clock(s) sys_clk_pin
Related violations: <none>

TIMING-18#21 Warning
Missing input or output delay  
An input delay is missing on i_label[13] relative to clock(s) sys_clk_pin
Related violations: <none>

TIMING-18#22 Warning
Missing input or output delay  
An input delay is missing on i_label[14] relative to clock(s) sys_clk_pin
Related violations: <none>

TIMING-18#23 Warning
Missing input or output delay  
An input delay is missing on i_label[15] relative to clock(s) sys_clk_pin
Related violations: <none>

TIMING-18#24 Warning
Missing input or output delay  
An input delay is missing on i_label[1] relative to clock(s) sys_clk_pin
Related violations: <none>

TIMING-18#25 Warning
Missing input or output delay  
An input delay is missing on i_label[2] relative to clock(s) sys_clk_pin
Related violations: <none>

TIMING-18#26 Warning
Missing input or output delay  
An input delay is missing on i_label[3] relative to clock(s) sys_clk_pin
Related violations: <none>

TIMING-18#27 Warning
Missing input or output delay  
An input delay is missing on i_label[4] relative to clock(s) sys_clk_pin
Related violations: <none>

TIMING-18#28 Warning
Missing input or output delay  
An input delay is missing on i_label[5] relative to clock(s) sys_clk_pin
Related violations: <none>

TIMING-18#29 Warning
Missing input or output delay  
An input delay is missing on i_label[6] relative to clock(s) sys_clk_pin
Related violations: <none>

TIMING-18#30 Warning
Missing input or output delay  
An input delay is missing on i_label[7] relative to clock(s) sys_clk_pin
Related violations: <none>

TIMING-18#31 Warning
Missing input or output delay  
An input delay is missing on i_label[8] relative to clock(s) sys_clk_pin
Related violations: <none>

TIMING-18#32 Warning
Missing input or output delay  
An input delay is missing on i_label[9] relative to clock(s) sys_clk_pin
Related violations: <none>

TIMING-18#33 Warning
Missing input or output delay  
An input delay is missing on i_metric1[0] relative to clock(s) sys_clk_pin
Related violations: <none>

TIMING-18#34 Warning
Missing input or output delay  
An input delay is missing on i_metric1[1] relative to clock(s) sys_clk_pin
Related violations: <none>

TIMING-18#35 Warning
Missing input or output delay  
An input delay is missing on i_metric1[2] relative to clock(s) sys_clk_pin
Related violations: <none>

TIMING-18#36 Warning
Missing input or output delay  
An input delay is missing on i_metric1[3] relative to clock(s) sys_clk_pin
Related violations: <none>

TIMING-18#37 Warning
Missing input or output delay  
An input delay is missing on i_metric1[4] relative to clock(s) sys_clk_pin
Related violations: <none>

TIMING-18#38 Warning
Missing input or output delay  
An input delay is missing on i_metric1[5] relative to clock(s) sys_clk_pin
Related violations: <none>

TIMING-18#39 Warning
Missing input or output delay  
An input delay is missing on i_metric1[6] relative to clock(s) sys_clk_pin
Related violations: <none>

TIMING-18#40 Warning
Missing input or output delay  
An input delay is missing on i_metric1[7] relative to clock(s) sys_clk_pin
Related violations: <none>

TIMING-18#41 Warning
Missing input or output delay  
An input delay is missing on i_metric1[8] relative to clock(s) sys_clk_pin
Related violations: <none>

TIMING-18#42 Warning
Missing input or output delay  
An input delay is missing on i_metric1[9] relative to clock(s) sys_clk_pin
Related violations: <none>

TIMING-18#43 Warning
Missing input or output delay  
An input delay is missing on i_metric[0] relative to clock(s) sys_clk_pin
Related violations: <none>

TIMING-18#44 Warning
Missing input or output delay  
An input delay is missing on i_metric[1] relative to clock(s) sys_clk_pin
Related violations: <none>

TIMING-18#45 Warning
Missing input or output delay  
An input delay is missing on i_metric[2] relative to clock(s) sys_clk_pin
Related violations: <none>

TIMING-18#46 Warning
Missing input or output delay  
An input delay is missing on i_metric[3] relative to clock(s) sys_clk_pin
Related violations: <none>

TIMING-18#47 Warning
Missing input or output delay  
An input delay is missing on i_metric[4] relative to clock(s) sys_clk_pin
Related violations: <none>

TIMING-18#48 Warning
Missing input or output delay  
An input delay is missing on i_metric[5] relative to clock(s) sys_clk_pin
Related violations: <none>

TIMING-18#49 Warning
Missing input or output delay  
An input delay is missing on i_metric[6] relative to clock(s) sys_clk_pin
Related violations: <none>

TIMING-18#50 Warning
Missing input or output delay  
An input delay is missing on i_metric[7] relative to clock(s) sys_clk_pin
Related violations: <none>

TIMING-18#51 Warning
Missing input or output delay  
An input delay is missing on i_metric[8] relative to clock(s) sys_clk_pin
Related violations: <none>

TIMING-18#52 Warning
Missing input or output delay  
An input delay is missing on i_metric[9] relative to clock(s) sys_clk_pin
Related violations: <none>

TIMING-18#53 Warning
Missing input or output delay  
An input delay is missing on i_valid relative to clock(s) sys_clk_pin
Related violations: <none>

TIMING-18#54 Warning
Missing input or output delay  
An output delay is missing on o_label[0] relative to clock(s) sys_clk_pin
Related violations: <none>

TIMING-18#55 Warning
Missing input or output delay  
An output delay is missing on o_label[10] relative to clock(s) sys_clk_pin
Related violations: <none>

TIMING-18#56 Warning
Missing input or output delay  
An output delay is missing on o_label[11] relative to clock(s) sys_clk_pin
Related violations: <none>

TIMING-18#57 Warning
Missing input or output delay  
An output delay is missing on o_label[12] relative to clock(s) sys_clk_pin
Related violations: <none>

TIMING-18#58 Warning
Missing input or output delay  
An output delay is missing on o_label[13] relative to clock(s) sys_clk_pin
Related violations: <none>

TIMING-18#59 Warning
Missing input or output delay  
An output delay is missing on o_label[14] relative to clock(s) sys_clk_pin
Related violations: <none>

TIMING-18#60 Warning
Missing input or output delay  
An output delay is missing on o_label[15] relative to clock(s) sys_clk_pin
Related violations: <none>

TIMING-18#61 Warning
Missing input or output delay  
An output delay is missing on o_label[16] relative to clock(s) sys_clk_pin
Related violations: <none>

TIMING-18#62 Warning
Missing input or output delay  
An output delay is missing on o_label[17] relative to clock(s) sys_clk_pin
Related violations: <none>

TIMING-18#63 Warning
Missing input or output delay  
An output delay is missing on o_label[18] relative to clock(s) sys_clk_pin
Related violations: <none>

TIMING-18#64 Warning
Missing input or output delay  
An output delay is missing on o_label[19] relative to clock(s) sys_clk_pin
Related violations: <none>

TIMING-18#65 Warning
Missing input or output delay  
An output delay is missing on o_label[1] relative to clock(s) sys_clk_pin
Related violations: <none>

TIMING-18#66 Warning
Missing input or output delay  
An output delay is missing on o_label[20] relative to clock(s) sys_clk_pin
Related violations: <none>

TIMING-18#67 Warning
Missing input or output delay  
An output delay is missing on o_label[21] relative to clock(s) sys_clk_pin
Related violations: <none>

TIMING-18#68 Warning
Missing input or output delay  
An output delay is missing on o_label[22] relative to clock(s) sys_clk_pin
Related violations: <none>

TIMING-18#69 Warning
Missing input or output delay  
An output delay is missing on o_label[23] relative to clock(s) sys_clk_pin
Related violations: <none>

TIMING-18#70 Warning
Missing input or output delay  
An output delay is missing on o_label[24] relative to clock(s) sys_clk_pin
Related violations: <none>

TIMING-18#71 Warning
Missing input or output delay  
An output delay is missing on o_label[25] relative to clock(s) sys_clk_pin
Related violations: <none>

TIMING-18#72 Warning
Missing input or output delay  
An output delay is missing on o_label[26] relative to clock(s) sys_clk_pin
Related violations: <none>

TIMING-18#73 Warning
Missing input or output delay  
An output delay is missing on o_label[27] relative to clock(s) sys_clk_pin
Related violations: <none>

TIMING-18#74 Warning
Missing input or output delay  
An output delay is missing on o_label[28] relative to clock(s) sys_clk_pin
Related violations: <none>

TIMING-18#75 Warning
Missing input or output delay  
An output delay is missing on o_label[29] relative to clock(s) sys_clk_pin
Related violations: <none>

TIMING-18#76 Warning
Missing input or output delay  
An output delay is missing on o_label[2] relative to clock(s) sys_clk_pin
Related violations: <none>

TIMING-18#77 Warning
Missing input or output delay  
An output delay is missing on o_label[30] relative to clock(s) sys_clk_pin
Related violations: <none>

TIMING-18#78 Warning
Missing input or output delay  
An output delay is missing on o_label[31] relative to clock(s) sys_clk_pin
Related violations: <none>

TIMING-18#79 Warning
Missing input or output delay  
An output delay is missing on o_label[3] relative to clock(s) sys_clk_pin
Related violations: <none>

TIMING-18#80 Warning
Missing input or output delay  
An output delay is missing on o_label[4] relative to clock(s) sys_clk_pin
Related violations: <none>

TIMING-18#81 Warning
Missing input or output delay  
An output delay is missing on o_label[5] relative to clock(s) sys_clk_pin
Related violations: <none>

TIMING-18#82 Warning
Missing input or output delay  
An output delay is missing on o_label[6] relative to clock(s) sys_clk_pin
Related violations: <none>

TIMING-18#83 Warning
Missing input or output delay  
An output delay is missing on o_label[7] relative to clock(s) sys_clk_pin
Related violations: <none>

TIMING-18#84 Warning
Missing input or output delay  
An output delay is missing on o_label[8] relative to clock(s) sys_clk_pin
Related violations: <none>

TIMING-18#85 Warning
Missing input or output delay  
An output delay is missing on o_label[9] relative to clock(s) sys_clk_pin
Related violations: <none>

TIMING-18#86 Warning
Missing input or output delay  
An output delay is missing on o_metric[0] relative to clock(s) sys_clk_pin
Related violations: <none>

TIMING-18#87 Warning
Missing input or output delay  
An output delay is missing on o_metric[1] relative to clock(s) sys_clk_pin
Related violations: <none>

TIMING-18#88 Warning
Missing input or output delay  
An output delay is missing on o_metric[2] relative to clock(s) sys_clk_pin
Related violations: <none>

TIMING-18#89 Warning
Missing input or output delay  
An output delay is missing on o_metric[3] relative to clock(s) sys_clk_pin
Related violations: <none>

TIMING-18#90 Warning
Missing input or output delay  
An output delay is missing on o_metric[4] relative to clock(s) sys_clk_pin
Related violations: <none>

TIMING-18#91 Warning
Missing input or output delay  
An output delay is missing on o_metric[5] relative to clock(s) sys_clk_pin
Related violations: <none>

TIMING-18#92 Warning
Missing input or output delay  
An output delay is missing on o_metric[6] relative to clock(s) sys_clk_pin
Related violations: <none>

TIMING-18#93 Warning
Missing input or output delay  
An output delay is missing on o_metric[7] relative to clock(s) sys_clk_pin
Related violations: <none>

TIMING-18#94 Warning
Missing input or output delay  
An output delay is missing on o_metric[8] relative to clock(s) sys_clk_pin
Related violations: <none>

TIMING-18#95 Warning
Missing input or output delay  
An output delay is missing on o_metric[9] relative to clock(s) sys_clk_pin
Related violations: <none>

TIMING-18#96 Warning
Missing input or output delay  
An output delay is missing on o_valid relative to clock(s) sys_clk_pin
Related violations: <none>


