Copyright 1986-2022 Xilinx, Inc. All Rights Reserved.
-----------------------------------------------------------------------------------------------------------------------------------------------------------------------------------------------------------------------------------------------------
| Tool Version      : Vivado v.2022.1 (win64) Build 3526262 Mon Apr 18 15:48:16 MDT 2022
| Date              : Sat May  2 18:33:02 2026
| Host              : feduuk running 64-bit major release  (build 9200)
| Command           : report_timing_summary -max_paths 10 -report_unconstrained -file wp_full_sum_lists_timing_summary_routed.rpt -pb wp_full_sum_lists_timing_summary_routed.pb -rpx wp_full_sum_lists_timing_summary_routed.rpx -warn_on_violation
| Design            : wp_full_sum_lists
| Device            : xcku035-fbva676
| Speed File        : -1  PRODUCTION 1.25 12-04-2018
| Temperature Grade : I
-----------------------------------------------------------------------------------------------------------------------------------------------------------------------------------------------------------------------------------------------------

Timing Summary Report

------------------------------------------------------------------------------------------------
| Timer Settings
| --------------
------------------------------------------------------------------------------------------------

  Enable Multi Corner Analysis               :  Yes
  Enable Pessimism Removal                   :  Yes
  Pessimism Removal Resolution               :  Nearest Common Node
  Enable Input Delay Default Clock           :  No
  Enable Preset / Clear Arcs                 :  No
  Disable Flight Delays                      :  No
  Ignore I/O Paths                           :  No
  Timing Early Launch at Borrowing Latches   :  No
  Borrow Time for Max Delay Exceptions       :  Yes
  Merge Timing Exceptions                    :  Yes

  Corner  Analyze    Analyze    
  Name    Max Paths  Min Paths  
  ------  ---------  ---------  
  Slow    Yes        Yes        
  Fast    Yes        Yes        


------------------------------------------------------------------------------------------------
| Report Methodology
| ------------------
------------------------------------------------------------------------------------------------

Rule       Severity  Description                    Violations  
---------  --------  -----------------------------  ----------  
TIMING-16  Warning   Large setup violation          505         
TIMING-18  Warning   Missing input or output delay  96          

Note: This report is based on the most recent report_methodology run and may not be up-to-date. Run report_methodology on the current design for the latest report.



check_timing report

Table of Contents
-----------------
1. checking no_clock (0)
2. checking constant_clock (0)
3. checking pulse_width_clock (0)
4. checking unconstrained_internal_endpoints (0)
5. checking no_input_delay (53)
6. checking no_output_delay (43)
7. checking multiple_clock (0)
8. checking generated_clocks (0)
9. checking loops (0)
10. checking partial_input_delay (0)
11. checking partial_output_delay (0)
12. checking latch_loops (0)

1. checking no_clock (0)
------------------------
 There are 0 register/latch pins with no clock.


2. checking constant_clock (0)
------------------------------
 There are 0 register/latch pins with constant_clock.


3. checking pulse_width_clock (0)
---------------------------------
 There are 0 register/latch pins which need pulse_width check


4. checking unconstrained_internal_endpoints (0)
------------------------------------------------
 There are 0 pins that are not constrained for maximum delay.

 There are 0 pins that are not constrained for maximum delay due to constant clock.


5. checking no_input_delay (53)
-------------------------------
 There are 53 input ports with no input delay specified. (HIGH)

 There are 0 input ports with no input delay but user has a false path constraint.


6. checking no_output_delay (43)
--------------------------------
 There are 43 ports with no output delay specified. (HIGH)

 There are 0 ports with no output delay but user has a false path constraint

 There are 0 ports with no output delay but with a timing clock defined on it or propagating through it


7. checking multiple_clock (0)
------------------------------
 There are 0 register/latch pins with multiple clocks.


8. checking generated_clocks (0)
--------------------------------
 There are 0 generated clocks that are not connected to a clock source.


9. checking loops (0)
---------------------
 There are 0 combinational loops in the design.


10. checking partial_input_delay (0)
------------------------------------
 There are 0 input ports with partial input delay specified.


11. checking partial_output_delay (0)
-------------------------------------
 There are 0 ports with partial output delay specified.


12. checking latch_loops (0)
----------------------------
 There are 0 combinational latch loops in the design through latch input



------------------------------------------------------------------------------------------------
| Design Timing Summary
| ---------------------
------------------------------------------------------------------------------------------------

    WNS(ns)      TNS(ns)  TNS Failing Endpoints  TNS Total Endpoints      WHS(ns)      THS(ns)  THS Failing Endpoints  THS Total Endpoints     WPWS(ns)     TPWS(ns)  TPWS Failing Endpoints  TPWS Total Endpoints  
    -------      -------  ---------------------  -------------------      -------      -------  ---------------------  -------------------     --------     --------  ----------------------  --------------------  
     -1.558    -3031.811                   4351                 4843        0.019        0.000                      0                 4843       -0.587      -46.511                     130                  3918  


Timing constraints are not met.


------------------------------------------------------------------------------------------------
| Clock Summary
| -------------
------------------------------------------------------------------------------------------------

Clock        Waveform(ns)         Period(ns)      Frequency(MHz)
-----        ------------         ----------      --------------
sys_clk_pin  {0.000 0.500}        1.000           1000.000        


------------------------------------------------------------------------------------------------
| Intra Clock Table
| -----------------
------------------------------------------------------------------------------------------------

Clock             WNS(ns)      TNS(ns)  TNS Failing Endpoints  TNS Total Endpoints      WHS(ns)      THS(ns)  THS Failing Endpoints  THS Total Endpoints     WPWS(ns)     TPWS(ns)  TPWS Failing Endpoints  TPWS Total Endpoints  
-----             -------      -------  ---------------------  -------------------      -------      -------  ---------------------  -------------------     --------     --------  ----------------------  --------------------  
sys_clk_pin        -1.558    -3031.811                   4351                 4843        0.019        0.000                      0                 4843       -0.587      -46.511                     130                  3918  


------------------------------------------------------------------------------------------------
| Inter Clock Table
| -----------------
------------------------------------------------------------------------------------------------

From Clock    To Clock          WNS(ns)      TNS(ns)  TNS Failing Endpoints  TNS Total Endpoints      WHS(ns)      THS(ns)  THS Failing Endpoints  THS Total Endpoints  
----------    --------          -------      -------  ---------------------  -------------------      -------      -------  ---------------------  -------------------  


------------------------------------------------------------------------------------------------
| Other Path Groups Table
| -----------------------
------------------------------------------------------------------------------------------------

Path Group    From Clock    To Clock          WNS(ns)      TNS(ns)  TNS Failing Endpoints  TNS Total Endpoints      WHS(ns)      THS(ns)  THS Failing Endpoints  THS Total Endpoints  
----------    ----------    --------          -------      -------  ---------------------  -------------------      -------      -------  ---------------------  -------------------  


------------------------------------------------------------------------------------------------
| User Ignored Path Table
| -----------------------
------------------------------------------------------------------------------------------------

Path Group    From Clock    To Clock    
----------    ----------    --------    


------------------------------------------------------------------------------------------------
| Unconstrained Path Table
| ------------------------
------------------------------------------------------------------------------------------------

Path Group    From Clock    To Clock    
----------    ----------    --------    
(none)        sys_clk_pin                 
(none)                      sys_clk_pin   


------------------------------------------------------------------------------------------------
| Timing Details
| --------------
------------------------------------------------------------------------------------------------


---------------------------------------------------------------------------------------------------
From Clock:  sys_clk_pin
  To Clock:  sys_clk_pin

Setup :         4351  Failing Endpoints,  Worst Slack       -1.558ns,  Total Violation    -3031.811ns
Hold  :            0  Failing Endpoints,  Worst Slack        0.019ns,  Total Violation        0.000ns
PW    :          130  Failing Endpoints,  Worst Slack       -0.587ns,  Total Violation      -46.511ns
---------------------------------------------------------------------------------------------------


Max Delay Paths
--------------------------------------------------------------------------------------
Slack (VIOLATED) :        -1.558ns  (required time - arrival time)
  Source:                 cnt_in_reg[2]_replica_4/C
                            (rising edge-triggered cell FDRE clocked by sys_clk_pin  {rise@0.000ns fall@0.500ns period=1.000ns})
  Destination:            buf_metrics0_reg[14]/CE
                            (rising edge-triggered cell FDRE clocked by sys_clk_pin  {rise@0.000ns fall@0.500ns period=1.000ns})
  Path Group:             sys_clk_pin
  Path Type:              Setup (Max at Slow Process Corner)
  Requirement:            1.000ns  (sys_clk_pin rise@1.000ns - sys_clk_pin rise@0.000ns)
  Data Path Delay:        2.414ns  (logic 0.974ns (40.348%)  route 1.440ns (59.652%))
  Logic Levels:           5  (CARRY8=1 LUT2=1 LUT3=1 LUT5=1 LUT6=1)
  Clock Path Skew:        -0.054ns (DCD - SCD + CPR)
    Destination Clock Delay (DCD):    3.727ns = ( 4.727 - 1.000 ) 
    Source Clock Delay      (SCD):    4.389ns
    Clock Pessimism Removal (CPR):    0.608ns
  Clock Uncertainty:      0.035ns  ((TSJ^2 + TIJ^2)^1/2 + DJ) / 2 + PE
    Total System Jitter     (TSJ):    0.071ns
    Total Input Jitter      (TIJ):    0.000ns
    Discrete Jitter          (DJ):    0.000ns
    Phase Error              (PE):    0.000ns
  Clock Net Delay (Source):      2.340ns (routing 0.756ns, distribution 1.584ns)
  Clock Net Delay (Destination): 2.152ns (routing 0.696ns, distribution 1.456ns)

    Location             Delay type                Incr(ns)  Path(ns)    Netlist Resource(s)
  -------------------------------------------------------------------    -------------------
                         (clock sys_clk_pin rise edge)
                                                      0.000     0.000 r  
    AA13                                              0.000     0.000 r  clk (IN)
                         net (fo=0)                   0.000     0.000    clk_IBUF_inst/I
    AA13                 INBUF (Prop_INBUF_HRIO_PAD_O)
                                                      0.955     0.955 r  clk_IBUF_inst/INBUF_INST/O
                         net (fo=1, routed)           0.105     1.060    clk_IBUF_inst/OUT
    AA13                 IBUFCTRL (Prop_IBUFCTRL_HRIO_I_O)
                                                      0.049     1.109 r  clk_IBUF_inst/IBUFCTRL_INST/O
                         net (fo=1, routed)           0.839     1.948    clk_IBUF
    BUFGCE_X1Y0          BUFGCE (Prop_BUFCE_BUFGCE_I_O)
                                                      0.101     2.049 r  clk_IBUF_BUFG_inst/O
    X2Y1 (CLOCK_ROOT)    net (fo=3917, routed)        2.340     4.389    clk_IBUF_BUFG
    SLICE_X75Y130        FDRE                                         r  cnt_in_reg[2]_replica_4/C
  -------------------------------------------------------------------    -------------------
    SLICE_X75Y130        FDRE (Prop_DFF_SLICEM_C_Q)
                                                      0.139     4.528 r  cnt_in_reg[2]_replica_4/Q
                         net (fo=26, routed)          0.302     4.830    cnt_in[2]_repN_4
    SLICE_X75Y128        LUT2 (Prop_C5LUT_SLICEM_I0_O)
                                                      0.191     5.021 r  buf_metrics0[39]_i_11/O
                         net (fo=1, routed)           0.000     5.021    buf_labels01[7]
    SLICE_X75Y128        CARRY8 (Prop_CARRY8_SLICEM_DI[2]_O[5])
                                                      0.332     5.353 f  buf_metrics0_reg[39]_i_3/O[5]
                         net (fo=2, routed)           0.232     5.585    buf_metrics0_reg[39]_i_3_n_10
    SLICE_X75Y127        LUT5 (Prop_A6LUT_SLICEM_I2_O)
                                                      0.167     5.752 r  buf_metrics0[7]_i_3/O
                         net (fo=47, routed)          0.122     5.874    buf_metrics0[7]_i_3_n_0
    SLICE_X75Y127        LUT3 (Prop_C6LUT_SLICEM_I2_O)
                                                      0.090     5.964 r  buf_metrics0[23]_i_3/O
                         net (fo=10, routed)          0.311     6.275    buf_metrics0[23]_i_3_n_0
    SLICE_X76Y125        LUT6 (Prop_F6LUT_SLICEM_I2_O)
                                                      0.055     6.330 r  buf_metrics0[15]_i_1/O
                         net (fo=4, routed)           0.473     6.803    buf_metrics0[15]
    SLICE_X77Y124        FDRE                                         r  buf_metrics0_reg[14]/CE
  -------------------------------------------------------------------    -------------------

                         (clock sys_clk_pin rise edge)
                                                      1.000     1.000 r  
    AA13                                              0.000     1.000 r  clk (IN)
                         net (fo=0)                   0.000     1.000    clk_IBUF_inst/I
    AA13                 INBUF (Prop_INBUF_HRIO_PAD_O)
                                                      0.662     1.662 r  clk_IBUF_inst/INBUF_INST/O
                         net (fo=1, routed)           0.066     1.728    clk_IBUF_inst/OUT
    AA13                 IBUFCTRL (Prop_IBUFCTRL_HRIO_I_O)
                                                      0.034     1.762 r  clk_IBUF_inst/IBUFCTRL_INST/O
                         net (fo=1, routed)           0.722     2.484    clk_IBUF
    BUFGCE_X1Y0          BUFGCE (Prop_BUFCE_BUFGCE_I_O)
                                                      0.091     2.575 r  clk_IBUF_BUFG_inst/O
    X2Y1 (CLOCK_ROOT)    net (fo=3917, routed)        2.152     4.727    clk_IBUF_BUFG
    SLICE_X77Y124        FDRE                                         r  buf_metrics0_reg[14]/C
                         clock pessimism              0.608     5.335    
                         clock uncertainty           -0.035     5.300    
    SLICE_X77Y124        FDRE (Setup_CFF2_SLICEL_C_CE)
                                                     -0.055     5.245    buf_metrics0_reg[14]
  -------------------------------------------------------------------
                         required time                          5.245    
                         arrival time                          -6.803    
  -------------------------------------------------------------------
                         slack                                 -1.558    

Slack (VIOLATED) :        -1.546ns  (required time - arrival time)
  Source:                 cnt_in_reg[2]_replica_4/C
                            (rising edge-triggered cell FDRE clocked by sys_clk_pin  {rise@0.000ns fall@0.500ns period=1.000ns})
  Destination:            buf_metrics0_reg[37]/D
                            (rising edge-triggered cell FDRE clocked by sys_clk_pin  {rise@0.000ns fall@0.500ns period=1.000ns})
  Path Group:             sys_clk_pin
  Path Type:              Setup (Max at Slow Process Corner)
  Requirement:            1.000ns  (sys_clk_pin rise@1.000ns - sys_clk_pin rise@0.000ns)
  Data Path Delay:        2.406ns  (logic 1.148ns (47.714%)  route 1.258ns (52.286%))
  Logic Levels:           5  (CARRY8=1 LUT2=1 LUT5=1 LUT6=2)
  Clock Path Skew:        -0.170ns (DCD - SCD + CPR)
    Destination Clock Delay (DCD):    3.610ns = ( 4.610 - 1.000 ) 
    Source Clock Delay      (SCD):    4.389ns
    Clock Pessimism Removal (CPR):    0.609ns
  Clock Uncertainty:      0.035ns  ((TSJ^2 + TIJ^2)^1/2 + DJ) / 2 + PE
    Total System Jitter     (TSJ):    0.071ns
    Total Input Jitter      (TIJ):    0.000ns
    Discrete Jitter          (DJ):    0.000ns
    Phase Error              (PE):    0.000ns
  Clock Net Delay (Source):      2.340ns (routing 0.756ns, distribution 1.584ns)
  Clock Net Delay (Destination): 2.035ns (routing 0.696ns, distribution 1.339ns)

    Location             Delay type                Incr(ns)  Path(ns)    Netlist Resource(s)
  -------------------------------------------------------------------    -------------------
                         (clock sys_clk_pin rise edge)
                                                      0.000     0.000 r  
    AA13                                              0.000     0.000 r  clk (IN)
                         net (fo=0)                   0.000     0.000    clk_IBUF_inst/I
    AA13                 INBUF (Prop_INBUF_HRIO_PAD_O)
                                                      0.955     0.955 r  clk_IBUF_inst/INBUF_INST/O
                         net (fo=1, routed)           0.105     1.060    clk_IBUF_inst/OUT
    AA13                 IBUFCTRL (Prop_IBUFCTRL_HRIO_I_O)
                                                      0.049     1.109 r  clk_IBUF_inst/IBUFCTRL_INST/O
                         net (fo=1, routed)           0.839     1.948    clk_IBUF
    BUFGCE_X1Y0          BUFGCE (Prop_BUFCE_BUFGCE_I_O)
                                                      0.101     2.049 r  clk_IBUF_BUFG_inst/O
    X2Y1 (CLOCK_ROOT)    net (fo=3917, routed)        2.340     4.389    clk_IBUF_BUFG
    SLICE_X75Y130        FDRE                                         r  cnt_in_reg[2]_replica_4/C
  -------------------------------------------------------------------    -------------------
    SLICE_X75Y130        FDRE (Prop_DFF_SLICEM_C_Q)
                                                      0.139     4.528 r  cnt_in_reg[2]_replica_4/Q
                         net (fo=26, routed)          0.302     4.830    cnt_in[2]_repN_4
    SLICE_X75Y128        LUT2 (Prop_C5LUT_SLICEM_I0_O)
                                                      0.191     5.021 r  buf_metrics0[39]_i_11/O
                         net (fo=1, routed)           0.000     5.021    buf_labels01[7]
    SLICE_X75Y128        CARRY8 (Prop_CARRY8_SLICEM_DI[2]_O[5])
                                                      0.332     5.353 f  buf_metrics0_reg[39]_i_3/O[5]
                         net (fo=2, routed)           0.232     5.585    buf_metrics0_reg[39]_i_3_n_10
    SLICE_X75Y127        LUT5 (Prop_A6LUT_SLICEM_I2_O)
                                                      0.167     5.752 r  buf_metrics0[7]_i_3/O
                         net (fo=47, routed)          0.133     5.885    buf_metrics0[7]_i_3_n_0
    SLICE_X75Y127        LUT6 (Prop_H6LUT_SLICEM_I2_O)
                                                      0.173     6.058 r  buf_metrics0[37]_i_3/O
                         net (fo=5, routed)           0.191     6.249    buf_metrics0[37]_i_3_n_0
    SLICE_X74Y127        LUT6 (Prop_D6LUT_SLICEL_I0_O)
                                                      0.146     6.395 r  buf_metrics0[37]_i_2/O
                         net (fo=1, routed)           0.400     6.795    buf_metrics0[37]_i_2_n_0
    SLICE_X74Y126        FDRE                                         r  buf_metrics0_reg[37]/D
  -------------------------------------------------------------------    -------------------

                         (clock sys_clk_pin rise edge)
                                                      1.000     1.000 r  
    AA13                                              0.000     1.000 r  clk (IN)
                         net (fo=0)                   0.000     1.000    clk_IBUF_inst/I
    AA13                 INBUF (Prop_INBUF_HRIO_PAD_O)
                                                      0.662     1.662 r  clk_IBUF_inst/INBUF_INST/O
                         net (fo=1, routed)           0.066     1.728    clk_IBUF_inst/OUT
    AA13                 IBUFCTRL (Prop_IBUFCTRL_HRIO_I_O)
                                                      0.034     1.762 r  clk_IBUF_inst/IBUFCTRL_INST/O
                         net (fo=1, routed)           0.722     2.484    clk_IBUF
    BUFGCE_X1Y0          BUFGCE (Prop_BUFCE_BUFGCE_I_O)
                                                      0.091     2.575 r  clk_IBUF_BUFG_inst/O
    X2Y1 (CLOCK_ROOT)    net (fo=3917, routed)        2.035     4.610    clk_IBUF_BUFG
    SLICE_X74Y126        FDRE                                         r  buf_metrics0_reg[37]/C
                         clock pessimism              0.609     5.219    
                         clock uncertainty           -0.035     5.184    
    SLICE_X74Y126        FDRE (Setup_EFF2_SLICEL_C_D)
                                                      0.065     5.249    buf_metrics0_reg[37]
  -------------------------------------------------------------------
                         required time                          5.249    
                         arrival time                          -6.795    
  -------------------------------------------------------------------
                         slack                                 -1.546    

Slack (VIOLATED) :        -1.536ns  (required time - arrival time)
  Source:                 cnt_in_reg[2]_replica_4/C
                            (rising edge-triggered cell FDRE clocked by sys_clk_pin  {rise@0.000ns fall@0.500ns period=1.000ns})
  Destination:            buf_metrics0_reg[22]/CE
                            (rising edge-triggered cell FDRE clocked by sys_clk_pin  {rise@0.000ns fall@0.500ns period=1.000ns})
  Path Group:             sys_clk_pin
  Path Type:              Setup (Max at Slow Process Corner)
  Requirement:            1.000ns  (sys_clk_pin rise@1.000ns - sys_clk_pin rise@0.000ns)
  Data Path Delay:        2.389ns  (logic 0.970ns (40.603%)  route 1.419ns (59.397%))
  Logic Levels:           5  (CARRY8=1 LUT2=1 LUT3=1 LUT5=1 LUT6=1)
  Clock Path Skew:        -0.057ns (DCD - SCD + CPR)
    Destination Clock Delay (DCD):    3.724ns = ( 4.724 - 1.000 ) 
    Source Clock Delay      (SCD):    4.389ns
    Clock Pessimism Removal (CPR):    0.608ns
  Clock Uncertainty:      0.035ns  ((TSJ^2 + TIJ^2)^1/2 + DJ) / 2 + PE
    Total System Jitter     (TSJ):    0.071ns
    Total Input Jitter      (TIJ):    0.000ns
    Discrete Jitter          (DJ):    0.000ns
    Phase Error              (PE):    0.000ns
  Clock Net Delay (Source):      2.340ns (routing 0.756ns, distribution 1.584ns)
  Clock Net Delay (Destination): 2.149ns (routing 0.696ns, distribution 1.453ns)

    Location             Delay type                Incr(ns)  Path(ns)    Netlist Resource(s)
  -------------------------------------------------------------------    -------------------
                         (clock sys_clk_pin rise edge)
                                                      0.000     0.000 r  
    AA13                                              0.000     0.000 r  clk (IN)
                         net (fo=0)                   0.000     0.000    clk_IBUF_inst/I
    AA13                 INBUF (Prop_INBUF_HRIO_PAD_O)
                                                      0.955     0.955 r  clk_IBUF_inst/INBUF_INST/O
                         net (fo=1, routed)           0.105     1.060    clk_IBUF_inst/OUT
    AA13                 IBUFCTRL (Prop_IBUFCTRL_HRIO_I_O)
                                                      0.049     1.109 r  clk_IBUF_inst/IBUFCTRL_INST/O
                         net (fo=1, routed)           0.839     1.948    clk_IBUF
    BUFGCE_X1Y0          BUFGCE (Prop_BUFCE_BUFGCE_I_O)
                                                      0.101     2.049 r  clk_IBUF_BUFG_inst/O
    X2Y1 (CLOCK_ROOT)    net (fo=3917, routed)        2.340     4.389    clk_IBUF_BUFG
    SLICE_X75Y130        FDRE                                         r  cnt_in_reg[2]_replica_4/C
  -------------------------------------------------------------------    -------------------
    SLICE_X75Y130        FDRE (Prop_DFF_SLICEM_C_Q)
                                                      0.139     4.528 r  cnt_in_reg[2]_replica_4/Q
                         net (fo=26, routed)          0.302     4.830    cnt_in[2]_repN_4
    SLICE_X75Y128        LUT2 (Prop_C5LUT_SLICEM_I0_O)
                                                      0.191     5.021 r  buf_metrics0[39]_i_11/O
                         net (fo=1, routed)           0.000     5.021    buf_labels01[7]
    SLICE_X75Y128        CARRY8 (Prop_CARRY8_SLICEM_DI[2]_O[5])
                                                      0.332     5.353 f  buf_metrics0_reg[39]_i_3/O[5]
                         net (fo=2, routed)           0.232     5.585    buf_metrics0_reg[39]_i_3_n_10
    SLICE_X75Y127        LUT5 (Prop_A6LUT_SLICEM_I2_O)
                                                      0.167     5.752 r  buf_metrics0[7]_i_3/O
                         net (fo=47, routed)          0.122     5.874    buf_metrics0[7]_i_3_n_0
    SLICE_X75Y127        LUT3 (Prop_C6LUT_SLICEM_I2_O)
                                                      0.090     5.964 r  buf_metrics0[23]_i_3/O
                         net (fo=10, routed)          0.271     6.235    buf_metrics0[23]_i_3_n_0
    SLICE_X76Y126        LUT6 (Prop_G6LUT_SLICEM_I3_O)
                                                      0.051     6.286 r  buf_metrics0[23]_i_1/O
                         net (fo=4, routed)           0.492     6.778    buf_metrics0[23]
    SLICE_X76Y124        FDRE                                         r  buf_metrics0_reg[22]/CE
  -------------------------------------------------------------------    -------------------

                         (clock sys_clk_pin rise edge)
                                                      1.000     1.000 r  
    AA13                                              0.000     1.000 r  clk (IN)
                         net (fo=0)                   0.000     1.000    clk_IBUF_inst/I
    AA13                 INBUF (Prop_INBUF_HRIO_PAD_O)
                                                      0.662     1.662 r  clk_IBUF_inst/INBUF_INST/O
                         net (fo=1, routed)           0.066     1.728    clk_IBUF_inst/OUT
    AA13                 IBUFCTRL (Prop_IBUFCTRL_HRIO_I_O)
                                                      0.034     1.762 r  clk_IBUF_inst/IBUFCTRL_INST/O
                         net (fo=1, routed)           0.722     2.484    clk_IBUF
    BUFGCE_X1Y0          BUFGCE (Prop_BUFCE_BUFGCE_I_O)
                                                      0.091     2.575 r  clk_IBUF_BUFG_inst/O
    X2Y1 (CLOCK_ROOT)    net (fo=3917, routed)        2.149     4.724    clk_IBUF_BUFG
    SLICE_X76Y124        FDRE                                         r  buf_metrics0_reg[22]/C
                         clock pessimism              0.608     5.332    
                         clock uncertainty           -0.035     5.297    
    SLICE_X76Y124        FDRE (Setup_HFF_SLICEM_C_CE)
                                                     -0.055     5.242    buf_metrics0_reg[22]
  -------------------------------------------------------------------
                         required time                          5.242    
                         arrival time                          -6.778    
  -------------------------------------------------------------------
                         slack                                 -1.536    

Slack (VIOLATED) :        -1.532ns  (required time - arrival time)
  Source:                 cnt_in_reg[2]_replica_4/C
                            (rising edge-triggered cell FDRE clocked by sys_clk_pin  {rise@0.000ns fall@0.500ns period=1.000ns})
  Destination:            buf_metrics1_reg[22]/CE
                            (rising edge-triggered cell FDRE clocked by sys_clk_pin  {rise@0.000ns fall@0.500ns period=1.000ns})
  Path Group:             sys_clk_pin
  Path Type:              Setup (Max at Slow Process Corner)
  Requirement:            1.000ns  (sys_clk_pin rise@1.000ns - sys_clk_pin rise@0.000ns)
  Data Path Delay:        2.386ns  (logic 0.970ns (40.654%)  route 1.416ns (59.346%))
  Logic Levels:           5  (CARRY8=1 LUT2=1 LUT3=1 LUT5=1 LUT6=1)
  Clock Path Skew:        -0.056ns (DCD - SCD + CPR)
    Destination Clock Delay (DCD):    3.725ns = ( 4.725 - 1.000 ) 
    Source Clock Delay      (SCD):    4.389ns
    Clock Pessimism Removal (CPR):    0.608ns
  Clock Uncertainty:      0.035ns  ((TSJ^2 + TIJ^2)^1/2 + DJ) / 2 + PE
    Total System Jitter     (TSJ):    0.071ns
    Total Input Jitter      (TIJ):    0.000ns
    Discrete Jitter          (DJ):    0.000ns
    Phase Error              (PE):    0.000ns
  Clock Net Delay (Source):      2.340ns (routing 0.756ns, distribution 1.584ns)
  Clock Net Delay (Destination): 2.150ns (routing 0.696ns, distribution 1.454ns)

    Location             Delay type                Incr(ns)  Path(ns)    Netlist Resource(s)
  -------------------------------------------------------------------    -------------------
                         (clock sys_clk_pin rise edge)
                                                      0.000     0.000 r  
    AA13                                              0.000     0.000 r  clk (IN)
                         net (fo=0)                   0.000     0.000    clk_IBUF_inst/I
    AA13                 INBUF (Prop_INBUF_HRIO_PAD_O)
                                                      0.955     0.955 r  clk_IBUF_inst/INBUF_INST/O
                         net (fo=1, routed)           0.105     1.060    clk_IBUF_inst/OUT
    AA13                 IBUFCTRL (Prop_IBUFCTRL_HRIO_I_O)
                                                      0.049     1.109 r  clk_IBUF_inst/IBUFCTRL_INST/O
                         net (fo=1, routed)           0.839     1.948    clk_IBUF
    BUFGCE_X1Y0          BUFGCE (Prop_BUFCE_BUFGCE_I_O)
                                                      0.101     2.049 r  clk_IBUF_BUFG_inst/O
    X2Y1 (CLOCK_ROOT)    net (fo=3917, routed)        2.340     4.389    clk_IBUF_BUFG
    SLICE_X75Y130        FDRE                                         r  cnt_in_reg[2]_replica_4/C
  -------------------------------------------------------------------    -------------------
    SLICE_X75Y130        FDRE (Prop_DFF_SLICEM_C_Q)
                                                      0.139     4.528 r  cnt_in_reg[2]_replica_4/Q
                         net (fo=26, routed)          0.302     4.830    cnt_in[2]_repN_4
    SLICE_X75Y128        LUT2 (Prop_C5LUT_SLICEM_I0_O)
                                                      0.191     5.021 r  buf_metrics0[39]_i_11/O
                         net (fo=1, routed)           0.000     5.021    buf_labels01[7]
    SLICE_X75Y128        CARRY8 (Prop_CARRY8_SLICEM_DI[2]_O[5])
                                                      0.332     5.353 f  buf_metrics0_reg[39]_i_3/O[5]
                         net (fo=2, routed)           0.232     5.585    buf_metrics0_reg[39]_i_3_n_10
    SLICE_X75Y127        LUT5 (Prop_A6LUT_SLICEM_I2_O)
                                                      0.167     5.752 r  buf_metrics0[7]_i_3/O
                         net (fo=47, routed)          0.122     5.874    buf_metrics0[7]_i_3_n_0
    SLICE_X75Y127        LUT3 (Prop_C6LUT_SLICEM_I2_O)
                                                      0.090     5.964 r  buf_metrics0[23]_i_3/O
                         net (fo=10, routed)          0.271     6.235    buf_metrics0[23]_i_3_n_0
    SLICE_X76Y126        LUT6 (Prop_G6LUT_SLICEM_I3_O)
                                                      0.051     6.286 r  buf_metrics0[23]_i_1/O
                         net (fo=4, routed)           0.489     6.775    buf_metrics0[23]
    SLICE_X77Y124        FDRE                                         r  buf_metrics1_reg[22]/CE
  -------------------------------------------------------------------    -------------------

                         (clock sys_clk_pin rise edge)
                                                      1.000     1.000 r  
    AA13                                              0.000     1.000 r  clk (IN)
                         net (fo=0)                   0.000     1.000    clk_IBUF_inst/I
    AA13                 INBUF (Prop_INBUF_HRIO_PAD_O)
                                                      0.662     1.662 r  clk_IBUF_inst/INBUF_INST/O
                         net (fo=1, routed)           0.066     1.728    clk_IBUF_inst/OUT
    AA13                 IBUFCTRL (Prop_IBUFCTRL_HRIO_I_O)
                                                      0.034     1.762 r  clk_IBUF_inst/IBUFCTRL_INST/O
                         net (fo=1, routed)           0.722     2.484    clk_IBUF
    BUFGCE_X1Y0          BUFGCE (Prop_BUFCE_BUFGCE_I_O)
                                                      0.091     2.575 r  clk_IBUF_BUFG_inst/O
    X2Y1 (CLOCK_ROOT)    net (fo=3917, routed)        2.150     4.725    clk_IBUF_BUFG
    SLICE_X77Y124        FDRE                                         r  buf_metrics1_reg[22]/C
                         clock pessimism              0.608     5.333    
                         clock uncertainty           -0.035     5.298    
    SLICE_X77Y124        FDRE (Setup_FFF_SLICEL_C_CE)
                                                     -0.055     5.243    buf_metrics1_reg[22]
  -------------------------------------------------------------------
                         required time                          5.243    
                         arrival time                          -6.775    
  -------------------------------------------------------------------
                         slack                                 -1.532    

Slack (VIOLATED) :        -1.532ns  (required time - arrival time)
  Source:                 cnt_in_reg[2]_replica_4/C
                            (rising edge-triggered cell FDRE clocked by sys_clk_pin  {rise@0.000ns fall@0.500ns period=1.000ns})
  Destination:            buf_metrics1_reg[23]/CE
                            (rising edge-triggered cell FDRE clocked by sys_clk_pin  {rise@0.000ns fall@0.500ns period=1.000ns})
  Path Group:             sys_clk_pin
  Path Type:              Setup (Max at Slow Process Corner)
  Requirement:            1.000ns  (sys_clk_pin rise@1.000ns - sys_clk_pin rise@0.000ns)
  Data Path Delay:        2.386ns  (logic 0.970ns (40.654%)  route 1.416ns (59.346%))
  Logic Levels:           5  (CARRY8=1 LUT2=1 LUT3=1 LUT5=1 LUT6=1)
  Clock Path Skew:        -0.056ns (DCD - SCD + CPR)
    Destination Clock Delay (DCD):    3.725ns = ( 4.725 - 1.000 ) 
    Source Clock Delay      (SCD):    4.389ns
    Clock Pessimism Removal (CPR):    0.608ns
  Clock Uncertainty:      0.035ns  ((TSJ^2 + TIJ^2)^1/2 + DJ) / 2 + PE
    Total System Jitter     (TSJ):    0.071ns
    Total Input Jitter      (TIJ):    0.000ns
    Discrete Jitter          (DJ):    0.000ns
    Phase Error              (PE):    0.000ns
  Clock Net Delay (Source):      2.340ns (routing 0.756ns, distribution 1.584ns)
  Clock Net Delay (Destination): 2.150ns (routing 0.696ns, distribution 1.454ns)

    Location             Delay type                Incr(ns)  Path(ns)    Netlist Resource(s)
  -------------------------------------------------------------------    -------------------
                         (clock sys_clk_pin rise edge)
                                                      0.000     0.000 r  
    AA13                                              0.000     0.000 r  clk (IN)
                         net (fo=0)                   0.000     0.000    clk_IBUF_inst/I
    AA13                 INBUF (Prop_INBUF_HRIO_PAD_O)
                                                      0.955     0.955 r  clk_IBUF_inst/INBUF_INST/O
                         net (fo=1, routed)           0.105     1.060    clk_IBUF_inst/OUT
    AA13                 IBUFCTRL (Prop_IBUFCTRL_HRIO_I_O)
                                                      0.049     1.109 r  clk_IBUF_inst/IBUFCTRL_INST/O
                         net (fo=1, routed)           0.839     1.948    clk_IBUF
    BUFGCE_X1Y0          BUFGCE (Prop_BUFCE_BUFGCE_I_O)
                                                      0.101     2.049 r  clk_IBUF_BUFG_inst/O
    X2Y1 (CLOCK_ROOT)    net (fo=3917, routed)        2.340     4.389    clk_IBUF_BUFG
    SLICE_X75Y130        FDRE                                         r  cnt_in_reg[2]_replica_4/C
  -------------------------------------------------------------------    -------------------
    SLICE_X75Y130        FDRE (Prop_DFF_SLICEM_C_Q)
                                                      0.139     4.528 r  cnt_in_reg[2]_replica_4/Q
                         net (fo=26, routed)          0.302     4.830    cnt_in[2]_repN_4
    SLICE_X75Y128        LUT2 (Prop_C5LUT_SLICEM_I0_O)
                                                      0.191     5.021 r  buf_metrics0[39]_i_11/O
                         net (fo=1, routed)           0.000     5.021    buf_labels01[7]
    SLICE_X75Y128        CARRY8 (Prop_CARRY8_SLICEM_DI[2]_O[5])
                                                      0.332     5.353 f  buf_metrics0_reg[39]_i_3/O[5]
                         net (fo=2, routed)           0.232     5.585    buf_metrics0_reg[39]_i_3_n_10
    SLICE_X75Y127        LUT5 (Prop_A6LUT_SLICEM_I2_O)
                                                      0.167     5.752 r  buf_metrics0[7]_i_3/O
                         net (fo=47, routed)          0.122     5.874    buf_metrics0[7]_i_3_n_0
    SLICE_X75Y127        LUT3 (Prop_C6LUT_SLICEM_I2_O)
                                                      0.090     5.964 r  buf_metrics0[23]_i_3/O
                         net (fo=10, routed)          0.271     6.235    buf_metrics0[23]_i_3_n_0
    SLICE_X76Y126        LUT6 (Prop_G6LUT_SLICEM_I3_O)
                                                      0.051     6.286 r  buf_metrics0[23]_i_1/O
                         net (fo=4, routed)           0.489     6.775    buf_metrics0[23]
    SLICE_X77Y124        FDRE                                         r  buf_metrics1_reg[23]/CE
  -------------------------------------------------------------------    -------------------

                         (clock sys_clk_pin rise edge)
                                                      1.000     1.000 r  
    AA13                                              0.000     1.000 r  clk (IN)
                         net (fo=0)                   0.000     1.000    clk_IBUF_inst/I
    AA13                 INBUF (Prop_INBUF_HRIO_PAD_O)
                                                      0.662     1.662 r  clk_IBUF_inst/INBUF_INST/O
                         net (fo=1, routed)           0.066     1.728    clk_IBUF_inst/OUT
    AA13                 IBUFCTRL (Prop_IBUFCTRL_HRIO_I_O)
                                                      0.034     1.762 r  clk_IBUF_inst/IBUFCTRL_INST/O
                         net (fo=1, routed)           0.722     2.484    clk_IBUF
    BUFGCE_X1Y0          BUFGCE (Prop_BUFCE_BUFGCE_I_O)
                                                      0.091     2.575 r  clk_IBUF_BUFG_inst/O
    X2Y1 (CLOCK_ROOT)    net (fo=3917, routed)        2.150     4.725    clk_IBUF_BUFG
    SLICE_X77Y124        FDRE                                         r  buf_metrics1_reg[23]/C
                         clock pessimism              0.608     5.333    
                         clock uncertainty           -0.035     5.298    
    SLICE_X77Y124        FDRE (Setup_EFF_SLICEL_C_CE)
                                                     -0.055     5.243    buf_metrics1_reg[23]
  -------------------------------------------------------------------
                         required time                          5.243    
                         arrival time                          -6.775    
  -------------------------------------------------------------------
                         slack                                 -1.532    

Slack (VIOLATED) :        -1.515ns  (required time - arrival time)
  Source:                 cnt_in_reg[2]_replica_4/C
                            (rising edge-triggered cell FDRE clocked by sys_clk_pin  {rise@0.000ns fall@0.500ns period=1.000ns})
  Destination:            buf_metrics1_reg[15]/D
                            (rising edge-triggered cell FDRE clocked by sys_clk_pin  {rise@0.000ns fall@0.500ns period=1.000ns})
  Path Group:             sys_clk_pin
  Path Type:              Setup (Max at Slow Process Corner)
  Requirement:            1.000ns  (sys_clk_pin rise@1.000ns - sys_clk_pin rise@0.000ns)
  Data Path Delay:        2.486ns  (logic 1.054ns (42.397%)  route 1.432ns (57.603%))
  Logic Levels:           5  (CARRY8=1 LUT2=1 LUT5=2 LUT6=1)
  Clock Path Skew:        -0.057ns (DCD - SCD + CPR)
    Destination Clock Delay (DCD):    3.724ns = ( 4.724 - 1.000 ) 
    Source Clock Delay      (SCD):    4.389ns
    Clock Pessimism Removal (CPR):    0.608ns
  Clock Uncertainty:      0.035ns  ((TSJ^2 + TIJ^2)^1/2 + DJ) / 2 + PE
    Total System Jitter     (TSJ):    0.071ns
    Total Input Jitter      (TIJ):    0.000ns
    Discrete Jitter          (DJ):    0.000ns
    Phase Error              (PE):    0.000ns
  Clock Net Delay (Source):      2.340ns (routing 0.756ns, distribution 1.584ns)
  Clock Net Delay (Destination): 2.149ns (routing 0.696ns, distribution 1.453ns)

    Location             Delay type                Incr(ns)  Path(ns)    Netlist Resource(s)
  -------------------------------------------------------------------    -------------------
                         (clock sys_clk_pin rise edge)
                                                      0.000     0.000 r  
    AA13                                              0.000     0.000 r  clk (IN)
                         net (fo=0)                   0.000     0.000    clk_IBUF_inst/I
    AA13                 INBUF (Prop_INBUF_HRIO_PAD_O)
                                                      0.955     0.955 r  clk_IBUF_inst/INBUF_INST/O
                         net (fo=1, routed)           0.105     1.060    clk_IBUF_inst/OUT
    AA13                 IBUFCTRL (Prop_IBUFCTRL_HRIO_I_O)
                                                      0.049     1.109 r  clk_IBUF_inst/IBUFCTRL_INST/O
                         net (fo=1, routed)           0.839     1.948    clk_IBUF
    BUFGCE_X1Y0          BUFGCE (Prop_BUFCE_BUFGCE_I_O)
                                                      0.101     2.049 r  clk_IBUF_BUFG_inst/O
    X2Y1 (CLOCK_ROOT)    net (fo=3917, routed)        2.340     4.389    clk_IBUF_BUFG
    SLICE_X75Y130        FDRE                                         r  cnt_in_reg[2]_replica_4/C
  -------------------------------------------------------------------    -------------------
    SLICE_X75Y130        FDRE (Prop_DFF_SLICEM_C_Q)
                                                      0.139     4.528 r  cnt_in_reg[2]_replica_4/Q
                         net (fo=26, routed)          0.302     4.830    cnt_in[2]_repN_4
    SLICE_X75Y128        LUT2 (Prop_C5LUT_SLICEM_I0_O)
                                                      0.191     5.021 r  buf_metrics0[39]_i_11/O
                         net (fo=1, routed)           0.000     5.021    buf_labels01[7]
    SLICE_X75Y128        CARRY8 (Prop_CARRY8_SLICEM_DI[2]_O[5])
                                                      0.332     5.353 f  buf_metrics0_reg[39]_i_3/O[5]
                         net (fo=2, routed)           0.232     5.585    buf_metrics0_reg[39]_i_3_n_10
    SLICE_X75Y127        LUT5 (Prop_A6LUT_SLICEM_I2_O)
                                                      0.167     5.752 r  buf_metrics0[7]_i_3/O
                         net (fo=47, routed)          0.226     5.978    buf_metrics0[7]_i_3_n_0
    SLICE_X75Y126        LUT6 (Prop_B6LUT_SLICEM_I2_O)
                                                      0.055     6.033 r  buf_metrics1[35]_i_3/O
                         net (fo=6, routed)           0.336     6.369    buf_metrics1[35]_i_3_n_0
    SLICE_X75Y123        LUT5 (Prop_E6LUT_SLICEM_I2_O)
                                                      0.170     6.539 r  buf_metrics1[31]_i_1/O
                         net (fo=2, routed)           0.336     6.875    buf_metrics1[31]_i_1_n_0
    SLICE_X76Y123        FDRE                                         r  buf_metrics1_reg[15]/D
  -------------------------------------------------------------------    -------------------

                         (clock sys_clk_pin rise edge)
                                                      1.000     1.000 r  
    AA13                                              0.000     1.000 r  clk (IN)
                         net (fo=0)                   0.000     1.000    clk_IBUF_inst/I
    AA13                 INBUF (Prop_INBUF_HRIO_PAD_O)
                                                      0.662     1.662 r  clk_IBUF_inst/INBUF_INST/O
                         net (fo=1, routed)           0.066     1.728    clk_IBUF_inst/OUT
    AA13                 IBUFCTRL (Prop_IBUFCTRL_HRIO_I_O)
                                                      0.034     1.762 r  clk_IBUF_inst/IBUFCTRL_INST/O
                         net (fo=1, routed)           0.722     2.484    clk_IBUF
    BUFGCE_X1Y0          BUFGCE (Prop_BUFCE_BUFGCE_I_O)
                                                      0.091     2.575 r  clk_IBUF_BUFG_inst/O
    X2Y1 (CLOCK_ROOT)    net (fo=3917, routed)        2.149     4.724    clk_IBUF_BUFG
    SLICE_X76Y123        FDRE                                         r  buf_metrics1_reg[15]/C
                         clock pessimism              0.608     5.332    
                         clock uncertainty           -0.035     5.297    
    SLICE_X76Y123        FDRE (Setup_HFF_SLICEM_C_D)
                                                      0.063     5.360    buf_metrics1_reg[15]
  -------------------------------------------------------------------
                         required time                          5.360    
                         arrival time                          -6.875    
  -------------------------------------------------------------------
                         slack                                 -1.515    

Slack (VIOLATED) :        -1.488ns  (required time - arrival time)
  Source:                 cnt_in_reg[2]_replica_4/C
                            (rising edge-triggered cell FDRE clocked by sys_clk_pin  {rise@0.000ns fall@0.500ns period=1.000ns})
  Destination:            buf_metrics1_reg[19]/CE
                            (rising edge-triggered cell FDRE clocked by sys_clk_pin  {rise@0.000ns fall@0.500ns period=1.000ns})
  Path Group:             sys_clk_pin
  Path Type:              Setup (Max at Slow Process Corner)
  Requirement:            1.000ns  (sys_clk_pin rise@1.000ns - sys_clk_pin rise@0.000ns)
  Data Path Delay:        2.239ns  (logic 0.974ns (43.502%)  route 1.265ns (56.498%))
  Logic Levels:           5  (CARRY8=1 LUT2=1 LUT3=1 LUT5=1 LUT6=1)
  Clock Path Skew:        -0.160ns (DCD - SCD + CPR)
    Destination Clock Delay (DCD):    3.620ns = ( 4.620 - 1.000 ) 
    Source Clock Delay      (SCD):    4.389ns
    Clock Pessimism Removal (CPR):    0.609ns
  Clock Uncertainty:      0.035ns  ((TSJ^2 + TIJ^2)^1/2 + DJ) / 2 + PE
    Total System Jitter     (TSJ):    0.071ns
    Total Input Jitter      (TIJ):    0.000ns
    Discrete Jitter          (DJ):    0.000ns
    Phase Error              (PE):    0.000ns
  Clock Net Delay (Source):      2.340ns (routing 0.756ns, distribution 1.584ns)
  Clock Net Delay (Destination): 2.045ns (routing 0.696ns, distribution 1.349ns)

    Location             Delay type                Incr(ns)  Path(ns)    Netlist Resource(s)
  -------------------------------------------------------------------    -------------------
                         (clock sys_clk_pin rise edge)
                                                      0.000     0.000 r  
    AA13                                              0.000     0.000 r  clk (IN)
                         net (fo=0)                   0.000     0.000    clk_IBUF_inst/I
    AA13                 INBUF (Prop_INBUF_HRIO_PAD_O)
                                                      0.955     0.955 r  clk_IBUF_inst/INBUF_INST/O
                         net (fo=1, routed)           0.105     1.060    clk_IBUF_inst/OUT
    AA13                 IBUFCTRL (Prop_IBUFCTRL_HRIO_I_O)
                                                      0.049     1.109 r  clk_IBUF_inst/IBUFCTRL_INST/O
                         net (fo=1, routed)           0.839     1.948    clk_IBUF
    BUFGCE_X1Y0          BUFGCE (Prop_BUFCE_BUFGCE_I_O)
                                                      0.101     2.049 r  clk_IBUF_BUFG_inst/O
    X2Y1 (CLOCK_ROOT)    net (fo=3917, routed)        2.340     4.389    clk_IBUF_BUFG
    SLICE_X75Y130        FDRE                                         r  cnt_in_reg[2]_replica_4/C
  -------------------------------------------------------------------    -------------------
    SLICE_X75Y130        FDRE (Prop_DFF_SLICEM_C_Q)
                                                      0.139     4.528 r  cnt_in_reg[2]_replica_4/Q
                         net (fo=26, routed)          0.302     4.830    cnt_in[2]_repN_4
    SLICE_X75Y128        LUT2 (Prop_C5LUT_SLICEM_I0_O)
                                                      0.191     5.021 r  buf_metrics0[39]_i_11/O
                         net (fo=1, routed)           0.000     5.021    buf_labels01[7]
    SLICE_X75Y128        CARRY8 (Prop_CARRY8_SLICEM_DI[2]_O[5])
                                                      0.332     5.353 f  buf_metrics0_reg[39]_i_3/O[5]
                         net (fo=2, routed)           0.232     5.585    buf_metrics0_reg[39]_i_3_n_10
    SLICE_X75Y127        LUT5 (Prop_A6LUT_SLICEM_I2_O)
                                                      0.167     5.752 r  buf_metrics0[7]_i_3/O
                         net (fo=47, routed)          0.122     5.874    buf_metrics0[7]_i_3_n_0
    SLICE_X75Y127        LUT3 (Prop_C6LUT_SLICEM_I2_O)
                                                      0.090     5.964 r  buf_metrics0[23]_i_3/O
                         net (fo=10, routed)          0.190     6.154    buf_metrics0[23]_i_3_n_0
    SLICE_X75Y125        LUT6 (Prop_D6LUT_SLICEM_I2_O)
                                                      0.055     6.209 r  buf_metrics0[19]_i_1/O
                         net (fo=4, routed)           0.419     6.628    buf_metrics0[19]
    SLICE_X74Y124        FDRE                                         r  buf_metrics1_reg[19]/CE
  -------------------------------------------------------------------    -------------------

                         (clock sys_clk_pin rise edge)
                                                      1.000     1.000 r  
    AA13                                              0.000     1.000 r  clk (IN)
                         net (fo=0)                   0.000     1.000    clk_IBUF_inst/I
    AA13                 INBUF (Prop_INBUF_HRIO_PAD_O)
                                                      0.662     1.662 r  clk_IBUF_inst/INBUF_INST/O
                         net (fo=1, routed)           0.066     1.728    clk_IBUF_inst/OUT
    AA13                 IBUFCTRL (Prop_IBUFCTRL_HRIO_I_O)
                                                      0.034     1.762 r  clk_IBUF_inst/IBUFCTRL_INST/O
                         net (fo=1, routed)           0.722     2.484    clk_IBUF
    BUFGCE_X1Y0          BUFGCE (Prop_BUFCE_BUFGCE_I_O)
                                                      0.091     2.575 r  clk_IBUF_BUFG_inst/O
    X2Y1 (CLOCK_ROOT)    net (fo=3917, routed)        2.045     4.620    clk_IBUF_BUFG
    SLICE_X74Y124        FDRE                                         r  buf_metrics1_reg[19]/C
                         clock pessimism              0.609     5.229    
                         clock uncertainty           -0.035     5.194    
    SLICE_X74Y124        FDRE (Setup_CFF_SLICEL_C_CE)
                                                     -0.054     5.140    buf_metrics1_reg[19]
  -------------------------------------------------------------------
                         required time                          5.140    
                         arrival time                          -6.628    
  -------------------------------------------------------------------
                         slack                                 -1.488    

Slack (VIOLATED) :        -1.482ns  (required time - arrival time)
  Source:                 cnt_in_reg[2]_replica_4/C
                            (rising edge-triggered cell FDRE clocked by sys_clk_pin  {rise@0.000ns fall@0.500ns period=1.000ns})
  Destination:            buf_metrics1_reg[29]/D
                            (rising edge-triggered cell FDRE clocked by sys_clk_pin  {rise@0.000ns fall@0.500ns period=1.000ns})
  Path Group:             sys_clk_pin
  Path Type:              Setup (Max at Slow Process Corner)
  Requirement:            1.000ns  (sys_clk_pin rise@1.000ns - sys_clk_pin rise@0.000ns)
  Data Path Delay:        2.455ns  (logic 1.032ns (42.037%)  route 1.423ns (57.963%))
  Logic Levels:           5  (CARRY8=1 LUT2=1 LUT5=3)
  Clock Path Skew:        -0.056ns (DCD - SCD + CPR)
    Destination Clock Delay (DCD):    3.725ns = ( 4.725 - 1.000 ) 
    Source Clock Delay      (SCD):    4.389ns
    Clock Pessimism Removal (CPR):    0.608ns
  Clock Uncertainty:      0.035ns  ((TSJ^2 + TIJ^2)^1/2 + DJ) / 2 + PE
    Total System Jitter     (TSJ):    0.071ns
    Total Input Jitter      (TIJ):    0.000ns
    Discrete Jitter          (DJ):    0.000ns
    Phase Error              (PE):    0.000ns
  Clock Net Delay (Source):      2.340ns (routing 0.756ns, distribution 1.584ns)
  Clock Net Delay (Destination): 2.150ns (routing 0.696ns, distribution 1.454ns)

    Location             Delay type                Incr(ns)  Path(ns)    Netlist Resource(s)
  -------------------------------------------------------------------    -------------------
                         (clock sys_clk_pin rise edge)
                                                      0.000     0.000 r  
    AA13                                              0.000     0.000 r  clk (IN)
                         net (fo=0)                   0.000     0.000    clk_IBUF_inst/I
    AA13                 INBUF (Prop_INBUF_HRIO_PAD_O)
                                                      0.955     0.955 r  clk_IBUF_inst/INBUF_INST/O
                         net (fo=1, routed)           0.105     1.060    clk_IBUF_inst/OUT
    AA13                 IBUFCTRL (Prop_IBUFCTRL_HRIO_I_O)
                                                      0.049     1.109 r  clk_IBUF_inst/IBUFCTRL_INST/O
                         net (fo=1, routed)           0.839     1.948    clk_IBUF
    BUFGCE_X1Y0          BUFGCE (Prop_BUFCE_BUFGCE_I_O)
                                                      0.101     2.049 r  clk_IBUF_BUFG_inst/O
    X2Y1 (CLOCK_ROOT)    net (fo=3917, routed)        2.340     4.389    clk_IBUF_BUFG
    SLICE_X75Y130        FDRE                                         r  cnt_in_reg[2]_replica_4/C
  -------------------------------------------------------------------    -------------------
    SLICE_X75Y130        FDRE (Prop_DFF_SLICEM_C_Q)
                                                      0.139     4.528 r  cnt_in_reg[2]_replica_4/Q
                         net (fo=26, routed)          0.302     4.830    cnt_in[2]_repN_4
    SLICE_X75Y128        LUT2 (Prop_C5LUT_SLICEM_I0_O)
                                                      0.191     5.021 r  buf_metrics0[39]_i_11/O
                         net (fo=1, routed)           0.000     5.021    buf_labels01[7]
    SLICE_X75Y128        CARRY8 (Prop_CARRY8_SLICEM_DI[2]_O[5])
                                                      0.332     5.353 f  buf_metrics0_reg[39]_i_3/O[5]
                         net (fo=2, routed)           0.232     5.585    buf_metrics0_reg[39]_i_3_n_10
    SLICE_X75Y127        LUT5 (Prop_A6LUT_SLICEM_I2_O)
                                                      0.167     5.752 r  buf_metrics0[7]_i_3/O
                         net (fo=47, routed)          0.318     6.070    buf_metrics0[7]_i_3_n_0
    SLICE_X76Y128        LUT5 (Prop_B6LUT_SLICEM_I3_O)
                                                      0.055     6.125 r  buf_metrics1[21]_i_2/O
                         net (fo=2, routed)           0.166     6.291    buf_metrics1[21]_i_2_n_0
    SLICE_X76Y127        LUT5 (Prop_E6LUT_SLICEM_I0_O)
                                                      0.148     6.439 r  buf_metrics1[29]_i_1/O
                         net (fo=2, routed)           0.405     6.844    buf_metrics1[29]_i_1_n_0
    SLICE_X77Y125        FDRE                                         r  buf_metrics1_reg[29]/D
  -------------------------------------------------------------------    -------------------

                         (clock sys_clk_pin rise edge)
                                                      1.000     1.000 r  
    AA13                                              0.000     1.000 r  clk (IN)
                         net (fo=0)                   0.000     1.000    clk_IBUF_inst/I
    AA13                 INBUF (Prop_INBUF_HRIO_PAD_O)
                                                      0.662     1.662 r  clk_IBUF_inst/INBUF_INST/O
                         net (fo=1, routed)           0.066     1.728    clk_IBUF_inst/OUT
    AA13                 IBUFCTRL (Prop_IBUFCTRL_HRIO_I_O)
                                                      0.034     1.762 r  clk_IBUF_inst/IBUFCTRL_INST/O
                         net (fo=1, routed)           0.722     2.484    clk_IBUF
    BUFGCE_X1Y0          BUFGCE (Prop_BUFCE_BUFGCE_I_O)
                                                      0.091     2.575 r  clk_IBUF_BUFG_inst/O
    X2Y1 (CLOCK_ROOT)    net (fo=3917, routed)        2.150     4.725    clk_IBUF_BUFG
    SLICE_X77Y125        FDRE                                         r  buf_metrics1_reg[29]/C
                         clock pessimism              0.608     5.333    
                         clock uncertainty           -0.035     5.298    
    SLICE_X77Y125        FDRE (Setup_FFF2_SLICEL_C_D)
                                                      0.064     5.362    buf_metrics1_reg[29]
  -------------------------------------------------------------------
                         required time                          5.362    
                         arrival time                          -6.844    
  -------------------------------------------------------------------
                         slack                                 -1.482    

Slack (VIOLATED) :        -1.478ns  (required time - arrival time)
  Source:                 cnt_in_reg[2]_replica_4/C
                            (rising edge-triggered cell FDRE clocked by sys_clk_pin  {rise@0.000ns fall@0.500ns period=1.000ns})
  Destination:            buf_metrics0_reg[7]/CE
                            (rising edge-triggered cell FDRE clocked by sys_clk_pin  {rise@0.000ns fall@0.500ns period=1.000ns})
  Path Group:             sys_clk_pin
  Path Type:              Setup (Max at Slow Process Corner)
  Requirement:            1.000ns  (sys_clk_pin rise@1.000ns - sys_clk_pin rise@0.000ns)
  Data Path Delay:        2.335ns  (logic 0.880ns (37.687%)  route 1.455ns (62.313%))
  Logic Levels:           4  (CARRY8=1 LUT2=1 LUT5=1 LUT6=1)
  Clock Path Skew:        -0.054ns (DCD - SCD + CPR)
    Destination Clock Delay (DCD):    3.727ns = ( 4.727 - 1.000 ) 
    Source Clock Delay      (SCD):    4.389ns
    Clock Pessimism Removal (CPR):    0.608ns
  Clock Uncertainty:      0.035ns  ((TSJ^2 + TIJ^2)^1/2 + DJ) / 2 + PE
    Total System Jitter     (TSJ):    0.071ns
    Total Input Jitter      (TIJ):    0.000ns
    Discrete Jitter          (DJ):    0.000ns
    Phase Error              (PE):    0.000ns
  Clock Net Delay (Source):      2.340ns (routing 0.756ns, distribution 1.584ns)
  Clock Net Delay (Destination): 2.152ns (routing 0.696ns, distribution 1.456ns)

    Location             Delay type                Incr(ns)  Path(ns)    Netlist Resource(s)
  -------------------------------------------------------------------    -------------------
                         (clock sys_clk_pin rise edge)
                                                      0.000     0.000 r  
    AA13                                              0.000     0.000 r  clk (IN)
                         net (fo=0)                   0.000     0.000    clk_IBUF_inst/I
    AA13                 INBUF (Prop_INBUF_HRIO_PAD_O)
                                                      0.955     0.955 r  clk_IBUF_inst/INBUF_INST/O
                         net (fo=1, routed)           0.105     1.060    clk_IBUF_inst/OUT
    AA13                 IBUFCTRL (Prop_IBUFCTRL_HRIO_I_O)
                                                      0.049     1.109 r  clk_IBUF_inst/IBUFCTRL_INST/O
                         net (fo=1, routed)           0.839     1.948    clk_IBUF
    BUFGCE_X1Y0          BUFGCE (Prop_BUFCE_BUFGCE_I_O)
                                                      0.101     2.049 r  clk_IBUF_BUFG_inst/O
    X2Y1 (CLOCK_ROOT)    net (fo=3917, routed)        2.340     4.389    clk_IBUF_BUFG
    SLICE_X75Y130        FDRE                                         r  cnt_in_reg[2]_replica_4/C
  -------------------------------------------------------------------    -------------------
    SLICE_X75Y130        FDRE (Prop_DFF_SLICEM_C_Q)
                                                      0.139     4.528 r  cnt_in_reg[2]_replica_4/Q
                         net (fo=26, routed)          0.302     4.830    cnt_in[2]_repN_4
    SLICE_X75Y128        LUT2 (Prop_C5LUT_SLICEM_I0_O)
                                                      0.191     5.021 r  buf_metrics0[39]_i_11/O
                         net (fo=1, routed)           0.000     5.021    buf_labels01[7]
    SLICE_X75Y128        CARRY8 (Prop_CARRY8_SLICEM_DI[2]_O[5])
                                                      0.332     5.353 f  buf_metrics0_reg[39]_i_3/O[5]
                         net (fo=2, routed)           0.232     5.585    buf_metrics0_reg[39]_i_3_n_10
    SLICE_X75Y127        LUT5 (Prop_A6LUT_SLICEM_I2_O)
                                                      0.167     5.752 r  buf_metrics0[7]_i_3/O
                         net (fo=47, routed)          0.390     6.142    buf_metrics0[7]_i_3_n_0
    SLICE_X76Y128        LUT6 (Prop_G6LUT_SLICEM_I2_O)
                                                      0.051     6.193 r  buf_metrics0[7]_i_1/O
                         net (fo=4, routed)           0.531     6.724    buf_metrics0[7]
    SLICE_X77Y123        FDRE                                         r  buf_metrics0_reg[7]/CE
  -------------------------------------------------------------------    -------------------

                         (clock sys_clk_pin rise edge)
                                                      1.000     1.000 r  
    AA13                                              0.000     1.000 r  clk (IN)
                         net (fo=0)                   0.000     1.000    clk_IBUF_inst/I
    AA13                 INBUF (Prop_INBUF_HRIO_PAD_O)
                                                      0.662     1.662 r  clk_IBUF_inst/INBUF_INST/O
                         net (fo=1, routed)           0.066     1.728    clk_IBUF_inst/OUT
    AA13                 IBUFCTRL (Prop_IBUFCTRL_HRIO_I_O)
                                                      0.034     1.762 r  clk_IBUF_inst/IBUFCTRL_INST/O
                         net (fo=1, routed)           0.722     2.484    clk_IBUF
    BUFGCE_X1Y0          BUFGCE (Prop_BUFCE_BUFGCE_I_O)
                                                      0.091     2.575 r  clk_IBUF_BUFG_inst/O
    X2Y1 (CLOCK_ROOT)    net (fo=3917, routed)        2.152     4.727    clk_IBUF_BUFG
    SLICE_X77Y123        FDRE                                         r  buf_metrics0_reg[7]/C
                         clock pessimism              0.608     5.335    
                         clock uncertainty           -0.035     5.300    
    SLICE_X77Y123        FDRE (Setup_DFF_SLICEL_C_CE)
                                                     -0.054     5.246    buf_metrics0_reg[7]
  -------------------------------------------------------------------
                         required time                          5.246    
                         arrival time                          -6.724    
  -------------------------------------------------------------------
                         slack                                 -1.478    

Slack (VIOLATED) :        -1.475ns  (required time - arrival time)
  Source:                 cnt_in_reg[2]_replica_4/C
                            (rising edge-triggered cell FDRE clocked by sys_clk_pin  {rise@0.000ns fall@0.500ns period=1.000ns})
  Destination:            buf_metrics1_reg[31]/D
                            (rising edge-triggered cell FDRE clocked by sys_clk_pin  {rise@0.000ns fall@0.500ns period=1.000ns})
  Path Group:             sys_clk_pin
  Path Type:              Setup (Max at Slow Process Corner)
  Requirement:            1.000ns  (sys_clk_pin rise@1.000ns - sys_clk_pin rise@0.000ns)
  Data Path Delay:        2.420ns  (logic 1.054ns (43.554%)  route 1.366ns (56.446%))
  Logic Levels:           5  (CARRY8=1 LUT2=1 LUT5=2 LUT6=1)
  Clock Path Skew:        -0.084ns (DCD - SCD + CPR)
    Destination Clock Delay (DCD):    3.610ns = ( 4.610 - 1.000 ) 
    Source Clock Delay      (SCD):    4.389ns
    Clock Pessimism Removal (CPR):    0.694ns
  Clock Uncertainty:      0.035ns  ((TSJ^2 + TIJ^2)^1/2 + DJ) / 2 + PE
    Total System Jitter     (TSJ):    0.071ns
    Total Input Jitter      (TIJ):    0.000ns
    Discrete Jitter          (DJ):    0.000ns
    Phase Error              (PE):    0.000ns
  Clock Net Delay (Source):      2.340ns (routing 0.756ns, distribution 1.584ns)
  Clock Net Delay (Destination): 2.035ns (routing 0.696ns, distribution 1.339ns)

    Location             Delay type                Incr(ns)  Path(ns)    Netlist Resource(s)
  -------------------------------------------------------------------    -------------------
                         (clock sys_clk_pin rise edge)
                                                      0.000     0.000 r  
    AA13                                              0.000     0.000 r  clk (IN)
                         net (fo=0)                   0.000     0.000    clk_IBUF_inst/I
    AA13                 INBUF (Prop_INBUF_HRIO_PAD_O)
                                                      0.955     0.955 r  clk_IBUF_inst/INBUF_INST/O
                         net (fo=1, routed)           0.105     1.060    clk_IBUF_inst/OUT
    AA13                 IBUFCTRL (Prop_IBUFCTRL_HRIO_I_O)
                                                      0.049     1.109 r  clk_IBUF_inst/IBUFCTRL_INST/O
                         net (fo=1, routed)           0.839     1.948    clk_IBUF
    BUFGCE_X1Y0          BUFGCE (Prop_BUFCE_BUFGCE_I_O)
                                                      0.101     2.049 r  clk_IBUF_BUFG_inst/O
    X2Y1 (CLOCK_ROOT)    net (fo=3917, routed)        2.340     4.389    clk_IBUF_BUFG
    SLICE_X75Y130        FDRE                                         r  cnt_in_reg[2]_replica_4/C
  -------------------------------------------------------------------    -------------------
    SLICE_X75Y130        FDRE (Prop_DFF_SLICEM_C_Q)
                                                      0.139     4.528 r  cnt_in_reg[2]_replica_4/Q
                         net (fo=26, routed)          0.302     4.830    cnt_in[2]_repN_4
    SLICE_X75Y128        LUT2 (Prop_C5LUT_SLICEM_I0_O)
                                                      0.191     5.021 r  buf_metrics0[39]_i_11/O
                         net (fo=1, routed)           0.000     5.021    buf_labels01[7]
    SLICE_X75Y128        CARRY8 (Prop_CARRY8_SLICEM_DI[2]_O[5])
                                                      0.332     5.353 f  buf_metrics0_reg[39]_i_3/O[5]
                         net (fo=2, routed)           0.232     5.585    buf_metrics0_reg[39]_i_3_n_10
    SLICE_X75Y127        LUT5 (Prop_A6LUT_SLICEM_I2_O)
                                                      0.167     5.752 r  buf_metrics0[7]_i_3/O
                         net (fo=47, routed)          0.226     5.978    buf_metrics0[7]_i_3_n_0
    SLICE_X75Y126        LUT6 (Prop_B6LUT_SLICEM_I2_O)
                                                      0.055     6.033 r  buf_metrics1[35]_i_3/O
                         net (fo=6, routed)           0.336     6.369    buf_metrics1[35]_i_3_n_0
    SLICE_X75Y123        LUT5 (Prop_E6LUT_SLICEM_I2_O)
                                                      0.170     6.539 r  buf_metrics1[31]_i_1/O
                         net (fo=2, routed)           0.270     6.809    buf_metrics1[31]_i_1_n_0
    SLICE_X75Y122        FDRE                                         r  buf_metrics1_reg[31]/D
  -------------------------------------------------------------------    -------------------

                         (clock sys_clk_pin rise edge)
                                                      1.000     1.000 r  
    AA13                                              0.000     1.000 r  clk (IN)
                         net (fo=0)                   0.000     1.000    clk_IBUF_inst/I
    AA13                 INBUF (Prop_INBUF_HRIO_PAD_O)
                                                      0.662     1.662 r  clk_IBUF_inst/INBUF_INST/O
                         net (fo=1, routed)           0.066     1.728    clk_IBUF_inst/OUT
    AA13                 IBUFCTRL (Prop_IBUFCTRL_HRIO_I_O)
                                                      0.034     1.762 r  clk_IBUF_inst/IBUFCTRL_INST/O
                         net (fo=1, routed)           0.722     2.484    clk_IBUF
    BUFGCE_X1Y0          BUFGCE (Prop_BUFCE_BUFGCE_I_O)
                                                      0.091     2.575 r  clk_IBUF_BUFG_inst/O
    X2Y1 (CLOCK_ROOT)    net (fo=3917, routed)        2.035     4.610    clk_IBUF_BUFG
    SLICE_X75Y122        FDRE                                         r  buf_metrics1_reg[31]/C
                         clock pessimism              0.694     5.305    
                         clock uncertainty           -0.035     5.269    
    SLICE_X75Y122        FDRE (Setup_EFF2_SLICEM_C_D)
                                                      0.065     5.334    buf_metrics1_reg[31]
  -------------------------------------------------------------------
                         required time                          5.334    
                         arrival time                          -6.809    
  -------------------------------------------------------------------
                         slack                                 -1.475    





Min Delay Paths
--------------------------------------------------------------------------------------
Slack (MET) :             0.019ns  (arrival time - required time)
  Source:                 buf_labels1_reg[4]/C
                            (rising edge-triggered cell FDRE clocked by sys_clk_pin  {rise@0.000ns fall@0.500ns period=1.000ns})
  Destination:            dut/sort_inst/genblk1[4].genblk1[0].pipe_labels_raw_reg[10][3][4]_srl13/D
                            (rising edge-triggered cell SRL16E clocked by sys_clk_pin  {rise@0.000ns fall@0.500ns period=1.000ns})
  Path Group:             sys_clk_pin
  Path Type:              Hold (Min at Fast Process Corner)
  Requirement:            0.000ns  (sys_clk_pin rise@0.000ns - sys_clk_pin rise@0.000ns)
  Data Path Delay:        0.180ns  (logic 0.048ns (26.667%)  route 0.132ns (73.333%))
  Logic Levels:           0  
  Clock Path Skew:        0.041ns (DCD - SCD - CPR)
    Destination Clock Delay (DCD):    2.472ns
    Source Clock Delay      (SCD):    1.844ns
    Clock Pessimism Removal (CPR):    0.587ns
  Clock Net Delay (Source):      0.865ns (routing 0.278ns, distribution 0.587ns)
  Clock Net Delay (Destination): 1.030ns (routing 0.309ns, distribution 0.721ns)

    Location             Delay type                Incr(ns)  Path(ns)    Netlist Resource(s)
  -------------------------------------------------------------------    -------------------
                         (clock sys_clk_pin rise edge)
                                                      0.000     0.000 r  
    AA13                                              0.000     0.000 r  clk (IN)
                         net (fo=0)                   0.000     0.000    clk_IBUF_inst/I
    AA13                 INBUF (Prop_INBUF_HRIO_PAD_O)
                                                      0.562     0.562 r  clk_IBUF_inst/INBUF_INST/O
                         net (fo=1, routed)           0.025     0.587    clk_IBUF_inst/OUT
    AA13                 IBUFCTRL (Prop_IBUFCTRL_HRIO_I_O)
                                                      0.015     0.602 r  clk_IBUF_inst/IBUFCTRL_INST/O
                         net (fo=1, routed)           0.350     0.952    clk_IBUF
    BUFGCE_X1Y0          BUFGCE (Prop_BUFCE_BUFGCE_I_O)
                                                      0.027     0.979 r  clk_IBUF_BUFG_inst/O
    X2Y1 (CLOCK_ROOT)    net (fo=3917, routed)        0.865     1.844    clk_IBUF_BUFG
    SLICE_X73Y131        FDRE                                         r  buf_labels1_reg[4]/C
  -------------------------------------------------------------------    -------------------
    SLICE_X73Y131        FDRE (Prop_BFF2_SLICEL_C_Q)
                                                      0.048     1.892 r  buf_labels1_reg[4]/Q
                         net (fo=1, routed)           0.132     2.024    dut/sort_inst/out_labels_reg_reg[484]
    SLICE_X72Y131        SRL16E                                       r  dut/sort_inst/genblk1[4].genblk1[0].pipe_labels_raw_reg[10][3][4]_srl13/D
  -------------------------------------------------------------------    -------------------

                         (clock sys_clk_pin rise edge)
                                                      0.000     0.000 r  
    AA13                                              0.000     0.000 r  clk (IN)
                         net (fo=0)                   0.000     0.000    clk_IBUF_inst/I
    AA13                 INBUF (Prop_INBUF_HRIO_PAD_O)
                                                      0.938     0.938 r  clk_IBUF_inst/INBUF_INST/O
                         net (fo=1, routed)           0.042     0.980    clk_IBUF_inst/OUT
    AA13                 IBUFCTRL (Prop_IBUFCTRL_HRIO_I_O)
                                                      0.022     1.002 r  clk_IBUF_inst/IBUFCTRL_INST/O
                         net (fo=1, routed)           0.409     1.411    clk_IBUF
    BUFGCE_X1Y0          BUFGCE (Prop_BUFCE_BUFGCE_I_O)
                                                      0.031     1.442 r  clk_IBUF_BUFG_inst/O
    X2Y1 (CLOCK_ROOT)    net (fo=3917, routed)        1.030     2.472    dut/sort_inst/clk_IBUF_BUFG
    SLICE_X72Y131        SRL16E                                       r  dut/sort_inst/genblk1[4].genblk1[0].pipe_labels_raw_reg[10][3][4]_srl13/CLK
                         clock pessimism             -0.587     1.885    
    SLICE_X72Y131        SRL16E (Hold_E6LUT_SLICEM_CLK_D)
                                                      0.120     2.005    dut/sort_inst/genblk1[4].genblk1[0].pipe_labels_raw_reg[10][3][4]_srl13
  -------------------------------------------------------------------
                         required time                         -2.005    
                         arrival time                           2.024    
  -------------------------------------------------------------------
                         slack                                  0.019    

Slack (MET) :             0.020ns  (arrival time - required time)
  Source:                 buf_labels0_reg[39]/C
                            (rising edge-triggered cell FDRE clocked by sys_clk_pin  {rise@0.000ns fall@0.500ns period=1.000ns})
  Destination:            dut/sort_inst/genblk1[4].genblk1[0].pipe_labels_raw_reg[10][4][23]_srl13/D
                            (rising edge-triggered cell SRL16E clocked by sys_clk_pin  {rise@0.000ns fall@0.500ns period=1.000ns})
  Path Group:             sys_clk_pin
  Path Type:              Hold (Min at Fast Process Corner)
  Requirement:            0.000ns  (sys_clk_pin rise@0.000ns - sys_clk_pin rise@0.000ns)
  Data Path Delay:        0.223ns  (logic 0.048ns (21.525%)  route 0.175ns (78.475%))
  Logic Levels:           0  
  Clock Path Skew:        0.049ns (DCD - SCD - CPR)
    Destination Clock Delay (DCD):    2.467ns
    Source Clock Delay      (SCD):    1.844ns
    Clock Pessimism Removal (CPR):    0.573ns
  Clock Net Delay (Source):      0.865ns (routing 0.278ns, distribution 0.587ns)
  Clock Net Delay (Destination): 1.025ns (routing 0.309ns, distribution 0.716ns)

    Location             Delay type                Incr(ns)  Path(ns)    Netlist Resource(s)
  -------------------------------------------------------------------    -------------------
                         (clock sys_clk_pin rise edge)
                                                      0.000     0.000 r  
    AA13                                              0.000     0.000 r  clk (IN)
                         net (fo=0)                   0.000     0.000    clk_IBUF_inst/I
    AA13                 INBUF (Prop_INBUF_HRIO_PAD_O)
                                                      0.562     0.562 r  clk_IBUF_inst/INBUF_INST/O
                         net (fo=1, routed)           0.025     0.587    clk_IBUF_inst/OUT
    AA13                 IBUFCTRL (Prop_IBUFCTRL_HRIO_I_O)
                                                      0.015     0.602 r  clk_IBUF_inst/IBUFCTRL_INST/O
                         net (fo=1, routed)           0.350     0.952    clk_IBUF
    BUFGCE_X1Y0          BUFGCE (Prop_BUFCE_BUFGCE_I_O)
                                                      0.027     0.979 r  clk_IBUF_BUFG_inst/O
    X2Y1 (CLOCK_ROOT)    net (fo=3917, routed)        0.865     1.844    clk_IBUF_BUFG
    SLICE_X67Y132        FDRE                                         r  buf_labels0_reg[39]/C
  -------------------------------------------------------------------    -------------------
    SLICE_X67Y132        FDRE (Prop_HFF2_SLICEM_C_Q)
                                                      0.048     1.892 r  buf_labels0_reg[39]/Q
                         net (fo=1, routed)           0.175     2.067    dut/sort_inst/out_labels_reg_reg[503]_1
    SLICE_X67Y131        SRL16E                                       r  dut/sort_inst/genblk1[4].genblk1[0].pipe_labels_raw_reg[10][4][23]_srl13/D
  -------------------------------------------------------------------    -------------------

                         (clock sys_clk_pin rise edge)
                                                      0.000     0.000 r  
    AA13                                              0.000     0.000 r  clk (IN)
                         net (fo=0)                   0.000     0.000    clk_IBUF_inst/I
    AA13                 INBUF (Prop_INBUF_HRIO_PAD_O)
                                                      0.938     0.938 r  clk_IBUF_inst/INBUF_INST/O
                         net (fo=1, routed)           0.042     0.980    clk_IBUF_inst/OUT
    AA13                 IBUFCTRL (Prop_IBUFCTRL_HRIO_I_O)
                                                      0.022     1.002 r  clk_IBUF_inst/IBUFCTRL_INST/O
                         net (fo=1, routed)           0.409     1.411    clk_IBUF
    BUFGCE_X1Y0          BUFGCE (Prop_BUFCE_BUFGCE_I_O)
                                                      0.031     1.442 r  clk_IBUF_BUFG_inst/O
    X2Y1 (CLOCK_ROOT)    net (fo=3917, routed)        1.025     2.467    dut/sort_inst/clk_IBUF_BUFG
    SLICE_X67Y131        SRL16E                                       r  dut/sort_inst/genblk1[4].genblk1[0].pipe_labels_raw_reg[10][4][23]_srl13/CLK
                         clock pessimism             -0.573     1.894    
    SLICE_X67Y131        SRL16E (Hold_H6LUT_SLICEM_CLK_D)
                                                      0.154     2.048    dut/sort_inst/genblk1[4].genblk1[0].pipe_labels_raw_reg[10][4][23]_srl13
  -------------------------------------------------------------------
                         required time                         -2.048    
                         arrival time                           2.067    
  -------------------------------------------------------------------
                         slack                                  0.020    

Slack (MET) :             0.020ns  (arrival time - required time)
  Source:                 dut/sort_inst/pipe_metrics_reg[0][15][0]/C
                            (rising edge-triggered cell FDRE clocked by sys_clk_pin  {rise@0.000ns fall@0.500ns period=1.000ns})
  Destination:            dut/sort_inst/genblk1[1].genblk1[0].pipe_metrics_reg[1][14][0]/D
                            (rising edge-triggered cell FDRE clocked by sys_clk_pin  {rise@0.000ns fall@0.500ns period=1.000ns})
  Path Group:             sys_clk_pin
  Path Type:              Hold (Min at Fast Process Corner)
  Requirement:            0.000ns  (sys_clk_pin rise@0.000ns - sys_clk_pin rise@0.000ns)
  Data Path Delay:        0.163ns  (logic 0.064ns (39.264%)  route 0.099ns (60.736%))
  Logic Levels:           1  (LUT3=1)
  Clock Path Skew:        0.087ns (DCD - SCD - CPR)
    Destination Clock Delay (DCD):    2.436ns
    Source Clock Delay      (SCD):    1.812ns
    Clock Pessimism Removal (CPR):    0.537ns
  Clock Net Delay (Source):      0.833ns (routing 0.278ns, distribution 0.555ns)
  Clock Net Delay (Destination): 0.994ns (routing 0.309ns, distribution 0.685ns)

    Location             Delay type                Incr(ns)  Path(ns)    Netlist Resource(s)
  -------------------------------------------------------------------    -------------------
                         (clock sys_clk_pin rise edge)
                                                      0.000     0.000 r  
    AA13                                              0.000     0.000 r  clk (IN)
                         net (fo=0)                   0.000     0.000    clk_IBUF_inst/I
    AA13                 INBUF (Prop_INBUF_HRIO_PAD_O)
                                                      0.562     0.562 r  clk_IBUF_inst/INBUF_INST/O
                         net (fo=1, routed)           0.025     0.587    clk_IBUF_inst/OUT
    AA13                 IBUFCTRL (Prop_IBUFCTRL_HRIO_I_O)
                                                      0.015     0.602 r  clk_IBUF_inst/IBUFCTRL_INST/O
                         net (fo=1, routed)           0.350     0.952    clk_IBUF
    BUFGCE_X1Y0          BUFGCE (Prop_BUFCE_BUFGCE_I_O)
                                                      0.027     0.979 r  clk_IBUF_BUFG_inst/O
    X2Y1 (CLOCK_ROOT)    net (fo=3917, routed)        0.833     1.812    dut/sort_inst/clk_IBUF_BUFG
    SLICE_X71Y103        FDRE                                         r  dut/sort_inst/pipe_metrics_reg[0][15][0]/C
  -------------------------------------------------------------------    -------------------
    SLICE_X71Y103        FDRE (Prop_CFF_SLICEM_C_Q)
                                                      0.048     1.860 r  dut/sort_inst/pipe_metrics_reg[0][15][0]/Q
                         net (fo=4, routed)           0.083     1.943    dut/sort_inst/pipe_metrics_reg[0][15]_7[0]
    SLICE_X69Y103        LUT3 (Prop_D6LUT_SLICEM_I0_O)
                                                      0.016     1.959 r  dut/sort_inst/genblk1[1].genblk1[0].pipe_metrics[1][14][0]_i_1/O
                         net (fo=1, routed)           0.016     1.975    dut/sort_inst/genblk1[1].genblk1[0].pipe_metrics[1][14][0]_i_1_n_0
    SLICE_X69Y103        FDRE                                         r  dut/sort_inst/genblk1[1].genblk1[0].pipe_metrics_reg[1][14][0]/D
  -------------------------------------------------------------------    -------------------

                         (clock sys_clk_pin rise edge)
                                                      0.000     0.000 r  
    AA13                                              0.000     0.000 r  clk (IN)
                         net (fo=0)                   0.000     0.000    clk_IBUF_inst/I
    AA13                 INBUF (Prop_INBUF_HRIO_PAD_O)
                                                      0.938     0.938 r  clk_IBUF_inst/INBUF_INST/O
                         net (fo=1, routed)           0.042     0.980    clk_IBUF_inst/OUT
    AA13                 IBUFCTRL (Prop_IBUFCTRL_HRIO_I_O)
                                                      0.022     1.002 r  clk_IBUF_inst/IBUFCTRL_INST/O
                         net (fo=1, routed)           0.409     1.411    clk_IBUF
    BUFGCE_X1Y0          BUFGCE (Prop_BUFCE_BUFGCE_I_O)
                                                      0.031     1.442 r  clk_IBUF_BUFG_inst/O
    X2Y1 (CLOCK_ROOT)    net (fo=3917, routed)        0.994     2.436    dut/sort_inst/clk_IBUF_BUFG
    SLICE_X69Y103        FDRE                                         r  dut/sort_inst/genblk1[1].genblk1[0].pipe_metrics_reg[1][14][0]/C
                         clock pessimism             -0.537     1.899    
    SLICE_X69Y103        FDRE (Hold_DFF_SLICEM_C_D)
                                                      0.056     1.955    dut/sort_inst/genblk1[1].genblk1[0].pipe_metrics_reg[1][14][0]
  -------------------------------------------------------------------
                         required time                         -1.955    
                         arrival time                           1.975    
  -------------------------------------------------------------------
                         slack                                  0.020    

Slack (MET) :             0.022ns  (arrival time - required time)
  Source:                 dut/sort_inst/pipe_metrics_reg[0][15][7]/C
                            (rising edge-triggered cell FDRE clocked by sys_clk_pin  {rise@0.000ns fall@0.500ns period=1.000ns})
  Destination:            dut/sort_inst/genblk1[1].genblk1[0].pipe_metrics_reg[1][15][7]/D
                            (rising edge-triggered cell FDRE clocked by sys_clk_pin  {rise@0.000ns fall@0.500ns period=1.000ns})
  Path Group:             sys_clk_pin
  Path Type:              Hold (Min at Fast Process Corner)
  Requirement:            0.000ns  (sys_clk_pin rise@0.000ns - sys_clk_pin rise@0.000ns)
  Data Path Delay:        0.164ns  (logic 0.064ns (39.024%)  route 0.100ns (60.976%))
  Logic Levels:           1  (LUT3=1)
  Clock Path Skew:        0.086ns (DCD - SCD - CPR)
    Destination Clock Delay (DCD):    2.434ns
    Source Clock Delay      (SCD):    1.811ns
    Clock Pessimism Removal (CPR):    0.537ns
  Clock Net Delay (Source):      0.832ns (routing 0.278ns, distribution 0.554ns)
  Clock Net Delay (Destination): 0.992ns (routing 0.309ns, distribution 0.683ns)

    Location             Delay type                Incr(ns)  Path(ns)    Netlist Resource(s)
  -------------------------------------------------------------------    -------------------
                         (clock sys_clk_pin rise edge)
                                                      0.000     0.000 r  
    AA13                                              0.000     0.000 r  clk (IN)
                         net (fo=0)                   0.000     0.000    clk_IBUF_inst/I
    AA13                 INBUF (Prop_INBUF_HRIO_PAD_O)
                                                      0.562     0.562 r  clk_IBUF_inst/INBUF_INST/O
                         net (fo=1, routed)           0.025     0.587    clk_IBUF_inst/OUT
    AA13                 IBUFCTRL (Prop_IBUFCTRL_HRIO_I_O)
                                                      0.015     0.602 r  clk_IBUF_inst/IBUFCTRL_INST/O
                         net (fo=1, routed)           0.350     0.952    clk_IBUF
    BUFGCE_X1Y0          BUFGCE (Prop_BUFCE_BUFGCE_I_O)
                                                      0.027     0.979 r  clk_IBUF_BUFG_inst/O
    X2Y1 (CLOCK_ROOT)    net (fo=3917, routed)        0.832     1.811    dut/sort_inst/clk_IBUF_BUFG
    SLICE_X71Y103        FDRE                                         r  dut/sort_inst/pipe_metrics_reg[0][15][7]/C
  -------------------------------------------------------------------    -------------------
    SLICE_X71Y103        FDRE (Prop_HFF_SLICEM_C_Q)
                                                      0.048     1.859 r  dut/sort_inst/pipe_metrics_reg[0][15][7]/Q
                         net (fo=4, routed)           0.084     1.943    dut/sort_inst/pipe_metrics_reg[0][15]_7[7]
    SLICE_X69Y103        LUT3 (Prop_H6LUT_SLICEM_I1_O)
                                                      0.016     1.959 r  dut/sort_inst/genblk1[1].genblk1[0].pipe_metrics[1][15][7]_i_1/O
                         net (fo=1, routed)           0.016     1.975    dut/sort_inst/p_0_in[7]
    SLICE_X69Y103        FDRE                                         r  dut/sort_inst/genblk1[1].genblk1[0].pipe_metrics_reg[1][15][7]/D
  -------------------------------------------------------------------    -------------------

                         (clock sys_clk_pin rise edge)
                                                      0.000     0.000 r  
    AA13                                              0.000     0.000 r  clk (IN)
                         net (fo=0)                   0.000     0.000    clk_IBUF_inst/I
    AA13                 INBUF (Prop_INBUF_HRIO_PAD_O)
                                                      0.938     0.938 r  clk_IBUF_inst/INBUF_INST/O
                         net (fo=1, routed)           0.042     0.980    clk_IBUF_inst/OUT
    AA13                 IBUFCTRL (Prop_IBUFCTRL_HRIO_I_O)
                                                      0.022     1.002 r  clk_IBUF_inst/IBUFCTRL_INST/O
                         net (fo=1, routed)           0.409     1.411    clk_IBUF
    BUFGCE_X1Y0          BUFGCE (Prop_BUFCE_BUFGCE_I_O)
                                                      0.031     1.442 r  clk_IBUF_BUFG_inst/O
    X2Y1 (CLOCK_ROOT)    net (fo=3917, routed)        0.992     2.434    dut/sort_inst/clk_IBUF_BUFG
    SLICE_X69Y103        FDRE                                         r  dut/sort_inst/genblk1[1].genblk1[0].pipe_metrics_reg[1][15][7]/C
                         clock pessimism             -0.537     1.897    
    SLICE_X69Y103        FDRE (Hold_HFF_SLICEM_C_D)
                                                      0.056     1.953    dut/sort_inst/genblk1[1].genblk1[0].pipe_metrics_reg[1][15][7]
  -------------------------------------------------------------------
                         required time                         -1.953    
                         arrival time                           1.975    
  -------------------------------------------------------------------
                         slack                                  0.022    

Slack (MET) :             0.022ns  (arrival time - required time)
  Source:                 dut/sort_inst/genblk1[1].genblk1[0].pipe_metrics_reg[1][10][5]/C
                            (rising edge-triggered cell FDRE clocked by sys_clk_pin  {rise@0.000ns fall@0.500ns period=1.000ns})
  Destination:            dut/sort_inst/genblk1[2].genblk1[1].pipe_metrics_reg[2][10][5]/D
                            (rising edge-triggered cell FDRE clocked by sys_clk_pin  {rise@0.000ns fall@0.500ns period=1.000ns})
  Path Group:             sys_clk_pin
  Path Type:              Hold (Min at Fast Process Corner)
  Requirement:            0.000ns  (sys_clk_pin rise@0.000ns - sys_clk_pin rise@0.000ns)
  Data Path Delay:        0.161ns  (logic 0.064ns (39.752%)  route 0.097ns (60.248%))
  Logic Levels:           1  (LUT3=1)
  Clock Path Skew:        0.083ns (DCD - SCD - CPR)
    Destination Clock Delay (DCD):    2.430ns
    Source Clock Delay      (SCD):    1.810ns
    Clock Pessimism Removal (CPR):    0.537ns
  Clock Net Delay (Source):      0.831ns (routing 0.278ns, distribution 0.553ns)
  Clock Net Delay (Destination): 0.988ns (routing 0.309ns, distribution 0.679ns)

    Location             Delay type                Incr(ns)  Path(ns)    Netlist Resource(s)
  -------------------------------------------------------------------    -------------------
                         (clock sys_clk_pin rise edge)
                                                      0.000     0.000 r  
    AA13                                              0.000     0.000 r  clk (IN)
                         net (fo=0)                   0.000     0.000    clk_IBUF_inst/I
    AA13                 INBUF (Prop_INBUF_HRIO_PAD_O)
                                                      0.562     0.562 r  clk_IBUF_inst/INBUF_INST/O
                         net (fo=1, routed)           0.025     0.587    clk_IBUF_inst/OUT
    AA13                 IBUFCTRL (Prop_IBUFCTRL_HRIO_I_O)
                                                      0.015     0.602 r  clk_IBUF_inst/IBUFCTRL_INST/O
                         net (fo=1, routed)           0.350     0.952    clk_IBUF
    BUFGCE_X1Y0          BUFGCE (Prop_BUFCE_BUFGCE_I_O)
                                                      0.027     0.979 r  clk_IBUF_BUFG_inst/O
    X2Y1 (CLOCK_ROOT)    net (fo=3917, routed)        0.831     1.810    dut/sort_inst/clk_IBUF_BUFG
    SLICE_X64Y99         FDRE                                         r  dut/sort_inst/genblk1[1].genblk1[0].pipe_metrics_reg[1][10][5]/C
  -------------------------------------------------------------------    -------------------
    SLICE_X64Y99         FDRE (Prop_DFF_SLICEM_C_Q)
                                                      0.049     1.859 r  dut/sort_inst/genblk1[1].genblk1[0].pipe_metrics_reg[1][10][5]/Q
                         net (fo=4, routed)           0.081     1.940    dut/sort_inst/genblk1[1].genblk1[0].pipe_metrics_reg[1][10]_23[5]
    SLICE_X62Y99         LUT3 (Prop_C6LUT_SLICEM_I1_O)
                                                      0.015     1.955 r  dut/sort_inst/genblk1[2].genblk1[1].pipe_metrics[2][10][5]_i_1/O
                         net (fo=1, routed)           0.016     1.971    dut/sort_inst/genblk1[2].genblk1[1].pipe_metrics[2][10][5]_i_1_n_0
    SLICE_X62Y99         FDRE                                         r  dut/sort_inst/genblk1[2].genblk1[1].pipe_metrics_reg[2][10][5]/D
  -------------------------------------------------------------------    -------------------

                         (clock sys_clk_pin rise edge)
                                                      0.000     0.000 r  
    AA13                                              0.000     0.000 r  clk (IN)
                         net (fo=0)                   0.000     0.000    clk_IBUF_inst/I
    AA13                 INBUF (Prop_INBUF_HRIO_PAD_O)
                                                      0.938     0.938 r  clk_IBUF_inst/INBUF_INST/O
                         net (fo=1, routed)           0.042     0.980    clk_IBUF_inst/OUT
    AA13                 IBUFCTRL (Prop_IBUFCTRL_HRIO_I_O)
                                                      0.022     1.002 r  clk_IBUF_inst/IBUFCTRL_INST/O
                         net (fo=1, routed)           0.409     1.411    clk_IBUF
    BUFGCE_X1Y0          BUFGCE (Prop_BUFCE_BUFGCE_I_O)
                                                      0.031     1.442 r  clk_IBUF_BUFG_inst/O
    X2Y1 (CLOCK_ROOT)    net (fo=3917, routed)        0.988     2.430    dut/sort_inst/clk_IBUF_BUFG
    SLICE_X62Y99         FDRE                                         r  dut/sort_inst/genblk1[2].genblk1[1].pipe_metrics_reg[2][10][5]/C
                         clock pessimism             -0.537     1.893    
    SLICE_X62Y99         FDRE (Hold_CFF_SLICEM_C_D)
                                                      0.056     1.949    dut/sort_inst/genblk1[2].genblk1[1].pipe_metrics_reg[2][10][5]
  -------------------------------------------------------------------
                         required time                         -1.949    
                         arrival time                           1.971    
  -------------------------------------------------------------------
                         slack                                  0.022    

Slack (MET) :             0.025ns  (arrival time - required time)
  Source:                 dut/sort_inst/pipe_metrics_reg[0][12][8]/C
                            (rising edge-triggered cell FDRE clocked by sys_clk_pin  {rise@0.000ns fall@0.500ns period=1.000ns})
  Destination:            dut/sort_inst/genblk1[1].genblk1[0].pipe_metrics_reg[1][12][8]/D
                            (rising edge-triggered cell FDRE clocked by sys_clk_pin  {rise@0.000ns fall@0.500ns period=1.000ns})
  Path Group:             sys_clk_pin
  Path Type:              Hold (Min at Fast Process Corner)
  Requirement:            0.000ns  (sys_clk_pin rise@0.000ns - sys_clk_pin rise@0.000ns)
  Data Path Delay:        0.176ns  (logic 0.078ns (44.318%)  route 0.098ns (55.682%))
  Logic Levels:           1  (LUT3=1)
  Clock Path Skew:        0.095ns (DCD - SCD - CPR)
    Destination Clock Delay (DCD):    2.442ns
    Source Clock Delay      (SCD):    1.810ns
    Clock Pessimism Removal (CPR):    0.537ns
  Clock Net Delay (Source):      0.831ns (routing 0.278ns, distribution 0.553ns)
  Clock Net Delay (Destination): 1.000ns (routing 0.309ns, distribution 0.691ns)

    Location             Delay type                Incr(ns)  Path(ns)    Netlist Resource(s)
  -------------------------------------------------------------------    -------------------
                         (clock sys_clk_pin rise edge)
                                                      0.000     0.000 r  
    AA13                                              0.000     0.000 r  clk (IN)
                         net (fo=0)                   0.000     0.000    clk_IBUF_inst/I
    AA13                 INBUF (Prop_INBUF_HRIO_PAD_O)
                                                      0.562     0.562 r  clk_IBUF_inst/INBUF_INST/O
                         net (fo=1, routed)           0.025     0.587    clk_IBUF_inst/OUT
    AA13                 IBUFCTRL (Prop_IBUFCTRL_HRIO_I_O)
                                                      0.015     0.602 r  clk_IBUF_inst/IBUFCTRL_INST/O
                         net (fo=1, routed)           0.350     0.952    clk_IBUF
    BUFGCE_X1Y0          BUFGCE (Prop_BUFCE_BUFGCE_I_O)
                                                      0.027     0.979 r  clk_IBUF_BUFG_inst/O
    X2Y1 (CLOCK_ROOT)    net (fo=3917, routed)        0.831     1.810    dut/sort_inst/clk_IBUF_BUFG
    SLICE_X71Y100        FDRE                                         r  dut/sort_inst/pipe_metrics_reg[0][12][8]/C
  -------------------------------------------------------------------    -------------------
    SLICE_X71Y100        FDRE (Prop_CFF2_SLICEM_C_Q)
                                                      0.048     1.858 r  dut/sort_inst/pipe_metrics_reg[0][12][8]/Q
                         net (fo=4, routed)           0.082     1.940    dut/sort_inst/pipe_metrics_reg[0][12]_10[8]
    SLICE_X69Y100        LUT3 (Prop_C6LUT_SLICEM_I1_O)
                                                      0.030     1.970 r  dut/sort_inst/genblk1[1].genblk1[0].pipe_metrics[1][12][8]_i_1/O
                         net (fo=1, routed)           0.016     1.986    dut/sort_inst/genblk1[1].genblk1[0].pipe_metrics[1][12][8]_i_1_n_0
    SLICE_X69Y100        FDRE                                         r  dut/sort_inst/genblk1[1].genblk1[0].pipe_metrics_reg[1][12][8]/D
  -------------------------------------------------------------------    -------------------

                         (clock sys_clk_pin rise edge)
                                                      0.000     0.000 r  
    AA13                                              0.000     0.000 r  clk (IN)
                         net (fo=0)                   0.000     0.000    clk_IBUF_inst/I
    AA13                 INBUF (Prop_INBUF_HRIO_PAD_O)
                                                      0.938     0.938 r  clk_IBUF_inst/INBUF_INST/O
                         net (fo=1, routed)           0.042     0.980    clk_IBUF_inst/OUT
    AA13                 IBUFCTRL (Prop_IBUFCTRL_HRIO_I_O)
                                                      0.022     1.002 r  clk_IBUF_inst/IBUFCTRL_INST/O
                         net (fo=1, routed)           0.409     1.411    clk_IBUF
    BUFGCE_X1Y0          BUFGCE (Prop_BUFCE_BUFGCE_I_O)
                                                      0.031     1.442 r  clk_IBUF_BUFG_inst/O
    X2Y1 (CLOCK_ROOT)    net (fo=3917, routed)        1.000     2.442    dut/sort_inst/clk_IBUF_BUFG
    SLICE_X69Y100        FDRE                                         r  dut/sort_inst/genblk1[1].genblk1[0].pipe_metrics_reg[1][12][8]/C
                         clock pessimism             -0.537     1.905    
    SLICE_X69Y100        FDRE (Hold_CFF_SLICEM_C_D)
                                                      0.056     1.961    dut/sort_inst/genblk1[1].genblk1[0].pipe_metrics_reg[1][12][8]
  -------------------------------------------------------------------
                         required time                         -1.961    
                         arrival time                           1.986    
  -------------------------------------------------------------------
                         slack                                  0.025    

Slack (MET) :             0.028ns  (arrival time - required time)
  Source:                 dut/m1_rep_reg[3][3][1]/C
                            (rising edge-triggered cell FDRE clocked by sys_clk_pin  {rise@0.000ns fall@0.500ns period=1.000ns})
  Destination:            dut/sum_packed_reg[1]/D
                            (rising edge-triggered cell FDSE clocked by sys_clk_pin  {rise@0.000ns fall@0.500ns period=1.000ns})
  Path Group:             sys_clk_pin
  Path Type:              Hold (Min at Fast Process Corner)
  Requirement:            0.000ns  (sys_clk_pin rise@0.000ns - sys_clk_pin rise@0.000ns)
  Data Path Delay:        0.139ns  (logic 0.095ns (68.345%)  route 0.044ns (31.655%))
  Logic Levels:           2  (CARRY8=1 LUT2=1)
  Clock Path Skew:        0.055ns (DCD - SCD - CPR)
    Destination Clock Delay (DCD):    2.505ns
    Source Clock Delay      (SCD):    1.872ns
    Clock Pessimism Removal (CPR):    0.578ns
  Clock Net Delay (Source):      0.893ns (routing 0.278ns, distribution 0.615ns)
  Clock Net Delay (Destination): 1.063ns (routing 0.309ns, distribution 0.754ns)

    Location             Delay type                Incr(ns)  Path(ns)    Netlist Resource(s)
  -------------------------------------------------------------------    -------------------
                         (clock sys_clk_pin rise edge)
                                                      0.000     0.000 r  
    AA13                                              0.000     0.000 r  clk (IN)
                         net (fo=0)                   0.000     0.000    clk_IBUF_inst/I
    AA13                 INBUF (Prop_INBUF_HRIO_PAD_O)
                                                      0.562     0.562 r  clk_IBUF_inst/INBUF_INST/O
                         net (fo=1, routed)           0.025     0.587    clk_IBUF_inst/OUT
    AA13                 IBUFCTRL (Prop_IBUFCTRL_HRIO_I_O)
                                                      0.015     0.602 r  clk_IBUF_inst/IBUFCTRL_INST/O
                         net (fo=1, routed)           0.350     0.952    clk_IBUF
    BUFGCE_X1Y0          BUFGCE (Prop_BUFCE_BUFGCE_I_O)
                                                      0.027     0.979 r  clk_IBUF_BUFG_inst/O
    X2Y1 (CLOCK_ROOT)    net (fo=3917, routed)        0.893     1.872    dut/clk_IBUF_BUFG
    SLICE_X80Y115        FDRE                                         r  dut/m1_rep_reg[3][3][1]/C
  -------------------------------------------------------------------    -------------------
    SLICE_X80Y115        FDRE (Prop_EFF2_SLICEL_C_Q)
                                                      0.048     1.920 r  dut/m1_rep_reg[3][3][1]/Q
                         net (fo=1, routed)           0.031     1.951    dut/m1_rep[3][3]_183[1]
    SLICE_X80Y116        LUT2 (Prop_B6LUT_SLICEL_I1_O)
                                                      0.015     1.966 r  dut/sum_packed[7]_i_8/O
                         net (fo=1, routed)           0.000     1.966    dut/sum_packed[7]_i_8_n_0
    SLICE_X80Y116        CARRY8 (Prop_CARRY8_SLICEL_S[1]_O[1])
                                                      0.032     1.998 r  dut/sum_packed_reg[7]_i_1/O[1]
                         net (fo=1, routed)           0.013     2.011    dut/sum_packed_reg[7]_i_1_n_14
    SLICE_X80Y116        FDSE                                         r  dut/sum_packed_reg[1]/D
  -------------------------------------------------------------------    -------------------

                         (clock sys_clk_pin rise edge)
                                                      0.000     0.000 r  
    AA13                                              0.000     0.000 r  clk (IN)
                         net (fo=0)                   0.000     0.000    clk_IBUF_inst/I
    AA13                 INBUF (Prop_INBUF_HRIO_PAD_O)
                                                      0.938     0.938 r  clk_IBUF_inst/INBUF_INST/O
                         net (fo=1, routed)           0.042     0.980    clk_IBUF_inst/OUT
    AA13                 IBUFCTRL (Prop_IBUFCTRL_HRIO_I_O)
                                                      0.022     1.002 r  clk_IBUF_inst/IBUFCTRL_INST/O
                         net (fo=1, routed)           0.409     1.411    clk_IBUF
    BUFGCE_X1Y0          BUFGCE (Prop_BUFCE_BUFGCE_I_O)
                                                      0.031     1.442 r  clk_IBUF_BUFG_inst/O
    X2Y1 (CLOCK_ROOT)    net (fo=3917, routed)        1.063     2.505    dut/clk_IBUF_BUFG
    SLICE_X80Y116        FDSE                                         r  dut/sum_packed_reg[1]/C
                         clock pessimism             -0.578     1.927    
    SLICE_X80Y116        FDSE (Hold_BFF_SLICEL_C_D)
                                                      0.056     1.983    dut/sum_packed_reg[1]
  -------------------------------------------------------------------
                         required time                         -1.983    
                         arrival time                           2.011    
  -------------------------------------------------------------------
                         slack                                  0.028    

Slack (MET) :             0.030ns  (arrival time - required time)
  Source:                 dut/sort_inst/pipe_metrics_reg[0][11][9]/C
                            (rising edge-triggered cell FDRE clocked by sys_clk_pin  {rise@0.000ns fall@0.500ns period=1.000ns})
  Destination:            dut/sort_inst/genblk1[1].genblk1[0].pipe_metrics_reg[1][10][9]/D
                            (rising edge-triggered cell FDRE clocked by sys_clk_pin  {rise@0.000ns fall@0.500ns period=1.000ns})
  Path Group:             sys_clk_pin
  Path Type:              Hold (Min at Fast Process Corner)
  Requirement:            0.000ns  (sys_clk_pin rise@0.000ns - sys_clk_pin rise@0.000ns)
  Data Path Delay:        0.170ns  (logic 0.078ns (45.882%)  route 0.092ns (54.118%))
  Logic Levels:           1  (LUT3=1)
  Clock Path Skew:        0.084ns (DCD - SCD - CPR)
    Destination Clock Delay (DCD):    2.426ns
    Source Clock Delay      (SCD):    1.805ns
    Clock Pessimism Removal (CPR):    0.537ns
  Clock Net Delay (Source):      0.826ns (routing 0.278ns, distribution 0.548ns)
  Clock Net Delay (Destination): 0.984ns (routing 0.309ns, distribution 0.675ns)

    Location             Delay type                Incr(ns)  Path(ns)    Netlist Resource(s)
  -------------------------------------------------------------------    -------------------
                         (clock sys_clk_pin rise edge)
                                                      0.000     0.000 r  
    AA13                                              0.000     0.000 r  clk (IN)
                         net (fo=0)                   0.000     0.000    clk_IBUF_inst/I
    AA13                 INBUF (Prop_INBUF_HRIO_PAD_O)
                                                      0.562     0.562 r  clk_IBUF_inst/INBUF_INST/O
                         net (fo=1, routed)           0.025     0.587    clk_IBUF_inst/OUT
    AA13                 IBUFCTRL (Prop_IBUFCTRL_HRIO_I_O)
                                                      0.015     0.602 r  clk_IBUF_inst/IBUFCTRL_INST/O
                         net (fo=1, routed)           0.350     0.952    clk_IBUF
    BUFGCE_X1Y0          BUFGCE (Prop_BUFCE_BUFGCE_I_O)
                                                      0.027     0.979 r  clk_IBUF_BUFG_inst/O
    X2Y1 (CLOCK_ROOT)    net (fo=3917, routed)        0.826     1.805    dut/sort_inst/clk_IBUF_BUFG
    SLICE_X66Y100        FDRE                                         r  dut/sort_inst/pipe_metrics_reg[0][11][9]/C
  -------------------------------------------------------------------    -------------------
    SLICE_X66Y100        FDRE (Prop_BFF2_SLICEM_C_Q)
                                                      0.048     1.853 r  dut/sort_inst/pipe_metrics_reg[0][11][9]/Q
                         net (fo=4, routed)           0.076     1.929    dut/sort_inst/pipe_metrics_reg[0][11]_17[9]
    SLICE_X65Y100        LUT3 (Prop_D6LUT_SLICEL_I0_O)
                                                      0.030     1.959 r  dut/sort_inst/genblk1[1].genblk1[0].pipe_metrics[1][10][9]_i_1/O
                         net (fo=1, routed)           0.016     1.975    dut/sort_inst/genblk1[1].genblk1[0].pipe_metrics[1][10][9]_i_1_n_0
    SLICE_X65Y100        FDRE                                         r  dut/sort_inst/genblk1[1].genblk1[0].pipe_metrics_reg[1][10][9]/D
  -------------------------------------------------------------------    -------------------

                         (clock sys_clk_pin rise edge)
                                                      0.000     0.000 r  
    AA13                                              0.000     0.000 r  clk (IN)
                         net (fo=0)                   0.000     0.000    clk_IBUF_inst/I
    AA13                 INBUF (Prop_INBUF_HRIO_PAD_O)
                                                      0.938     0.938 r  clk_IBUF_inst/INBUF_INST/O
                         net (fo=1, routed)           0.042     0.980    clk_IBUF_inst/OUT
    AA13                 IBUFCTRL (Prop_IBUFCTRL_HRIO_I_O)
                                                      0.022     1.002 r  clk_IBUF_inst/IBUFCTRL_INST/O
                         net (fo=1, routed)           0.409     1.411    clk_IBUF
    BUFGCE_X1Y0          BUFGCE (Prop_BUFCE_BUFGCE_I_O)
                                                      0.031     1.442 r  clk_IBUF_BUFG_inst/O
    X2Y1 (CLOCK_ROOT)    net (fo=3917, routed)        0.984     2.426    dut/sort_inst/clk_IBUF_BUFG
    SLICE_X65Y100        FDRE                                         r  dut/sort_inst/genblk1[1].genblk1[0].pipe_metrics_reg[1][10][9]/C
                         clock pessimism             -0.537     1.889    
    SLICE_X65Y100        FDRE (Hold_DFF_SLICEL_C_D)
                                                      0.056     1.945    dut/sort_inst/genblk1[1].genblk1[0].pipe_metrics_reg[1][10][9]
  -------------------------------------------------------------------
                         required time                         -1.945    
                         arrival time                           1.975    
  -------------------------------------------------------------------
                         slack                                  0.030    

Slack (MET) :             0.031ns  (arrival time - required time)
  Source:                 dut/sort_inst/pipe_metrics_reg[0][11][9]/C
                            (rising edge-triggered cell FDRE clocked by sys_clk_pin  {rise@0.000ns fall@0.500ns period=1.000ns})
  Destination:            dut/sort_inst/genblk1[1].genblk1[0].pipe_metrics_reg[1][11][9]/D
                            (rising edge-triggered cell FDRE clocked by sys_clk_pin  {rise@0.000ns fall@0.500ns period=1.000ns})
  Path Group:             sys_clk_pin
  Path Type:              Hold (Min at Fast Process Corner)
  Requirement:            0.000ns  (sys_clk_pin rise@0.000ns - sys_clk_pin rise@0.000ns)
  Data Path Delay:        0.171ns  (logic 0.078ns (45.614%)  route 0.093ns (54.386%))
  Logic Levels:           1  (LUT3=1)
  Clock Path Skew:        0.084ns (DCD - SCD - CPR)
    Destination Clock Delay (DCD):    2.426ns
    Source Clock Delay      (SCD):    1.805ns
    Clock Pessimism Removal (CPR):    0.537ns
  Clock Net Delay (Source):      0.826ns (routing 0.278ns, distribution 0.548ns)
  Clock Net Delay (Destination): 0.984ns (routing 0.309ns, distribution 0.675ns)

    Location             Delay type                Incr(ns)  Path(ns)    Netlist Resource(s)
  -------------------------------------------------------------------    -------------------
                         (clock sys_clk_pin rise edge)
                                                      0.000     0.000 r  
    AA13                                              0.000     0.000 r  clk (IN)
                         net (fo=0)                   0.000     0.000    clk_IBUF_inst/I
    AA13                 INBUF (Prop_INBUF_HRIO_PAD_O)
                                                      0.562     0.562 r  clk_IBUF_inst/INBUF_INST/O
                         net (fo=1, routed)           0.025     0.587    clk_IBUF_inst/OUT
    AA13                 IBUFCTRL (Prop_IBUFCTRL_HRIO_I_O)
                                                      0.015     0.602 r  clk_IBUF_inst/IBUFCTRL_INST/O
                         net (fo=1, routed)           0.350     0.952    clk_IBUF
    BUFGCE_X1Y0          BUFGCE (Prop_BUFCE_BUFGCE_I_O)
                                                      0.027     0.979 r  clk_IBUF_BUFG_inst/O
    X2Y1 (CLOCK_ROOT)    net (fo=3917, routed)        0.826     1.805    dut/sort_inst/clk_IBUF_BUFG
    SLICE_X66Y100        FDRE                                         r  dut/sort_inst/pipe_metrics_reg[0][11][9]/C
  -------------------------------------------------------------------    -------------------
    SLICE_X66Y100        FDRE (Prop_BFF2_SLICEM_C_Q)
                                                      0.048     1.853 r  dut/sort_inst/pipe_metrics_reg[0][11][9]/Q
                         net (fo=4, routed)           0.077     1.930    dut/sort_inst/pipe_metrics_reg[0][11]_17[9]
    SLICE_X65Y100        LUT3 (Prop_C6LUT_SLICEL_I1_O)
                                                      0.030     1.960 r  dut/sort_inst/genblk1[1].genblk1[0].pipe_metrics[1][11][9]_i_1/O
                         net (fo=1, routed)           0.016     1.976    dut/sort_inst/genblk1[1].genblk1[0].pipe_metrics[1][11][9]_i_1_n_0
    SLICE_X65Y100        FDRE                                         r  dut/sort_inst/genblk1[1].genblk1[0].pipe_metrics_reg[1][11][9]/D
  -------------------------------------------------------------------    -------------------

                         (clock sys_clk_pin rise edge)
                                                      0.000     0.000 r  
    AA13                                              0.000     0.000 r  clk (IN)
                         net (fo=0)                   0.000     0.000    clk_IBUF_inst/I
    AA13                 INBUF (Prop_INBUF_HRIO_PAD_O)
                                                      0.938     0.938 r  clk_IBUF_inst/INBUF_INST/O
                         net (fo=1, routed)           0.042     0.980    clk_IBUF_inst/OUT
    AA13                 IBUFCTRL (Prop_IBUFCTRL_HRIO_I_O)
                                                      0.022     1.002 r  clk_IBUF_inst/IBUFCTRL_INST/O
                         net (fo=1, routed)           0.409     1.411    clk_IBUF
    BUFGCE_X1Y0          BUFGCE (Prop_BUFCE_BUFGCE_I_O)
                                                      0.031     1.442 r  clk_IBUF_BUFG_inst/O
    X2Y1 (CLOCK_ROOT)    net (fo=3917, routed)        0.984     2.426    dut/sort_inst/clk_IBUF_BUFG
    SLICE_X65Y100        FDRE                                         r  dut/sort_inst/genblk1[1].genblk1[0].pipe_metrics_reg[1][11][9]/C
                         clock pessimism             -0.537     1.889    
    SLICE_X65Y100        FDRE (Hold_CFF_SLICEL_C_D)
                                                      0.056     1.945    dut/sort_inst/genblk1[1].genblk1[0].pipe_metrics_reg[1][11][9]
  -------------------------------------------------------------------
                         required time                         -1.945    
                         arrival time                           1.976    
  -------------------------------------------------------------------
                         slack                                  0.031    

Slack (MET) :             0.032ns  (arrival time - required time)
  Source:                 dut/m1_rep_reg[3][1][1]/C
                            (rising edge-triggered cell FDRE clocked by sys_clk_pin  {rise@0.000ns fall@0.500ns period=1.000ns})
  Destination:            dut/sum_packed_reg[21]/D
                            (rising edge-triggered cell FDSE clocked by sys_clk_pin  {rise@0.000ns fall@0.500ns period=1.000ns})
  Path Group:             sys_clk_pin
  Path Type:              Hold (Min at Fast Process Corner)
  Requirement:            0.000ns  (sys_clk_pin rise@0.000ns - sys_clk_pin rise@0.000ns)
  Data Path Delay:        0.139ns  (logic 0.095ns (68.345%)  route 0.044ns (31.655%))
  Logic Levels:           2  (CARRY8=1 LUT2=1)
  Clock Path Skew:        0.051ns (DCD - SCD - CPR)
    Destination Clock Delay (DCD):    2.479ns
    Source Clock Delay      (SCD):    1.850ns
    Clock Pessimism Removal (CPR):    0.578ns
  Clock Net Delay (Source):      0.871ns (routing 0.278ns, distribution 0.593ns)
  Clock Net Delay (Destination): 1.037ns (routing 0.309ns, distribution 0.728ns)

    Location             Delay type                Incr(ns)  Path(ns)    Netlist Resource(s)
  -------------------------------------------------------------------    -------------------
                         (clock sys_clk_pin rise edge)
                                                      0.000     0.000 r  
    AA13                                              0.000     0.000 r  clk (IN)
                         net (fo=0)                   0.000     0.000    clk_IBUF_inst/I
    AA13                 INBUF (Prop_INBUF_HRIO_PAD_O)
                                                      0.562     0.562 r  clk_IBUF_inst/INBUF_INST/O
                         net (fo=1, routed)           0.025     0.587    clk_IBUF_inst/OUT
    AA13                 IBUFCTRL (Prop_IBUFCTRL_HRIO_I_O)
                                                      0.015     0.602 r  clk_IBUF_inst/IBUFCTRL_INST/O
                         net (fo=1, routed)           0.350     0.952    clk_IBUF
    BUFGCE_X1Y0          BUFGCE (Prop_BUFCE_BUFGCE_I_O)
                                                      0.027     0.979 r  clk_IBUF_BUFG_inst/O
    X2Y1 (CLOCK_ROOT)    net (fo=3917, routed)        0.871     1.850    dut/clk_IBUF_BUFG
    SLICE_X77Y112        FDRE                                         r  dut/m1_rep_reg[3][1][1]/C
  -------------------------------------------------------------------    -------------------
    SLICE_X77Y112        FDRE (Prop_EFF2_SLICEL_C_Q)
                                                      0.048     1.898 r  dut/m1_rep_reg[3][1][1]/Q
                         net (fo=1, routed)           0.031     1.929    dut/m1_rep[3][1]_187[1]
    SLICE_X77Y113        LUT2 (Prop_B6LUT_SLICEL_I1_O)
                                                      0.015     1.944 r  dut/sum_packed[27]_i_8/O
                         net (fo=1, routed)           0.000     1.944    dut/sum_packed[27]_i_8_n_0
    SLICE_X77Y113        CARRY8 (Prop_CARRY8_SLICEL_S[1]_O[1])
                                                      0.032     1.976 r  dut/sum_packed_reg[27]_i_1/O[1]
                         net (fo=1, routed)           0.013     1.989    dut/sum_packed05_out[1]
    SLICE_X77Y113        FDSE                                         r  dut/sum_packed_reg[21]/D
  -------------------------------------------------------------------    -------------------

                         (clock sys_clk_pin rise edge)
                                                      0.000     0.000 r  
    AA13                                              0.000     0.000 r  clk (IN)
                         net (fo=0)                   0.000     0.000    clk_IBUF_inst/I
    AA13                 INBUF (Prop_INBUF_HRIO_PAD_O)
                                                      0.938     0.938 r  clk_IBUF_inst/INBUF_INST/O
                         net (fo=1, routed)           0.042     0.980    clk_IBUF_inst/OUT
    AA13                 IBUFCTRL (Prop_IBUFCTRL_HRIO_I_O)
                                                      0.022     1.002 r  clk_IBUF_inst/IBUFCTRL_INST/O
                         net (fo=1, routed)           0.409     1.411    clk_IBUF
    BUFGCE_X1Y0          BUFGCE (Prop_BUFCE_BUFGCE_I_O)
                                                      0.031     1.442 r  clk_IBUF_BUFG_inst/O
    X2Y1 (CLOCK_ROOT)    net (fo=3917, routed)        1.037     2.479    dut/clk_IBUF_BUFG
    SLICE_X77Y113        FDSE                                         r  dut/sum_packed_reg[21]/C
                         clock pessimism             -0.578     1.901    
    SLICE_X77Y113        FDSE (Hold_BFF_SLICEL_C_D)
                                                      0.056     1.957    dut/sum_packed_reg[21]
  -------------------------------------------------------------------
                         required time                         -1.957    
                         arrival time                           1.989    
  -------------------------------------------------------------------
                         slack                                  0.032    





Pulse Width Checks
--------------------------------------------------------------------------------------
Clock Name:         sys_clk_pin
Waveform(ns):       { 0.000 0.500 }
Period(ns):         1.000
Sources:            { clk }

Check Type        Corner  Lib Pin     Reference Pin  Required(ns)  Actual(ns)  Slack(ns)  Location       Pin
Min Period        n/a     BUFGCE/I    n/a            1.587         1.000       -0.587     BUFGCE_X1Y0    clk_IBUF_BUFG_inst/I
Min Period        n/a     SRL16E/CLK  n/a            1.356         1.000       -0.356     SLICE_X72Y133  dut/sort_inst/genblk1[4].genblk1[0].pipe_labels_raw_reg[10][0][0]_srl13/CLK
Min Period        n/a     SRL16E/CLK  n/a            1.356         1.000       -0.356     SLICE_X72Y133  dut/sort_inst/genblk1[4].genblk1[0].pipe_labels_raw_reg[10][0][10]_srl13/CLK
Min Period        n/a     SRL16E/CLK  n/a            1.356         1.000       -0.356     SLICE_X72Y133  dut/sort_inst/genblk1[4].genblk1[0].pipe_labels_raw_reg[10][0][11]_srl13/CLK
Min Period        n/a     SRL16E/CLK  n/a            1.356         1.000       -0.356     SLICE_X72Y133  dut/sort_inst/genblk1[4].genblk1[0].pipe_labels_raw_reg[10][0][12]_srl13/CLK
Min Period        n/a     SRL16E/CLK  n/a            1.356         1.000       -0.356     SLICE_X72Y133  dut/sort_inst/genblk1[4].genblk1[0].pipe_labels_raw_reg[10][0][13]_srl13/CLK
Min Period        n/a     SRL16E/CLK  n/a            1.356         1.000       -0.356     SLICE_X72Y133  dut/sort_inst/genblk1[4].genblk1[0].pipe_labels_raw_reg[10][0][14]_srl13/CLK
Min Period        n/a     SRL16E/CLK  n/a            1.356         1.000       -0.356     SLICE_X72Y133  dut/sort_inst/genblk1[4].genblk1[0].pipe_labels_raw_reg[10][0][15]_srl13/CLK
Min Period        n/a     SRL16E/CLK  n/a            1.356         1.000       -0.356     SLICE_X66Y133  dut/sort_inst/genblk1[4].genblk1[0].pipe_labels_raw_reg[10][0][16]_srl13/CLK
Min Period        n/a     SRL16E/CLK  n/a            1.356         1.000       -0.356     SLICE_X66Y133  dut/sort_inst/genblk1[4].genblk1[0].pipe_labels_raw_reg[10][0][17]_srl13/CLK
Low Pulse Width   Slow    SRL16E/CLK  n/a            0.678         0.500       -0.178     SLICE_X72Y133  dut/sort_inst/genblk1[4].genblk1[0].pipe_labels_raw_reg[10][0][0]_srl13/CLK
Low Pulse Width   Fast    SRL16E/CLK  n/a            0.678         0.500       -0.178     SLICE_X72Y133  dut/sort_inst/genblk1[4].genblk1[0].pipe_labels_raw_reg[10][0][0]_srl13/CLK
Low Pulse Width   Slow    SRL16E/CLK  n/a            0.678         0.500       -0.178     SLICE_X72Y133  dut/sort_inst/genblk1[4].genblk1[0].pipe_labels_raw_reg[10][0][10]_srl13/CLK
Low Pulse Width   Fast    SRL16E/CLK  n/a            0.678         0.500       -0.178     SLICE_X72Y133  dut/sort_inst/genblk1[4].genblk1[0].pipe_labels_raw_reg[10][0][10]_srl13/CLK
Low Pulse Width   Slow    SRL16E/CLK  n/a            0.678         0.500       -0.178     SLICE_X72Y133  dut/sort_inst/genblk1[4].genblk1[0].pipe_labels_raw_reg[10][0][11]_srl13/CLK
Low Pulse Width   Fast    SRL16E/CLK  n/a            0.678         0.500       -0.178     SLICE_X72Y133  dut/sort_inst/genblk1[4].genblk1[0].pipe_labels_raw_reg[10][0][11]_srl13/CLK
Low Pulse Width   Slow    SRL16E/CLK  n/a            0.678         0.500       -0.178     SLICE_X72Y133  dut/sort_inst/genblk1[4].genblk1[0].pipe_labels_raw_reg[10][0][12]_srl13/CLK
Low Pulse Width   Fast    SRL16E/CLK  n/a            0.678         0.500       -0.178     SLICE_X72Y133  dut/sort_inst/genblk1[4].genblk1[0].pipe_labels_raw_reg[10][0][12]_srl13/CLK
Low Pulse Width   Slow    SRL16E/CLK  n/a            0.678         0.500       -0.178     SLICE_X72Y133  dut/sort_inst/genblk1[4].genblk1[0].pipe_labels_raw_reg[10][0][13]_srl13/CLK
Low Pulse Width   Fast    SRL16E/CLK  n/a            0.678         0.500       -0.178     SLICE_X72Y133  dut/sort_inst/genblk1[4].genblk1[0].pipe_labels_raw_reg[10][0][13]_srl13/CLK
High Pulse Width  Slow    SRL16E/CLK  n/a            0.678         0.500       -0.178     SLICE_X72Y133  dut/sort_inst/genblk1[4].genblk1[0].pipe_labels_raw_reg[10][0][0]_srl13/CLK
High Pulse Width  Fast    SRL16E/CLK  n/a            0.678         0.500       -0.178     SLICE_X72Y133  dut/sort_inst/genblk1[4].genblk1[0].pipe_labels_raw_reg[10][0][0]_srl13/CLK
High Pulse Width  Slow    SRL16E/CLK  n/a            0.678         0.500       -0.178     SLICE_X72Y133  dut/sort_inst/genblk1[4].genblk1[0].pipe_labels_raw_reg[10][0][10]_srl13/CLK
High Pulse Width  Fast    SRL16E/CLK  n/a            0.678         0.500       -0.178     SLICE_X72Y133  dut/sort_inst/genblk1[4].genblk1[0].pipe_labels_raw_reg[10][0][10]_srl13/CLK
High Pulse Width  Slow    SRL16E/CLK  n/a            0.678         0.500       -0.178     SLICE_X72Y133  dut/sort_inst/genblk1[4].genblk1[0].pipe_labels_raw_reg[10][0][11]_srl13/CLK
High Pulse Width  Fast    SRL16E/CLK  n/a            0.678         0.500       -0.178     SLICE_X72Y133  dut/sort_inst/genblk1[4].genblk1[0].pipe_labels_raw_reg[10][0][11]_srl13/CLK
High Pulse Width  Slow    SRL16E/CLK  n/a            0.678         0.500       -0.178     SLICE_X72Y133  dut/sort_inst/genblk1[4].genblk1[0].pipe_labels_raw_reg[10][0][12]_srl13/CLK
High Pulse Width  Fast    SRL16E/CLK  n/a            0.678         0.500       -0.178     SLICE_X72Y133  dut/sort_inst/genblk1[4].genblk1[0].pipe_labels_raw_reg[10][0][12]_srl13/CLK
High Pulse Width  Slow    SRL16E/CLK  n/a            0.678         0.500       -0.178     SLICE_X72Y133  dut/sort_inst/genblk1[4].genblk1[0].pipe_labels_raw_reg[10][0][13]_srl13/CLK
High Pulse Width  Fast    SRL16E/CLK  n/a            0.678         0.500       -0.178     SLICE_X72Y133  dut/sort_inst/genblk1[4].genblk1[0].pipe_labels_raw_reg[10][0][13]_srl13/CLK



--------------------------------------------------------------------------------------
Path Group:  (none)
From Clock:  sys_clk_pin
  To Clock:  

Max Delay            43 Endpoints
Min Delay            43 Endpoints
--------------------------------------------------------------------------------------


Max Delay Paths
--------------------------------------------------------------------------------------
Slack:                    inf
  Source:                 cnt_out_reg[2]__0/C
                            (rising edge-triggered cell FDRE clocked by sys_clk_pin  {rise@0.000ns fall@0.500ns period=1.000ns})
  Destination:            o_label[6]
                            (output port)
  Path Group:             (none)
  Path Type:              Max at Slow Process Corner
  Data Path Delay:        9.314ns  (logic 1.678ns (18.020%)  route 7.636ns (81.980%))
  Logic Levels:           4  (LUT4=1 LUT6=2 OBUF=1)
  Clock Uncertainty:      0.025ns  ((TSJ^2 + TIJ^2)^1/2 + DJ) / 2 + PE
    Total System Jitter     (TSJ):    0.050ns
    Total Input Jitter      (TIJ):    0.000ns
    Discrete Jitter          (DJ):    0.000ns
    Phase Error              (PE):    0.000ns
  Clock Net Delay (Source):      2.334ns (routing 0.756ns, distribution 1.578ns)

    Location             Delay type                Incr(ns)  Path(ns)    Netlist Resource(s)
  -------------------------------------------------------------------    -------------------
                         (clock sys_clk_pin rise edge)
                                                      0.000     0.000 r  
    AA13                                              0.000     0.000 r  clk (IN)
                         net (fo=0)                   0.000     0.000    clk_IBUF_inst/I
    AA13                 INBUF (Prop_INBUF_HRIO_PAD_O)
                                                      0.955     0.955 r  clk_IBUF_inst/INBUF_INST/O
                         net (fo=1, routed)           0.105     1.060    clk_IBUF_inst/OUT
    AA13                 IBUFCTRL (Prop_IBUFCTRL_HRIO_I_O)
                                                      0.049     1.109 r  clk_IBUF_inst/IBUFCTRL_INST/O
                         net (fo=1, routed)           0.839     1.948    clk_IBUF
    BUFGCE_X1Y0          BUFGCE (Prop_BUFCE_BUFGCE_I_O)
                                                      0.101     2.049 r  clk_IBUF_BUFG_inst/O
    X2Y1 (CLOCK_ROOT)    net (fo=3917, routed)        2.334     4.383    clk_IBUF_BUFG
    SLICE_X74Y129        FDRE                                         r  cnt_out_reg[2]__0/C
  -------------------------------------------------------------------    -------------------
    SLICE_X74Y129        FDRE (Prop_GFF_SLICEL_C_Q)
                                                      0.139     4.522 f  cnt_out_reg[2]__0/Q
                         net (fo=76, routed)          2.436     6.958    cnt_out_reg[2]__0_n_0
    SLICE_X62Y129        LUT4 (Prop_G6LUT_SLICEM_I1_O)
                                                      0.246     7.204 r  o_label_OBUF[31]_inst_i_13/O
                         net (fo=32, routed)          2.176     9.380    o_label_OBUF[31]_inst_i_13_n_0
    SLICE_X72Y140        LUT6 (Prop_G6LUT_SLICEM_I5_O)
                                                      0.246     9.626 r  o_label_OBUF[6]_inst_i_3/O
                         net (fo=1, routed)           0.359     9.985    o_label_OBUF[6]_inst_i_3_n_0
    SLICE_X72Y140        LUT6 (Prop_H6LUT_SLICEM_I1_O)
                                                      0.173    10.158 r  o_label_OBUF[6]_inst_i_1/O
                         net (fo=1, routed)           2.665    12.823    o_label_OBUF[6]
    J9                   OBUF (Prop_OUTBUF_HPIOB_I_O)
                                                      0.874    13.697 r  o_label_OBUF[6]_inst/O
                         net (fo=0)                   0.000    13.697    o_label[6]
    J9                                                                r  o_label[6] (OUT)
  -------------------------------------------------------------------    -------------------

Slack:                    inf
  Source:                 cnt_out_reg[2]__0/C
                            (rising edge-triggered cell FDRE clocked by sys_clk_pin  {rise@0.000ns fall@0.500ns period=1.000ns})
  Destination:            o_label[2]
                            (output port)
  Path Group:             (none)
  Path Type:              Max at Slow Process Corner
  Data Path Delay:        8.858ns  (logic 1.560ns (17.614%)  route 7.298ns (82.386%))
  Logic Levels:           4  (LUT4=1 LUT6=2 OBUF=1)
  Clock Uncertainty:      0.025ns  ((TSJ^2 + TIJ^2)^1/2 + DJ) / 2 + PE
    Total System Jitter     (TSJ):    0.050ns
    Total Input Jitter      (TIJ):    0.000ns
    Discrete Jitter          (DJ):    0.000ns
    Phase Error              (PE):    0.000ns
  Clock Net Delay (Source):      2.334ns (routing 0.756ns, distribution 1.578ns)

    Location             Delay type                Incr(ns)  Path(ns)    Netlist Resource(s)
  -------------------------------------------------------------------    -------------------
                         (clock sys_clk_pin rise edge)
                                                      0.000     0.000 r  
    AA13                                              0.000     0.000 r  clk (IN)
                         net (fo=0)                   0.000     0.000    clk_IBUF_inst/I
    AA13                 INBUF (Prop_INBUF_HRIO_PAD_O)
                                                      0.955     0.955 r  clk_IBUF_inst/INBUF_INST/O
                         net (fo=1, routed)           0.105     1.060    clk_IBUF_inst/OUT
    AA13                 IBUFCTRL (Prop_IBUFCTRL_HRIO_I_O)
                                                      0.049     1.109 r  clk_IBUF_inst/IBUFCTRL_INST/O
                         net (fo=1, routed)           0.839     1.948    clk_IBUF
    BUFGCE_X1Y0          BUFGCE (Prop_BUFCE_BUFGCE_I_O)
                                                      0.101     2.049 r  clk_IBUF_BUFG_inst/O
    X2Y1 (CLOCK_ROOT)    net (fo=3917, routed)        2.334     4.383    clk_IBUF_BUFG
    SLICE_X74Y129        FDRE                                         r  cnt_out_reg[2]__0/C
  -------------------------------------------------------------------    -------------------
    SLICE_X74Y129        FDRE (Prop_GFF_SLICEL_C_Q)
                                                      0.139     4.522 f  cnt_out_reg[2]__0/Q
                         net (fo=76, routed)          2.436     6.958    cnt_out_reg[2]__0_n_0
    SLICE_X62Y129        LUT4 (Prop_G6LUT_SLICEM_I1_O)
                                                      0.246     7.204 r  o_label_OBUF[31]_inst_i_13/O
                         net (fo=32, routed)          1.665     8.869    o_label_OBUF[31]_inst_i_13_n_0
    SLICE_X73Y133        LUT6 (Prop_G6LUT_SLICEL_I5_O)
                                                      0.089     8.958 r  o_label_OBUF[2]_inst_i_3/O
                         net (fo=1, routed)           0.241     9.199    o_label_OBUF[2]_inst_i_3_n_0
    SLICE_X73Y133        LUT6 (Prop_H6LUT_SLICEL_I1_O)
                                                      0.218     9.417 r  o_label_OBUF[2]_inst_i_1/O
                         net (fo=1, routed)           2.956    12.373    o_label_OBUF[2]
    H11                  OBUF (Prop_OUTBUF_HPIOB_I_O)
                                                      0.868    13.241 r  o_label_OBUF[2]_inst/O
                         net (fo=0)                   0.000    13.241    o_label[2]
    H11                                                               r  o_label[2] (OUT)
  -------------------------------------------------------------------    -------------------

Slack:                    inf
  Source:                 cnt_out_reg[2]__0/C
                            (rising edge-triggered cell FDRE clocked by sys_clk_pin  {rise@0.000ns fall@0.500ns period=1.000ns})
  Destination:            o_label[3]
                            (output port)
  Path Group:             (none)
  Path Type:              Max at Slow Process Corner
  Data Path Delay:        8.843ns  (logic 1.697ns (19.192%)  route 7.146ns (80.808%))
  Logic Levels:           4  (LUT4=1 LUT6=2 OBUF=1)
  Clock Uncertainty:      0.025ns  ((TSJ^2 + TIJ^2)^1/2 + DJ) / 2 + PE
    Total System Jitter     (TSJ):    0.050ns
    Total Input Jitter      (TIJ):    0.000ns
    Discrete Jitter          (DJ):    0.000ns
    Phase Error              (PE):    0.000ns
  Clock Net Delay (Source):      2.334ns (routing 0.756ns, distribution 1.578ns)

    Location             Delay type                Incr(ns)  Path(ns)    Netlist Resource(s)
  -------------------------------------------------------------------    -------------------
                         (clock sys_clk_pin rise edge)
                                                      0.000     0.000 r  
    AA13                                              0.000     0.000 r  clk (IN)
                         net (fo=0)                   0.000     0.000    clk_IBUF_inst/I
    AA13                 INBUF (Prop_INBUF_HRIO_PAD_O)
                                                      0.955     0.955 r  clk_IBUF_inst/INBUF_INST/O
                         net (fo=1, routed)           0.105     1.060    clk_IBUF_inst/OUT
    AA13                 IBUFCTRL (Prop_IBUFCTRL_HRIO_I_O)
                                                      0.049     1.109 r  clk_IBUF_inst/IBUFCTRL_INST/O
                         net (fo=1, routed)           0.839     1.948    clk_IBUF
    BUFGCE_X1Y0          BUFGCE (Prop_BUFCE_BUFGCE_I_O)
                                                      0.101     2.049 r  clk_IBUF_BUFG_inst/O
    X2Y1 (CLOCK_ROOT)    net (fo=3917, routed)        2.334     4.383    clk_IBUF_BUFG
    SLICE_X74Y129        FDRE                                         r  cnt_out_reg[2]__0/C
  -------------------------------------------------------------------    -------------------
    SLICE_X74Y129        FDRE (Prop_GFF_SLICEL_C_Q)
                                                      0.139     4.522 f  cnt_out_reg[2]__0/Q
                         net (fo=76, routed)          2.436     6.958    cnt_out_reg[2]__0_n_0
    SLICE_X62Y129        LUT4 (Prop_G6LUT_SLICEM_I1_O)
                                                      0.246     7.204 r  o_label_OBUF[31]_inst_i_13/O
                         net (fo=32, routed)          1.714     8.918    o_label_OBUF[31]_inst_i_13_n_0
    SLICE_X73Y135        LUT6 (Prop_G6LUT_SLICEL_I5_O)
                                                      0.218     9.136 r  o_label_OBUF[3]_inst_i_3/O
                         net (fo=1, routed)           0.241     9.377    o_label_OBUF[3]_inst_i_3_n_0
    SLICE_X73Y135        LUT6 (Prop_H6LUT_SLICEL_I1_O)
                                                      0.218     9.595 r  o_label_OBUF[3]_inst_i_1/O
                         net (fo=1, routed)           2.755    12.350    o_label_OBUF[3]
    G11                  OBUF (Prop_OUTBUF_HPIOB_I_O)
                                                      0.876    13.226 r  o_label_OBUF[3]_inst/O
                         net (fo=0)                   0.000    13.226    o_label[3]
    G11                                                               r  o_label[3] (OUT)
  -------------------------------------------------------------------    -------------------

Slack:                    inf
  Source:                 cnt_out_reg[2]__0/C
                            (rising edge-triggered cell FDRE clocked by sys_clk_pin  {rise@0.000ns fall@0.500ns period=1.000ns})
  Destination:            o_label[12]
                            (output port)
  Path Group:             (none)
  Path Type:              Max at Slow Process Corner
  Data Path Delay:        8.777ns  (logic 1.581ns (18.015%)  route 7.196ns (81.985%))
  Logic Levels:           4  (LUT4=1 LUT6=2 OBUF=1)
  Clock Uncertainty:      0.025ns  ((TSJ^2 + TIJ^2)^1/2 + DJ) / 2 + PE
    Total System Jitter     (TSJ):    0.050ns
    Total Input Jitter      (TIJ):    0.000ns
    Discrete Jitter          (DJ):    0.000ns
    Phase Error              (PE):    0.000ns
  Clock Net Delay (Source):      2.334ns (routing 0.756ns, distribution 1.578ns)

    Location             Delay type                Incr(ns)  Path(ns)    Netlist Resource(s)
  -------------------------------------------------------------------    -------------------
                         (clock sys_clk_pin rise edge)
                                                      0.000     0.000 r  
    AA13                                              0.000     0.000 r  clk (IN)
                         net (fo=0)                   0.000     0.000    clk_IBUF_inst/I
    AA13                 INBUF (Prop_INBUF_HRIO_PAD_O)
                                                      0.955     0.955 r  clk_IBUF_inst/INBUF_INST/O
                         net (fo=1, routed)           0.105     1.060    clk_IBUF_inst/OUT
    AA13                 IBUFCTRL (Prop_IBUFCTRL_HRIO_I_O)
                                                      0.049     1.109 r  clk_IBUF_inst/IBUFCTRL_INST/O
                         net (fo=1, routed)           0.839     1.948    clk_IBUF
    BUFGCE_X1Y0          BUFGCE (Prop_BUFCE_BUFGCE_I_O)
                                                      0.101     2.049 r  clk_IBUF_BUFG_inst/O
    X2Y1 (CLOCK_ROOT)    net (fo=3917, routed)        2.334     4.383    clk_IBUF_BUFG
    SLICE_X74Y129        FDRE                                         r  cnt_out_reg[2]__0/C
  -------------------------------------------------------------------    -------------------
    SLICE_X74Y129        FDRE (Prop_GFF_SLICEL_C_Q)
                                                      0.139     4.522 f  cnt_out_reg[2]__0/Q
                         net (fo=76, routed)          2.436     6.958    cnt_out_reg[2]__0_n_0
    SLICE_X62Y129        LUT4 (Prop_G6LUT_SLICEM_I1_O)
                                                      0.246     7.204 r  o_label_OBUF[31]_inst_i_13/O
                         net (fo=32, routed)          2.073     9.277    o_label_OBUF[31]_inst_i_13_n_0
    SLICE_X70Y141        LUT6 (Prop_G6LUT_SLICEL_I5_O)
                                                      0.051     9.328 r  o_label_OBUF[12]_inst_i_3/O
                         net (fo=1, routed)           0.318     9.646    o_label_OBUF[12]_inst_i_3_n_0
    SLICE_X70Y140        LUT6 (Prop_G6LUT_SLICEL_I1_O)
                                                      0.239     9.885 r  o_label_OBUF[12]_inst_i_1/O
                         net (fo=1, routed)           2.369    12.254    o_label_OBUF[12]
    A10                  OBUF (Prop_OUTBUF_HPIOB_I_O)
                                                      0.906    13.160 r  o_label_OBUF[12]_inst/O
                         net (fo=0)                   0.000    13.160    o_label[12]
    A10                                                               r  o_label[12] (OUT)
  -------------------------------------------------------------------    -------------------

Slack:                    inf
  Source:                 cnt_out_reg[2]__0/C
                            (rising edge-triggered cell FDRE clocked by sys_clk_pin  {rise@0.000ns fall@0.500ns period=1.000ns})
  Destination:            o_label[0]
                            (output port)
  Path Group:             (none)
  Path Type:              Max at Slow Process Corner
  Data Path Delay:        8.774ns  (logic 1.593ns (18.156%)  route 7.181ns (81.844%))
  Logic Levels:           4  (LUT4=1 LUT6=2 OBUF=1)
  Clock Uncertainty:      0.025ns  ((TSJ^2 + TIJ^2)^1/2 + DJ) / 2 + PE
    Total System Jitter     (TSJ):    0.050ns
    Total Input Jitter      (TIJ):    0.000ns
    Discrete Jitter          (DJ):    0.000ns
    Phase Error              (PE):    0.000ns
  Clock Net Delay (Source):      2.334ns (routing 0.756ns, distribution 1.578ns)

    Location             Delay type                Incr(ns)  Path(ns)    Netlist Resource(s)
  -------------------------------------------------------------------    -------------------
                         (clock sys_clk_pin rise edge)
                                                      0.000     0.000 r  
    AA13                                              0.000     0.000 r  clk (IN)
                         net (fo=0)                   0.000     0.000    clk_IBUF_inst/I
    AA13                 INBUF (Prop_INBUF_HRIO_PAD_O)
                                                      0.955     0.955 r  clk_IBUF_inst/INBUF_INST/O
                         net (fo=1, routed)           0.105     1.060    clk_IBUF_inst/OUT
    AA13                 IBUFCTRL (Prop_IBUFCTRL_HRIO_I_O)
                                                      0.049     1.109 r  clk_IBUF_inst/IBUFCTRL_INST/O
                         net (fo=1, routed)           0.839     1.948    clk_IBUF
    BUFGCE_X1Y0          BUFGCE (Prop_BUFCE_BUFGCE_I_O)
                                                      0.101     2.049 r  clk_IBUF_BUFG_inst/O
    X2Y1 (CLOCK_ROOT)    net (fo=3917, routed)        2.334     4.383    clk_IBUF_BUFG
    SLICE_X74Y129        FDRE                                         r  cnt_out_reg[2]__0/C
  -------------------------------------------------------------------    -------------------
    SLICE_X74Y129        FDRE (Prop_GFF_SLICEL_C_Q)
                                                      0.139     4.522 f  cnt_out_reg[2]__0/Q
                         net (fo=76, routed)          2.436     6.958    cnt_out_reg[2]__0_n_0
    SLICE_X62Y129        LUT4 (Prop_G5LUT_SLICEM_I1_O)
                                                      0.269     7.227 r  o_label_OBUF[31]_inst_i_11/O
                         net (fo=32, routed)          1.717     8.944    o_label_OBUF[31]_inst_i_11_n_0
    SLICE_X73Y138        LUT6 (Prop_G6LUT_SLICEL_I0_O)
                                                      0.089     9.033 r  o_label_OBUF[0]_inst_i_3/O
                         net (fo=1, routed)           0.241     9.274    o_label_OBUF[0]_inst_i_3_n_0
    SLICE_X73Y138        LUT6 (Prop_H6LUT_SLICEL_I1_O)
                                                      0.218     9.492 r  o_label_OBUF[0]_inst_i_1/O
                         net (fo=1, routed)           2.787    12.279    o_label_OBUF[0]
    G9                   OBUF (Prop_OUTBUF_HPIOB_I_O)
                                                      0.878    13.157 r  o_label_OBUF[0]_inst/O
                         net (fo=0)                   0.000    13.157    o_label[0]
    G9                                                                r  o_label[0] (OUT)
  -------------------------------------------------------------------    -------------------

Slack:                    inf
  Source:                 cnt_out_reg[2]__0/C
                            (rising edge-triggered cell FDRE clocked by sys_clk_pin  {rise@0.000ns fall@0.500ns period=1.000ns})
  Destination:            o_label[5]
                            (output port)
  Path Group:             (none)
  Path Type:              Max at Slow Process Corner
  Data Path Delay:        8.773ns  (logic 1.458ns (16.623%)  route 7.315ns (83.377%))
  Logic Levels:           4  (LUT4=1 LUT6=2 OBUF=1)
  Clock Uncertainty:      0.025ns  ((TSJ^2 + TIJ^2)^1/2 + DJ) / 2 + PE
    Total System Jitter     (TSJ):    0.050ns
    Total Input Jitter      (TIJ):    0.000ns
    Discrete Jitter          (DJ):    0.000ns
    Phase Error              (PE):    0.000ns
  Clock Net Delay (Source):      2.334ns (routing 0.756ns, distribution 1.578ns)

    Location             Delay type                Incr(ns)  Path(ns)    Netlist Resource(s)
  -------------------------------------------------------------------    -------------------
                         (clock sys_clk_pin rise edge)
                                                      0.000     0.000 r  
    AA13                                              0.000     0.000 r  clk (IN)
                         net (fo=0)                   0.000     0.000    clk_IBUF_inst/I
    AA13                 INBUF (Prop_INBUF_HRIO_PAD_O)
                                                      0.955     0.955 r  clk_IBUF_inst/INBUF_INST/O
                         net (fo=1, routed)           0.105     1.060    clk_IBUF_inst/OUT
    AA13                 IBUFCTRL (Prop_IBUFCTRL_HRIO_I_O)
                                                      0.049     1.109 r  clk_IBUF_inst/IBUFCTRL_INST/O
                         net (fo=1, routed)           0.839     1.948    clk_IBUF
    BUFGCE_X1Y0          BUFGCE (Prop_BUFCE_BUFGCE_I_O)
                                                      0.101     2.049 r  clk_IBUF_BUFG_inst/O
    X2Y1 (CLOCK_ROOT)    net (fo=3917, routed)        2.334     4.383    clk_IBUF_BUFG
    SLICE_X74Y129        FDRE                                         r  cnt_out_reg[2]__0/C
  -------------------------------------------------------------------    -------------------
    SLICE_X74Y129        FDRE (Prop_GFF_SLICEL_C_Q)
                                                      0.139     4.522 f  cnt_out_reg[2]__0/Q
                         net (fo=76, routed)          2.436     6.958    cnt_out_reg[2]__0_n_0
    SLICE_X62Y129        LUT4 (Prop_G6LUT_SLICEM_I1_O)
                                                      0.246     7.204 r  o_label_OBUF[31]_inst_i_13/O
                         net (fo=32, routed)          1.831     9.035    o_label_OBUF[31]_inst_i_13_n_0
    SLICE_X72Y135        LUT6 (Prop_F6LUT_SLICEM_I5_O)
                                                      0.150     9.185 r  o_label_OBUF[5]_inst_i_3/O
                         net (fo=1, routed)           0.447     9.632    o_label_OBUF[5]_inst_i_3_n_0
    SLICE_X72Y137        LUT6 (Prop_H6LUT_SLICEM_I1_O)
                                                      0.055     9.687 r  o_label_OBUF[5]_inst_i_1/O
                         net (fo=1, routed)           2.601    12.288    o_label_OBUF[5]
    J10                  OBUF (Prop_OUTBUF_HPIOB_I_O)
                                                      0.868    13.156 r  o_label_OBUF[5]_inst/O
                         net (fo=0)                   0.000    13.156    o_label[5]
    J10                                                               r  o_label[5] (OUT)
  -------------------------------------------------------------------    -------------------

Slack:                    inf
  Source:                 cnt_out_reg[2]__0/C
                            (rising edge-triggered cell FDRE clocked by sys_clk_pin  {rise@0.000ns fall@0.500ns period=1.000ns})
  Destination:            o_label[9]
                            (output port)
  Path Group:             (none)
  Path Type:              Max at Slow Process Corner
  Data Path Delay:        8.738ns  (logic 1.435ns (16.427%)  route 7.303ns (83.573%))
  Logic Levels:           4  (LUT4=1 LUT6=2 OBUF=1)
  Clock Uncertainty:      0.025ns  ((TSJ^2 + TIJ^2)^1/2 + DJ) / 2 + PE
    Total System Jitter     (TSJ):    0.050ns
    Total Input Jitter      (TIJ):    0.000ns
    Discrete Jitter          (DJ):    0.000ns
    Phase Error              (PE):    0.000ns
  Clock Net Delay (Source):      2.334ns (routing 0.756ns, distribution 1.578ns)

    Location             Delay type                Incr(ns)  Path(ns)    Netlist Resource(s)
  -------------------------------------------------------------------    -------------------
                         (clock sys_clk_pin rise edge)
                                                      0.000     0.000 r  
    AA13                                              0.000     0.000 r  clk (IN)
                         net (fo=0)                   0.000     0.000    clk_IBUF_inst/I
    AA13                 INBUF (Prop_INBUF_HRIO_PAD_O)
                                                      0.955     0.955 r  clk_IBUF_inst/INBUF_INST/O
                         net (fo=1, routed)           0.105     1.060    clk_IBUF_inst/OUT
    AA13                 IBUFCTRL (Prop_IBUFCTRL_HRIO_I_O)
                                                      0.049     1.109 r  clk_IBUF_inst/IBUFCTRL_INST/O
                         net (fo=1, routed)           0.839     1.948    clk_IBUF
    BUFGCE_X1Y0          BUFGCE (Prop_BUFCE_BUFGCE_I_O)
                                                      0.101     2.049 r  clk_IBUF_BUFG_inst/O
    X2Y1 (CLOCK_ROOT)    net (fo=3917, routed)        2.334     4.383    clk_IBUF_BUFG
    SLICE_X74Y129        FDRE                                         r  cnt_out_reg[2]__0/C
  -------------------------------------------------------------------    -------------------
    SLICE_X74Y129        FDRE (Prop_GFF_SLICEL_C_Q)
                                                      0.139     4.522 f  cnt_out_reg[2]__0/Q
                         net (fo=76, routed)          2.436     6.958    cnt_out_reg[2]__0_n_0
    SLICE_X62Y129        LUT4 (Prop_G6LUT_SLICEM_I1_O)
                                                      0.246     7.204 r  o_label_OBUF[31]_inst_i_13/O
                         net (fo=32, routed)          2.071     9.275    o_label_OBUF[31]_inst_i_13_n_0
    SLICE_X73Y141        LUT6 (Prop_F6LUT_SLICEL_I5_O)
                                                      0.090     9.365 r  o_label_OBUF[9]_inst_i_3/O
                         net (fo=1, routed)           0.137     9.502    o_label_OBUF[9]_inst_i_3_n_0
    SLICE_X73Y141        LUT6 (Prop_G6LUT_SLICEL_I1_O)
                                                      0.089     9.591 r  o_label_OBUF[9]_inst_i_1/O
                         net (fo=1, routed)           2.659    12.250    o_label_OBUF[9]
    H9                   OBUF (Prop_OUTBUF_HPIOB_I_O)
                                                      0.871    13.121 r  o_label_OBUF[9]_inst/O
                         net (fo=0)                   0.000    13.121    o_label[9]
    H9                                                                r  o_label[9] (OUT)
  -------------------------------------------------------------------    -------------------

Slack:                    inf
  Source:                 cnt_out_reg[2]__0/C
                            (rising edge-triggered cell FDRE clocked by sys_clk_pin  {rise@0.000ns fall@0.500ns period=1.000ns})
  Destination:            o_label[8]
                            (output port)
  Path Group:             (none)
  Path Type:              Max at Slow Process Corner
  Data Path Delay:        8.662ns  (logic 1.596ns (18.427%)  route 7.066ns (81.573%))
  Logic Levels:           4  (LUT4=1 LUT6=2 OBUF=1)
  Clock Uncertainty:      0.025ns  ((TSJ^2 + TIJ^2)^1/2 + DJ) / 2 + PE
    Total System Jitter     (TSJ):    0.050ns
    Total Input Jitter      (TIJ):    0.000ns
    Discrete Jitter          (DJ):    0.000ns
    Phase Error              (PE):    0.000ns
  Clock Net Delay (Source):      2.334ns (routing 0.756ns, distribution 1.578ns)

    Location             Delay type                Incr(ns)  Path(ns)    Netlist Resource(s)
  -------------------------------------------------------------------    -------------------
                         (clock sys_clk_pin rise edge)
                                                      0.000     0.000 r  
    AA13                                              0.000     0.000 r  clk (IN)
                         net (fo=0)                   0.000     0.000    clk_IBUF_inst/I
    AA13                 INBUF (Prop_INBUF_HRIO_PAD_O)
                                                      0.955     0.955 r  clk_IBUF_inst/INBUF_INST/O
                         net (fo=1, routed)           0.105     1.060    clk_IBUF_inst/OUT
    AA13                 IBUFCTRL (Prop_IBUFCTRL_HRIO_I_O)
                                                      0.049     1.109 r  clk_IBUF_inst/IBUFCTRL_INST/O
                         net (fo=1, routed)           0.839     1.948    clk_IBUF
    BUFGCE_X1Y0          BUFGCE (Prop_BUFCE_BUFGCE_I_O)
                                                      0.101     2.049 r  clk_IBUF_BUFG_inst/O
    X2Y1 (CLOCK_ROOT)    net (fo=3917, routed)        2.334     4.383    clk_IBUF_BUFG
    SLICE_X74Y129        FDRE                                         r  cnt_out_reg[2]__0/C
  -------------------------------------------------------------------    -------------------
    SLICE_X74Y129        FDRE (Prop_GFF_SLICEL_C_Q)
                                                      0.139     4.522 f  cnt_out_reg[2]__0/Q
                         net (fo=76, routed)          2.436     6.958    cnt_out_reg[2]__0_n_0
    SLICE_X62Y129        LUT4 (Prop_G6LUT_SLICEM_I1_O)
                                                      0.246     7.204 r  o_label_OBUF[31]_inst_i_13/O
                         net (fo=32, routed)          1.894     9.098    o_label_OBUF[31]_inst_i_13_n_0
    SLICE_X72Y142        LUT6 (Prop_F6LUT_SLICEM_I5_O)
                                                      0.226     9.324 r  o_label_OBUF[8]_inst_i_3/O
                         net (fo=1, routed)           0.226     9.550    o_label_OBUF[8]_inst_i_3_n_0
    SLICE_X73Y142        LUT6 (Prop_H6LUT_SLICEL_I1_O)
                                                      0.089     9.639 r  o_label_OBUF[8]_inst_i_1/O
                         net (fo=1, routed)           2.510    12.149    o_label_OBUF[8]
    F8                   OBUF (Prop_OUTBUF_HPIOB_I_O)
                                                      0.896    13.045 r  o_label_OBUF[8]_inst/O
                         net (fo=0)                   0.000    13.045    o_label[8]
    F8                                                                r  o_label[8] (OUT)
  -------------------------------------------------------------------    -------------------

Slack:                    inf
  Source:                 cnt_out_reg[2]__0/C
                            (rising edge-triggered cell FDRE clocked by sys_clk_pin  {rise@0.000ns fall@0.500ns period=1.000ns})
  Destination:            o_label[1]
                            (output port)
  Path Group:             (none)
  Path Type:              Max at Slow Process Corner
  Data Path Delay:        8.557ns  (logic 1.577ns (18.432%)  route 6.980ns (81.568%))
  Logic Levels:           4  (LUT4=1 LUT6=2 OBUF=1)
  Clock Uncertainty:      0.025ns  ((TSJ^2 + TIJ^2)^1/2 + DJ) / 2 + PE
    Total System Jitter     (TSJ):    0.050ns
    Total Input Jitter      (TIJ):    0.000ns
    Discrete Jitter          (DJ):    0.000ns
    Phase Error              (PE):    0.000ns
  Clock Net Delay (Source):      2.334ns (routing 0.756ns, distribution 1.578ns)

    Location             Delay type                Incr(ns)  Path(ns)    Netlist Resource(s)
  -------------------------------------------------------------------    -------------------
                         (clock sys_clk_pin rise edge)
                                                      0.000     0.000 r  
    AA13                                              0.000     0.000 r  clk (IN)
                         net (fo=0)                   0.000     0.000    clk_IBUF_inst/I
    AA13                 INBUF (Prop_INBUF_HRIO_PAD_O)
                                                      0.955     0.955 r  clk_IBUF_inst/INBUF_INST/O
                         net (fo=1, routed)           0.105     1.060    clk_IBUF_inst/OUT
    AA13                 IBUFCTRL (Prop_IBUFCTRL_HRIO_I_O)
                                                      0.049     1.109 r  clk_IBUF_inst/IBUFCTRL_INST/O
                         net (fo=1, routed)           0.839     1.948    clk_IBUF
    BUFGCE_X1Y0          BUFGCE (Prop_BUFCE_BUFGCE_I_O)
                                                      0.101     2.049 r  clk_IBUF_BUFG_inst/O
    X2Y1 (CLOCK_ROOT)    net (fo=3917, routed)        2.334     4.383    clk_IBUF_BUFG
    SLICE_X74Y129        FDRE                                         r  cnt_out_reg[2]__0/C
  -------------------------------------------------------------------    -------------------
    SLICE_X74Y129        FDRE (Prop_GFF_SLICEL_C_Q)
                                                      0.139     4.522 f  cnt_out_reg[2]__0/Q
                         net (fo=76, routed)          2.436     6.958    cnt_out_reg[2]__0_n_0
    SLICE_X62Y129        LUT4 (Prop_G6LUT_SLICEM_I1_O)
                                                      0.246     7.204 r  o_label_OBUF[31]_inst_i_13/O
                         net (fo=32, routed)          1.767     8.971    o_label_OBUF[31]_inst_i_13_n_0
    SLICE_X73Y132        LUT6 (Prop_F6LUT_SLICEL_I5_O)
                                                      0.235     9.206 r  o_label_OBUF[1]_inst_i_3/O
                         net (fo=1, routed)           0.165     9.371    o_label_OBUF[1]_inst_i_3_n_0
    SLICE_X73Y130        LUT6 (Prop_H6LUT_SLICEL_I1_O)
                                                      0.089     9.460 r  o_label_OBUF[1]_inst_i_1/O
                         net (fo=1, routed)           2.612    12.072    o_label_OBUF[1]
    J11                  OBUF (Prop_OUTBUF_HPIOB_I_O)
                                                      0.868    12.940 r  o_label_OBUF[1]_inst/O
                         net (fo=0)                   0.000    12.940    o_label[1]
    J11                                                               r  o_label[1] (OUT)
  -------------------------------------------------------------------    -------------------

Slack:                    inf
  Source:                 cnt_out_reg[2]__0/C
                            (rising edge-triggered cell FDRE clocked by sys_clk_pin  {rise@0.000ns fall@0.500ns period=1.000ns})
  Destination:            o_label[4]
                            (output port)
  Path Group:             (none)
  Path Type:              Max at Slow Process Corner
  Data Path Delay:        8.508ns  (logic 1.678ns (19.720%)  route 6.830ns (80.280%))
  Logic Levels:           4  (LUT4=1 LUT6=2 OBUF=1)
  Clock Uncertainty:      0.025ns  ((TSJ^2 + TIJ^2)^1/2 + DJ) / 2 + PE
    Total System Jitter     (TSJ):    0.050ns
    Total Input Jitter      (TIJ):    0.000ns
    Discrete Jitter          (DJ):    0.000ns
    Phase Error              (PE):    0.000ns
  Clock Net Delay (Source):      2.334ns (routing 0.756ns, distribution 1.578ns)

    Location             Delay type                Incr(ns)  Path(ns)    Netlist Resource(s)
  -------------------------------------------------------------------    -------------------
                         (clock sys_clk_pin rise edge)
                                                      0.000     0.000 r  
    AA13                                              0.000     0.000 r  clk (IN)
                         net (fo=0)                   0.000     0.000    clk_IBUF_inst/I
    AA13                 INBUF (Prop_INBUF_HRIO_PAD_O)
                                                      0.955     0.955 r  clk_IBUF_inst/INBUF_INST/O
                         net (fo=1, routed)           0.105     1.060    clk_IBUF_inst/OUT
    AA13                 IBUFCTRL (Prop_IBUFCTRL_HRIO_I_O)
                                                      0.049     1.109 r  clk_IBUF_inst/IBUFCTRL_INST/O
                         net (fo=1, routed)           0.839     1.948    clk_IBUF
    BUFGCE_X1Y0          BUFGCE (Prop_BUFCE_BUFGCE_I_O)
                                                      0.101     2.049 r  clk_IBUF_BUFG_inst/O
    X2Y1 (CLOCK_ROOT)    net (fo=3917, routed)        2.334     4.383    clk_IBUF_BUFG
    SLICE_X74Y129        FDRE                                         r  cnt_out_reg[2]__0/C
  -------------------------------------------------------------------    -------------------
    SLICE_X74Y129        FDRE (Prop_GFF_SLICEL_C_Q)
                                                      0.139     4.522 f  cnt_out_reg[2]__0/Q
                         net (fo=76, routed)          2.436     6.958    cnt_out_reg[2]__0_n_0
    SLICE_X62Y129        LUT4 (Prop_G6LUT_SLICEM_I1_O)
                                                      0.246     7.204 r  o_label_OBUF[31]_inst_i_13/O
                         net (fo=32, routed)          1.488     8.692    o_label_OBUF[31]_inst_i_13_n_0
    SLICE_X71Y132        LUT6 (Prop_F6LUT_SLICEM_I5_O)
                                                      0.173     8.865 r  o_label_OBUF[4]_inst_i_3/O
                         net (fo=1, routed)           0.250     9.115    o_label_OBUF[4]_inst_i_3_n_0
    SLICE_X71Y133        LUT6 (Prop_H6LUT_SLICEM_I1_O)
                                                      0.244     9.359 r  o_label_OBUF[4]_inst_i_1/O
                         net (fo=1, routed)           2.656    12.015    o_label_OBUF[4]
    F10                  OBUF (Prop_OUTBUF_HPIOB_I_O)
                                                      0.876    12.891 r  o_label_OBUF[4]_inst/O
                         net (fo=0)                   0.000    12.891    o_label[4]
    F10                                                               r  o_label[4] (OUT)
  -------------------------------------------------------------------    -------------------





Min Delay Paths
--------------------------------------------------------------------------------------
Slack:                    inf
  Source:                 o_valid_reg/C
                            (rising edge-triggered cell FDRE clocked by sys_clk_pin  {rise@0.000ns fall@0.500ns period=1.000ns})
  Destination:            o_valid
                            (output port)
  Path Group:             (none)
  Path Type:              Min at Fast Process Corner
  Data Path Delay:        1.283ns  (logic 0.469ns (36.569%)  route 0.814ns (63.431%))
  Logic Levels:           1  (OBUF=1)
  Clock Uncertainty:      0.025ns  ((TSJ^2 + TIJ^2)^1/2 + DJ) / 2 + PE
    Total System Jitter     (TSJ):    0.050ns
    Total Input Jitter      (TIJ):    0.000ns
    Discrete Jitter          (DJ):    0.000ns
    Phase Error              (PE):    0.000ns
  Clock Net Delay (Source):      0.862ns (routing 0.278ns, distribution 0.584ns)

    Location             Delay type                Incr(ns)  Path(ns)    Netlist Resource(s)
  -------------------------------------------------------------------    -------------------
                         (clock sys_clk_pin rise edge)
                                                      0.000     0.000 r  
    AA13                                              0.000     0.000 r  clk (IN)
                         net (fo=0)                   0.000     0.000    clk_IBUF_inst/I
    AA13                 INBUF (Prop_INBUF_HRIO_PAD_O)
                                                      0.562     0.562 r  clk_IBUF_inst/INBUF_INST/O
                         net (fo=1, routed)           0.025     0.587    clk_IBUF_inst/OUT
    AA13                 IBUFCTRL (Prop_IBUFCTRL_HRIO_I_O)
                                                      0.015     0.602 r  clk_IBUF_inst/IBUFCTRL_INST/O
                         net (fo=1, routed)           0.350     0.952    clk_IBUF
    BUFGCE_X1Y0          BUFGCE (Prop_BUFCE_BUFGCE_I_O)
                                                      0.027     0.979 r  clk_IBUF_BUFG_inst/O
    X2Y1 (CLOCK_ROOT)    net (fo=3917, routed)        0.862     1.841    clk_IBUF_BUFG
    SLICE_X68Y128        FDRE                                         r  o_valid_reg/C
  -------------------------------------------------------------------    -------------------
    SLICE_X68Y128        FDRE (Prop_AFF_SLICEL_C_Q)
                                                      0.049     1.890 r  o_valid_reg/Q
                         net (fo=1, routed)           0.814     2.704    o_valid_OBUF
    C13                  OBUF (Prop_OUTBUF_HPIOB_I_O)
                                                      0.420     3.124 r  o_valid_OBUF_inst/O
                         net (fo=0)                   0.000     3.124    o_valid
    C13                                                               r  o_valid (OUT)
  -------------------------------------------------------------------    -------------------

Slack:                    inf
  Source:                 out_labels_reg_reg[29]/C
                            (rising edge-triggered cell FDRE clocked by sys_clk_pin  {rise@0.000ns fall@0.500ns period=1.000ns})
  Destination:            o_label[29]
                            (output port)
  Path Group:             (none)
  Path Type:              Min at Fast Process Corner
  Data Path Delay:        1.297ns  (logic 0.455ns (35.100%)  route 0.842ns (64.900%))
  Logic Levels:           2  (LUT6=1 OBUF=1)
  Clock Uncertainty:      0.025ns  ((TSJ^2 + TIJ^2)^1/2 + DJ) / 2 + PE
    Total System Jitter     (TSJ):    0.050ns
    Total Input Jitter      (TIJ):    0.000ns
    Discrete Jitter          (DJ):    0.000ns
    Phase Error              (PE):    0.000ns
  Clock Net Delay (Source):      0.858ns (routing 0.278ns, distribution 0.580ns)

    Location             Delay type                Incr(ns)  Path(ns)    Netlist Resource(s)
  -------------------------------------------------------------------    -------------------
                         (clock sys_clk_pin rise edge)
                                                      0.000     0.000 r  
    AA13                                              0.000     0.000 r  clk (IN)
                         net (fo=0)                   0.000     0.000    clk_IBUF_inst/I
    AA13                 INBUF (Prop_INBUF_HRIO_PAD_O)
                                                      0.562     0.562 r  clk_IBUF_inst/INBUF_INST/O
                         net (fo=1, routed)           0.025     0.587    clk_IBUF_inst/OUT
    AA13                 IBUFCTRL (Prop_IBUFCTRL_HRIO_I_O)
                                                      0.015     0.602 r  clk_IBUF_inst/IBUFCTRL_INST/O
                         net (fo=1, routed)           0.350     0.952    clk_IBUF
    BUFGCE_X1Y0          BUFGCE (Prop_BUFCE_BUFGCE_I_O)
                                                      0.027     0.979 r  clk_IBUF_BUFG_inst/O
    X2Y1 (CLOCK_ROOT)    net (fo=3917, routed)        0.858     1.837    clk_IBUF_BUFG
    SLICE_X62Y132        FDRE                                         r  out_labels_reg_reg[29]/C
  -------------------------------------------------------------------    -------------------
    SLICE_X62Y132        FDRE (Prop_DFF_SLICEM_C_Q)
                                                      0.049     1.886 r  out_labels_reg_reg[29]/Q
                         net (fo=1, routed)           0.035     1.921    out_labels_reg[29]
    SLICE_X62Y132        LUT6 (Prop_B6LUT_SLICEM_I3_O)
                                                      0.031     1.952 r  o_label_OBUF[29]_inst_i_1/O
                         net (fo=1, routed)           0.807     2.759    o_label_OBUF[29]
    J13                  OBUF (Prop_OUTBUF_HPIOB_I_O)
                                                      0.375     3.135 r  o_label_OBUF[29]_inst/O
                         net (fo=0)                   0.000     3.135    o_label[29]
    J13                                                               r  o_label[29] (OUT)
  -------------------------------------------------------------------    -------------------

Slack:                    inf
  Source:                 out_labels_reg_reg[26]/C
                            (rising edge-triggered cell FDRE clocked by sys_clk_pin  {rise@0.000ns fall@0.500ns period=1.000ns})
  Destination:            o_label[26]
                            (output port)
  Path Group:             (none)
  Path Type:              Min at Fast Process Corner
  Data Path Delay:        1.361ns  (logic 0.475ns (34.882%)  route 0.886ns (65.118%))
  Logic Levels:           2  (LUT6=1 OBUF=1)
  Clock Uncertainty:      0.025ns  ((TSJ^2 + TIJ^2)^1/2 + DJ) / 2 + PE
    Total System Jitter     (TSJ):    0.050ns
    Total Input Jitter      (TIJ):    0.000ns
    Discrete Jitter          (DJ):    0.000ns
    Phase Error              (PE):    0.000ns
  Clock Net Delay (Source):      0.852ns (routing 0.278ns, distribution 0.574ns)

    Location             Delay type                Incr(ns)  Path(ns)    Netlist Resource(s)
  -------------------------------------------------------------------    -------------------
                         (clock sys_clk_pin rise edge)
                                                      0.000     0.000 r  
    AA13                                              0.000     0.000 r  clk (IN)
                         net (fo=0)                   0.000     0.000    clk_IBUF_inst/I
    AA13                 INBUF (Prop_INBUF_HRIO_PAD_O)
                                                      0.562     0.562 r  clk_IBUF_inst/INBUF_INST/O
                         net (fo=1, routed)           0.025     0.587    clk_IBUF_inst/OUT
    AA13                 IBUFCTRL (Prop_IBUFCTRL_HRIO_I_O)
                                                      0.015     0.602 r  clk_IBUF_inst/IBUFCTRL_INST/O
                         net (fo=1, routed)           0.350     0.952    clk_IBUF
    BUFGCE_X1Y0          BUFGCE (Prop_BUFCE_BUFGCE_I_O)
                                                      0.027     0.979 r  clk_IBUF_BUFG_inst/O
    X2Y1 (CLOCK_ROOT)    net (fo=3917, routed)        0.852     1.831    clk_IBUF_BUFG
    SLICE_X63Y133        FDRE                                         r  out_labels_reg_reg[26]/C
  -------------------------------------------------------------------    -------------------
    SLICE_X63Y133        FDRE (Prop_CFF_SLICEL_C_Q)
                                                      0.048     1.879 r  out_labels_reg_reg[26]/Q
                         net (fo=1, routed)           0.037     1.916    out_labels_reg[26]
    SLICE_X63Y133        LUT6 (Prop_H6LUT_SLICEL_I3_O)
                                                      0.052     1.968 r  o_label_OBUF[26]_inst_i_1/O
                         net (fo=1, routed)           0.849     2.817    o_label_OBUF[26]
    F12                  OBUF (Prop_OUTBUF_HPIOB_I_O)
                                                      0.375     3.192 r  o_label_OBUF[26]_inst/O
                         net (fo=0)                   0.000     3.192    o_label[26]
    F12                                                               r  o_label[26] (OUT)
  -------------------------------------------------------------------    -------------------

Slack:                    inf
  Source:                 cnt_out_reg[3]/C
                            (rising edge-triggered cell FDRE clocked by sys_clk_pin  {rise@0.000ns fall@0.500ns period=1.000ns})
  Destination:            o_metric[6]
                            (output port)
  Path Group:             (none)
  Path Type:              Min at Fast Process Corner
  Data Path Delay:        1.376ns  (logic 0.477ns (34.649%)  route 0.899ns (65.350%))
  Logic Levels:           2  (LUT5=1 OBUF=1)
  Clock Uncertainty:      0.025ns  ((TSJ^2 + TIJ^2)^1/2 + DJ) / 2 + PE
    Total System Jitter     (TSJ):    0.050ns
    Total Input Jitter      (TIJ):    0.000ns
    Discrete Jitter          (DJ):    0.000ns
    Phase Error              (PE):    0.000ns
  Clock Net Delay (Source):      0.857ns (routing 0.278ns, distribution 0.579ns)

    Location             Delay type                Incr(ns)  Path(ns)    Netlist Resource(s)
  -------------------------------------------------------------------    -------------------
                         (clock sys_clk_pin rise edge)
                                                      0.000     0.000 r  
    AA13                                              0.000     0.000 r  clk (IN)
                         net (fo=0)                   0.000     0.000    clk_IBUF_inst/I
    AA13                 INBUF (Prop_INBUF_HRIO_PAD_O)
                                                      0.562     0.562 r  clk_IBUF_inst/INBUF_INST/O
                         net (fo=1, routed)           0.025     0.587    clk_IBUF_inst/OUT
    AA13                 IBUFCTRL (Prop_IBUFCTRL_HRIO_I_O)
                                                      0.015     0.602 r  clk_IBUF_inst/IBUFCTRL_INST/O
                         net (fo=1, routed)           0.350     0.952    clk_IBUF
    BUFGCE_X1Y0          BUFGCE (Prop_BUFCE_BUFGCE_I_O)
                                                      0.027     0.979 r  clk_IBUF_BUFG_inst/O
    X2Y1 (CLOCK_ROOT)    net (fo=3917, routed)        0.857     1.836    clk_IBUF_BUFG
    SLICE_X69Y128        FDRE                                         r  cnt_out_reg[3]/C
  -------------------------------------------------------------------    -------------------
    SLICE_X69Y128        FDRE (Prop_DFF2_SLICEM_C_Q)
                                                      0.049     1.885 r  cnt_out_reg[3]/Q
                         net (fo=14, routed)          0.080     1.965    cnt_out[3]
    SLICE_X70Y127        LUT5 (Prop_H6LUT_SLICEL_I3_O)
                                                      0.015     1.980 r  o_metric_OBUF[6]_inst_i_1/O
                         net (fo=1, routed)           0.819     2.799    o_metric_OBUF[6]
    B12                  OBUF (Prop_OUTBUF_HPIOB_I_O)
                                                      0.413     3.212 r  o_metric_OBUF[6]_inst/O
                         net (fo=0)                   0.000     3.212    o_metric[6]
    B12                                                               r  o_metric[6] (OUT)
  -------------------------------------------------------------------    -------------------

Slack:                    inf
  Source:                 out_labels_reg_reg[19]/C
                            (rising edge-triggered cell FDRE clocked by sys_clk_pin  {rise@0.000ns fall@0.500ns period=1.000ns})
  Destination:            o_label[19]
                            (output port)
  Path Group:             (none)
  Path Type:              Min at Fast Process Corner
  Data Path Delay:        1.395ns  (logic 0.502ns (35.998%)  route 0.893ns (64.002%))
  Logic Levels:           2  (LUT6=1 OBUF=1)
  Clock Uncertainty:      0.025ns  ((TSJ^2 + TIJ^2)^1/2 + DJ) / 2 + PE
    Total System Jitter     (TSJ):    0.050ns
    Total Input Jitter      (TIJ):    0.000ns
    Discrete Jitter          (DJ):    0.000ns
    Phase Error              (PE):    0.000ns
  Clock Net Delay (Source):      0.839ns (routing 0.278ns, distribution 0.561ns)

    Location             Delay type                Incr(ns)  Path(ns)    Netlist Resource(s)
  -------------------------------------------------------------------    -------------------
                         (clock sys_clk_pin rise edge)
                                                      0.000     0.000 r  
    AA13                                              0.000     0.000 r  clk (IN)
                         net (fo=0)                   0.000     0.000    clk_IBUF_inst/I
    AA13                 INBUF (Prop_INBUF_HRIO_PAD_O)
                                                      0.562     0.562 r  clk_IBUF_inst/INBUF_INST/O
                         net (fo=1, routed)           0.025     0.587    clk_IBUF_inst/OUT
    AA13                 IBUFCTRL (Prop_IBUFCTRL_HRIO_I_O)
                                                      0.015     0.602 r  clk_IBUF_inst/IBUFCTRL_INST/O
                         net (fo=1, routed)           0.350     0.952    clk_IBUF
    BUFGCE_X1Y0          BUFGCE (Prop_BUFCE_BUFGCE_I_O)
                                                      0.027     0.979 r  clk_IBUF_BUFG_inst/O
    X2Y1 (CLOCK_ROOT)    net (fo=3917, routed)        0.839     1.818    clk_IBUF_BUFG
    SLICE_X61Y138        FDRE                                         r  out_labels_reg_reg[19]/C
  -------------------------------------------------------------------    -------------------
    SLICE_X61Y138        FDRE (Prop_BFF_SLICEM_C_Q)
                                                      0.049     1.867 r  out_labels_reg_reg[19]/Q
                         net (fo=1, routed)           0.076     1.943    out_labels_reg[19]
    SLICE_X61Y137        LUT6 (Prop_H6LUT_SLICEM_I3_O)
                                                      0.054     1.997 r  o_label_OBUF[19]_inst_i_1/O
                         net (fo=1, routed)           0.817     2.814    o_label_OBUF[19]
    E11                  OBUF (Prop_OUTBUF_HPIOB_I_O)
                                                      0.399     3.213 r  o_label_OBUF[19]_inst/O
                         net (fo=0)                   0.000     3.213    o_label[19]
    E11                                                               r  o_label[19] (OUT)
  -------------------------------------------------------------------    -------------------

Slack:                    inf
  Source:                 out_labels_reg_reg[57]/C
                            (rising edge-triggered cell FDRE clocked by sys_clk_pin  {rise@0.000ns fall@0.500ns period=1.000ns})
  Destination:            o_label[25]
                            (output port)
  Path Group:             (none)
  Path Type:              Min at Fast Process Corner
  Data Path Delay:        1.397ns  (logic 0.467ns (33.439%)  route 0.930ns (66.561%))
  Logic Levels:           3  (LUT6=2 OBUF=1)
  Clock Uncertainty:      0.025ns  ((TSJ^2 + TIJ^2)^1/2 + DJ) / 2 + PE
    Total System Jitter     (TSJ):    0.050ns
    Total Input Jitter      (TIJ):    0.000ns
    Discrete Jitter          (DJ):    0.000ns
    Phase Error              (PE):    0.000ns
  Clock Net Delay (Source):      0.851ns (routing 0.278ns, distribution 0.573ns)

    Location             Delay type                Incr(ns)  Path(ns)    Netlist Resource(s)
  -------------------------------------------------------------------    -------------------
                         (clock sys_clk_pin rise edge)
                                                      0.000     0.000 r  
    AA13                                              0.000     0.000 r  clk (IN)
                         net (fo=0)                   0.000     0.000    clk_IBUF_inst/I
    AA13                 INBUF (Prop_INBUF_HRIO_PAD_O)
                                                      0.562     0.562 r  clk_IBUF_inst/INBUF_INST/O
                         net (fo=1, routed)           0.025     0.587    clk_IBUF_inst/OUT
    AA13                 IBUFCTRL (Prop_IBUFCTRL_HRIO_I_O)
                                                      0.015     0.602 r  clk_IBUF_inst/IBUFCTRL_INST/O
                         net (fo=1, routed)           0.350     0.952    clk_IBUF
    BUFGCE_X1Y0          BUFGCE (Prop_BUFCE_BUFGCE_I_O)
                                                      0.027     0.979 r  clk_IBUF_BUFG_inst/O
    X2Y1 (CLOCK_ROOT)    net (fo=3917, routed)        0.851     1.830    clk_IBUF_BUFG
    SLICE_X65Y137        FDRE                                         r  out_labels_reg_reg[57]/C
  -------------------------------------------------------------------    -------------------
    SLICE_X65Y137        FDRE (Prop_HFF_SLICEL_C_Q)
                                                      0.048     1.878 r  out_labels_reg_reg[57]/Q
                         net (fo=1, routed)           0.032     1.910    out_labels_reg[57]
    SLICE_X65Y137        LUT6 (Prop_E6LUT_SLICEL_I4_O)
                                                      0.030     1.940 r  o_label_OBUF[25]_inst_i_5/O
                         net (fo=1, routed)           0.059     1.999    o_label_OBUF[25]_inst_i_5_n_0
    SLICE_X65Y137        LUT6 (Prop_G6LUT_SLICEL_I5_O)
                                                      0.015     2.014 r  o_label_OBUF[25]_inst_i_1/O
                         net (fo=1, routed)           0.839     2.853    o_label_OBUF[25]
    G12                  OBUF (Prop_OUTBUF_HPIOB_I_O)
                                                      0.374     3.227 r  o_label_OBUF[25]_inst/O
                         net (fo=0)                   0.000     3.227    o_label[25]
    G12                                                               r  o_label[25] (OUT)
  -------------------------------------------------------------------    -------------------

Slack:                    inf
  Source:                 out_labels_reg_reg[159]/C
                            (rising edge-triggered cell FDRE clocked by sys_clk_pin  {rise@0.000ns fall@0.500ns period=1.000ns})
  Destination:            o_label[31]
                            (output port)
  Path Group:             (none)
  Path Type:              Min at Fast Process Corner
  Data Path Delay:        1.401ns  (logic 0.485ns (34.636%)  route 0.916ns (65.364%))
  Logic Levels:           3  (LUT6=2 OBUF=1)
  Clock Uncertainty:      0.025ns  ((TSJ^2 + TIJ^2)^1/2 + DJ) / 2 + PE
    Total System Jitter     (TSJ):    0.050ns
    Total Input Jitter      (TIJ):    0.000ns
    Discrete Jitter          (DJ):    0.000ns
    Phase Error              (PE):    0.000ns
  Clock Net Delay (Source):      0.859ns (routing 0.278ns, distribution 0.581ns)

    Location             Delay type                Incr(ns)  Path(ns)    Netlist Resource(s)
  -------------------------------------------------------------------    -------------------
                         (clock sys_clk_pin rise edge)
                                                      0.000     0.000 r  
    AA13                                              0.000     0.000 r  clk (IN)
                         net (fo=0)                   0.000     0.000    clk_IBUF_inst/I
    AA13                 INBUF (Prop_INBUF_HRIO_PAD_O)
                                                      0.562     0.562 r  clk_IBUF_inst/INBUF_INST/O
                         net (fo=1, routed)           0.025     0.587    clk_IBUF_inst/OUT
    AA13                 IBUFCTRL (Prop_IBUFCTRL_HRIO_I_O)
                                                      0.015     0.602 r  clk_IBUF_inst/IBUFCTRL_INST/O
                         net (fo=1, routed)           0.350     0.952    clk_IBUF
    BUFGCE_X1Y0          BUFGCE (Prop_BUFCE_BUFGCE_I_O)
                                                      0.027     0.979 r  clk_IBUF_BUFG_inst/O
    X2Y1 (CLOCK_ROOT)    net (fo=3917, routed)        0.859     1.838    clk_IBUF_BUFG
    SLICE_X62Y130        FDRE                                         r  out_labels_reg_reg[159]/C
  -------------------------------------------------------------------    -------------------
    SLICE_X62Y130        FDRE (Prop_DFF_SLICEM_C_Q)
                                                      0.049     1.887 r  out_labels_reg_reg[159]/Q
                         net (fo=1, routed)           0.033     1.920    out_labels_reg[159]
    SLICE_X62Y130        LUT6 (Prop_C6LUT_SLICEM_I1_O)
                                                      0.015     1.935 r  o_label_OBUF[31]_inst_i_2/O
                         net (fo=1, routed)           0.034     1.969    o_label_OBUF[31]_inst_i_2_n_0
    SLICE_X62Y130        LUT6 (Prop_F6LUT_SLICEM_I0_O)
                                                      0.046     2.015 r  o_label_OBUF[31]_inst_i_1/O
                         net (fo=1, routed)           0.849     2.864    o_label_OBUF[31]
    G15                  OBUF (Prop_OUTBUF_HPIOB_I_O)
                                                      0.375     3.240 r  o_label_OBUF[31]_inst/O
                         net (fo=0)                   0.000     3.240    o_label[31]
    G15                                                               r  o_label[31] (OUT)
  -------------------------------------------------------------------    -------------------

Slack:                    inf
  Source:                 out_labels_reg_reg[407]/C
                            (rising edge-triggered cell FDRE clocked by sys_clk_pin  {rise@0.000ns fall@0.500ns period=1.000ns})
  Destination:            o_label[23]
                            (output port)
  Path Group:             (none)
  Path Type:              Min at Fast Process Corner
  Data Path Delay:        1.420ns  (logic 0.504ns (35.487%)  route 0.916ns (64.513%))
  Logic Levels:           3  (LUT6=2 OBUF=1)
  Clock Uncertainty:      0.025ns  ((TSJ^2 + TIJ^2)^1/2 + DJ) / 2 + PE
    Total System Jitter     (TSJ):    0.050ns
    Total Input Jitter      (TIJ):    0.000ns
    Discrete Jitter          (DJ):    0.000ns
    Phase Error              (PE):    0.000ns
  Clock Net Delay (Source):      0.845ns (routing 0.278ns, distribution 0.567ns)

    Location             Delay type                Incr(ns)  Path(ns)    Netlist Resource(s)
  -------------------------------------------------------------------    -------------------
                         (clock sys_clk_pin rise edge)
                                                      0.000     0.000 r  
    AA13                                              0.000     0.000 r  clk (IN)
                         net (fo=0)                   0.000     0.000    clk_IBUF_inst/I
    AA13                 INBUF (Prop_INBUF_HRIO_PAD_O)
                                                      0.562     0.562 r  clk_IBUF_inst/INBUF_INST/O
                         net (fo=1, routed)           0.025     0.587    clk_IBUF_inst/OUT
    AA13                 IBUFCTRL (Prop_IBUFCTRL_HRIO_I_O)
                                                      0.015     0.602 r  clk_IBUF_inst/IBUFCTRL_INST/O
                         net (fo=1, routed)           0.350     0.952    clk_IBUF
    BUFGCE_X1Y0          BUFGCE (Prop_BUFCE_BUFGCE_I_O)
                                                      0.027     0.979 r  clk_IBUF_BUFG_inst/O
    X2Y1 (CLOCK_ROOT)    net (fo=3917, routed)        0.845     1.824    clk_IBUF_BUFG
    SLICE_X61Y134        FDRE                                         r  out_labels_reg_reg[407]/C
  -------------------------------------------------------------------    -------------------
    SLICE_X61Y134        FDRE (Prop_HFF_SLICEM_C_Q)
                                                      0.048     1.872 r  out_labels_reg_reg[407]/Q
                         net (fo=1, routed)           0.037     1.909    out_labels_reg[407]
    SLICE_X61Y134        LUT6 (Prop_F6LUT_SLICEM_I1_O)
                                                      0.031     1.940 r  o_label_OBUF[23]_inst_i_4/O
                         net (fo=1, routed)           0.033     1.973    o_label_OBUF[23]_inst_i_4_n_0
    SLICE_X61Y134        LUT6 (Prop_G6LUT_SLICEM_I2_O)
                                                      0.030     2.003 r  o_label_OBUF[23]_inst_i_1/O
                         net (fo=1, routed)           0.846     2.849    o_label_OBUF[23]
    E13                  OBUF (Prop_OUTBUF_HPIOB_I_O)
                                                      0.395     3.244 r  o_label_OBUF[23]_inst/O
                         net (fo=0)                   0.000     3.244    o_label[23]
    E13                                                               r  o_label[23] (OUT)
  -------------------------------------------------------------------    -------------------

Slack:                    inf
  Source:                 out_labels_reg_reg[30]/C
                            (rising edge-triggered cell FDRE clocked by sys_clk_pin  {rise@0.000ns fall@0.500ns period=1.000ns})
  Destination:            o_label[30]
                            (output port)
  Path Group:             (none)
  Path Type:              Min at Fast Process Corner
  Data Path Delay:        1.422ns  (logic 0.476ns (33.468%)  route 0.946ns (66.532%))
  Logic Levels:           2  (LUT6=1 OBUF=1)
  Clock Uncertainty:      0.025ns  ((TSJ^2 + TIJ^2)^1/2 + DJ) / 2 + PE
    Total System Jitter     (TSJ):    0.050ns
    Total Input Jitter      (TIJ):    0.000ns
    Discrete Jitter          (DJ):    0.000ns
    Phase Error              (PE):    0.000ns
  Clock Net Delay (Source):      0.848ns (routing 0.278ns, distribution 0.570ns)

    Location             Delay type                Incr(ns)  Path(ns)    Netlist Resource(s)
  -------------------------------------------------------------------    -------------------
                         (clock sys_clk_pin rise edge)
                                                      0.000     0.000 r  
    AA13                                              0.000     0.000 r  clk (IN)
                         net (fo=0)                   0.000     0.000    clk_IBUF_inst/I
    AA13                 INBUF (Prop_INBUF_HRIO_PAD_O)
                                                      0.562     0.562 r  clk_IBUF_inst/INBUF_INST/O
                         net (fo=1, routed)           0.025     0.587    clk_IBUF_inst/OUT
    AA13                 IBUFCTRL (Prop_IBUFCTRL_HRIO_I_O)
                                                      0.015     0.602 r  clk_IBUF_inst/IBUFCTRL_INST/O
                         net (fo=1, routed)           0.350     0.952    clk_IBUF
    BUFGCE_X1Y0          BUFGCE (Prop_BUFCE_BUFGCE_I_O)
                                                      0.027     0.979 r  clk_IBUF_BUFG_inst/O
    X2Y1 (CLOCK_ROOT)    net (fo=3917, routed)        0.848     1.827    clk_IBUF_BUFG
    SLICE_X61Y129        FDRE                                         r  out_labels_reg_reg[30]/C
  -------------------------------------------------------------------    -------------------
    SLICE_X61Y129        FDRE (Prop_BFF_SLICEM_C_Q)
                                                      0.049     1.876 r  out_labels_reg_reg[30]/Q
                         net (fo=1, routed)           0.076     1.952    out_labels_reg[30]
    SLICE_X61Y130        LUT6 (Prop_H6LUT_SLICEM_I3_O)
                                                      0.054     2.006 r  o_label_OBUF[30]_inst_i_1/O
                         net (fo=1, routed)           0.870     2.876    o_label_OBUF[30]
    H13                  OBUF (Prop_OUTBUF_HPIOB_I_O)
                                                      0.373     3.249 r  o_label_OBUF[30]_inst/O
                         net (fo=0)                   0.000     3.249    o_label[30]
    H13                                                               r  o_label[30] (OUT)
  -------------------------------------------------------------------    -------------------

Slack:                    inf
  Source:                 out_labels_reg_reg[22]/C
                            (rising edge-triggered cell FDRE clocked by sys_clk_pin  {rise@0.000ns fall@0.500ns period=1.000ns})
  Destination:            o_label[22]
                            (output port)
  Path Group:             (none)
  Path Type:              Min at Fast Process Corner
  Data Path Delay:        1.421ns  (logic 0.454ns (31.939%)  route 0.967ns (68.061%))
  Logic Levels:           2  (LUT6=1 OBUF=1)
  Clock Uncertainty:      0.025ns  ((TSJ^2 + TIJ^2)^1/2 + DJ) / 2 + PE
    Total System Jitter     (TSJ):    0.050ns
    Total Input Jitter      (TIJ):    0.000ns
    Discrete Jitter          (DJ):    0.000ns
    Phase Error              (PE):    0.000ns
  Clock Net Delay (Source):      0.853ns (routing 0.278ns, distribution 0.575ns)

    Location             Delay type                Incr(ns)  Path(ns)    Netlist Resource(s)
  -------------------------------------------------------------------    -------------------
                         (clock sys_clk_pin rise edge)
                                                      0.000     0.000 r  
    AA13                                              0.000     0.000 r  clk (IN)
                         net (fo=0)                   0.000     0.000    clk_IBUF_inst/I
    AA13                 INBUF (Prop_INBUF_HRIO_PAD_O)
                                                      0.562     0.562 r  clk_IBUF_inst/INBUF_INST/O
                         net (fo=1, routed)           0.025     0.587    clk_IBUF_inst/OUT
    AA13                 IBUFCTRL (Prop_IBUFCTRL_HRIO_I_O)
                                                      0.015     0.602 r  clk_IBUF_inst/IBUFCTRL_INST/O
                         net (fo=1, routed)           0.350     0.952    clk_IBUF
    BUFGCE_X1Y0          BUFGCE (Prop_BUFCE_BUFGCE_I_O)
                                                      0.027     0.979 r  clk_IBUF_BUFG_inst/O
    X2Y1 (CLOCK_ROOT)    net (fo=3917, routed)        0.853     1.832    clk_IBUF_BUFG
    SLICE_X62Y134        FDRE                                         r  out_labels_reg_reg[22]/C
  -------------------------------------------------------------------    -------------------
    SLICE_X62Y134        FDRE (Prop_CFF_SLICEM_C_Q)
                                                      0.048     1.880 r  out_labels_reg_reg[22]/Q
                         net (fo=1, routed)           0.121     2.001    out_labels_reg[22]
    SLICE_X62Y134        LUT6 (Prop_H6LUT_SLICEM_I3_O)
                                                      0.016     2.017 r  o_label_OBUF[22]_inst_i_1/O
                         net (fo=1, routed)           0.846     2.863    o_label_OBUF[22]
    D10                  OBUF (Prop_OUTBUF_HPIOB_I_O)
                                                      0.390     3.253 r  o_label_OBUF[22]_inst/O
                         net (fo=0)                   0.000     3.253    o_label[22]
    D10                                                               r  o_label[22] (OUT)
  -------------------------------------------------------------------    -------------------





--------------------------------------------------------------------------------------
Path Group:  (none)
From Clock:  
  To Clock:  sys_clk_pin

Max Delay           432 Endpoints
Min Delay           432 Endpoints
--------------------------------------------------------------------------------------


Max Delay Paths
--------------------------------------------------------------------------------------
Slack:                    inf
  Source:                 i_metric[7]
                            (input port)
  Destination:            buf_metrics0_reg[37]/D
                            (rising edge-triggered cell FDRE clocked by sys_clk_pin  {rise@0.000ns fall@0.500ns period=1.000ns})
  Path Group:             (none)
  Path Type:              Setup (Max at Slow Process Corner)
  Data Path Delay:        5.681ns  (logic 1.198ns (21.094%)  route 4.483ns (78.906%))
  Logic Levels:           4  (IBUFCTRL=1 INBUF=1 LUT6=2)
  Clock Path Skew:        3.610ns (DCD - SCD + CPR)
    Destination Clock Delay (DCD):    3.610ns
    Source Clock Delay      (SCD):    0.000ns
    Clock Pessimism Removal (CPR):    0.000ns
  Clock Uncertainty:      0.025ns  ((TSJ^2 + TIJ^2)^1/2 + DJ) / 2 + PE
    Total System Jitter     (TSJ):    0.050ns
    Total Input Jitter      (TIJ):    0.000ns
    Discrete Jitter          (DJ):    0.000ns
    Phase Error              (PE):    0.000ns
  Clock Net Delay (Destination): 2.035ns (routing 0.696ns, distribution 1.339ns)

    Location             Delay type                Incr(ns)  Path(ns)    Netlist Resource(s)
  -------------------------------------------------------------------    -------------------
    AD18                                              0.000     0.000 r  i_metric[7] (IN)
                         net (fo=0)                   0.000     0.000    i_metric_IBUF[7]_inst/I
    AD18                 INBUF (Prop_INBUF_HRIO_PAD_O)
                                                      0.778     0.778 r  i_metric_IBUF[7]_inst/INBUF_INST/O
                         net (fo=1, routed)           0.105     0.883    i_metric_IBUF[7]_inst/OUT
    AD18                 IBUFCTRL (Prop_IBUFCTRL_HRIO_I_O)
                                                      0.049     0.932 r  i_metric_IBUF[7]_inst/IBUFCTRL_INST/O
                         net (fo=5, routed)           3.787     4.719    i_metric_IBUF[7]
    SLICE_X75Y127        LUT6 (Prop_H6LUT_SLICEM_I5_O)
                                                      0.225     4.944 r  buf_metrics0[37]_i_3/O
                         net (fo=5, routed)           0.191     5.135    buf_metrics0[37]_i_3_n_0
    SLICE_X74Y127        LUT6 (Prop_D6LUT_SLICEL_I0_O)
                                                      0.146     5.281 r  buf_metrics0[37]_i_2/O
                         net (fo=1, routed)           0.400     5.681    buf_metrics0[37]_i_2_n_0
    SLICE_X74Y126        FDRE                                         r  buf_metrics0_reg[37]/D
  -------------------------------------------------------------------    -------------------

                         (clock sys_clk_pin rise edge)
                                                      0.000     0.000 r  
    AA13                                              0.000     0.000 r  clk (IN)
                         net (fo=0)                   0.000     0.000    clk_IBUF_inst/I
    AA13                 INBUF (Prop_INBUF_HRIO_PAD_O)
                                                      0.662     0.662 r  clk_IBUF_inst/INBUF_INST/O
                         net (fo=1, routed)           0.066     0.728    clk_IBUF_inst/OUT
    AA13                 IBUFCTRL (Prop_IBUFCTRL_HRIO_I_O)
                                                      0.034     0.762 r  clk_IBUF_inst/IBUFCTRL_INST/O
                         net (fo=1, routed)           0.722     1.484    clk_IBUF
    BUFGCE_X1Y0          BUFGCE (Prop_BUFCE_BUFGCE_I_O)
                                                      0.091     1.575 r  clk_IBUF_BUFG_inst/O
    X2Y1 (CLOCK_ROOT)    net (fo=3917, routed)        2.035     3.610    clk_IBUF_BUFG
    SLICE_X74Y126        FDRE                                         r  buf_metrics0_reg[37]/C

Slack:                    inf
  Source:                 i_metric[7]
                            (input port)
  Destination:            buf_metrics0_reg[25]/D
                            (rising edge-triggered cell FDRE clocked by sys_clk_pin  {rise@0.000ns fall@0.500ns period=1.000ns})
  Path Group:             (none)
  Path Type:              Setup (Max at Slow Process Corner)
  Data Path Delay:        5.639ns  (logic 1.141ns (20.240%)  route 4.498ns (79.760%))
  Logic Levels:           4  (IBUFCTRL=1 INBUF=1 LUT5=1 LUT6=1)
  Clock Path Skew:        3.726ns (DCD - SCD + CPR)
    Destination Clock Delay (DCD):    3.726ns
    Source Clock Delay      (SCD):    0.000ns
    Clock Pessimism Removal (CPR):    0.000ns
  Clock Uncertainty:      0.025ns  ((TSJ^2 + TIJ^2)^1/2 + DJ) / 2 + PE
    Total System Jitter     (TSJ):    0.050ns
    Total Input Jitter      (TIJ):    0.000ns
    Discrete Jitter          (DJ):    0.000ns
    Phase Error              (PE):    0.000ns
  Clock Net Delay (Destination): 2.151ns (routing 0.696ns, distribution 1.455ns)

    Location             Delay type                Incr(ns)  Path(ns)    Netlist Resource(s)
  -------------------------------------------------------------------    -------------------
    AD18                                              0.000     0.000 r  i_metric[7] (IN)
                         net (fo=0)                   0.000     0.000    i_metric_IBUF[7]_inst/I
    AD18                 INBUF (Prop_INBUF_HRIO_PAD_O)
                                                      0.778     0.778 r  i_metric_IBUF[7]_inst/INBUF_INST/O
                         net (fo=1, routed)           0.105     0.883    i_metric_IBUF[7]_inst/OUT
    AD18                 IBUFCTRL (Prop_IBUFCTRL_HRIO_I_O)
                                                      0.049     0.932 r  i_metric_IBUF[7]_inst/IBUFCTRL_INST/O
                         net (fo=5, routed)           3.787     4.719    i_metric_IBUF[7]
    SLICE_X75Y127        LUT6 (Prop_H6LUT_SLICEM_I5_O)
                                                      0.225     4.944 r  buf_metrics0[37]_i_3/O
                         net (fo=5, routed)           0.361     5.305    buf_metrics0[37]_i_3_n_0
    SLICE_X77Y126        LUT5 (Prop_H6LUT_SLICEL_I4_O)
                                                      0.089     5.394 r  buf_metrics0[25]_i_2/O
                         net (fo=2, routed)           0.245     5.639    buf_metrics0[25]_i_2_n_0
    SLICE_X77Y127        FDRE                                         r  buf_metrics0_reg[25]/D
  -------------------------------------------------------------------    -------------------

                         (clock sys_clk_pin rise edge)
                                                      0.000     0.000 r  
    AA13                                              0.000     0.000 r  clk (IN)
                         net (fo=0)                   0.000     0.000    clk_IBUF_inst/I
    AA13                 INBUF (Prop_INBUF_HRIO_PAD_O)
                                                      0.662     0.662 r  clk_IBUF_inst/INBUF_INST/O
                         net (fo=1, routed)           0.066     0.728    clk_IBUF_inst/OUT
    AA13                 IBUFCTRL (Prop_IBUFCTRL_HRIO_I_O)
                                                      0.034     0.762 r  clk_IBUF_inst/IBUFCTRL_INST/O
                         net (fo=1, routed)           0.722     1.484    clk_IBUF
    BUFGCE_X1Y0          BUFGCE (Prop_BUFCE_BUFGCE_I_O)
                                                      0.091     1.575 r  clk_IBUF_BUFG_inst/O
    X2Y1 (CLOCK_ROOT)    net (fo=3917, routed)        2.151     3.726    clk_IBUF_BUFG
    SLICE_X77Y127        FDRE                                         r  buf_metrics0_reg[25]/C

Slack:                    inf
  Source:                 i_metric[7]
                            (input port)
  Destination:            buf_metrics0_reg[17]/D
                            (rising edge-triggered cell FDRE clocked by sys_clk_pin  {rise@0.000ns fall@0.500ns period=1.000ns})
  Path Group:             (none)
  Path Type:              Setup (Max at Slow Process Corner)
  Data Path Delay:        5.479ns  (logic 1.103ns (20.138%)  route 4.376ns (79.862%))
  Logic Levels:           4  (IBUFCTRL=1 INBUF=1 LUT6=2)
  Clock Path Skew:        3.724ns (DCD - SCD + CPR)
    Destination Clock Delay (DCD):    3.724ns
    Source Clock Delay      (SCD):    0.000ns
    Clock Pessimism Removal (CPR):    0.000ns
  Clock Uncertainty:      0.025ns  ((TSJ^2 + TIJ^2)^1/2 + DJ) / 2 + PE
    Total System Jitter     (TSJ):    0.050ns
    Total Input Jitter      (TIJ):    0.000ns
    Discrete Jitter          (DJ):    0.000ns
    Phase Error              (PE):    0.000ns
  Clock Net Delay (Destination): 2.149ns (routing 0.696ns, distribution 1.453ns)

    Location             Delay type                Incr(ns)  Path(ns)    Netlist Resource(s)
  -------------------------------------------------------------------    -------------------
    AD18                                              0.000     0.000 r  i_metric[7] (IN)
                         net (fo=0)                   0.000     0.000    i_metric_IBUF[7]_inst/I
    AD18                 INBUF (Prop_INBUF_HRIO_PAD_O)
                                                      0.778     0.778 r  i_metric_IBUF[7]_inst/INBUF_INST/O
                         net (fo=1, routed)           0.105     0.883    i_metric_IBUF[7]_inst/OUT
    AD18                 IBUFCTRL (Prop_IBUFCTRL_HRIO_I_O)
                                                      0.049     0.932 r  i_metric_IBUF[7]_inst/IBUFCTRL_INST/O
                         net (fo=5, routed)           3.787     4.719    i_metric_IBUF[7]
    SLICE_X75Y127        LUT6 (Prop_H6LUT_SLICEM_I5_O)
                                                      0.225     4.944 r  buf_metrics0[37]_i_3/O
                         net (fo=5, routed)           0.450     5.394    buf_metrics0[37]_i_3_n_0
    SLICE_X76Y125        LUT6 (Prop_G6LUT_SLICEM_I2_O)
                                                      0.051     5.445 r  buf_metrics0[17]_i_2/O
                         net (fo=1, routed)           0.034     5.479    buf_metrics0[17]_i_2_n_0
    SLICE_X76Y125        FDRE                                         r  buf_metrics0_reg[17]/D
  -------------------------------------------------------------------    -------------------

                         (clock sys_clk_pin rise edge)
                                                      0.000     0.000 r  
    AA13                                              0.000     0.000 r  clk (IN)
                         net (fo=0)                   0.000     0.000    clk_IBUF_inst/I
    AA13                 INBUF (Prop_INBUF_HRIO_PAD_O)
                                                      0.662     0.662 r  clk_IBUF_inst/INBUF_INST/O
                         net (fo=1, routed)           0.066     0.728    clk_IBUF_inst/OUT
    AA13                 IBUFCTRL (Prop_IBUFCTRL_HRIO_I_O)
                                                      0.034     0.762 r  clk_IBUF_inst/IBUFCTRL_INST/O
                         net (fo=1, routed)           0.722     1.484    clk_IBUF
    BUFGCE_X1Y0          BUFGCE (Prop_BUFCE_BUFGCE_I_O)
                                                      0.091     1.575 r  clk_IBUF_BUFG_inst/O
    X2Y1 (CLOCK_ROOT)    net (fo=3917, routed)        2.149     3.724    clk_IBUF_BUFG
    SLICE_X76Y125        FDRE                                         r  buf_metrics0_reg[17]/C

Slack:                    inf
  Source:                 i_metric[7]
                            (input port)
  Destination:            buf_metrics0_reg[9]/D
                            (rising edge-triggered cell FDRE clocked by sys_clk_pin  {rise@0.000ns fall@0.500ns period=1.000ns})
  Path Group:             (none)
  Path Type:              Setup (Max at Slow Process Corner)
  Data Path Delay:        5.423ns  (logic 1.141ns (21.047%)  route 4.282ns (78.953%))
  Logic Levels:           4  (IBUFCTRL=1 INBUF=1 LUT5=1 LUT6=1)
  Clock Path Skew:        3.725ns (DCD - SCD + CPR)
    Destination Clock Delay (DCD):    3.725ns
    Source Clock Delay      (SCD):    0.000ns
    Clock Pessimism Removal (CPR):    0.000ns
  Clock Uncertainty:      0.025ns  ((TSJ^2 + TIJ^2)^1/2 + DJ) / 2 + PE
    Total System Jitter     (TSJ):    0.050ns
    Total Input Jitter      (TIJ):    0.000ns
    Discrete Jitter          (DJ):    0.000ns
    Phase Error              (PE):    0.000ns
  Clock Net Delay (Destination): 2.150ns (routing 0.696ns, distribution 1.454ns)

    Location             Delay type                Incr(ns)  Path(ns)    Netlist Resource(s)
  -------------------------------------------------------------------    -------------------
    AD18                                              0.000     0.000 r  i_metric[7] (IN)
                         net (fo=0)                   0.000     0.000    i_metric_IBUF[7]_inst/I
    AD18                 INBUF (Prop_INBUF_HRIO_PAD_O)
                                                      0.778     0.778 r  i_metric_IBUF[7]_inst/INBUF_INST/O
                         net (fo=1, routed)           0.105     0.883    i_metric_IBUF[7]_inst/OUT
    AD18                 IBUFCTRL (Prop_IBUFCTRL_HRIO_I_O)
                                                      0.049     0.932 r  i_metric_IBUF[7]_inst/IBUFCTRL_INST/O
                         net (fo=5, routed)           3.787     4.719    i_metric_IBUF[7]
    SLICE_X75Y127        LUT6 (Prop_H6LUT_SLICEM_I5_O)
                                                      0.225     4.944 r  buf_metrics0[37]_i_3/O
                         net (fo=5, routed)           0.361     5.305    buf_metrics0[37]_i_3_n_0
    SLICE_X77Y126        LUT5 (Prop_H6LUT_SLICEL_I4_O)
                                                      0.089     5.394 r  buf_metrics0[25]_i_2/O
                         net (fo=2, routed)           0.029     5.423    buf_metrics0[25]_i_2_n_0
    SLICE_X77Y126        FDRE                                         r  buf_metrics0_reg[9]/D
  -------------------------------------------------------------------    -------------------

                         (clock sys_clk_pin rise edge)
                                                      0.000     0.000 r  
    AA13                                              0.000     0.000 r  clk (IN)
                         net (fo=0)                   0.000     0.000    clk_IBUF_inst/I
    AA13                 INBUF (Prop_INBUF_HRIO_PAD_O)
                                                      0.662     0.662 r  clk_IBUF_inst/INBUF_INST/O
                         net (fo=1, routed)           0.066     0.728    clk_IBUF_inst/OUT
    AA13                 IBUFCTRL (Prop_IBUFCTRL_HRIO_I_O)
                                                      0.034     0.762 r  clk_IBUF_inst/IBUFCTRL_INST/O
                         net (fo=1, routed)           0.722     1.484    clk_IBUF
    BUFGCE_X1Y0          BUFGCE (Prop_BUFCE_BUFGCE_I_O)
                                                      0.091     1.575 r  clk_IBUF_BUFG_inst/O
    X2Y1 (CLOCK_ROOT)    net (fo=3917, routed)        2.150     3.725    clk_IBUF_BUFG
    SLICE_X77Y126        FDRE                                         r  buf_metrics0_reg[9]/C

Slack:                    inf
  Source:                 i_metric[8]
                            (input port)
  Destination:            buf_metrics0_reg[12]/D
                            (rising edge-triggered cell FDRE clocked by sys_clk_pin  {rise@0.000ns fall@0.500ns period=1.000ns})
  Path Group:             (none)
  Path Type:              Setup (Max at Slow Process Corner)
  Data Path Delay:        5.419ns  (logic 1.204ns (22.216%)  route 4.215ns (77.784%))
  Logic Levels:           4  (IBUFCTRL=1 INBUF=1 LUT5=1 LUT6=1)
  Clock Path Skew:        3.724ns (DCD - SCD + CPR)
    Destination Clock Delay (DCD):    3.724ns
    Source Clock Delay      (SCD):    0.000ns
    Clock Pessimism Removal (CPR):    0.000ns
  Clock Uncertainty:      0.025ns  ((TSJ^2 + TIJ^2)^1/2 + DJ) / 2 + PE
    Total System Jitter     (TSJ):    0.050ns
    Total Input Jitter      (TIJ):    0.000ns
    Discrete Jitter          (DJ):    0.000ns
    Phase Error              (PE):    0.000ns
  Clock Net Delay (Destination): 2.149ns (routing 0.696ns, distribution 1.453ns)

    Location             Delay type                Incr(ns)  Path(ns)    Netlist Resource(s)
  -------------------------------------------------------------------    -------------------
    AF19                                              0.000     0.000 r  i_metric[8] (IN)
                         net (fo=0)                   0.000     0.000    i_metric_IBUF[8]_inst/I
    AF19                 INBUF (Prop_INBUF_HRIO_PAD_O)
                                                      0.760     0.760 r  i_metric_IBUF[8]_inst/INBUF_INST/O
                         net (fo=1, routed)           0.105     0.865    i_metric_IBUF[8]_inst/OUT
    AF19                 IBUFCTRL (Prop_IBUFCTRL_HRIO_I_O)
                                                      0.049     0.914 r  i_metric_IBUF[8]_inst/IBUFCTRL_INST/O
                         net (fo=4, routed)           3.378     4.292    i_metric_IBUF[8]
    SLICE_X75Y128        LUT5 (Prop_G5LUT_SLICEM_I0_O)
                                                      0.170     4.462 r  buf_metrics0[36]_i_2_comp/O
                         net (fo=1, routed)           0.400     4.862    buf_metrics0[36]_i_2_n_0_repN
    SLICE_X76Y126        LUT6 (Prop_B6LUT_SLICEM_I5_O)
                                                      0.225     5.087 r  buf_metrics0[28]_i_1_comp/O
                         net (fo=2, routed)           0.332     5.419    buf_metrics0[28]_i_1_n_0
    SLICE_X77Y127        FDRE                                         r  buf_metrics0_reg[12]/D
  -------------------------------------------------------------------    -------------------

                         (clock sys_clk_pin rise edge)
                                                      0.000     0.000 r  
    AA13                                              0.000     0.000 r  clk (IN)
                         net (fo=0)                   0.000     0.000    clk_IBUF_inst/I
    AA13                 INBUF (Prop_INBUF_HRIO_PAD_O)
                                                      0.662     0.662 r  clk_IBUF_inst/INBUF_INST/O
                         net (fo=1, routed)           0.066     0.728    clk_IBUF_inst/OUT
    AA13                 IBUFCTRL (Prop_IBUFCTRL_HRIO_I_O)
                                                      0.034     0.762 r  clk_IBUF_inst/IBUFCTRL_INST/O
                         net (fo=1, routed)           0.722     1.484    clk_IBUF
    BUFGCE_X1Y0          BUFGCE (Prop_BUFCE_BUFGCE_I_O)
                                                      0.091     1.575 r  clk_IBUF_BUFG_inst/O
    X2Y1 (CLOCK_ROOT)    net (fo=3917, routed)        2.149     3.724    clk_IBUF_BUFG
    SLICE_X77Y127        FDRE                                         r  buf_metrics0_reg[12]/C

Slack:                    inf
  Source:                 i_metric[8]
                            (input port)
  Destination:            buf_metrics0_reg[28]/D
                            (rising edge-triggered cell FDRE clocked by sys_clk_pin  {rise@0.000ns fall@0.500ns period=1.000ns})
  Path Group:             (none)
  Path Type:              Setup (Max at Slow Process Corner)
  Data Path Delay:        5.419ns  (logic 1.204ns (22.216%)  route 4.215ns (77.784%))
  Logic Levels:           4  (IBUFCTRL=1 INBUF=1 LUT5=1 LUT6=1)
  Clock Path Skew:        3.725ns (DCD - SCD + CPR)
    Destination Clock Delay (DCD):    3.725ns
    Source Clock Delay      (SCD):    0.000ns
    Clock Pessimism Removal (CPR):    0.000ns
  Clock Uncertainty:      0.025ns  ((TSJ^2 + TIJ^2)^1/2 + DJ) / 2 + PE
    Total System Jitter     (TSJ):    0.050ns
    Total Input Jitter      (TIJ):    0.000ns
    Discrete Jitter          (DJ):    0.000ns
    Phase Error              (PE):    0.000ns
  Clock Net Delay (Destination): 2.150ns (routing 0.696ns, distribution 1.454ns)

    Location             Delay type                Incr(ns)  Path(ns)    Netlist Resource(s)
  -------------------------------------------------------------------    -------------------
    AF19                                              0.000     0.000 r  i_metric[8] (IN)
                         net (fo=0)                   0.000     0.000    i_metric_IBUF[8]_inst/I
    AF19                 INBUF (Prop_INBUF_HRIO_PAD_O)
                                                      0.760     0.760 r  i_metric_IBUF[8]_inst/INBUF_INST/O
                         net (fo=1, routed)           0.105     0.865    i_metric_IBUF[8]_inst/OUT
    AF19                 IBUFCTRL (Prop_IBUFCTRL_HRIO_I_O)
                                                      0.049     0.914 r  i_metric_IBUF[8]_inst/IBUFCTRL_INST/O
                         net (fo=4, routed)           3.378     4.292    i_metric_IBUF[8]
    SLICE_X75Y128        LUT5 (Prop_G5LUT_SLICEM_I0_O)
                                                      0.170     4.462 r  buf_metrics0[36]_i_2_comp/O
                         net (fo=1, routed)           0.400     4.862    buf_metrics0[36]_i_2_n_0_repN
    SLICE_X76Y126        LUT6 (Prop_B6LUT_SLICEM_I5_O)
                                                      0.225     5.087 r  buf_metrics0[28]_i_1_comp/O
                         net (fo=2, routed)           0.332     5.419    buf_metrics0[28]_i_1_n_0
    SLICE_X77Y125        FDRE                                         r  buf_metrics0_reg[28]/D
  -------------------------------------------------------------------    -------------------

                         (clock sys_clk_pin rise edge)
                                                      0.000     0.000 r  
    AA13                                              0.000     0.000 r  clk (IN)
                         net (fo=0)                   0.000     0.000    clk_IBUF_inst/I
    AA13                 INBUF (Prop_INBUF_HRIO_PAD_O)
                                                      0.662     0.662 r  clk_IBUF_inst/INBUF_INST/O
                         net (fo=1, routed)           0.066     0.728    clk_IBUF_inst/OUT
    AA13                 IBUFCTRL (Prop_IBUFCTRL_HRIO_I_O)
                                                      0.034     0.762 r  clk_IBUF_inst/IBUFCTRL_INST/O
                         net (fo=1, routed)           0.722     1.484    clk_IBUF
    BUFGCE_X1Y0          BUFGCE (Prop_BUFCE_BUFGCE_I_O)
                                                      0.091     1.575 r  clk_IBUF_BUFG_inst/O
    X2Y1 (CLOCK_ROOT)    net (fo=3917, routed)        2.150     3.725    clk_IBUF_BUFG
    SLICE_X77Y125        FDRE                                         r  buf_metrics0_reg[28]/C

Slack:                    inf
  Source:                 i_metric[7]
                            (input port)
  Destination:            buf_metrics0_reg[21]/D
                            (rising edge-triggered cell FDRE clocked by sys_clk_pin  {rise@0.000ns fall@0.500ns period=1.000ns})
  Path Group:             (none)
  Path Type:              Setup (Max at Slow Process Corner)
  Data Path Delay:        5.382ns  (logic 1.201ns (22.322%)  route 4.181ns (77.678%))
  Logic Levels:           4  (IBUFCTRL=1 INBUF=1 LUT6=2)
  Clock Path Skew:        3.725ns (DCD - SCD + CPR)
    Destination Clock Delay (DCD):    3.725ns
    Source Clock Delay      (SCD):    0.000ns
    Clock Pessimism Removal (CPR):    0.000ns
  Clock Uncertainty:      0.025ns  ((TSJ^2 + TIJ^2)^1/2 + DJ) / 2 + PE
    Total System Jitter     (TSJ):    0.050ns
    Total Input Jitter      (TIJ):    0.000ns
    Discrete Jitter          (DJ):    0.000ns
    Phase Error              (PE):    0.000ns
  Clock Net Delay (Destination): 2.150ns (routing 0.696ns, distribution 1.454ns)

    Location             Delay type                Incr(ns)  Path(ns)    Netlist Resource(s)
  -------------------------------------------------------------------    -------------------
    AD18                                              0.000     0.000 r  i_metric[7] (IN)
                         net (fo=0)                   0.000     0.000    i_metric_IBUF[7]_inst/I
    AD18                 INBUF (Prop_INBUF_HRIO_PAD_O)
                                                      0.778     0.778 r  i_metric_IBUF[7]_inst/INBUF_INST/O
                         net (fo=1, routed)           0.105     0.883    i_metric_IBUF[7]_inst/OUT
    AD18                 IBUFCTRL (Prop_IBUFCTRL_HRIO_I_O)
                                                      0.049     0.932 r  i_metric_IBUF[7]_inst/IBUFCTRL_INST/O
                         net (fo=5, routed)           3.787     4.719    i_metric_IBUF[7]
    SLICE_X75Y127        LUT6 (Prop_H6LUT_SLICEM_I5_O)
                                                      0.225     4.944 r  buf_metrics0[37]_i_3/O
                         net (fo=5, routed)           0.254     5.198    buf_metrics0[37]_i_3_n_0
    SLICE_X76Y127        LUT6 (Prop_D6LUT_SLICEM_I4_O)
                                                      0.149     5.347 r  buf_metrics0[21]_i_2/O
                         net (fo=1, routed)           0.035     5.382    buf_metrics0[21]_i_2_n_0
    SLICE_X76Y127        FDRE                                         r  buf_metrics0_reg[21]/D
  -------------------------------------------------------------------    -------------------

                         (clock sys_clk_pin rise edge)
                                                      0.000     0.000 r  
    AA13                                              0.000     0.000 r  clk (IN)
                         net (fo=0)                   0.000     0.000    clk_IBUF_inst/I
    AA13                 INBUF (Prop_INBUF_HRIO_PAD_O)
                                                      0.662     0.662 r  clk_IBUF_inst/INBUF_INST/O
                         net (fo=1, routed)           0.066     0.728    clk_IBUF_inst/OUT
    AA13                 IBUFCTRL (Prop_IBUFCTRL_HRIO_I_O)
                                                      0.034     0.762 r  clk_IBUF_inst/IBUFCTRL_INST/O
                         net (fo=1, routed)           0.722     1.484    clk_IBUF
    BUFGCE_X1Y0          BUFGCE (Prop_BUFCE_BUFGCE_I_O)
                                                      0.091     1.575 r  clk_IBUF_BUFG_inst/O
    X2Y1 (CLOCK_ROOT)    net (fo=3917, routed)        2.150     3.725    clk_IBUF_BUFG
    SLICE_X76Y127        FDRE                                         r  buf_metrics0_reg[21]/C

Slack:                    inf
  Source:                 i_metric[7]
                            (input port)
  Destination:            buf_metrics0_reg[33]/D
                            (rising edge-triggered cell FDRE clocked by sys_clk_pin  {rise@0.000ns fall@0.500ns period=1.000ns})
  Path Group:             (none)
  Path Type:              Setup (Max at Slow Process Corner)
  Data Path Delay:        5.336ns  (logic 1.222ns (22.908%)  route 4.114ns (77.092%))
  Logic Levels:           4  (IBUFCTRL=1 INBUF=1 LUT6=2)
  Clock Path Skew:        3.618ns (DCD - SCD + CPR)
    Destination Clock Delay (DCD):    3.618ns
    Source Clock Delay      (SCD):    0.000ns
    Clock Pessimism Removal (CPR):    0.000ns
  Clock Uncertainty:      0.025ns  ((TSJ^2 + TIJ^2)^1/2 + DJ) / 2 + PE
    Total System Jitter     (TSJ):    0.050ns
    Total Input Jitter      (TIJ):    0.000ns
    Discrete Jitter          (DJ):    0.000ns
    Phase Error              (PE):    0.000ns
  Clock Net Delay (Destination): 2.043ns (routing 0.696ns, distribution 1.347ns)

    Location             Delay type                Incr(ns)  Path(ns)    Netlist Resource(s)
  -------------------------------------------------------------------    -------------------
    AD18                                              0.000     0.000 r  i_metric[7] (IN)
                         net (fo=0)                   0.000     0.000    i_metric_IBUF[7]_inst/I
    AD18                 INBUF (Prop_INBUF_HRIO_PAD_O)
                                                      0.778     0.778 r  i_metric_IBUF[7]_inst/INBUF_INST/O
                         net (fo=1, routed)           0.105     0.883    i_metric_IBUF[7]_inst/OUT
    AD18                 IBUFCTRL (Prop_IBUFCTRL_HRIO_I_O)
                                                      0.049     0.932 r  i_metric_IBUF[7]_inst/IBUFCTRL_INST/O
                         net (fo=5, routed)           3.787     4.719    i_metric_IBUF[7]
    SLICE_X75Y127        LUT6 (Prop_H6LUT_SLICEM_I5_O)
                                                      0.225     4.944 r  buf_metrics0[37]_i_3/O
                         net (fo=5, routed)           0.192     5.136    buf_metrics0[37]_i_3_n_0
    SLICE_X75Y126        LUT6 (Prop_E6LUT_SLICEM_I0_O)
                                                      0.170     5.306 r  buf_metrics0[33]_i_2/O
                         net (fo=1, routed)           0.030     5.336    buf_metrics0[33]_i_2_n_0
    SLICE_X75Y126        FDRE                                         r  buf_metrics0_reg[33]/D
  -------------------------------------------------------------------    -------------------

                         (clock sys_clk_pin rise edge)
                                                      0.000     0.000 r  
    AA13                                              0.000     0.000 r  clk (IN)
                         net (fo=0)                   0.000     0.000    clk_IBUF_inst/I
    AA13                 INBUF (Prop_INBUF_HRIO_PAD_O)
                                                      0.662     0.662 r  clk_IBUF_inst/INBUF_INST/O
                         net (fo=1, routed)           0.066     0.728    clk_IBUF_inst/OUT
    AA13                 IBUFCTRL (Prop_IBUFCTRL_HRIO_I_O)
                                                      0.034     0.762 r  clk_IBUF_inst/IBUFCTRL_INST/O
                         net (fo=1, routed)           0.722     1.484    clk_IBUF
    BUFGCE_X1Y0          BUFGCE (Prop_BUFCE_BUFGCE_I_O)
                                                      0.091     1.575 r  clk_IBUF_BUFG_inst/O
    X2Y1 (CLOCK_ROOT)    net (fo=3917, routed)        2.043     3.618    clk_IBUF_BUFG
    SLICE_X75Y126        FDRE                                         r  buf_metrics0_reg[33]/C

Slack:                    inf
  Source:                 i_metric[0]
                            (input port)
  Destination:            buf_metrics0_reg[8]/D
                            (rising edge-triggered cell FDRE clocked by sys_clk_pin  {rise@0.000ns fall@0.500ns period=1.000ns})
  Path Group:             (none)
  Path Type:              Setup (Max at Slow Process Corner)
  Data Path Delay:        5.265ns  (logic 1.187ns (22.548%)  route 4.078ns (77.452%))
  Logic Levels:           4  (IBUFCTRL=1 INBUF=1 LUT5=1 LUT6=1)
  Clock Path Skew:        3.724ns (DCD - SCD + CPR)
    Destination Clock Delay (DCD):    3.724ns
    Source Clock Delay      (SCD):    0.000ns
    Clock Pessimism Removal (CPR):    0.000ns
  Clock Uncertainty:      0.025ns  ((TSJ^2 + TIJ^2)^1/2 + DJ) / 2 + PE
    Total System Jitter     (TSJ):    0.050ns
    Total Input Jitter      (TIJ):    0.000ns
    Discrete Jitter          (DJ):    0.000ns
    Phase Error              (PE):    0.000ns
  Clock Net Delay (Destination): 2.149ns (routing 0.696ns, distribution 1.453ns)

    Location             Delay type                Incr(ns)  Path(ns)    Netlist Resource(s)
  -------------------------------------------------------------------    -------------------
    W21                                               0.000     0.000 r  i_metric[0] (IN)
                         net (fo=0)                   0.000     0.000    i_metric_IBUF[0]_inst/I
    W21                  INBUF (Prop_INBUF_HRIO_PAD_O)
                                                      0.746     0.746 r  i_metric_IBUF[0]_inst/INBUF_INST/O
                         net (fo=1, routed)           0.105     0.851    i_metric_IBUF[0]_inst/OUT
    W21                  IBUFCTRL (Prop_IBUFCTRL_HRIO_I_O)
                                                      0.049     0.900 r  i_metric_IBUF[0]_inst/IBUFCTRL_INST/O
                         net (fo=8, routed)           3.463     4.363    i_metric_IBUF[0]
    SLICE_X76Y127        LUT6 (Prop_G6LUT_SLICEM_I4_O)
                                                      0.246     4.609 r  buf_metrics0[16]_i_2/O
                         net (fo=2, routed)           0.243     4.852    buf_metrics0[16]_i_2_n_0
    SLICE_X77Y126        LUT5 (Prop_C6LUT_SLICEL_I0_O)
                                                      0.146     4.998 r  buf_metrics0[24]_i_1/O
                         net (fo=2, routed)           0.267     5.265    buf_metrics0[24]_i_1_n_0
    SLICE_X76Y126        FDRE                                         r  buf_metrics0_reg[8]/D
  -------------------------------------------------------------------    -------------------

                         (clock sys_clk_pin rise edge)
                                                      0.000     0.000 r  
    AA13                                              0.000     0.000 r  clk (IN)
                         net (fo=0)                   0.000     0.000    clk_IBUF_inst/I
    AA13                 INBUF (Prop_INBUF_HRIO_PAD_O)
                                                      0.662     0.662 r  clk_IBUF_inst/INBUF_INST/O
                         net (fo=1, routed)           0.066     0.728    clk_IBUF_inst/OUT
    AA13                 IBUFCTRL (Prop_IBUFCTRL_HRIO_I_O)
                                                      0.034     0.762 r  clk_IBUF_inst/IBUFCTRL_INST/O
                         net (fo=1, routed)           0.722     1.484    clk_IBUF
    BUFGCE_X1Y0          BUFGCE (Prop_BUFCE_BUFGCE_I_O)
                                                      0.091     1.575 r  clk_IBUF_BUFG_inst/O
    X2Y1 (CLOCK_ROOT)    net (fo=3917, routed)        2.149     3.724    clk_IBUF_BUFG
    SLICE_X76Y126        FDRE                                         r  buf_metrics0_reg[8]/C

Slack:                    inf
  Source:                 i_metric1[2]
                            (input port)
  Destination:            buf_metrics1_reg[8]/D
                            (rising edge-triggered cell FDRE clocked by sys_clk_pin  {rise@0.000ns fall@0.500ns period=1.000ns})
  Path Group:             (none)
  Path Type:              Setup (Max at Slow Process Corner)
  Data Path Delay:        5.204ns  (logic 1.127ns (21.651%)  route 4.077ns (78.349%))
  Logic Levels:           4  (IBUFCTRL=1 INBUF=1 LUT5=1 LUT6=1)
  Clock Path Skew:        3.725ns (DCD - SCD + CPR)
    Destination Clock Delay (DCD):    3.725ns
    Source Clock Delay      (SCD):    0.000ns
    Clock Pessimism Removal (CPR):    0.000ns
  Clock Uncertainty:      0.025ns  ((TSJ^2 + TIJ^2)^1/2 + DJ) / 2 + PE
    Total System Jitter     (TSJ):    0.050ns
    Total Input Jitter      (TIJ):    0.000ns
    Discrete Jitter          (DJ):    0.000ns
    Phase Error              (PE):    0.000ns
  Clock Net Delay (Destination): 2.150ns (routing 0.696ns, distribution 1.454ns)

    Location             Delay type                Incr(ns)  Path(ns)    Netlist Resource(s)
  -------------------------------------------------------------------    -------------------
    AB17                                              0.000     0.000 r  i_metric1[2] (IN)
                         net (fo=0)                   0.000     0.000    i_metric1_IBUF[2]_inst/I
    AB17                 INBUF (Prop_INBUF_HRIO_PAD_O)
                                                      0.759     0.759 r  i_metric1_IBUF[2]_inst/INBUF_INST/O
                         net (fo=1, routed)           0.105     0.864    i_metric1_IBUF[2]_inst/OUT
    AB17                 IBUFCTRL (Prop_IBUFCTRL_HRIO_I_O)
                                                      0.049     0.913 r  i_metric1_IBUF[2]_inst/IBUFCTRL_INST/O
                         net (fo=5, routed)           3.340     4.253    i_metric1_IBUF[2]
    SLICE_X75Y129        LUT6 (Prop_A6LUT_SLICEM_I5_O)
                                                      0.146     4.399 r  buf_metrics1[32]_i_2/O
                         net (fo=6, routed)           0.273     4.672    buf_metrics1[32]_i_2_n_0
    SLICE_X75Y126        LUT5 (Prop_F6LUT_SLICEM_I2_O)
                                                      0.173     4.845 r  buf_metrics1[24]_i_1/O
                         net (fo=2, routed)           0.359     5.204    buf_metrics1[24]_i_1_n_0
    SLICE_X77Y126        FDRE                                         r  buf_metrics1_reg[8]/D
  -------------------------------------------------------------------    -------------------

                         (clock sys_clk_pin rise edge)
                                                      0.000     0.000 r  
    AA13                                              0.000     0.000 r  clk (IN)
                         net (fo=0)                   0.000     0.000    clk_IBUF_inst/I
    AA13                 INBUF (Prop_INBUF_HRIO_PAD_O)
                                                      0.662     0.662 r  clk_IBUF_inst/INBUF_INST/O
                         net (fo=1, routed)           0.066     0.728    clk_IBUF_inst/OUT
    AA13                 IBUFCTRL (Prop_IBUFCTRL_HRIO_I_O)
                                                      0.034     0.762 r  clk_IBUF_inst/IBUFCTRL_INST/O
                         net (fo=1, routed)           0.722     1.484    clk_IBUF
    BUFGCE_X1Y0          BUFGCE (Prop_BUFCE_BUFGCE_I_O)
                                                      0.091     1.575 r  clk_IBUF_BUFG_inst/O
    X2Y1 (CLOCK_ROOT)    net (fo=3917, routed)        2.150     3.725    clk_IBUF_BUFG
    SLICE_X77Y126        FDRE                                         r  buf_metrics1_reg[8]/C





Min Delay Paths
--------------------------------------------------------------------------------------
Slack:                    inf
  Source:                 i_label[0]
                            (input port)
  Destination:            buf_labels0_reg[48]/D
                            (rising edge-triggered cell FDRE clocked by sys_clk_pin  {rise@0.000ns fall@0.500ns period=1.000ns})
  Path Group:             (none)
  Path Type:              Hold (Min at Fast Process Corner)
  Data Path Delay:        1.230ns  (logic 0.444ns (36.089%)  route 0.786ns (63.911%))
  Logic Levels:           2  (IBUFCTRL=1 INBUF=1)
  Clock Path Skew:        2.462ns (DCD - SCD - CPR)
    Destination Clock Delay (DCD):    2.462ns
    Source Clock Delay      (SCD):    0.000ns
    Clock Pessimism Removal (CPR):    -0.000ns
  Clock Net Delay (Destination): 1.020ns (routing 0.309ns, distribution 0.711ns)

    Location             Delay type                Incr(ns)  Path(ns)    Netlist Resource(s)
  -------------------------------------------------------------------    -------------------
    AD24                                              0.000     0.000 r  i_label[0] (IN)
                         net (fo=0)                   0.000     0.000    i_label_IBUF[0]_inst/I
    AD24                 INBUF (Prop_INBUF_HRIO_PAD_O)
                                                      0.429     0.429 r  i_label_IBUF[0]_inst/INBUF_INST/O
                         net (fo=1, routed)           0.025     0.454    i_label_IBUF[0]_inst/OUT
    AD24                 IBUFCTRL (Prop_IBUFCTRL_HRIO_I_O)
                                                      0.015     0.469 r  i_label_IBUF[0]_inst/IBUFCTRL_INST/O
                         net (fo=4, routed)           0.761     1.230    i_label_IBUF[0]
    SLICE_X65Y132        FDRE                                         r  buf_labels0_reg[48]/D
  -------------------------------------------------------------------    -------------------

                         (clock sys_clk_pin rise edge)
                                                      0.000     0.000 r  
    AA13                                              0.000     0.000 r  clk (IN)
                         net (fo=0)                   0.000     0.000    clk_IBUF_inst/I
    AA13                 INBUF (Prop_INBUF_HRIO_PAD_O)
                                                      0.938     0.938 r  clk_IBUF_inst/INBUF_INST/O
                         net (fo=1, routed)           0.042     0.980    clk_IBUF_inst/OUT
    AA13                 IBUFCTRL (Prop_IBUFCTRL_HRIO_I_O)
                                                      0.022     1.002 r  clk_IBUF_inst/IBUFCTRL_INST/O
                         net (fo=1, routed)           0.409     1.411    clk_IBUF
    BUFGCE_X1Y0          BUFGCE (Prop_BUFCE_BUFGCE_I_O)
                                                      0.031     1.442 r  clk_IBUF_BUFG_inst/O
    X2Y1 (CLOCK_ROOT)    net (fo=3917, routed)        1.020     2.462    clk_IBUF_BUFG
    SLICE_X65Y132        FDRE                                         r  buf_labels0_reg[48]/C

Slack:                    inf
  Source:                 i_label[5]
                            (input port)
  Destination:            buf_labels0_reg[21]/D
                            (rising edge-triggered cell FDRE clocked by sys_clk_pin  {rise@0.000ns fall@0.500ns period=1.000ns})
  Path Group:             (none)
  Path Type:              Hold (Min at Fast Process Corner)
  Data Path Delay:        1.231ns  (logic 0.444ns (36.088%)  route 0.787ns (63.912%))
  Logic Levels:           2  (IBUFCTRL=1 INBUF=1)
  Clock Path Skew:        2.453ns (DCD - SCD - CPR)
    Destination Clock Delay (DCD):    2.453ns
    Source Clock Delay      (SCD):    0.000ns
    Clock Pessimism Removal (CPR):    -0.000ns
  Clock Net Delay (Destination): 1.011ns (routing 0.309ns, distribution 0.702ns)

    Location             Delay type                Incr(ns)  Path(ns)    Netlist Resource(s)
  -------------------------------------------------------------------    -------------------
    AE26                                              0.000     0.000 r  i_label[5] (IN)
                         net (fo=0)                   0.000     0.000    i_label_IBUF[5]_inst/I
    AE26                 INBUF (Prop_INBUF_HRIO_PAD_O)
                                                      0.429     0.429 r  i_label_IBUF[5]_inst/INBUF_INST/O
                         net (fo=1, routed)           0.025     0.454    i_label_IBUF[5]_inst/OUT
    AE26                 IBUFCTRL (Prop_IBUFCTRL_HRIO_I_O)
                                                      0.015     0.469 r  i_label_IBUF[5]_inst/IBUFCTRL_INST/O
                         net (fo=4, routed)           0.762     1.231    i_label_IBUF[5]
    SLICE_X66Y130        FDRE                                         r  buf_labels0_reg[21]/D
  -------------------------------------------------------------------    -------------------

                         (clock sys_clk_pin rise edge)
                                                      0.000     0.000 r  
    AA13                                              0.000     0.000 r  clk (IN)
                         net (fo=0)                   0.000     0.000    clk_IBUF_inst/I
    AA13                 INBUF (Prop_INBUF_HRIO_PAD_O)
                                                      0.938     0.938 r  clk_IBUF_inst/INBUF_INST/O
                         net (fo=1, routed)           0.042     0.980    clk_IBUF_inst/OUT
    AA13                 IBUFCTRL (Prop_IBUFCTRL_HRIO_I_O)
                                                      0.022     1.002 r  clk_IBUF_inst/IBUFCTRL_INST/O
                         net (fo=1, routed)           0.409     1.411    clk_IBUF
    BUFGCE_X1Y0          BUFGCE (Prop_BUFCE_BUFGCE_I_O)
                                                      0.031     1.442 r  clk_IBUF_BUFG_inst/O
    X2Y1 (CLOCK_ROOT)    net (fo=3917, routed)        1.011     2.453    clk_IBUF_BUFG
    SLICE_X66Y130        FDRE                                         r  buf_labels0_reg[21]/C

Slack:                    inf
  Source:                 i_label[2]
                            (input port)
  Destination:            buf_labels0_reg[50]/D
                            (rising edge-triggered cell FDRE clocked by sys_clk_pin  {rise@0.000ns fall@0.500ns period=1.000ns})
  Path Group:             (none)
  Path Type:              Hold (Min at Fast Process Corner)
  Data Path Delay:        1.232ns  (logic 0.464ns (37.657%)  route 0.768ns (62.343%))
  Logic Levels:           2  (IBUFCTRL=1 INBUF=1)
  Clock Path Skew:        2.462ns (DCD - SCD - CPR)
    Destination Clock Delay (DCD):    2.462ns
    Source Clock Delay      (SCD):    0.000ns
    Clock Pessimism Removal (CPR):    -0.000ns
  Clock Net Delay (Destination): 1.020ns (routing 0.309ns, distribution 0.711ns)

    Location             Delay type                Incr(ns)  Path(ns)    Netlist Resource(s)
  -------------------------------------------------------------------    -------------------
    AD23                                              0.000     0.000 r  i_label[2] (IN)
                         net (fo=0)                   0.000     0.000    i_label_IBUF[2]_inst/I
    AD23                 INBUF (Prop_INBUF_HRIO_PAD_O)
                                                      0.449     0.449 r  i_label_IBUF[2]_inst/INBUF_INST/O
                         net (fo=1, routed)           0.025     0.474    i_label_IBUF[2]_inst/OUT
    AD23                 IBUFCTRL (Prop_IBUFCTRL_HRIO_I_O)
                                                      0.015     0.489 r  i_label_IBUF[2]_inst/IBUFCTRL_INST/O
                         net (fo=4, routed)           0.743     1.232    i_label_IBUF[2]
    SLICE_X65Y132        FDRE                                         r  buf_labels0_reg[50]/D
  -------------------------------------------------------------------    -------------------

                         (clock sys_clk_pin rise edge)
                                                      0.000     0.000 r  
    AA13                                              0.000     0.000 r  clk (IN)
                         net (fo=0)                   0.000     0.000    clk_IBUF_inst/I
    AA13                 INBUF (Prop_INBUF_HRIO_PAD_O)
                                                      0.938     0.938 r  clk_IBUF_inst/INBUF_INST/O
                         net (fo=1, routed)           0.042     0.980    clk_IBUF_inst/OUT
    AA13                 IBUFCTRL (Prop_IBUFCTRL_HRIO_I_O)
                                                      0.022     1.002 r  clk_IBUF_inst/IBUFCTRL_INST/O
                         net (fo=1, routed)           0.409     1.411    clk_IBUF
    BUFGCE_X1Y0          BUFGCE (Prop_BUFCE_BUFGCE_I_O)
                                                      0.031     1.442 r  clk_IBUF_BUFG_inst/O
    X2Y1 (CLOCK_ROOT)    net (fo=3917, routed)        1.020     2.462    clk_IBUF_BUFG
    SLICE_X65Y132        FDRE                                         r  buf_labels0_reg[50]/C

Slack:                    inf
  Source:                 i_label[4]
                            (input port)
  Destination:            buf_labels0_reg[36]/D
                            (rising edge-triggered cell FDRE clocked by sys_clk_pin  {rise@0.000ns fall@0.500ns period=1.000ns})
  Path Group:             (none)
  Path Type:              Hold (Min at Fast Process Corner)
  Data Path Delay:        1.238ns  (logic 0.445ns (35.933%)  route 0.793ns (64.067%))
  Logic Levels:           2  (IBUFCTRL=1 INBUF=1)
  Clock Path Skew:        2.459ns (DCD - SCD - CPR)
    Destination Clock Delay (DCD):    2.459ns
    Source Clock Delay      (SCD):    0.000ns
    Clock Pessimism Removal (CPR):    -0.000ns
  Clock Net Delay (Destination): 1.017ns (routing 0.309ns, distribution 0.708ns)

    Location             Delay type                Incr(ns)  Path(ns)    Netlist Resource(s)
  -------------------------------------------------------------------    -------------------
    AD26                                              0.000     0.000 r  i_label[4] (IN)
                         net (fo=0)                   0.000     0.000    i_label_IBUF[4]_inst/I
    AD26                 INBUF (Prop_INBUF_HRIO_PAD_O)
                                                      0.430     0.430 r  i_label_IBUF[4]_inst/INBUF_INST/O
                         net (fo=1, routed)           0.025     0.455    i_label_IBUF[4]_inst/OUT
    AD26                 IBUFCTRL (Prop_IBUFCTRL_HRIO_I_O)
                                                      0.015     0.470 r  i_label_IBUF[4]_inst/IBUFCTRL_INST/O
                         net (fo=4, routed)           0.768     1.238    i_label_IBUF[4]
    SLICE_X68Y131        FDRE                                         r  buf_labels0_reg[36]/D
  -------------------------------------------------------------------    -------------------

                         (clock sys_clk_pin rise edge)
                                                      0.000     0.000 r  
    AA13                                              0.000     0.000 r  clk (IN)
                         net (fo=0)                   0.000     0.000    clk_IBUF_inst/I
    AA13                 INBUF (Prop_INBUF_HRIO_PAD_O)
                                                      0.938     0.938 r  clk_IBUF_inst/INBUF_INST/O
                         net (fo=1, routed)           0.042     0.980    clk_IBUF_inst/OUT
    AA13                 IBUFCTRL (Prop_IBUFCTRL_HRIO_I_O)
                                                      0.022     1.002 r  clk_IBUF_inst/IBUFCTRL_INST/O
                         net (fo=1, routed)           0.409     1.411    clk_IBUF
    BUFGCE_X1Y0          BUFGCE (Prop_BUFCE_BUFGCE_I_O)
                                                      0.031     1.442 r  clk_IBUF_BUFG_inst/O
    X2Y1 (CLOCK_ROOT)    net (fo=3917, routed)        1.017     2.459    clk_IBUF_BUFG
    SLICE_X68Y131        FDRE                                         r  buf_labels0_reg[36]/C

Slack:                    inf
  Source:                 i_label[9]
                            (input port)
  Destination:            buf_labels0_reg[41]/D
                            (rising edge-triggered cell FDRE clocked by sys_clk_pin  {rise@0.000ns fall@0.500ns period=1.000ns})
  Path Group:             (none)
  Path Type:              Hold (Min at Fast Process Corner)
  Data Path Delay:        1.243ns  (logic 0.444ns (35.723%)  route 0.799ns (64.277%))
  Logic Levels:           2  (IBUFCTRL=1 INBUF=1)
  Clock Path Skew:        2.459ns (DCD - SCD - CPR)
    Destination Clock Delay (DCD):    2.459ns
    Source Clock Delay      (SCD):    0.000ns
    Clock Pessimism Removal (CPR):    -0.000ns
  Clock Net Delay (Destination): 1.017ns (routing 0.309ns, distribution 0.708ns)

    Location             Delay type                Incr(ns)  Path(ns)    Netlist Resource(s)
  -------------------------------------------------------------------    -------------------
    AF25                                              0.000     0.000 r  i_label[9] (IN)
                         net (fo=0)                   0.000     0.000    i_label_IBUF[9]_inst/I
    AF25                 INBUF (Prop_INBUF_HRIO_PAD_O)
                                                      0.429     0.429 r  i_label_IBUF[9]_inst/INBUF_INST/O
                         net (fo=1, routed)           0.025     0.454    i_label_IBUF[9]_inst/OUT
    AF25                 IBUFCTRL (Prop_IBUFCTRL_HRIO_I_O)
                                                      0.015     0.469 r  i_label_IBUF[9]_inst/IBUFCTRL_INST/O
                         net (fo=4, routed)           0.774     1.243    i_label_IBUF[9]
    SLICE_X68Y131        FDRE                                         r  buf_labels0_reg[41]/D
  -------------------------------------------------------------------    -------------------

                         (clock sys_clk_pin rise edge)
                                                      0.000     0.000 r  
    AA13                                              0.000     0.000 r  clk (IN)
                         net (fo=0)                   0.000     0.000    clk_IBUF_inst/I
    AA13                 INBUF (Prop_INBUF_HRIO_PAD_O)
                                                      0.938     0.938 r  clk_IBUF_inst/INBUF_INST/O
                         net (fo=1, routed)           0.042     0.980    clk_IBUF_inst/OUT
    AA13                 IBUFCTRL (Prop_IBUFCTRL_HRIO_I_O)
                                                      0.022     1.002 r  clk_IBUF_inst/IBUFCTRL_INST/O
                         net (fo=1, routed)           0.409     1.411    clk_IBUF
    BUFGCE_X1Y0          BUFGCE (Prop_BUFCE_BUFGCE_I_O)
                                                      0.031     1.442 r  clk_IBUF_BUFG_inst/O
    X2Y1 (CLOCK_ROOT)    net (fo=3917, routed)        1.017     2.459    clk_IBUF_BUFG
    SLICE_X68Y131        FDRE                                         r  buf_labels0_reg[41]/C

Slack:                    inf
  Source:                 i_label[13]
                            (input port)
  Destination:            buf_labels0_reg[45]/D
                            (rising edge-triggered cell FDRE clocked by sys_clk_pin  {rise@0.000ns fall@0.500ns period=1.000ns})
  Path Group:             (none)
  Path Type:              Hold (Min at Fast Process Corner)
  Data Path Delay:        1.246ns  (logic 0.403ns (32.330%)  route 0.843ns (67.670%))
  Logic Levels:           2  (IBUFCTRL=1 INBUF=1)
  Clock Path Skew:        2.459ns (DCD - SCD - CPR)
    Destination Clock Delay (DCD):    2.459ns
    Source Clock Delay      (SCD):    0.000ns
    Clock Pessimism Removal (CPR):    -0.000ns
  Clock Net Delay (Destination): 1.017ns (routing 0.309ns, distribution 0.708ns)

    Location             Delay type                Incr(ns)  Path(ns)    Netlist Resource(s)
  -------------------------------------------------------------------    -------------------
    AD21                                              0.000     0.000 r  i_label[13] (IN)
                         net (fo=0)                   0.000     0.000    i_label_IBUF[13]_inst/I
    AD21                 INBUF (Prop_INBUF_HRIO_PAD_O)
                                                      0.388     0.388 r  i_label_IBUF[13]_inst/INBUF_INST/O
                         net (fo=1, routed)           0.025     0.413    i_label_IBUF[13]_inst/OUT
    AD21                 IBUFCTRL (Prop_IBUFCTRL_HRIO_I_O)
                                                      0.015     0.428 r  i_label_IBUF[13]_inst/IBUFCTRL_INST/O
                         net (fo=4, routed)           0.818     1.246    i_label_IBUF[13]
    SLICE_X68Y131        FDRE                                         r  buf_labels0_reg[45]/D
  -------------------------------------------------------------------    -------------------

                         (clock sys_clk_pin rise edge)
                                                      0.000     0.000 r  
    AA13                                              0.000     0.000 r  clk (IN)
                         net (fo=0)                   0.000     0.000    clk_IBUF_inst/I
    AA13                 INBUF (Prop_INBUF_HRIO_PAD_O)
                                                      0.938     0.938 r  clk_IBUF_inst/INBUF_INST/O
                         net (fo=1, routed)           0.042     0.980    clk_IBUF_inst/OUT
    AA13                 IBUFCTRL (Prop_IBUFCTRL_HRIO_I_O)
                                                      0.022     1.002 r  clk_IBUF_inst/IBUFCTRL_INST/O
                         net (fo=1, routed)           0.409     1.411    clk_IBUF
    BUFGCE_X1Y0          BUFGCE (Prop_BUFCE_BUFGCE_I_O)
                                                      0.031     1.442 r  clk_IBUF_BUFG_inst/O
    X2Y1 (CLOCK_ROOT)    net (fo=3917, routed)        1.017     2.459    clk_IBUF_BUFG
    SLICE_X68Y131        FDRE                                         r  buf_labels0_reg[45]/C

Slack:                    inf
  Source:                 i_label[0]
                            (input port)
  Destination:            buf_labels0_reg[16]/D
                            (rising edge-triggered cell FDRE clocked by sys_clk_pin  {rise@0.000ns fall@0.500ns period=1.000ns})
  Path Group:             (none)
  Path Type:              Hold (Min at Fast Process Corner)
  Data Path Delay:        1.248ns  (logic 0.444ns (35.568%)  route 0.804ns (64.432%))
  Logic Levels:           2  (IBUFCTRL=1 INBUF=1)
  Clock Path Skew:        2.462ns (DCD - SCD - CPR)
    Destination Clock Delay (DCD):    2.462ns
    Source Clock Delay      (SCD):    0.000ns
    Clock Pessimism Removal (CPR):    -0.000ns
  Clock Net Delay (Destination): 1.020ns (routing 0.309ns, distribution 0.711ns)

    Location             Delay type                Incr(ns)  Path(ns)    Netlist Resource(s)
  -------------------------------------------------------------------    -------------------
    AD24                                              0.000     0.000 r  i_label[0] (IN)
                         net (fo=0)                   0.000     0.000    i_label_IBUF[0]_inst/I
    AD24                 INBUF (Prop_INBUF_HRIO_PAD_O)
                                                      0.429     0.429 r  i_label_IBUF[0]_inst/INBUF_INST/O
                         net (fo=1, routed)           0.025     0.454    i_label_IBUF[0]_inst/OUT
    AD24                 IBUFCTRL (Prop_IBUFCTRL_HRIO_I_O)
                                                      0.015     0.469 r  i_label_IBUF[0]_inst/IBUFCTRL_INST/O
                         net (fo=4, routed)           0.779     1.248    i_label_IBUF[0]
    SLICE_X65Y131        FDRE                                         r  buf_labels0_reg[16]/D
  -------------------------------------------------------------------    -------------------

                         (clock sys_clk_pin rise edge)
                                                      0.000     0.000 r  
    AA13                                              0.000     0.000 r  clk (IN)
                         net (fo=0)                   0.000     0.000    clk_IBUF_inst/I
    AA13                 INBUF (Prop_INBUF_HRIO_PAD_O)
                                                      0.938     0.938 r  clk_IBUF_inst/INBUF_INST/O
                         net (fo=1, routed)           0.042     0.980    clk_IBUF_inst/OUT
    AA13                 IBUFCTRL (Prop_IBUFCTRL_HRIO_I_O)
                                                      0.022     1.002 r  clk_IBUF_inst/IBUFCTRL_INST/O
                         net (fo=1, routed)           0.409     1.411    clk_IBUF
    BUFGCE_X1Y0          BUFGCE (Prop_BUFCE_BUFGCE_I_O)
                                                      0.031     1.442 r  clk_IBUF_BUFG_inst/O
    X2Y1 (CLOCK_ROOT)    net (fo=3917, routed)        1.020     2.462    clk_IBUF_BUFG
    SLICE_X65Y131        FDRE                                         r  buf_labels0_reg[16]/C

Slack:                    inf
  Source:                 i_valid
                            (input port)
  Destination:            cnt_in_reg[3]_replica_3/CE
                            (rising edge-triggered cell FDRE clocked by sys_clk_pin  {rise@0.000ns fall@0.500ns period=1.000ns})
  Path Group:             (none)
  Path Type:              Hold (Min at Fast Process Corner)
  Data Path Delay:        1.268ns  (logic 0.135ns (10.681%)  route 1.133ns (89.319%))
  Logic Levels:           2  (IBUFCTRL=1 INBUF=1)
  Clock Path Skew:        2.461ns (DCD - SCD - CPR)
    Destination Clock Delay (DCD):    2.461ns
    Source Clock Delay      (SCD):    0.000ns
    Clock Pessimism Removal (CPR):    -0.000ns
  Clock Net Delay (Destination): 1.019ns (routing 0.309ns, distribution 0.710ns)

    Location             Delay type                Incr(ns)  Path(ns)    Netlist Resource(s)
  -------------------------------------------------------------------    -------------------
    G10                                               0.000     0.000 r  i_valid (IN)
                         net (fo=0)                   0.000     0.000    i_valid_IBUF_inst/I
    G10                  INBUF (Prop_INBUF_HPIOB_PAD_O)
                                                      0.135     0.135 r  i_valid_IBUF_inst/INBUF_INST/O
                         net (fo=1, routed)           0.027     0.162    i_valid_IBUF_inst/OUT
    G10                  IBUFCTRL (Prop_IBUFCTRL_HPIOB_I_O)
                                                      0.000     0.162 r  i_valid_IBUF_inst/IBUFCTRL_INST/O
                         net (fo=41, routed)          1.106     1.268    i_valid_IBUF
    SLICE_X75Y130        FDRE                                         r  cnt_in_reg[3]_replica_3/CE
  -------------------------------------------------------------------    -------------------

                         (clock sys_clk_pin rise edge)
                                                      0.000     0.000 r  
    AA13                                              0.000     0.000 r  clk (IN)
                         net (fo=0)                   0.000     0.000    clk_IBUF_inst/I
    AA13                 INBUF (Prop_INBUF_HRIO_PAD_O)
                                                      0.938     0.938 r  clk_IBUF_inst/INBUF_INST/O
                         net (fo=1, routed)           0.042     0.980    clk_IBUF_inst/OUT
    AA13                 IBUFCTRL (Prop_IBUFCTRL_HRIO_I_O)
                                                      0.022     1.002 r  clk_IBUF_inst/IBUFCTRL_INST/O
                         net (fo=1, routed)           0.409     1.411    clk_IBUF
    BUFGCE_X1Y0          BUFGCE (Prop_BUFCE_BUFGCE_I_O)
                                                      0.031     1.442 r  clk_IBUF_BUFG_inst/O
    X2Y1 (CLOCK_ROOT)    net (fo=3917, routed)        1.019     2.461    clk_IBUF_BUFG
    SLICE_X75Y130        FDRE                                         r  cnt_in_reg[3]_replica_3/C

Slack:                    inf
  Source:                 i_label[9]
                            (input port)
  Destination:            buf_labels0_reg[9]/D
                            (rising edge-triggered cell FDRE clocked by sys_clk_pin  {rise@0.000ns fall@0.500ns period=1.000ns})
  Path Group:             (none)
  Path Type:              Hold (Min at Fast Process Corner)
  Data Path Delay:        1.285ns  (logic 0.444ns (34.555%)  route 0.841ns (65.445%))
  Logic Levels:           2  (IBUFCTRL=1 INBUF=1)
  Clock Path Skew:        2.456ns (DCD - SCD - CPR)
    Destination Clock Delay (DCD):    2.456ns
    Source Clock Delay      (SCD):    0.000ns
    Clock Pessimism Removal (CPR):    -0.000ns
  Clock Net Delay (Destination): 1.014ns (routing 0.309ns, distribution 0.705ns)

    Location             Delay type                Incr(ns)  Path(ns)    Netlist Resource(s)
  -------------------------------------------------------------------    -------------------
    AF25                                              0.000     0.000 r  i_label[9] (IN)
                         net (fo=0)                   0.000     0.000    i_label_IBUF[9]_inst/I
    AF25                 INBUF (Prop_INBUF_HRIO_PAD_O)
                                                      0.429     0.429 r  i_label_IBUF[9]_inst/INBUF_INST/O
                         net (fo=1, routed)           0.025     0.454    i_label_IBUF[9]_inst/OUT
    AF25                 IBUFCTRL (Prop_IBUFCTRL_HRIO_I_O)
                                                      0.015     0.469 r  i_label_IBUF[9]_inst/IBUFCTRL_INST/O
                         net (fo=4, routed)           0.816     1.285    i_label_IBUF[9]
    SLICE_X67Y129        FDRE                                         r  buf_labels0_reg[9]/D
  -------------------------------------------------------------------    -------------------

                         (clock sys_clk_pin rise edge)
                                                      0.000     0.000 r  
    AA13                                              0.000     0.000 r  clk (IN)
                         net (fo=0)                   0.000     0.000    clk_IBUF_inst/I
    AA13                 INBUF (Prop_INBUF_HRIO_PAD_O)
                                                      0.938     0.938 r  clk_IBUF_inst/INBUF_INST/O
                         net (fo=1, routed)           0.042     0.980    clk_IBUF_inst/OUT
    AA13                 IBUFCTRL (Prop_IBUFCTRL_HRIO_I_O)
                                                      0.022     1.002 r  clk_IBUF_inst/IBUFCTRL_INST/O
                         net (fo=1, routed)           0.409     1.411    clk_IBUF
    BUFGCE_X1Y0          BUFGCE (Prop_BUFCE_BUFGCE_I_O)
                                                      0.031     1.442 r  clk_IBUF_BUFG_inst/O
    X2Y1 (CLOCK_ROOT)    net (fo=3917, routed)        1.014     2.456    clk_IBUF_BUFG
    SLICE_X67Y129        FDRE                                         r  buf_labels0_reg[9]/C

Slack:                    inf
  Source:                 i_label[6]
                            (input port)
  Destination:            buf_labels0_reg[6]/D
                            (rising edge-triggered cell FDRE clocked by sys_clk_pin  {rise@0.000ns fall@0.500ns period=1.000ns})
  Path Group:             (none)
  Path Type:              Hold (Min at Fast Process Corner)
  Data Path Delay:        1.294ns  (logic 0.470ns (36.337%)  route 0.824ns (63.663%))
  Logic Levels:           2  (IBUFCTRL=1 INBUF=1)
  Clock Path Skew:        2.462ns (DCD - SCD - CPR)
    Destination Clock Delay (DCD):    2.462ns
    Source Clock Delay      (SCD):    0.000ns
    Clock Pessimism Removal (CPR):    -0.000ns
  Clock Net Delay (Destination): 1.020ns (routing 0.309ns, distribution 0.711ns)

    Location             Delay type                Incr(ns)  Path(ns)    Netlist Resource(s)
  -------------------------------------------------------------------    -------------------
    AF23                                              0.000     0.000 r  i_label[6] (IN)
                         net (fo=0)                   0.000     0.000    i_label_IBUF[6]_inst/I
    AF23                 INBUF (Prop_INBUF_HRIO_PAD_O)
                                                      0.455     0.455 r  i_label_IBUF[6]_inst/INBUF_INST/O
                         net (fo=1, routed)           0.025     0.480    i_label_IBUF[6]_inst/OUT
    AF23                 IBUFCTRL (Prop_IBUFCTRL_HRIO_I_O)
                                                      0.015     0.495 r  i_label_IBUF[6]_inst/IBUFCTRL_INST/O
                         net (fo=4, routed)           0.799     1.294    i_label_IBUF[6]
    SLICE_X68Y130        FDRE                                         r  buf_labels0_reg[6]/D
  -------------------------------------------------------------------    -------------------

                         (clock sys_clk_pin rise edge)
                                                      0.000     0.000 r  
    AA13                                              0.000     0.000 r  clk (IN)
                         net (fo=0)                   0.000     0.000    clk_IBUF_inst/I
    AA13                 INBUF (Prop_INBUF_HRIO_PAD_O)
                                                      0.938     0.938 r  clk_IBUF_inst/INBUF_INST/O
                         net (fo=1, routed)           0.042     0.980    clk_IBUF_inst/OUT
    AA13                 IBUFCTRL (Prop_IBUFCTRL_HRIO_I_O)
                                                      0.022     1.002 r  clk_IBUF_inst/IBUFCTRL_INST/O
                         net (fo=1, routed)           0.409     1.411    clk_IBUF
    BUFGCE_X1Y0          BUFGCE (Prop_BUFCE_BUFGCE_I_O)
                                                      0.031     1.442 r  clk_IBUF_BUFG_inst/O
    X2Y1 (CLOCK_ROOT)    net (fo=3917, routed)        1.020     2.462    clk_IBUF_BUFG
    SLICE_X68Y130        FDRE                                         r  buf_labels0_reg[6]/C





