Copyright 1986-2022 Xilinx, Inc. All Rights Reserved.
------------------------------------------------------------------------------------
| Tool Version : Vivado v.2022.1 (win64) Build 3526262 Mon Apr 18 15:48:16 MDT 2022
| Date         : Mon May  4 03:00:25 2026
| Host         : feduuk running 64-bit major release  (build 9200)
| Command      : report_control_sets -verbose -file wp_comb_control_sets_placed.rpt
| Design       : wp_comb
| Device       : xcku035
------------------------------------------------------------------------------------

Control Set Information

Table of Contents
-----------------
1. Summary
2. Histogram
3. Flip-Flop Distribution
4. Detailed Control Set Information

1. Summary
----------

+----------------------------------------------------------+-------+
|                          Status                          | Count |
+----------------------------------------------------------+-------+
| Total control sets                                       |   507 |
|    Minimum number of control sets                        |   476 |
|    Addition due to synthesis replication                 |     0 |
|    Addition due to physical synthesis replication        |    31 |
| Unused register locations in slices containing registers |   533 |
+----------------------------------------------------------+-------+
* Control sets can be merged at opt_design using control_set_merge or merge_equivalent_drivers
** Run report_qor_suggestions for automated merging and remapping suggestions


2. Histogram
------------

+--------------------+-------+
|       Fanout       | Count |
+--------------------+-------+
| Total control sets |   507 |
| >= 0 to < 4        |     2 |
| >= 4 to < 6        |     0 |
| >= 6 to < 8        |     1 |
| >= 8 to < 10       |     0 |
| >= 10 to < 12      |   232 |
| >= 12 to < 14      |     1 |
| >= 14 to < 16      |     0 |
| >= 16              |   271 |
+--------------------+-------+
* Control sets can be remapped at either synth_design or opt_design


3. Flip-Flop Distribution
-------------------------

+--------------+-----------------------+------------------------+-----------------+--------------+
| Clock Enable | Synchronous Set/Reset | Asynchronous Set/Reset | Total Registers | Total Slices |
+--------------+-----------------------+------------------------+-----------------+--------------+
| No           | No                    | No                     |          125546 |        17250 |
| No           | No                    | Yes                    |               0 |            0 |
| No           | Yes                   | No                     |            2370 |          561 |
| Yes          | No                    | No                     |           22464 |         4916 |
| Yes          | No                    | Yes                    |               0 |            0 |
| Yes          | Yes                   | No                     |            9199 |         1520 |
+--------------+-----------------------+------------------------+-----------------+--------------+


4. Detailed Control Set Information
-----------------------------------

+------------------------------------------------------------------------------------------+-------------------------------------------------------------------------------------------------+--------------------------------------------------------------------------------------------------------------------+------------------+----------------+--------------+
|                                       Clock Signal                                       |                                          Enable Signal                                          |                                                  Set/Reset Signal                                                  | Slice Load Count | Bel Load Count | Bels / Slice |
+------------------------------------------------------------------------------------------+-------------------------------------------------------------------------------------------------+--------------------------------------------------------------------------------------------------------------------+------------------+----------------+--------------+
|  clk_IBUF_BUFG                                                                           | start_reg_n_11                                                                                  |                                                                                                                    |                1 |              1 |         1.00 |
|  clk_IBUF_BUFG                                                                           | cos_idx[2]_i_2_n_11                                                                             | RSTB                                                                                                               |                1 |              3 |         3.00 |
|  clk_IBUF_BUFG                                                                           | i_valid_IBUF_inst/O                                                                             | rst_IBUF_inst/O                                                                                                    |                2 |              7 |         3.50 |
|  clk_IBUF_BUFG                                                                           |                                                                                                 | dut/FSM.COSSET[6].merge_tree/gen_layer[0].gen_node[1].merge_inst/genblk2[16].genblk2[0].genblk1[6].cas_l_dut/CO[0] |                3 |             10 |         3.33 |
|  clk_IBUF_BUFG                                                                           |                                                                                                 | dut/FSM.COSSET[7].merge_tree/gen_layer[0].gen_node[0].merge_inst/genblk2[16].genblk2[0].genblk1[4].cas_l_dut/CO[0] |                4 |             10 |         2.50 |
|  clk_IBUF_BUFG                                                                           |                                                                                                 | dut/FSM.COSSET[7].merge_tree/gen_layer[0].gen_node[0].merge_inst/genblk2[16].genblk2[0].genblk1[5].cas_l_dut/CO[0] |                2 |             10 |         5.00 |
|  clk_IBUF_BUFG                                                                           |                                                                                                 | dut/FSM.COSSET[7].merge_tree/gen_layer[0].gen_node[0].merge_inst/genblk2[16].genblk2[0].genblk1[6].cas_l_dut/CO[0] |                2 |             10 |         5.00 |
|  clk_IBUF_BUFG                                                                           |                                                                                                 | dut/FSM.COSSET[7].merge_tree/gen_layer[0].gen_node[1].merge_inst/genblk2[16].genblk2[0].genblk1[4].cas_l_dut/CO[0] |                4 |             10 |         2.50 |
|  clk_IBUF_BUFG                                                                           |                                                                                                 | dut/FSM.COSSET[7].merge_tree/gen_layer[0].gen_node[1].merge_inst/genblk2[16].genblk2[0].genblk1[5].cas_l_dut/CO[0] |                3 |             10 |         3.33 |
|  clk_IBUF_BUFG                                                                           |                                                                                                 | dut/FSM.COSSET[7].merge_tree/gen_layer[0].gen_node[1].merge_inst/genblk2[16].genblk2[0].genblk1[6].cas_l_dut/CO[0] |                2 |             10 |         5.00 |
|  clk_IBUF_BUFG                                                                           |                                                                                                 | dut/FSM.COSSET[1].merge_tree/gen_layer[0].gen_node[0].merge_inst/genblk2[16].genblk2[0].genblk1[6].cas_l_dut/CO[0] |                3 |             10 |         3.33 |
|  clk_IBUF_BUFG                                                                           |                                                                                                 | dut/FSM.COSSET[4].unite_lists/genblk1_1.dut/SS_00/m_p_reg[5][3][10]_0[10]                                          |                2 |             10 |         5.00 |
|  clk_IBUF_BUFG                                                                           |                                                                                                 | dut/FSM.COSSET[4].unite_lists/genblk1_1.dut/SS_00/m_p_reg[5][4][10]_0[10]                                          |                5 |             10 |         2.00 |
|  clk_IBUF_BUFG                                                                           |                                                                                                 | dut/FSM.COSSET[4].unite_lists/genblk1_1.dut/SS_00/m_p_reg[5][6][10]_0[10]                                          |                3 |             10 |         3.33 |
|  clk_IBUF_BUFG                                                                           |                                                                                                 | dut/FSM.COSSET[4].unite_lists/genblk1_1.dut/SS_00/m_p_reg[5][2][10]_0[10]                                          |                3 |             10 |         3.33 |
|  clk_IBUF_BUFG                                                                           |                                                                                                 | dut/FSM.COSSET[4].unite_lists/genblk1_1.dut/SS_00/m_p_reg[5][1][10]_0[10]                                          |                1 |             10 |        10.00 |
|  clk_IBUF_BUFG                                                                           |                                                                                                 | dut/FSM.COSSET[4].unite_lists/genblk1_1.dut/SS_00/m_p_reg[5][5][10]_0[10]                                          |                3 |             10 |         3.33 |
|  clk_IBUF_BUFG                                                                           |                                                                                                 | dut/FSM.COSSET[4].unite_lists/genblk1_1.dut/SS_00/m_p_reg[5][7]_253[10]                                            |                1 |             10 |        10.00 |
|  clk_IBUF_BUFG                                                                           |                                                                                                 | dut/FSM.COSSET[4].unite_lists/genblk1_1.dut/SS_00/s0_d_reg[5]_252[10]                                              |                1 |             10 |        10.00 |
|  clk_IBUF_BUFG                                                                           |                                                                                                 | dut/FSM.COSSET[4].unite_lists/genblk1_1.dut/SS_11/sort2/p_0_in__0[10]                                              |                2 |             10 |         5.00 |
|  clk_IBUF_BUFG                                                                           |                                                                                                 | dut/FSM.COSSET[4].unite_lists/genblk1_1.dut/SS_11/sort2/p_0_in[10]                                                 |                3 |             10 |         3.33 |
|  clk_IBUF_BUFG                                                                           |                                                                                                 | dut/FSM.COSSET[4].unite_lists/genblk1_1.dut/SS_11/sort3/p_0_in__1[10]                                              |                2 |             10 |         5.00 |
|  clk_IBUF_BUFG                                                                           |                                                                                                 | dut/FSM.COSSET[1].merge_tree/gen_layer[0].gen_node[0].merge_inst/genblk2[16].genblk2[0].genblk1[4].cas_l_dut/CO[0] |                6 |             10 |         1.67 |
|  clk_IBUF_BUFG                                                                           |                                                                                                 | dut/FSM.COSSET[1].merge_tree/gen_layer[0].gen_node[0].merge_inst/genblk2[16].genblk2[0].genblk1[5].cas_l_dut/CO[0] |                2 |             10 |         5.00 |
|  clk_IBUF_BUFG                                                                           |                                                                                                 | dut/FSM.COSSET[4].unite_lists/genblk1_1.dut/AaB0[2].SS/sort3/p_0_in__1[10]                                         |                3 |             10 |         3.33 |
|  clk_IBUF_BUFG                                                                           |                                                                                                 | dut/FSM.COSSET[4].unite_lists/genblk1_1.dut/AaB0[2].SS/sort2/p_0_in[10]                                            |                4 |             10 |         2.50 |
|  clk_IBUF_BUFG                                                                           |                                                                                                 | dut/FSM.COSSET[4].unite_lists/genblk1_1.dut/AaB0[2].SS/sort2/p_0_in__0[10]                                         |                2 |             10 |         5.00 |
|  clk_IBUF_BUFG                                                                           |                                                                                                 | dut/FSM.COSSET[4].unite_lists/genblk1_1.dut/AaB0[1].SS/sort2/p_0_in[10]                                            |                3 |             10 |         3.33 |
|  clk_IBUF_BUFG                                                                           |                                                                                                 | dut/FSM.COSSET[4].unite_lists/genblk1_1.dut/AaB0[1].SS/sort2/p_0_in__0[10]                                         |                4 |             10 |         2.50 |
|  clk_IBUF_BUFG                                                                           |                                                                                                 | dut/FSM.COSSET[4].unite_lists/genblk1_1.dut/AaB0[1].SS/sort3/p_0_in__1[10]                                         |                3 |             10 |         3.33 |
|  clk_IBUF_BUFG                                                                           |                                                                                                 | dut/FSM.COSSET[4].unite_lists/genblk1_1.dut/A0Bb[2].SS/sort2/p_0_in[10]                                            |                3 |             10 |         3.33 |
|  clk_IBUF_BUFG                                                                           |                                                                                                 | dut/FSM.COSSET[4].unite_lists/genblk1_1.dut/A0Bb[2].SS/sort2/p_0_in__0[10]                                         |                3 |             10 |         3.33 |
|  clk_IBUF_BUFG                                                                           |                                                                                                 | dut/FSM.COSSET[4].unite_lists/genblk1_1.dut/A0Bb[2].SS/sort3/p_0_in__1[10]                                         |                3 |             10 |         3.33 |
|  clk_IBUF_BUFG                                                                           |                                                                                                 | dut/FSM.COSSET[4].unite_lists/genblk1_1.dut/A0Bb[1].SS/sort2/p_0_in[10]                                            |                3 |             10 |         3.33 |
|  clk_IBUF_BUFG                                                                           |                                                                                                 | dut/FSM.COSSET[4].unite_lists/genblk1_1.dut/A0Bb[1].SS/sort2/p_0_in__0[10]                                         |                3 |             10 |         3.33 |
|  clk_IBUF_BUFG                                                                           |                                                                                                 | dut/FSM.COSSET[4].unite_lists/genblk1_1.dut/A0Bb[1].SS/sort3/p_0_in__1[10]                                         |                3 |             10 |         3.33 |
|  clk_IBUF_BUFG                                                                           |                                                                                                 | dut/FSM.COSSET[1].merge_tree/gen_layer[0].gen_node[1].merge_inst/genblk2[16].genblk2[0].genblk1[4].cas_l_dut/CO[0] |                2 |             10 |         5.00 |
|  clk_IBUF_BUFG                                                                           |                                                                                                 | dut/FSM.COSSET[1].merge_tree/gen_layer[0].gen_node[1].merge_inst/genblk2[16].genblk2[0].genblk1[5].cas_l_dut/CO[0] |                3 |             10 |         3.33 |
|  clk_IBUF_BUFG                                                                           |                                                                                                 | dut/FSM.COSSET[1].merge_tree/gen_layer[0].gen_node[1].merge_inst/genblk2[16].genblk2[0].genblk1[6].cas_l_dut/CO[0] |                3 |             10 |         3.33 |
|  clk_IBUF_BUFG                                                                           |                                                                                                 | dut/FSM.COSSET[0].unite_lists/genblk1_1.dut/A0Bb[1].SS/sort2/p_0_in__0[10]                                         |                2 |             10 |         5.00 |
|  clk_IBUF_BUFG                                                                           |                                                                                                 | dut/FSM.COSSET[0].unite_lists/genblk1_1.dut/A0Bb[1].SS/sort2/p_0_in[10]                                            |                2 |             10 |         5.00 |
|  clk_IBUF_BUFG                                                                           |                                                                                                 | dut/FSM.COSSET[0].unite_lists/genblk1_1.dut/A0Bb[1].SS/sort3/p_0_in__1[10]                                         |                3 |             10 |         3.33 |
|  clk_IBUF_BUFG                                                                           |                                                                                                 | dut/FSM.COSSET[0].unite_lists/genblk1_1.dut/A0Bb[2].SS/sort2/p_0_in__0[10]                                         |                3 |             10 |         3.33 |
|  clk_IBUF_BUFG                                                                           |                                                                                                 | dut/FSM.COSSET[0].unite_lists/genblk1_1.dut/A0Bb[2].SS/sort2/p_0_in[10]                                            |                3 |             10 |         3.33 |
|  clk_IBUF_BUFG                                                                           |                                                                                                 | dut/FSM.COSSET[0].unite_lists/genblk1_1.dut/A0Bb[2].SS/sort3/p_0_in__1[10]                                         |                3 |             10 |         3.33 |
|  clk_IBUF_BUFG                                                                           |                                                                                                 | dut/FSM.COSSET[0].unite_lists/genblk1_1.dut/AaB0[1].SS/sort2/p_0_in[10]                                            |                4 |             10 |         2.50 |
|  clk_IBUF_BUFG                                                                           |                                                                                                 | dut/FSM.COSSET[0].unite_lists/genblk1_1.dut/AaB0[1].SS/sort2/p_0_in__0[10]                                         |                3 |             10 |         3.33 |
|  clk_IBUF_BUFG                                                                           |                                                                                                 | dut/FSM.COSSET[0].unite_lists/genblk1_1.dut/AaB0[1].SS/sort3/p_0_in__1[10]                                         |                3 |             10 |         3.33 |
|  clk_IBUF_BUFG                                                                           |                                                                                                 | dut/FSM.COSSET[0].unite_lists/genblk1_1.dut/AaB0[2].SS/sort2/p_0_in[10]                                            |                4 |             10 |         2.50 |
|  clk_IBUF_BUFG                                                                           |                                                                                                 | dut/FSM.COSSET[0].unite_lists/genblk1_1.dut/AaB0[2].SS/sort2/p_0_in__0[10]                                         |                2 |             10 |         5.00 |
|  clk_IBUF_BUFG                                                                           |                                                                                                 | dut/FSM.COSSET[0].unite_lists/genblk1_1.dut/AaB0[2].SS/sort3/p_0_in__1[10]                                         |                3 |             10 |         3.33 |
|  clk_IBUF_BUFG                                                                           |                                                                                                 | dut/FSM.COSSET[0].unite_lists/genblk1_1.dut/SS_11/sort2/p_0_in[10]                                                 |                3 |             10 |         3.33 |
|  clk_IBUF_BUFG                                                                           |                                                                                                 | dut/FSM.COSSET[0].unite_lists/genblk1_1.dut/SS_11/sort2/p_0_in__0[10]                                              |                2 |             10 |         5.00 |
|  clk_IBUF_BUFG                                                                           |                                                                                                 | dut/FSM.COSSET[0].unite_lists/genblk1_1.dut/SS_11/sort3/p_0_in__1[10]                                              |                3 |             10 |         3.33 |
|  clk_IBUF_BUFG                                                                           |                                                                                                 | dut/FSM.COSSET[0].unite_lists/genblk1_1.dut/SS_00/m_p_reg[5][3][10]_0[10]                                          |                2 |             10 |         5.00 |
|  clk_IBUF_BUFG                                                                           |                                                                                                 | dut/FSM.COSSET[0].unite_lists/genblk1_1.dut/SS_00/m_p_reg[5][4][10]_0[10]                                          |                3 |             10 |         3.33 |
|  clk_IBUF_BUFG                                                                           |                                                                                                 | dut/FSM.COSSET[0].unite_lists/genblk1_1.dut/SS_00/m_p_reg[5][5][10]_0[10]                                          |                2 |             10 |         5.00 |
|  clk_IBUF_BUFG                                                                           |                                                                                                 | dut/FSM.COSSET[0].unite_lists/genblk1_1.dut/SS_00/m_p_reg[5][2][10]_0[10]                                          |                2 |             10 |         5.00 |
|  clk_IBUF_BUFG                                                                           |                                                                                                 | dut/FSM.COSSET[0].unite_lists/genblk1_1.dut/SS_00/m_p_reg[5][6][10]_0[10]                                          |                2 |             10 |         5.00 |
|  clk_IBUF_BUFG                                                                           |                                                                                                 | dut/FSM.COSSET[0].unite_lists/genblk1_1.dut/SS_00/m_p_reg[5][1][10]_0[10]                                          |                2 |             10 |         5.00 |
|  clk_IBUF_BUFG                                                                           |                                                                                                 | dut/FSM.COSSET[0].unite_lists/genblk1_1.dut/SS_00/m_p_reg[5][7]_9[10]                                              |                1 |             10 |        10.00 |
|  clk_IBUF_BUFG                                                                           |                                                                                                 | dut/FSM.COSSET[0].unite_lists/genblk1_1.dut/SS_00/s0_d_reg[5]_8[10]                                                |                1 |             10 |        10.00 |
|  clk_IBUF_BUFG                                                                           |                                                                                                 | dut/FSM.COSSET[3].unite_lists/genblk1_1.dut/A0Bb[2].SS/sort2/p_0_in[10]                                            |                4 |             10 |         2.50 |
|  clk_IBUF_BUFG                                                                           |                                                                                                 | dut/FSM.COSSET[3].unite_lists/genblk1_1.dut/A0Bb[2].SS/sort2/p_0_in__0[10]                                         |                3 |             10 |         3.33 |
|  clk_IBUF_BUFG                                                                           |                                                                                                 | dut/FSM.COSSET[5].unite_lists/genblk1_1.dut/A0Bb[1].SS/sort2/p_0_in__0[10]                                         |                5 |             10 |         2.00 |
|  clk_IBUF_BUFG                                                                           |                                                                                                 | dut/FSM.COSSET[2].unite_lists/genblk1_1.dut/A0Bb[1].SS/sort2/p_0_in__0[10]                                         |                3 |             10 |         3.33 |
|  clk_IBUF_BUFG                                                                           |                                                                                                 | dut/FSM.COSSET[2].unite_lists/genblk1_1.dut/A0Bb[1].SS/sort2/p_0_in[10]                                            |                3 |             10 |         3.33 |
|  clk_IBUF_BUFG                                                                           |                                                                                                 | dut/FSM.COSSET[2].unite_lists/genblk1_1.dut/A0Bb[1].SS/sort3/p_0_in__1[10]                                         |                2 |             10 |         5.00 |
|  clk_IBUF_BUFG                                                                           |                                                                                                 | dut/FSM.COSSET[2].unite_lists/genblk1_1.dut/A0Bb[2].SS/sort2/p_0_in[10]                                            |                3 |             10 |         3.33 |
|  clk_IBUF_BUFG                                                                           |                                                                                                 | dut/FSM.COSSET[2].unite_lists/genblk1_1.dut/A0Bb[2].SS/sort2/p_0_in__0[10]                                         |                2 |             10 |         5.00 |
|  clk_IBUF_BUFG                                                                           |                                                                                                 | dut/FSM.COSSET[2].unite_lists/genblk1_1.dut/A0Bb[2].SS/sort3/p_0_in__1[10]                                         |                5 |             10 |         2.00 |
|  clk_IBUF_BUFG                                                                           |                                                                                                 | dut/FSM.COSSET[2].unite_lists/genblk1_1.dut/AaB0[1].SS/sort3/p_0_in__1[10]                                         |                3 |             10 |         3.33 |
|  clk_IBUF_BUFG                                                                           |                                                                                                 | dut/FSM.COSSET[2].unite_lists/genblk1_1.dut/AaB0[1].SS/sort2/p_0_in[10]                                            |                4 |             10 |         2.50 |
|  clk_IBUF_BUFG                                                                           |                                                                                                 | dut/FSM.COSSET[2].unite_lists/genblk1_1.dut/AaB0[1].SS/sort2/p_0_in__0[10]                                         |                3 |             10 |         3.33 |
|  clk_IBUF_BUFG                                                                           |                                                                                                 | dut/FSM.COSSET[2].unite_lists/genblk1_1.dut/AaB0[2].SS/sort2/p_0_in[10]                                            |                4 |             10 |         2.50 |
|  clk_IBUF_BUFG                                                                           |                                                                                                 | dut/FSM.COSSET[2].unite_lists/genblk1_1.dut/AaB0[2].SS/sort2/p_0_in__0[10]                                         |                3 |             10 |         3.33 |
|  clk_IBUF_BUFG                                                                           |                                                                                                 | dut/FSM.COSSET[2].unite_lists/genblk1_1.dut/AaB0[2].SS/sort3/p_0_in__1[10]                                         |                3 |             10 |         3.33 |
|  clk_IBUF_BUFG                                                                           |                                                                                                 | dut/FSM.COSSET[2].unite_lists/genblk1_1.dut/SS_11/sort2/p_0_in[10]                                                 |                5 |             10 |         2.00 |
|  clk_IBUF_BUFG                                                                           |                                                                                                 | dut/FSM.COSSET[2].unite_lists/genblk1_1.dut/SS_11/sort2/p_0_in__0[10]                                              |                3 |             10 |         3.33 |
|  clk_IBUF_BUFG                                                                           |                                                                                                 | dut/FSM.COSSET[2].unite_lists/genblk1_1.dut/SS_11/sort3/p_0_in__1[10]                                              |                2 |             10 |         5.00 |
|  clk_IBUF_BUFG                                                                           |                                                                                                 | dut/FSM.COSSET[2].unite_lists/genblk1_1.dut/SS_00/m_p_reg[5][1][10]_0[10]                                          |                2 |             10 |         5.00 |
|  clk_IBUF_BUFG                                                                           |                                                                                                 | dut/FSM.COSSET[2].unite_lists/genblk1_1.dut/SS_00/m_p_reg[5][5][10]_0[10]                                          |                2 |             10 |         5.00 |
|  clk_IBUF_BUFG                                                                           |                                                                                                 | dut/FSM.COSSET[2].unite_lists/genblk1_1.dut/SS_00/m_p_reg[5][6][10]_0[10]                                          |                2 |             10 |         5.00 |
|  clk_IBUF_BUFG                                                                           |                                                                                                 | dut/FSM.COSSET[2].unite_lists/genblk1_1.dut/SS_00/m_p_reg[5][3][10]_0[10]                                          |                3 |             10 |         3.33 |
|  clk_IBUF_BUFG                                                                           |                                                                                                 | dut/FSM.COSSET[2].unite_lists/genblk1_1.dut/SS_00/m_p_reg[5][2][10]_0[10]                                          |                2 |             10 |         5.00 |
|  clk_IBUF_BUFG                                                                           |                                                                                                 | dut/FSM.COSSET[2].unite_lists/genblk1_1.dut/SS_00/m_p_reg[5][4][10]_0[10]                                          |                1 |             10 |        10.00 |
|  clk_IBUF_BUFG                                                                           |                                                                                                 | dut/FSM.COSSET[2].unite_lists/genblk1_1.dut/SS_00/m_p_reg[5][7]_131[10]                                            |                1 |             10 |        10.00 |
|  clk_IBUF_BUFG                                                                           |                                                                                                 | dut/FSM.COSSET[2].unite_lists/genblk1_1.dut/SS_00/s0_d_reg[5]_130[10]                                              |                1 |             10 |        10.00 |
|  clk_IBUF_BUFG                                                                           |                                                                                                 | dut/FSM.COSSET[3].unite_lists/genblk1_1.dut/A0Bb[1].SS/sort2/p_0_in[10]                                            |                4 |             10 |         2.50 |
|  clk_IBUF_BUFG                                                                           |                                                                                                 | dut/FSM.COSSET[3].unite_lists/genblk1_1.dut/A0Bb[1].SS/sort2/p_0_in__0[10]                                         |                3 |             10 |         3.33 |
|  clk_IBUF_BUFG                                                                           |                                                                                                 | dut/FSM.COSSET[3].unite_lists/genblk1_1.dut/A0Bb[1].SS/sort3/p_0_in__1[10]                                         |                2 |             10 |         5.00 |
|  clk_IBUF_BUFG                                                                           |                                                                                                 | dut/FSM.COSSET[3].unite_lists/genblk1_1.dut/A0Bb[2].SS/sort3/p_0_in__1[10]                                         |                3 |             10 |         3.33 |
|  clk_IBUF_BUFG                                                                           |                                                                                                 | dut/FSM.COSSET[3].unite_lists/genblk1_1.dut/AaB0[1].SS/sort2/p_0_in[10]                                            |                3 |             10 |         3.33 |
|  clk_IBUF_BUFG                                                                           |                                                                                                 | dut/FSM.COSSET[3].unite_lists/genblk1_1.dut/AaB0[1].SS/sort2/p_0_in__0[10]                                         |                3 |             10 |         3.33 |
|  clk_IBUF_BUFG                                                                           |                                                                                                 | dut/FSM.COSSET[3].unite_lists/genblk1_1.dut/AaB0[1].SS/sort3/p_0_in__1[10]                                         |                3 |             10 |         3.33 |
|  clk_IBUF_BUFG                                                                           |                                                                                                 | dut/FSM.COSSET[3].unite_lists/genblk1_1.dut/AaB0[2].SS/sort2/p_0_in[10]                                            |                3 |             10 |         3.33 |
|  clk_IBUF_BUFG                                                                           |                                                                                                 | dut/FSM.COSSET[3].unite_lists/genblk1_1.dut/AaB0[2].SS/sort2/p_0_in__0[10]                                         |                3 |             10 |         3.33 |
|  clk_IBUF_BUFG                                                                           |                                                                                                 | dut/FSM.COSSET[3].unite_lists/genblk1_1.dut/AaB0[2].SS/sort3/p_0_in__1[10]                                         |                3 |             10 |         3.33 |
|  clk_IBUF_BUFG                                                                           |                                                                                                 | dut/FSM.COSSET[3].unite_lists/genblk1_1.dut/SS_11/sort2/p_0_in[10]                                                 |                3 |             10 |         3.33 |
|  clk_IBUF_BUFG                                                                           |                                                                                                 | dut/FSM.COSSET[3].unite_lists/genblk1_1.dut/SS_11/sort2/p_0_in__0[10]                                              |                3 |             10 |         3.33 |
|  clk_IBUF_BUFG                                                                           |                                                                                                 | dut/FSM.COSSET[3].unite_lists/genblk1_1.dut/SS_11/sort3/p_0_in__1[10]                                              |                3 |             10 |         3.33 |
|  clk_IBUF_BUFG                                                                           |                                                                                                 | dut/FSM.COSSET[3].unite_lists/genblk1_1.dut/SS_00/m_p_reg[5][3][10]_0[10]                                          |                1 |             10 |        10.00 |
|  clk_IBUF_BUFG                                                                           |                                                                                                 | dut/FSM.COSSET[3].unite_lists/genblk1_1.dut/SS_00/m_p_reg[5][4][10]_0[10]                                          |                2 |             10 |         5.00 |
|  clk_IBUF_BUFG                                                                           |                                                                                                 | dut/FSM.COSSET[3].unite_lists/genblk1_1.dut/SS_00/m_p_reg[5][1][10]_0[10]                                          |                4 |             10 |         2.50 |
|  clk_IBUF_BUFG                                                                           |                                                                                                 | dut/FSM.COSSET[3].unite_lists/genblk1_1.dut/SS_00/m_p_reg[5][2][10]_0[10]                                          |                2 |             10 |         5.00 |
|  clk_IBUF_BUFG                                                                           |                                                                                                 | dut/FSM.COSSET[3].unite_lists/genblk1_1.dut/SS_00/m_p_reg[5][6][10]_0[10]                                          |                5 |             10 |         2.00 |
|  clk_IBUF_BUFG                                                                           |                                                                                                 | dut/FSM.COSSET[3].unite_lists/genblk1_1.dut/SS_00/m_p_reg[5][5][10]_0[10]                                          |                2 |             10 |         5.00 |
|  clk_IBUF_BUFG                                                                           |                                                                                                 | dut/FSM.COSSET[3].unite_lists/genblk1_1.dut/SS_00/m_p_reg[5][7]_192[10]                                            |                1 |             10 |        10.00 |
|  clk_IBUF_BUFG                                                                           |                                                                                                 | dut/FSM.COSSET[3].unite_lists/genblk1_1.dut/SS_00/s0_d_reg[5]_191[10]                                              |                1 |             10 |        10.00 |
|  clk_IBUF_BUFG                                                                           |                                                                                                 | dut/FSM.COSSET[5].unite_lists/genblk1_1.dut/A0Bb[2].SS/sort2/p_0_in[10]                                            |                4 |             10 |         2.50 |
|  clk_IBUF_BUFG                                                                           |                                                                                                 | dut/FSM.COSSET[5].unite_lists/genblk1_1.dut/A0Bb[1].SS/sort3/p_0_in__1[10]                                         |                3 |             10 |         3.33 |
|  clk_IBUF_BUFG                                                                           |                                                                                                 | dut/FSM.COSSET[0].merge_tree/gen_layer[0].gen_node[0].merge_inst/genblk2[16].genblk2[0].genblk1[4].cas_l_dut/CO[0] |                4 |             10 |         2.50 |
|  clk_IBUF_BUFG                                                                           |                                                                                                 | dut/FSM.COSSET[0].merge_tree/gen_layer[0].gen_node[0].merge_inst/genblk2[16].genblk2[0].genblk1[5].cas_l_dut/CO[0] |                4 |             10 |         2.50 |
|  clk_IBUF_BUFG                                                                           |                                                                                                 | dut/FSM.COSSET[0].merge_tree/gen_layer[0].gen_node[0].merge_inst/genblk2[16].genblk2[0].genblk1[6].cas_l_dut/CO[0] |                1 |             10 |        10.00 |
|  clk_IBUF_BUFG                                                                           |                                                                                                 | dut/FSM.COSSET[0].merge_tree/gen_layer[0].gen_node[1].merge_inst/genblk2[16].genblk2[0].genblk1[4].cas_l_dut/CO[0] |                1 |             10 |        10.00 |
|  clk_IBUF_BUFG                                                                           |                                                                                                 | dut/FSM.COSSET[0].merge_tree/gen_layer[0].gen_node[1].merge_inst/genblk2[16].genblk2[0].genblk1[5].cas_l_dut/CO[0] |                1 |             10 |        10.00 |
|  clk_IBUF_BUFG                                                                           |                                                                                                 | dut/FSM.COSSET[0].merge_tree/gen_layer[0].gen_node[1].merge_inst/genblk2[16].genblk2[0].genblk1[6].cas_l_dut/CO[0] |                3 |             10 |         3.33 |
|  clk_IBUF_BUFG                                                                           |                                                                                                 | dut/FSM.COSSET[2].merge_tree/gen_layer[0].gen_node[0].merge_inst/genblk2[16].genblk2[0].genblk1[5].cas_l_dut/CO[0] |                2 |             10 |         5.00 |
|  clk_IBUF_BUFG                                                                           |                                                                                                 | dut/FSM.COSSET[2].merge_tree/gen_layer[0].gen_node[0].merge_inst/genblk2[16].genblk2[0].genblk1[6].cas_l_dut/CO[0] |                4 |             10 |         2.50 |
|  clk_IBUF_BUFG                                                                           |                                                                                                 | dut/FSM.COSSET[2].merge_tree/gen_layer[0].gen_node[0].merge_inst/genblk2[16].genblk2[0].genblk1[4].cas_l_dut/CO[0] |                1 |             10 |        10.00 |
|  clk_IBUF_BUFG                                                                           |                                                                                                 | dut/FSM.COSSET[2].merge_tree/gen_layer[0].gen_node[1].merge_inst/genblk2[16].genblk2[0].genblk1[4].cas_l_dut/CO[0] |                5 |             10 |         2.00 |
|  clk_IBUF_BUFG                                                                           |                                                                                                 | dut/FSM.COSSET[2].merge_tree/gen_layer[0].gen_node[1].merge_inst/genblk2[16].genblk2[0].genblk1[5].cas_l_dut/CO[0] |                5 |             10 |         2.00 |
|  clk_IBUF_BUFG                                                                           |                                                                                                 | dut/FSM.COSSET[2].merge_tree/gen_layer[0].gen_node[1].merge_inst/genblk2[16].genblk2[0].genblk1[6].cas_l_dut/CO[0] |                1 |             10 |        10.00 |
|  clk_IBUF_BUFG                                                                           |                                                                                                 | dut/FSM.COSSET[3].merge_tree/gen_layer[0].gen_node[0].merge_inst/genblk2[16].genblk2[0].genblk1[4].cas_l_dut/CO[0] |                3 |             10 |         3.33 |
|  clk_IBUF_BUFG                                                                           |                                                                                                 | dut/FSM.COSSET[3].merge_tree/gen_layer[0].gen_node[0].merge_inst/genblk2[16].genblk2[0].genblk1[5].cas_l_dut/CO[0] |                3 |             10 |         3.33 |
|  clk_IBUF_BUFG                                                                           |                                                                                                 | dut/FSM.COSSET[3].merge_tree/gen_layer[0].gen_node[0].merge_inst/genblk2[16].genblk2[0].genblk1[6].cas_l_dut/CO[0] |                3 |             10 |         3.33 |
|  clk_IBUF_BUFG                                                                           |                                                                                                 | dut/FSM.COSSET[5].unite_lists/genblk1_1.dut/A0Bb[1].SS/sort2/p_0_in[10]                                            |                5 |             10 |         2.00 |
|  clk_IBUF_BUFG                                                                           |                                                                                                 | dut/FSM.COSSET[3].merge_tree/gen_layer[0].gen_node[1].merge_inst/genblk2[16].genblk2[0].genblk1[5].cas_l_dut/CO[0] |                4 |             10 |         2.50 |
|  clk_IBUF_BUFG                                                                           |                                                                                                 | dut/FSM.COSSET[3].merge_tree/gen_layer[0].gen_node[1].merge_inst/genblk2[16].genblk2[0].genblk1[6].cas_l_dut/CO[0] |                5 |             10 |         2.00 |
|  clk_IBUF_BUFG                                                                           |                                                                                                 | dut/FSM.COSSET[4].merge_tree/gen_layer[0].gen_node[0].merge_inst/genblk2[16].genblk2[0].genblk1[4].cas_l_dut/CO[0] |                4 |             10 |         2.50 |
|  clk_IBUF_BUFG                                                                           |                                                                                                 | dut/FSM.COSSET[4].merge_tree/gen_layer[0].gen_node[0].merge_inst/genblk2[16].genblk2[0].genblk1[5].cas_l_dut/CO[0] |                4 |             10 |         2.50 |
|  clk_IBUF_BUFG                                                                           |                                                                                                 | dut/FSM.COSSET[5].merge_tree/gen_layer[0].gen_node[1].merge_inst/genblk2[16].genblk2[0].genblk1[6].cas_l_dut/CO[0] |                3 |             10 |         3.33 |
|  clk_IBUF_BUFG                                                                           |                                                                                                 | dut/FSM.COSSET[5].merge_tree/gen_layer[0].gen_node[1].merge_inst/genblk2[16].genblk2[0].genblk1[5].cas_l_dut/CO[0] |                5 |             10 |         2.00 |
|  clk_IBUF_BUFG                                                                           |                                                                                                 | dut/FSM.COSSET[5].merge_tree/gen_layer[0].gen_node[1].merge_inst/genblk2[16].genblk2[0].genblk1[4].cas_l_dut/CO[0] |                2 |             10 |         5.00 |
|  clk_IBUF_BUFG                                                                           |                                                                                                 | dut/FSM.COSSET[4].merge_tree/gen_layer[0].gen_node[0].merge_inst/genblk2[16].genblk2[0].genblk1[6].cas_l_dut/CO[0] |                4 |             10 |         2.50 |
|  clk_IBUF_BUFG                                                                           |                                                                                                 | dut/FSM.COSSET[4].merge_tree/gen_layer[0].gen_node[1].merge_inst/genblk2[16].genblk2[0].genblk1[6].cas_l_dut/CO[0] |                2 |             10 |         5.00 |
|  clk_IBUF_BUFG                                                                           |                                                                                                 | dut/FSM.COSSET[4].merge_tree/gen_layer[0].gen_node[1].merge_inst/genblk2[16].genblk2[0].genblk1[4].cas_l_dut/CO[0] |                2 |             10 |         5.00 |
|  clk_IBUF_BUFG                                                                           |                                                                                                 | dut/FSM.COSSET[4].merge_tree/gen_layer[0].gen_node[1].merge_inst/genblk2[16].genblk2[0].genblk1[5].cas_l_dut/CO[0] |                2 |             10 |         5.00 |
|  clk_IBUF_BUFG                                                                           |                                                                                                 | dut/FSM.COSSET[5].merge_tree/gen_layer[0].gen_node[0].merge_inst/genblk2[16].genblk2[0].genblk1[4].cas_l_dut/CO[0] |                5 |             10 |         2.00 |
|  clk_IBUF_BUFG                                                                           |                                                                                                 | dut/FSM.COSSET[5].merge_tree/gen_layer[0].gen_node[0].merge_inst/genblk2[16].genblk2[0].genblk1[5].cas_l_dut/CO[0] |                3 |             10 |         3.33 |
|  clk_IBUF_BUFG                                                                           |                                                                                                 | dut/FSM.COSSET[5].merge_tree/gen_layer[0].gen_node[0].merge_inst/genblk2[16].genblk2[0].genblk1[6].cas_l_dut/CO[0] |                4 |             10 |         2.50 |
|  clk_IBUF_BUFG                                                                           |                                                                                                 | dut/FSM.COSSET[6].merge_tree/gen_layer[0].gen_node[0].merge_inst/genblk2[16].genblk2[0].genblk1[4].cas_l_dut/CO[0] |                3 |             10 |         3.33 |
|  clk_IBUF_BUFG                                                                           |                                                                                                 | dut/FSM.COSSET[6].merge_tree/gen_layer[0].gen_node[0].merge_inst/genblk2[16].genblk2[0].genblk1[5].cas_l_dut/CO[0] |                4 |             10 |         2.50 |
|  clk_IBUF_BUFG                                                                           |                                                                                                 | dut/FSM.COSSET[6].merge_tree/gen_layer[0].gen_node[0].merge_inst/genblk2[16].genblk2[0].genblk1[6].cas_l_dut/CO[0] |                2 |             10 |         5.00 |
|  clk_IBUF_BUFG                                                                           |                                                                                                 | dut/FSM.COSSET[6].merge_tree/gen_layer[0].gen_node[1].merge_inst/genblk2[16].genblk2[0].genblk1[4].cas_l_dut/CO[0] |                1 |             10 |        10.00 |
|  clk_IBUF_BUFG                                                                           |                                                                                                 | dut/FSM.COSSET[5].unite_lists/genblk1_1.dut/A0Bb[2].SS/sort2/p_0_in__0[10]                                         |                3 |             10 |         3.33 |
|  clk_IBUF_BUFG                                                                           |                                                                                                 | dut/FSM.COSSET[5].unite_lists/genblk1_1.dut/A0Bb[2].SS/sort3/p_0_in__1[10]                                         |                3 |             10 |         3.33 |
|  clk_IBUF_BUFG                                                                           |                                                                                                 | dut/FSM.COSSET[5].unite_lists/genblk1_1.dut/AaB0[1].SS/sort2/p_0_in__0[10]                                         |                3 |             10 |         3.33 |
|  clk_IBUF_BUFG                                                                           |                                                                                                 | dut/FSM.COSSET[5].unite_lists/genblk1_1.dut/AaB0[1].SS/sort2/p_0_in[10]                                            |                4 |             10 |         2.50 |
|  clk_IBUF_BUFG                                                                           |                                                                                                 | dut/FSM.COSSET[5].unite_lists/genblk1_1.dut/AaB0[1].SS/sort3/p_0_in__1[10]                                         |                3 |             10 |         3.33 |
|  clk_IBUF_BUFG                                                                           |                                                                                                 | dut/FSM.COSSET[5].unite_lists/genblk1_1.dut/AaB0[2].SS/sort2/p_0_in[10]                                            |                3 |             10 |         3.33 |
|  clk_IBUF_BUFG                                                                           |                                                                                                 | dut/FSM.COSSET[5].unite_lists/genblk1_1.dut/AaB0[2].SS/sort2/p_0_in__0[10]                                         |                3 |             10 |         3.33 |
|  clk_IBUF_BUFG                                                                           |                                                                                                 | dut/FSM.COSSET[5].unite_lists/genblk1_1.dut/AaB0[2].SS/sort3/p_0_in__1[10]                                         |                3 |             10 |         3.33 |
|  clk_IBUF_BUFG                                                                           |                                                                                                 | dut/FSM.COSSET[5].unite_lists/genblk1_1.dut/SS_11/sort2/p_0_in[10]                                                 |                3 |             10 |         3.33 |
|  clk_IBUF_BUFG                                                                           |                                                                                                 | dut/FSM.COSSET[5].unite_lists/genblk1_1.dut/SS_11/sort2/p_0_in__0[10]                                              |                2 |             10 |         5.00 |
|  clk_IBUF_BUFG                                                                           |                                                                                                 | dut/FSM.COSSET[5].unite_lists/genblk1_1.dut/SS_11/sort3/p_0_in__1[10]                                              |                2 |             10 |         5.00 |
|  clk_IBUF_BUFG                                                                           |                                                                                                 | dut/FSM.COSSET[5].unite_lists/genblk1_1.dut/SS_00/m_p_reg[5][1][10]_0[10]                                          |                3 |             10 |         3.33 |
|  clk_IBUF_BUFG                                                                           |                                                                                                 | dut/FSM.COSSET[5].unite_lists/genblk1_1.dut/SS_00/m_p_reg[5][5][10]_0[10]                                          |                2 |             10 |         5.00 |
|  clk_IBUF_BUFG                                                                           |                                                                                                 | dut/FSM.COSSET[5].unite_lists/genblk1_1.dut/SS_00/m_p_reg[5][7]_314[10]                                            |                1 |             10 |        10.00 |
|  clk_IBUF_BUFG                                                                           |                                                                                                 | dut/FSM.COSSET[5].unite_lists/genblk1_1.dut/SS_00/m_p_reg[5][3][10]_0[10]                                          |                4 |             10 |         2.50 |
|  clk_IBUF_BUFG                                                                           |                                                                                                 | dut/FSM.COSSET[5].unite_lists/genblk1_1.dut/SS_00/m_p_reg[5][2][10]_0[10]                                          |                3 |             10 |         3.33 |
|  clk_IBUF_BUFG                                                                           |                                                                                                 | dut/FSM.COSSET[5].unite_lists/genblk1_1.dut/SS_00/m_p_reg[5][4][10]_0[10]                                          |                2 |             10 |         5.00 |
|  clk_IBUF_BUFG                                                                           |                                                                                                 | dut/FSM.COSSET[5].unite_lists/genblk1_1.dut/SS_00/m_p_reg[5][6][10]_0[10]                                          |                3 |             10 |         3.33 |
|  clk_IBUF_BUFG                                                                           |                                                                                                 | dut/FSM.COSSET[5].unite_lists/genblk1_1.dut/SS_00/s0_d_reg[5]_313[10]                                              |                1 |             10 |        10.00 |
|  clk_IBUF_BUFG                                                                           |                                                                                                 | dut/FSM.COSSET[6].unite_lists/genblk1_1.dut/A0Bb[1].SS/sort2/p_0_in__0[10]                                         |                3 |             10 |         3.33 |
|  clk_IBUF_BUFG                                                                           |                                                                                                 | dut/FSM.COSSET[6].unite_lists/genblk1_1.dut/A0Bb[1].SS/sort2/p_0_in[10]                                            |                3 |             10 |         3.33 |
|  clk_IBUF_BUFG                                                                           |                                                                                                 | dut/FSM.COSSET[6].unite_lists/genblk1_1.dut/A0Bb[1].SS/sort3/p_0_in__1[10]                                         |                3 |             10 |         3.33 |
|  clk_IBUF_BUFG                                                                           |                                                                                                 | dut/FSM.COSSET[6].unite_lists/genblk1_1.dut/A0Bb[2].SS/sort2/p_0_in[10]                                            |                5 |             10 |         2.00 |
|  clk_IBUF_BUFG                                                                           |                                                                                                 | dut/FSM.COSSET[6].unite_lists/genblk1_1.dut/A0Bb[2].SS/sort2/p_0_in__0[10]                                         |                3 |             10 |         3.33 |
|  clk_IBUF_BUFG                                                                           |                                                                                                 | dut/FSM.COSSET[6].unite_lists/genblk1_1.dut/A0Bb[2].SS/sort3/p_0_in__1[10]                                         |                3 |             10 |         3.33 |
|  clk_IBUF_BUFG                                                                           |                                                                                                 | dut/FSM.COSSET[6].unite_lists/genblk1_1.dut/AaB0[1].SS/sort2/p_0_in__0[10]                                         |                3 |             10 |         3.33 |
|  clk_IBUF_BUFG                                                                           |                                                                                                 | dut/FSM.COSSET[6].unite_lists/genblk1_1.dut/AaB0[1].SS/sort2/p_0_in[10]                                            |                3 |             10 |         3.33 |
|  clk_IBUF_BUFG                                                                           |                                                                                                 | dut/FSM.COSSET[6].unite_lists/genblk1_1.dut/AaB0[1].SS/sort3/p_0_in__1[10]                                         |                3 |             10 |         3.33 |
|  clk_IBUF_BUFG                                                                           |                                                                                                 | dut/FSM.COSSET[6].unite_lists/genblk1_1.dut/AaB0[2].SS/sort3/p_0_in__1[10]                                         |                3 |             10 |         3.33 |
|  clk_IBUF_BUFG                                                                           |                                                                                                 | dut/FSM.COSSET[6].unite_lists/genblk1_1.dut/SS_11/sort3/p_0_in__1[10]                                              |                3 |             10 |         3.33 |
|  clk_IBUF_BUFG                                                                           |                                                                                                 | dut/FSM.COSSET[6].unite_lists/genblk1_1.dut/SS_11/sort2/p_0_in[10]                                                 |                3 |             10 |         3.33 |
|  clk_IBUF_BUFG                                                                           |                                                                                                 | dut/FSM.COSSET[6].unite_lists/genblk1_1.dut/SS_11/sort2/p_0_in__0[10]                                              |                2 |             10 |         5.00 |
|  clk_IBUF_BUFG                                                                           |                                                                                                 | dut/FSM.COSSET[6].unite_lists/genblk1_1.dut/AaB0[2].SS/sort2/p_0_in__0[10]                                         |                3 |             10 |         3.33 |
|  clk_IBUF_BUFG                                                                           |                                                                                                 | dut/FSM.COSSET[6].unite_lists/genblk1_1.dut/AaB0[2].SS/sort2/p_0_in[10]                                            |                3 |             10 |         3.33 |
|  clk_IBUF_BUFG                                                                           |                                                                                                 | dut/FSM.COSSET[6].unite_lists/genblk1_1.dut/SS_00/m_p_reg[5][3][10]_0[10]                                          |                1 |             10 |        10.00 |
|  clk_IBUF_BUFG                                                                           |                                                                                                 | dut/FSM.COSSET[6].unite_lists/genblk1_1.dut/SS_00/m_p_reg[5][2][10]_0[10]                                          |                5 |             10 |         2.00 |
|  clk_IBUF_BUFG                                                                           |                                                                                                 | dut/FSM.COSSET[6].unite_lists/genblk1_1.dut/SS_00/m_p_reg[5][4][10]_0[10]                                          |                3 |             10 |         3.33 |
|  clk_IBUF_BUFG                                                                           |                                                                                                 | dut/FSM.COSSET[6].unite_lists/genblk1_1.dut/SS_00/m_p_reg[5][5][10]_0[10]                                          |                2 |             10 |         5.00 |
|  clk_IBUF_BUFG                                                                           |                                                                                                 | dut/FSM.COSSET[6].unite_lists/genblk1_1.dut/SS_00/m_p_reg[5][6][10]_0[10]                                          |                3 |             10 |         3.33 |
|  clk_IBUF_BUFG                                                                           |                                                                                                 | dut/FSM.COSSET[6].unite_lists/genblk1_1.dut/SS_00/m_p_reg[5][7]_375[10]                                            |                1 |             10 |        10.00 |
|  clk_IBUF_BUFG                                                                           |                                                                                                 | dut/FSM.COSSET[6].unite_lists/genblk1_1.dut/SS_00/s0_d_reg[5]_374[10]                                              |                1 |             10 |        10.00 |
|  clk_IBUF_BUFG                                                                           |                                                                                                 | dut/FSM.COSSET[7].unite_lists/genblk1_1.dut/A0Bb[1].SS/sort2/p_0_in[10]                                            |                3 |             10 |         3.33 |
|  clk_IBUF_BUFG                                                                           |                                                                                                 | dut/FSM.COSSET[7].unite_lists/genblk1_1.dut/A0Bb[1].SS/sort2/p_0_in__0[10]                                         |                3 |             10 |         3.33 |
|  clk_IBUF_BUFG                                                                           |                                                                                                 | dut/FSM.COSSET[7].unite_lists/genblk1_1.dut/A0Bb[1].SS/sort3/p_0_in__1[10]                                         |                3 |             10 |         3.33 |
|  clk_IBUF_BUFG                                                                           |                                                                                                 | dut/FSM.COSSET[7].unite_lists/genblk1_1.dut/A0Bb[2].SS/sort2/p_0_in[10]                                            |                3 |             10 |         3.33 |
|  clk_IBUF_BUFG                                                                           |                                                                                                 | dut/FSM.COSSET[7].unite_lists/genblk1_1.dut/A0Bb[2].SS/sort2/p_0_in__0[10]                                         |                3 |             10 |         3.33 |
|  clk_IBUF_BUFG                                                                           |                                                                                                 | dut/FSM.COSSET[7].unite_lists/genblk1_1.dut/A0Bb[2].SS/sort3/p_0_in__1[10]                                         |                3 |             10 |         3.33 |
|  clk_IBUF_BUFG                                                                           |                                                                                                 | dut/FSM.COSSET[7].unite_lists/genblk1_1.dut/AaB0[1].SS/sort2/p_0_in__0[10]                                         |                3 |             10 |         3.33 |
|  clk_IBUF_BUFG                                                                           |                                                                                                 | dut/FSM.COSSET[7].unite_lists/genblk1_1.dut/AaB0[1].SS/sort2/p_0_in[10]                                            |                3 |             10 |         3.33 |
|  clk_IBUF_BUFG                                                                           |                                                                                                 | dut/FSM.COSSET[7].unite_lists/genblk1_1.dut/AaB0[1].SS/sort3/p_0_in__1[10]                                         |                3 |             10 |         3.33 |
|  clk_IBUF_BUFG                                                                           |                                                                                                 | dut/FSM.COSSET[7].unite_lists/genblk1_1.dut/SS_11/sort2/p_0_in[10]                                                 |                3 |             10 |         3.33 |
|  clk_IBUF_BUFG                                                                           |                                                                                                 | dut/FSM.COSSET[7].unite_lists/genblk1_1.dut/SS_11/sort2/p_0_in__0[10]                                              |                3 |             10 |         3.33 |
|  clk_IBUF_BUFG                                                                           |                                                                                                 | dut/FSM.COSSET[7].unite_lists/genblk1_1.dut/SS_11/sort3/p_0_in__1[10]                                              |                2 |             10 |         5.00 |
|  clk_IBUF_BUFG                                                                           |                                                                                                 | dut/FSM.COSSET[7].unite_lists/genblk1_1.dut/AaB0[2].SS/sort2/p_0_in__0[10]                                         |                2 |             10 |         5.00 |
|  clk_IBUF_BUFG                                                                           |                                                                                                 | dut/FSM.COSSET[7].unite_lists/genblk1_1.dut/AaB0[2].SS/sort2/p_0_in[10]                                            |                4 |             10 |         2.50 |
|  clk_IBUF_BUFG                                                                           |                                                                                                 | dut/FSM.COSSET[7].unite_lists/genblk1_1.dut/AaB0[2].SS/sort3/p_0_in__1[10]                                         |                3 |             10 |         3.33 |
|  clk_IBUF_BUFG                                                                           |                                                                                                 | dut/FSM.COSSET[7].unite_lists/genblk1_1.dut/SS_00/s0_d_reg[5]_435[10]                                              |                1 |             10 |        10.00 |
|  clk_IBUF_BUFG                                                                           |                                                                                                 | dut/FSM.COSSET[7].unite_lists/genblk1_1.dut/SS_00/m_p_reg[5][1][10]_0[10]                                          |                2 |             10 |         5.00 |
|  clk_IBUF_BUFG                                                                           |                                                                                                 | dut/FSM.COSSET[7].unite_lists/genblk1_1.dut/SS_00/m_p_reg[5][3][10]_0[10]                                          |                2 |             10 |         5.00 |
|  clk_IBUF_BUFG                                                                           |                                                                                                 | dut/FSM.COSSET[7].unite_lists/genblk1_1.dut/SS_00/m_p_reg[5][2][10]_0[10]                                          |                2 |             10 |         5.00 |
|  clk_IBUF_BUFG                                                                           |                                                                                                 | dut/FSM.COSSET[7].unite_lists/genblk1_1.dut/SS_00/m_p_reg[5][4][10]_0[10]                                          |                3 |             10 |         3.33 |
|  clk_IBUF_BUFG                                                                           |                                                                                                 | dut/FSM.COSSET[7].unite_lists/genblk1_1.dut/SS_00/m_p_reg[5][6][10]_0[10]                                          |                2 |             10 |         5.00 |
|  clk_IBUF_BUFG                                                                           |                                                                                                 | dut/FSM.COSSET[7].unite_lists/genblk1_1.dut/SS_00/m_p_reg[5][5][10]_0[10]                                          |                3 |             10 |         3.33 |
|  clk_IBUF_BUFG                                                                           |                                                                                                 | dut/FSM.COSSET[6].unite_lists/genblk1_1.dut/SS_00/m_p_reg[5][1][10]_0[10]                                          |                4 |             10 |         2.50 |
|  clk_IBUF_BUFG                                                                           |                                                                                                 | dut/FSM.COSSET[1].unite_lists/genblk1_1.dut/A0Bb[1].SS/sort2/p_0_in__0[10]                                         |                3 |             10 |         3.33 |
|  clk_IBUF_BUFG                                                                           |                                                                                                 | dut/FSM.COSSET[1].unite_lists/genblk1_1.dut/A0Bb[1].SS/sort2/p_0_in[10]                                            |                3 |             10 |         3.33 |
|  clk_IBUF_BUFG                                                                           |                                                                                                 | dut/FSM.COSSET[1].unite_lists/genblk1_1.dut/A0Bb[1].SS/sort3/p_0_in__1[10]                                         |                3 |             10 |         3.33 |
|  clk_IBUF_BUFG                                                                           |                                                                                                 | dut/FSM.COSSET[1].unite_lists/genblk1_1.dut/A0Bb[2].SS/sort2/p_0_in[10]                                            |                3 |             10 |         3.33 |
|  clk_IBUF_BUFG                                                                           |                                                                                                 | dut/FSM.COSSET[1].unite_lists/genblk1_1.dut/A0Bb[2].SS/sort2/p_0_in__0[10]                                         |                3 |             10 |         3.33 |
|  clk_IBUF_BUFG                                                                           |                                                                                                 | dut/FSM.COSSET[1].unite_lists/genblk1_1.dut/A0Bb[2].SS/sort3/p_0_in__1[10]                                         |                3 |             10 |         3.33 |
|  clk_IBUF_BUFG                                                                           |                                                                                                 | dut/FSM.COSSET[1].unite_lists/genblk1_1.dut/AaB0[1].SS/sort2/p_0_in[10]                                            |                3 |             10 |         3.33 |
|  clk_IBUF_BUFG                                                                           |                                                                                                 | dut/FSM.COSSET[1].unite_lists/genblk1_1.dut/AaB0[1].SS/sort2/p_0_in__0[10]                                         |                3 |             10 |         3.33 |
|  clk_IBUF_BUFG                                                                           |                                                                                                 | dut/FSM.COSSET[1].unite_lists/genblk1_1.dut/AaB0[1].SS/sort3/p_0_in__1[10]                                         |                4 |             10 |         2.50 |
|  clk_IBUF_BUFG                                                                           |                                                                                                 | dut/FSM.COSSET[1].unite_lists/genblk1_1.dut/AaB0[2].SS/sort2/p_0_in[10]                                            |                3 |             10 |         3.33 |
|  clk_IBUF_BUFG                                                                           |                                                                                                 | dut/FSM.COSSET[1].unite_lists/genblk1_1.dut/AaB0[2].SS/sort2/p_0_in__0[10]                                         |                3 |             10 |         3.33 |
|  clk_IBUF_BUFG                                                                           |                                                                                                 | dut/FSM.COSSET[1].unite_lists/genblk1_1.dut/AaB0[2].SS/sort3/p_0_in__1[10]                                         |                3 |             10 |         3.33 |
|  clk_IBUF_BUFG                                                                           |                                                                                                 | dut/FSM.COSSET[1].unite_lists/genblk1_1.dut/SS_11/sort2/p_0_in__0[10]                                              |                3 |             10 |         3.33 |
|  clk_IBUF_BUFG                                                                           |                                                                                                 | dut/FSM.COSSET[1].unite_lists/genblk1_1.dut/SS_11/sort2/p_0_in[10]                                                 |                4 |             10 |         2.50 |
|  clk_IBUF_BUFG                                                                           |                                                                                                 | dut/FSM.COSSET[1].unite_lists/genblk1_1.dut/SS_11/sort3/p_0_in__1[10]                                              |                3 |             10 |         3.33 |
|  clk_IBUF_BUFG                                                                           |                                                                                                 | dut/FSM.COSSET[1].unite_lists/genblk1_1.dut/SS_00/m_p_reg[5][2][10]_0[10]                                          |                2 |             10 |         5.00 |
|  clk_IBUF_BUFG                                                                           |                                                                                                 | dut/FSM.COSSET[1].unite_lists/genblk1_1.dut/SS_00/m_p_reg[5][3][10]_0[10]                                          |                2 |             10 |         5.00 |
|  clk_IBUF_BUFG                                                                           |                                                                                                 | dut/FSM.COSSET[1].unite_lists/genblk1_1.dut/SS_00/m_p_reg[5][1][10]_0[10]                                          |                2 |             10 |         5.00 |
|  clk_IBUF_BUFG                                                                           |                                                                                                 | dut/FSM.COSSET[1].unite_lists/genblk1_1.dut/SS_00/m_p_reg[5][4][10]_0[10]                                          |                3 |             10 |         3.33 |
|  clk_IBUF_BUFG                                                                           |                                                                                                 | dut/FSM.COSSET[1].unite_lists/genblk1_1.dut/SS_00/m_p_reg[5][5][10]_0[10]                                          |                2 |             10 |         5.00 |
|  clk_IBUF_BUFG                                                                           |                                                                                                 | dut/FSM.COSSET[1].unite_lists/genblk1_1.dut/SS_00/m_p_reg[5][6][10]_0[10]                                          |                2 |             10 |         5.00 |
|  clk_IBUF_BUFG                                                                           |                                                                                                 | dut/FSM.COSSET[1].unite_lists/genblk1_1.dut/SS_00/m_p_reg[5][7]_70[10]                                             |                1 |             10 |        10.00 |
|  clk_IBUF_BUFG                                                                           |                                                                                                 | dut/FSM.COSSET[1].unite_lists/genblk1_1.dut/SS_00/s0_d_reg[5]_69[10]                                               |                1 |             10 |        10.00 |
|  clk_IBUF_BUFG                                                                           |                                                                                                 | dut/FSM.COSSET[3].merge_tree/gen_layer[0].gen_node[1].merge_inst/genblk2[16].genblk2[0].genblk1[4].cas_l_dut/CO[0] |                2 |             10 |         5.00 |
|  clk_IBUF_BUFG                                                                           |                                                                                                 | dut/FSM.COSSET[6].merge_tree/gen_layer[0].gen_node[1].merge_inst/genblk2[16].genblk2[0].genblk1[5].cas_l_dut/CO[0] |                2 |             10 |         5.00 |
|  clk_IBUF_BUFG                                                                           |                                                                                                 | dut/FSM.COSSET[7].unite_lists/genblk1_1.dut/SS_00/m_p_reg[5][7]_436[10]                                            |                1 |             10 |        10.00 |
|  clk_IBUF_BUFG                                                                           | dut/FSM.COSSET[2].merge_tree/gen_layer[1].gen_node[0].merge_inst/busy_reg[0]                    | rst_IBUF_inst/O                                                                                                    |                5 |             12 |         2.40 |
|  clk_IBUF_BUFG                                                                           |                                                                                                 | dut/FSM.COSSET[2].unite_lists/genblk1_1.dut/FSM.u_valid_2                                                          |               10 |             16 |         1.60 |
|  clk_IBUF_BUFG                                                                           | dut/FSM.COSSET[2].merge_tree/gen_layer[1].gen_node[0].merge_inst/busy_reg_0                     | rst_IBUF_inst/O                                                                                                    |                6 |             21 |         3.50 |
|  clk_IBUF_BUFG                                                                           | i_valid_IBUF_inst/O                                                                             | RSTB                                                                                                               |               10 |             22 |         2.20 |
|  dut/FSM.COSSET[1].unite_lists/genblk1_1.dut/A0Bb[1].SS/sort3/E_BUFG[0]                  |                                                                                                 |                                                                                                                    |               26 |             32 |         1.23 |
|  dut/FSM.COSSET[1].unite_lists/genblk1_1.dut/A0Bb[2].SS/sort2/E_BUFG[0]                  |                                                                                                 |                                                                                                                    |               15 |             32 |         2.13 |
|  dut/FSM.COSSET[1].unite_lists/genblk1_1.dut/A0Bb[2].SS/sort2/l_m1_r_reg[1][2]_0_BUFG[0] |                                                                                                 |                                                                                                                    |               21 |             32 |         1.52 |
|  dut/FSM.COSSET[1].unite_lists/genblk1_1.dut/A0Bb[2].SS/sort3/E_BUFG[0]                  |                                                                                                 |                                                                                                                    |               18 |             32 |         1.78 |
|  dut/FSM.COSSET[1].unite_lists/genblk1_1.dut/AaB0[1].SS/sort2/E_BUFG[0]                  |                                                                                                 |                                                                                                                    |               18 |             32 |         1.78 |
|  dut/FSM.COSSET[1].unite_lists/genblk1_1.dut/AaB0[1].SS/sort2/l_m1_r_reg[1][2]_BUFG[0]   |                                                                                                 |                                                                                                                    |               19 |             32 |         1.68 |
|  dut/FSM.COSSET[1].unite_lists/genblk1_1.dut/AaB0[1].SS/sort3/E[0]                       |                                                                                                 |                                                                                                                    |               17 |             32 |         1.88 |
|  dut/FSM.COSSET[1].unite_lists/genblk1_1.dut/AaB0[2].SS/sort2/E[0]                       |                                                                                                 |                                                                                                                    |               14 |             32 |         2.29 |
|  dut/FSM.COSSET[1].unite_lists/genblk1_1.dut/AaB0[2].SS/sort2/l_m1_r_reg[1][2][0]        |                                                                                                 |                                                                                                                    |               22 |             32 |         1.45 |
|  dut/FSM.COSSET[1].unite_lists/genblk1_1.dut/AaB0[2].SS/sort3/E[0]                       |                                                                                                 |                                                                                                                    |               18 |             32 |         1.78 |
|  dut/FSM.COSSET[1].unite_lists/genblk1_1.dut/SS_11/sort2/E[0]                            |                                                                                                 |                                                                                                                    |               19 |             32 |         1.68 |
|  dut/FSM.COSSET[1].unite_lists/genblk1_1.dut/SS_11/sort2/l_m1_r_reg[1][2]_0[0]           |                                                                                                 |                                                                                                                    |               19 |             32 |         1.68 |
|  dut/FSM.COSSET[1].unite_lists/genblk1_1.dut/SS_11/sort3/E[0]                            |                                                                                                 |                                                                                                                    |               17 |             32 |         1.88 |
|  dut/FSM.COSSET[5].unite_lists/genblk1_1.dut/SS_11/sort3/E[0]                            |                                                                                                 |                                                                                                                    |               14 |             32 |         2.29 |
|  dut/FSM.COSSET[4].unite_lists/genblk1_1.dut/SS_11/sort2/E[0]                            |                                                                                                 |                                                                                                                    |               14 |             32 |         2.29 |
|  dut/FSM.COSSET[4].unite_lists/genblk1_1.dut/SS_11/sort2/l_m1_r_reg[1][2]_0[0]           |                                                                                                 |                                                                                                                    |               17 |             32 |         1.88 |
|  dut/FSM.COSSET[4].unite_lists/genblk1_1.dut/SS_11/sort3/E[0]                            |                                                                                                 |                                                                                                                    |               16 |             32 |         2.00 |
|  dut/FSM.COSSET[4].unite_lists/genblk1_1.dut/AaB0[2].SS/sort3/E[0]                       |                                                                                                 |                                                                                                                    |               16 |             32 |         2.00 |
|  dut/FSM.COSSET[4].unite_lists/genblk1_1.dut/AaB0[2].SS/sort2/E[0]                       |                                                                                                 |                                                                                                                    |               15 |             32 |         2.13 |
|  dut/FSM.COSSET[4].unite_lists/genblk1_1.dut/AaB0[2].SS/sort2/l_m1_r_reg[1][2][0]        |                                                                                                 |                                                                                                                    |               16 |             32 |         2.00 |
|  dut/FSM.COSSET[4].unite_lists/genblk1_1.dut/AaB0[1].SS/sort2/E[0]                       |                                                                                                 |                                                                                                                    |               19 |             32 |         1.68 |
|  dut/FSM.COSSET[4].unite_lists/genblk1_1.dut/AaB0[1].SS/sort2/l_m1_r_reg[1][2][0]        |                                                                                                 |                                                                                                                    |               19 |             32 |         1.68 |
|  dut/FSM.COSSET[4].unite_lists/genblk1_1.dut/AaB0[1].SS/sort3/E[0]                       |                                                                                                 |                                                                                                                    |               16 |             32 |         2.00 |
|  dut/FSM.COSSET[4].unite_lists/genblk1_1.dut/A0Bb[2].SS/sort2/E[0]                       |                                                                                                 |                                                                                                                    |               16 |             32 |         2.00 |
|  dut/FSM.COSSET[4].unite_lists/genblk1_1.dut/A0Bb[2].SS/sort2/l_m1_r_reg[1][2]_0[0]      |                                                                                                 |                                                                                                                    |               13 |             32 |         2.46 |
|  dut/FSM.COSSET[4].unite_lists/genblk1_1.dut/A0Bb[2].SS/sort3/E[0]                       |                                                                                                 |                                                                                                                    |               17 |             32 |         1.88 |
|  dut/FSM.COSSET[4].unite_lists/genblk1_1.dut/A0Bb[1].SS/sort2/l_m1_r_reg[1][2]_0[0]      |                                                                                                 |                                                                                                                    |               18 |             32 |         1.78 |
|  dut/FSM.COSSET[4].unite_lists/genblk1_1.dut/A0Bb[1].SS/sort3/E[0]                       |                                                                                                 |                                                                                                                    |               22 |             32 |         1.45 |
|  dut/FSM.COSSET[4].unite_lists/genblk1_1.dut/A0Bb[1].SS/sort2/E[0]                       |                                                                                                 |                                                                                                                    |               22 |             32 |         1.45 |
|  dut/FSM.COSSET[0].unite_lists/genblk1_1.dut/AaB0[2].SS/sort3/E_BUFG[0]                  |                                                                                                 |                                                                                                                    |               21 |             32 |         1.52 |
|  dut/FSM.COSSET[0].unite_lists/genblk1_1.dut/SS_11/sort2/E_BUFG[0]                       |                                                                                                 |                                                                                                                    |               14 |             32 |         2.29 |
|  dut/FSM.COSSET[0].unite_lists/genblk1_1.dut/SS_11/sort2/l_m1_r_reg[1][2]_0_BUFG[0]      |                                                                                                 |                                                                                                                    |               22 |             32 |         1.45 |
|  dut/FSM.COSSET[0].unite_lists/genblk1_1.dut/SS_11/sort3/E_BUFG[0]                       |                                                                                                 |                                                                                                                    |               21 |             32 |         1.52 |
|  dut/FSM.COSSET[3].unite_lists/genblk1_1.dut/A0Bb[2].SS/sort2/l_m1_r_reg[1][2]_0[0]      |                                                                                                 |                                                                                                                    |               12 |             32 |         2.67 |
|  dut/FSM.COSSET[3].unite_lists/genblk1_1.dut/A0Bb[2].SS/sort2/E[0]                       |                                                                                                 |                                                                                                                    |               17 |             32 |         1.88 |
|  dut/FSM.COSSET[2].unite_lists/genblk1_1.dut/A0Bb[1].SS/sort2/E[0]                       |                                                                                                 |                                                                                                                    |               15 |             32 |         2.13 |
|  dut/FSM.COSSET[2].unite_lists/genblk1_1.dut/A0Bb[1].SS/sort2/l_m1_r_reg[1][2]_0[0]      |                                                                                                 |                                                                                                                    |               15 |             32 |         2.13 |
|  dut/FSM.COSSET[2].unite_lists/genblk1_1.dut/A0Bb[1].SS/sort3/E[0]                       |                                                                                                 |                                                                                                                    |               14 |             32 |         2.29 |
|  dut/FSM.COSSET[2].unite_lists/genblk1_1.dut/A0Bb[2].SS/sort2/E[0]                       |                                                                                                 |                                                                                                                    |               14 |             32 |         2.29 |
|  dut/FSM.COSSET[2].unite_lists/genblk1_1.dut/A0Bb[2].SS/sort2/l_m1_r_reg[1][2]_0[0]      |                                                                                                 |                                                                                                                    |               13 |             32 |         2.46 |
|  dut/FSM.COSSET[2].unite_lists/genblk1_1.dut/A0Bb[2].SS/sort3/E[0]                       |                                                                                                 |                                                                                                                    |               13 |             32 |         2.46 |
|  dut/FSM.COSSET[2].unite_lists/genblk1_1.dut/AaB0[1].SS/sort3/E[0]                       |                                                                                                 |                                                                                                                    |               13 |             32 |         2.46 |
|  dut/FSM.COSSET[2].unite_lists/genblk1_1.dut/AaB0[1].SS/sort2/E[0]                       |                                                                                                 |                                                                                                                    |               13 |             32 |         2.46 |
|  dut/FSM.COSSET[2].unite_lists/genblk1_1.dut/AaB0[1].SS/sort2/l_m1_r_reg[1][2][0]        |                                                                                                 |                                                                                                                    |               15 |             32 |         2.13 |
|  dut/FSM.COSSET[2].unite_lists/genblk1_1.dut/AaB0[2].SS/sort2/E[0]                       |                                                                                                 |                                                                                                                    |               12 |             32 |         2.67 |
|  dut/FSM.COSSET[2].unite_lists/genblk1_1.dut/AaB0[2].SS/sort2/l_m1_r_reg[1][2][0]        |                                                                                                 |                                                                                                                    |               14 |             32 |         2.29 |
|  dut/FSM.COSSET[2].unite_lists/genblk1_1.dut/AaB0[2].SS/sort3/E[0]                       |                                                                                                 |                                                                                                                    |               17 |             32 |         1.88 |
|  dut/FSM.COSSET[2].unite_lists/genblk1_1.dut/SS_11/sort2/E[0]                            |                                                                                                 |                                                                                                                    |               14 |             32 |         2.29 |
|  dut/FSM.COSSET[2].unite_lists/genblk1_1.dut/SS_11/sort2/l_m1_r_reg[1][2]_0[0]           |                                                                                                 |                                                                                                                    |               14 |             32 |         2.29 |
|  dut/FSM.COSSET[2].unite_lists/genblk1_1.dut/SS_11/sort3/E[0]                            |                                                                                                 |                                                                                                                    |               11 |             32 |         2.91 |
|  dut/FSM.COSSET[3].unite_lists/genblk1_1.dut/A0Bb[1].SS/sort2/E[0]                       |                                                                                                 |                                                                                                                    |               15 |             32 |         2.13 |
|  dut/FSM.COSSET[3].unite_lists/genblk1_1.dut/A0Bb[1].SS/sort2/l_m1_r_reg[1][2]_0[0]      |                                                                                                 |                                                                                                                    |               16 |             32 |         2.00 |
|  dut/FSM.COSSET[3].unite_lists/genblk1_1.dut/A0Bb[1].SS/sort3/E[0]                       |                                                                                                 |                                                                                                                    |               16 |             32 |         2.00 |
|  dut/FSM.COSSET[3].unite_lists/genblk1_1.dut/A0Bb[2].SS/sort3/E[0]                       |                                                                                                 |                                                                                                                    |               15 |             32 |         2.13 |
|  dut/FSM.COSSET[3].unite_lists/genblk1_1.dut/AaB0[1].SS/sort2/E[0]                       |                                                                                                 |                                                                                                                    |               15 |             32 |         2.13 |
|  dut/FSM.COSSET[3].unite_lists/genblk1_1.dut/AaB0[1].SS/sort2/l_m1_r_reg[1][2][0]        |                                                                                                 |                                                                                                                    |               21 |             32 |         1.52 |
|  dut/FSM.COSSET[3].unite_lists/genblk1_1.dut/AaB0[1].SS/sort3/E[0]                       |                                                                                                 |                                                                                                                    |               19 |             32 |         1.68 |
|  dut/FSM.COSSET[3].unite_lists/genblk1_1.dut/AaB0[2].SS/sort2/E[0]                       |                                                                                                 |                                                                                                                    |               15 |             32 |         2.13 |
|  dut/FSM.COSSET[3].unite_lists/genblk1_1.dut/AaB0[2].SS/sort2/l_m1_r_reg[1][2][0]        |                                                                                                 |                                                                                                                    |               19 |             32 |         1.68 |
|  dut/FSM.COSSET[3].unite_lists/genblk1_1.dut/AaB0[2].SS/sort3/E[0]                       |                                                                                                 |                                                                                                                    |               17 |             32 |         1.88 |
|  dut/FSM.COSSET[3].unite_lists/genblk1_1.dut/SS_11/sort2/E[0]                            |                                                                                                 |                                                                                                                    |               13 |             32 |         2.46 |
|  dut/FSM.COSSET[3].unite_lists/genblk1_1.dut/SS_11/sort2/l_m1_r_reg[1][2]_0[0]           |                                                                                                 |                                                                                                                    |               15 |             32 |         2.13 |
|  dut/FSM.COSSET[3].unite_lists/genblk1_1.dut/SS_11/sort3/E[0]                            |                                                                                                 |                                                                                                                    |               19 |             32 |         1.68 |
|  dut/FSM.COSSET[5].unite_lists/genblk1_1.dut/A0Bb[1].SS/sort2/E[0]                       |                                                                                                 |                                                                                                                    |               13 |             32 |         2.46 |
|  dut/FSM.COSSET[5].unite_lists/genblk1_1.dut/A0Bb[1].SS/sort2/l_m1_r_reg[1][2]_0[0]      |                                                                                                 |                                                                                                                    |               14 |             32 |         2.29 |
|  dut/FSM.COSSET[5].unite_lists/genblk1_1.dut/A0Bb[1].SS/sort3/E[0]                       |                                                                                                 |                                                                                                                    |               13 |             32 |         2.46 |
|  dut/FSM.COSSET[5].unite_lists/genblk1_1.dut/A0Bb[2].SS/sort2/E[0]                       |                                                                                                 |                                                                                                                    |               14 |             32 |         2.29 |
|  dut/FSM.COSSET[5].unite_lists/genblk1_1.dut/A0Bb[2].SS/sort2/l_m1_r_reg[1][2]_0[0]      |                                                                                                 |                                                                                                                    |               16 |             32 |         2.00 |
|  dut/FSM.COSSET[5].unite_lists/genblk1_1.dut/A0Bb[2].SS/sort3/E[0]                       |                                                                                                 |                                                                                                                    |               15 |             32 |         2.13 |
|  dut/FSM.COSSET[5].unite_lists/genblk1_1.dut/AaB0[1].SS/sort2/E[0]                       |                                                                                                 |                                                                                                                    |               14 |             32 |         2.29 |
|  dut/FSM.COSSET[5].unite_lists/genblk1_1.dut/AaB0[1].SS/sort2/l_m1_r_reg[1][2][0]        |                                                                                                 |                                                                                                                    |               18 |             32 |         1.78 |
|  dut/FSM.COSSET[5].unite_lists/genblk1_1.dut/AaB0[1].SS/sort3/E[0]                       |                                                                                                 |                                                                                                                    |               18 |             32 |         1.78 |
|  dut/FSM.COSSET[5].unite_lists/genblk1_1.dut/AaB0[2].SS/sort2/E[0]                       |                                                                                                 |                                                                                                                    |               16 |             32 |         2.00 |
|  dut/FSM.COSSET[5].unite_lists/genblk1_1.dut/AaB0[2].SS/sort2/l_m1_r_reg[1][2][0]        |                                                                                                 |                                                                                                                    |               16 |             32 |         2.00 |
|  dut/FSM.COSSET[5].unite_lists/genblk1_1.dut/AaB0[2].SS/sort3/E[0]                       |                                                                                                 |                                                                                                                    |               15 |             32 |         2.13 |
|  dut/FSM.COSSET[5].unite_lists/genblk1_1.dut/SS_11/sort2/E[0]                            |                                                                                                 |                                                                                                                    |               11 |             32 |         2.91 |
|  dut/FSM.COSSET[5].unite_lists/genblk1_1.dut/SS_11/sort2/l_m1_r_reg[1][2]_0[0]           |                                                                                                 |                                                                                                                    |               14 |             32 |         2.29 |
|  dut/FSM.COSSET[6].unite_lists/genblk1_1.dut/A0Bb[1].SS/sort2/E[0]                       |                                                                                                 |                                                                                                                    |               13 |             32 |         2.46 |
|  dut/FSM.COSSET[6].unite_lists/genblk1_1.dut/A0Bb[1].SS/sort2/l_m1_r_reg[1][2]_0[0]      |                                                                                                 |                                                                                                                    |               17 |             32 |         1.88 |
|  dut/FSM.COSSET[6].unite_lists/genblk1_1.dut/A0Bb[1].SS/sort3/E[0]                       |                                                                                                 |                                                                                                                    |               15 |             32 |         2.13 |
|  dut/FSM.COSSET[6].unite_lists/genblk1_1.dut/A0Bb[2].SS/sort2/E[0]                       |                                                                                                 |                                                                                                                    |               13 |             32 |         2.46 |
|  dut/FSM.COSSET[6].unite_lists/genblk1_1.dut/A0Bb[2].SS/sort2/l_m1_r_reg[1][2]_0[0]      |                                                                                                 |                                                                                                                    |               17 |             32 |         1.88 |
|  dut/FSM.COSSET[6].unite_lists/genblk1_1.dut/A0Bb[2].SS/sort3/E[0]                       |                                                                                                 |                                                                                                                    |               16 |             32 |         2.00 |
|  dut/FSM.COSSET[6].unite_lists/genblk1_1.dut/AaB0[1].SS/sort2/E[0]                       |                                                                                                 |                                                                                                                    |               17 |             32 |         1.88 |
|  dut/FSM.COSSET[6].unite_lists/genblk1_1.dut/AaB0[1].SS/sort2/l_m1_r_reg[1][2][0]        |                                                                                                 |                                                                                                                    |               18 |             32 |         1.78 |
|  dut/FSM.COSSET[6].unite_lists/genblk1_1.dut/AaB0[1].SS/sort3/E[0]                       |                                                                                                 |                                                                                                                    |               15 |             32 |         2.13 |
|  dut/FSM.COSSET[6].unite_lists/genblk1_1.dut/AaB0[2].SS/sort3/E[0]                       |                                                                                                 |                                                                                                                    |               17 |             32 |         1.88 |
|  dut/FSM.COSSET[6].unite_lists/genblk1_1.dut/SS_11/sort2/l_m1_r_reg[1][2]_0[0]           |                                                                                                 |                                                                                                                    |               17 |             32 |         1.88 |
|  dut/FSM.COSSET[6].unite_lists/genblk1_1.dut/SS_11/sort3/E[0]                            |                                                                                                 |                                                                                                                    |               14 |             32 |         2.29 |
|  dut/FSM.COSSET[6].unite_lists/genblk1_1.dut/SS_11/sort2/E[0]                            |                                                                                                 |                                                                                                                    |               13 |             32 |         2.46 |
|  dut/FSM.COSSET[6].unite_lists/genblk1_1.dut/AaB0[2].SS/sort2/E[0]                       |                                                                                                 |                                                                                                                    |               16 |             32 |         2.00 |
|  dut/FSM.COSSET[6].unite_lists/genblk1_1.dut/AaB0[2].SS/sort2/l_m1_r_reg[1][2][0]        |                                                                                                 |                                                                                                                    |               16 |             32 |         2.00 |
|  dut/FSM.COSSET[7].unite_lists/genblk1_1.dut/A0Bb[1].SS/sort2/E[0]                       |                                                                                                 |                                                                                                                    |               15 |             32 |         2.13 |
|  dut/FSM.COSSET[7].unite_lists/genblk1_1.dut/A0Bb[1].SS/sort2/l_m1_r_reg[1][2]_0[0]      |                                                                                                 |                                                                                                                    |               15 |             32 |         2.13 |
|  dut/FSM.COSSET[7].unite_lists/genblk1_1.dut/A0Bb[1].SS/sort3/E[0]                       |                                                                                                 |                                                                                                                    |               13 |             32 |         2.46 |
|  dut/FSM.COSSET[7].unite_lists/genblk1_1.dut/A0Bb[2].SS/sort2/E[0]                       |                                                                                                 |                                                                                                                    |               13 |             32 |         2.46 |
|  dut/FSM.COSSET[7].unite_lists/genblk1_1.dut/A0Bb[2].SS/sort2/l_m1_r_reg[1][2]_0[0]      |                                                                                                 |                                                                                                                    |               12 |             32 |         2.67 |
|  dut/FSM.COSSET[7].unite_lists/genblk1_1.dut/A0Bb[2].SS/sort3/E[0]                       |                                                                                                 |                                                                                                                    |               14 |             32 |         2.29 |
|  dut/FSM.COSSET[7].unite_lists/genblk1_1.dut/AaB0[1].SS/sort2/E[0]                       |                                                                                                 |                                                                                                                    |               15 |             32 |         2.13 |
|  dut/FSM.COSSET[7].unite_lists/genblk1_1.dut/AaB0[1].SS/sort2/l_m1_r_reg[1][2][0]        |                                                                                                 |                                                                                                                    |               20 |             32 |         1.60 |
|  dut/FSM.COSSET[7].unite_lists/genblk1_1.dut/AaB0[1].SS/sort3/E[0]                       |                                                                                                 |                                                                                                                    |               16 |             32 |         2.00 |
|  dut/FSM.COSSET[7].unite_lists/genblk1_1.dut/AaB0[2].SS/sort2/E[0]                       |                                                                                                 |                                                                                                                    |               13 |             32 |         2.46 |
|  dut/FSM.COSSET[7].unite_lists/genblk1_1.dut/SS_11/sort2/E[0]                            |                                                                                                 |                                                                                                                    |               18 |             32 |         1.78 |
|  dut/FSM.COSSET[7].unite_lists/genblk1_1.dut/SS_11/sort2/l_m1_r_reg[1][2]_0[0]           |                                                                                                 |                                                                                                                    |               17 |             32 |         1.88 |
|  dut/FSM.COSSET[7].unite_lists/genblk1_1.dut/SS_11/sort3/E[0]                            |                                                                                                 |                                                                                                                    |               14 |             32 |         2.29 |
|  dut/FSM.COSSET[7].unite_lists/genblk1_1.dut/AaB0[2].SS/sort2/l_m1_r_reg[1][2][0]        |                                                                                                 |                                                                                                                    |               13 |             32 |         2.46 |
|  dut/FSM.COSSET[7].unite_lists/genblk1_1.dut/AaB0[2].SS/sort3/E[0]                       |                                                                                                 |                                                                                                                    |               17 |             32 |         1.88 |
|  dut/FSM.COSSET[1].unite_lists/genblk1_1.dut/A0Bb[1].SS/sort2/E_BUFG[0]                  |                                                                                                 |                                                                                                                    |               16 |             32 |         2.00 |
|  n_5_829_BUFG                                                                            |                                                                                                 |                                                                                                                    |               20 |             32 |         1.60 |
|  dut/FSM.COSSET[1].unite_lists/genblk1_1.dut/A0Bb[1].SS/sort2/l_m1_r_reg[1][2]_0_BUFG[0] |                                                                                                 |                                                                                                                    |               22 |             32 |         1.45 |
|  n_1_311_BUFG                                                                            |                                                                                                 |                                                                                                                    |               22 |             32 |         1.45 |
|  n_0_378_BUFG                                                                            |                                                                                                 |                                                                                                                    |               22 |             32 |         1.45 |
|  n_2_243_BUFG                                                                            |                                                                                                 |                                                                                                                    |               16 |             32 |         2.00 |
|  n_10_1932_BUFG                                                                          |                                                                                                 |                                                                                                                    |               22 |             32 |         1.45 |
|  n_6_1279_BUFG                                                                           |                                                                                                 |                                                                                                                    |               18 |             32 |         1.78 |
|  n_3_761_BUFG                                                                            |                                                                                                 |                                                                                                                    |               15 |             32 |         2.13 |
|  n_4_896_BUFG                                                                            |                                                                                                 |                                                                                                                    |               19 |             32 |         1.68 |
|  n_9_1797_BUFG                                                                           |                                                                                                 |                                                                                                                    |               15 |             32 |         2.13 |
|  n_7_1414_BUFG                                                                           |                                                                                                 |                                                                                                                    |               26 |             32 |         1.23 |
|  n_8_1347_BUFG                                                                           |                                                                                                 |                                                                                                                    |               25 |             32 |         1.28 |
|  clk_IBUF_BUFG                                                                           |                                                                                                 | rst_IBUF_inst/O                                                                                                    |               24 |             34 |         1.42 |
|  clk_IBUF_BUFG                                                                           | busy                                                                                            | rst_IBUF_inst/O                                                                                                    |               36 |             42 |         1.17 |
|  clk_IBUF_BUFG                                                                           | in_metrics[1][69]_i_1_n_11                                                                      | rst_IBUF_inst/O                                                                                                    |               25 |             52 |         2.08 |
|  clk_IBUF_BUFG                                                                           | in_metrics[49]                                                                                  | rst_IBUF_inst/O                                                                                                    |               30 |             52 |         1.73 |
|  clk_IBUF_BUFG                                                                           | in_metrics[29]                                                                                  | rst_IBUF_inst/O                                                                                                    |               33 |             52 |         1.58 |
|  clk_IBUF_BUFG                                                                           | in_metrics[39]                                                                                  | rst_IBUF_inst/O                                                                                                    |               31 |             52 |         1.68 |
|  clk_IBUF_BUFG                                                                           | in_metrics[69]                                                                                  | rst_IBUF_inst/O                                                                                                    |               30 |             52 |         1.73 |
|  clk_IBUF_BUFG                                                                           | in_metrics[59]                                                                                  | rst_IBUF_inst/O                                                                                                    |               29 |             52 |         1.79 |
|  clk_IBUF_BUFG                                                                           | in_metrics[79]                                                                                  | rst_IBUF_inst/O                                                                                                    |               28 |             52 |         1.86 |
|  clk_IBUF_BUFG                                                                           | in_metrics[1][49]_i_1_n_11                                                                      | rst_IBUF_inst/O                                                                                                    |               29 |             52 |         1.79 |
|  clk_IBUF_BUFG                                                                           | in_metrics[1][79]_i_1_n_11                                                                      | rst_IBUF_inst/O                                                                                                    |               27 |             52 |         1.93 |
|  clk_IBUF_BUFG                                                                           | in_metrics[2][109]_i_1_n_11                                                                     | rst_IBUF_inst/O                                                                                                    |               28 |             52 |         1.86 |
|  clk_IBUF_BUFG                                                                           | in_metrics[1][99]_i_1_n_11                                                                      | rst_IBUF_inst/O                                                                                                    |               28 |             52 |         1.86 |
|  clk_IBUF_BUFG                                                                           | in_metrics[2][119]_i_1_n_11                                                                     | rst_IBUF_inst/O                                                                                                    |               27 |             52 |         1.93 |
|  clk_IBUF_BUFG                                                                           | in_metrics[1][119]_i_1_n_11                                                                     | rst_IBUF_inst/O                                                                                                    |               30 |             52 |         1.73 |
|  clk_IBUF_BUFG                                                                           | in_metrics[1][29]_i_1_n_11                                                                      | rst_IBUF_inst/O                                                                                                    |               29 |             52 |         1.79 |
|  clk_IBUF_BUFG                                                                           | in_metrics[1][19]_i_1_n_11                                                                      | rst_IBUF_inst/O                                                                                                    |               23 |             52 |         2.26 |
|  clk_IBUF_BUFG                                                                           | in_metrics[2][29]_i_1_n_11                                                                      | rst_IBUF_inst/O                                                                                                    |               32 |             52 |         1.62 |
|  clk_IBUF_BUFG                                                                           | in_metrics[6][89]_i_1_n_11                                                                      | rst_IBUF_inst/O                                                                                                    |               28 |             52 |         1.86 |
|  clk_IBUF_BUFG                                                                           | in_metrics[1][39]_i_1_n_11                                                                      | rst_IBUF_inst/O                                                                                                    |               31 |             52 |         1.68 |
|  clk_IBUF_BUFG                                                                           | in_metrics[1][89]_i_1_n_11                                                                      | rst_IBUF_inst/O                                                                                                    |               28 |             52 |         1.86 |
|  clk_IBUF_BUFG                                                                           | in_metrics[119]                                                                                 | rst_IBUF_inst/O                                                                                                    |               24 |             52 |         2.17 |
|  clk_IBUF_BUFG                                                                           | in_metrics[1][59]_i_1_n_11                                                                      | rst_IBUF_inst/O                                                                                                    |               27 |             52 |         1.93 |
|  clk_IBUF_BUFG                                                                           | in_metrics[2][39]_i_1_n_11                                                                      | rst_IBUF_inst/O                                                                                                    |               35 |             52 |         1.49 |
|  clk_IBUF_BUFG                                                                           | in_metrics[1][109]_i_1_n_11                                                                     | rst_IBUF_inst/O                                                                                                    |               22 |             52 |         2.36 |
|  clk_IBUF_BUFG                                                                           | in_metrics[1][9]_i_1_n_11                                                                       | rst_IBUF_inst/O                                                                                                    |               22 |             52 |         2.36 |
|  clk_IBUF_BUFG                                                                           | in_metrics[2][69]_i_1_n_11                                                                      | rst_IBUF_inst/O                                                                                                    |               25 |             52 |         2.08 |
|  clk_IBUF_BUFG                                                                           | in_metrics[3][69]_i_1_n_11                                                                      | rst_IBUF_inst/O                                                                                                    |               30 |             52 |         1.73 |
|  clk_IBUF_BUFG                                                                           | in_metrics[4][49]_i_1_n_11                                                                      | rst_IBUF_inst/O                                                                                                    |               32 |             52 |         1.62 |
|  clk_IBUF_BUFG                                                                           | in_metrics[6][79]_i_1_n_11                                                                      | rst_IBUF_inst/O                                                                                                    |               27 |             52 |         1.93 |
|  clk_IBUF_BUFG                                                                           | in_metrics[2][89]_i_1_n_11                                                                      | rst_IBUF_inst/O                                                                                                    |               32 |             52 |         1.62 |
|  clk_IBUF_BUFG                                                                           | in_metrics[5][89]_i_1_n_11                                                                      | rst_IBUF_inst/O                                                                                                    |               29 |             52 |         1.79 |
|  clk_IBUF_BUFG                                                                           | in_metrics[4][19]_i_1_n_11                                                                      | rst_IBUF_inst/O                                                                                                    |               25 |             52 |         2.08 |
|  clk_IBUF_BUFG                                                                           | in_metrics[6][19]_i_1_n_11                                                                      | rst_IBUF_inst/O                                                                                                    |               29 |             52 |         1.79 |
|  clk_IBUF_BUFG                                                                           | in_metrics[6][39]_i_1_n_11                                                                      | rst_IBUF_inst/O                                                                                                    |               35 |             52 |         1.49 |
|  clk_IBUF_BUFG                                                                           | in_metrics[6][29]_i_1_n_11                                                                      | rst_IBUF_inst/O                                                                                                    |               33 |             52 |         1.58 |
|  clk_IBUF_BUFG                                                                           | in_metrics[7][49]_i_1_n_11                                                                      | rst_IBUF_inst/O                                                                                                    |               27 |             52 |         1.93 |
|  clk_IBUF_BUFG                                                                           | in_metrics[6][99]_i_1_n_11                                                                      | rst_IBUF_inst/O                                                                                                    |               25 |             52 |         2.08 |
|  clk_IBUF_BUFG                                                                           | in_metrics[6][9]_i_1_n_11                                                                       | rst_IBUF_inst/O                                                                                                    |               23 |             52 |         2.26 |
|  clk_IBUF_BUFG                                                                           | in_metrics[4][119]_i_1_n_11                                                                     | rst_IBUF_inst/O                                                                                                    |               26 |             52 |         2.00 |
|  clk_IBUF_BUFG                                                                           | in_metrics[3][119]_i_1_n_11                                                                     | rst_IBUF_inst/O                                                                                                    |               27 |             52 |         1.93 |
|  clk_IBUF_BUFG                                                                           | in_metrics[6][119]_i_1_n_11                                                                     | rst_IBUF_inst/O                                                                                                    |               26 |             52 |         2.00 |
|  clk_IBUF_BUFG                                                                           | in_metrics[7][109]_i_1_n_11                                                                     | rst_IBUF_inst/O                                                                                                    |               21 |             52 |         2.48 |
|  clk_IBUF_BUFG                                                                           | in_metrics[3][89]_i_1_n_11                                                                      | rst_IBUF_inst/O                                                                                                    |               27 |             52 |         1.93 |
|  clk_IBUF_BUFG                                                                           | in_metrics[3][109]_i_1_n_11                                                                     | rst_IBUF_inst/O                                                                                                    |               22 |             52 |         2.36 |
|  clk_IBUF_BUFG                                                                           | in_metrics[4][79]_i_1_n_11                                                                      | rst_IBUF_inst/O                                                                                                    |               29 |             52 |         1.79 |
|  clk_IBUF_BUFG                                                                           | in_metrics[4][99]_i_1_n_11                                                                      | rst_IBUF_inst/O                                                                                                    |               28 |             52 |         1.86 |
|  clk_IBUF_BUFG                                                                           | in_metrics[5][19]_i_1_n_11                                                                      | rst_IBUF_inst/O                                                                                                    |               27 |             52 |         1.93 |
|  clk_IBUF_BUFG                                                                           | in_metrics[3][49]_i_1_n_11                                                                      | rst_IBUF_inst/O                                                                                                    |               23 |             52 |         2.26 |
|  clk_IBUF_BUFG                                                                           | in_metrics[4][109]_i_1_n_11                                                                     | rst_IBUF_inst/O                                                                                                    |               24 |             52 |         2.17 |
|  clk_IBUF_BUFG                                                                           | in_metrics[4][29]_i_1_n_11                                                                      | rst_IBUF_inst/O                                                                                                    |               31 |             52 |         1.68 |
|  clk_IBUF_BUFG                                                                           | in_metrics[3][79]_i_1_n_11                                                                      | rst_IBUF_inst/O                                                                                                    |               25 |             52 |         2.08 |
|  clk_IBUF_BUFG                                                                           | in_metrics[3][99]_i_1_n_11                                                                      | rst_IBUF_inst/O                                                                                                    |               21 |             52 |         2.48 |
|  clk_IBUF_BUFG                                                                           | in_metrics[4][39]_i_1_n_11                                                                      | rst_IBUF_inst/O                                                                                                    |               32 |             52 |         1.62 |
|  clk_IBUF_BUFG                                                                           | in_metrics[4][69]_i_1_n_11                                                                      | rst_IBUF_inst/O                                                                                                    |               28 |             52 |         1.86 |
|  clk_IBUF_BUFG                                                                           | in_metrics[3][29]_i_1_n_11                                                                      | rst_IBUF_inst/O                                                                                                    |               30 |             52 |         1.73 |
|  clk_IBUF_BUFG                                                                           | in_metrics[4][9]_i_1_n_11                                                                       | rst_IBUF_inst/O                                                                                                    |               24 |             52 |         2.17 |
|  clk_IBUF_BUFG                                                                           | in_metrics[5][119]_i_1_n_11                                                                     | rst_IBUF_inst/O                                                                                                    |               27 |             52 |         1.93 |
|  clk_IBUF_BUFG                                                                           | in_metrics[5][29]_i_1_n_11                                                                      | rst_IBUF_inst/O                                                                                                    |               30 |             52 |         1.73 |
|  clk_IBUF_BUFG                                                                           | in_metrics[5][59]_i_1_n_11                                                                      | rst_IBUF_inst/O                                                                                                    |               28 |             52 |         1.86 |
|  clk_IBUF_BUFG                                                                           | in_metrics[5][9]_i_1_n_11                                                                       | rst_IBUF_inst/O                                                                                                    |               23 |             52 |         2.26 |
|  clk_IBUF_BUFG                                                                           | in_metrics[6][49]_i_1_n_11                                                                      | rst_IBUF_inst/O                                                                                                    |               30 |             52 |         1.73 |
|  clk_IBUF_BUFG                                                                           | in_metrics[3][9]_i_1_n_11                                                                       | rst_IBUF_inst/O                                                                                                    |               24 |             52 |         2.17 |
|  clk_IBUF_BUFG                                                                           | in_metrics[5][109]_i_1_n_11                                                                     | rst_IBUF_inst/O                                                                                                    |               22 |             52 |         2.36 |
|  clk_IBUF_BUFG                                                                           | in_metrics[2][9]_i_1_n_11                                                                       | rst_IBUF_inst/O                                                                                                    |               22 |             52 |         2.36 |
|  clk_IBUF_BUFG                                                                           | in_metrics[2][99]_i_1_n_11                                                                      | rst_IBUF_inst/O                                                                                                    |               23 |             52 |         2.26 |
|  clk_IBUF_BUFG                                                                           | in_metrics[5][69]_i_1_n_11                                                                      | rst_IBUF_inst/O                                                                                                    |               28 |             52 |         1.86 |
|  clk_IBUF_BUFG                                                                           | in_metrics[2][79]_i_1_n_11                                                                      | rst_IBUF_inst/O                                                                                                    |               26 |             52 |         2.00 |
|  clk_IBUF_BUFG                                                                           | in_metrics[2][59]_i_1_n_11                                                                      | rst_IBUF_inst/O                                                                                                    |               31 |             52 |         1.68 |
|  clk_IBUF_BUFG                                                                           | in_metrics[5][39]_i_1_n_11                                                                      | rst_IBUF_inst/O                                                                                                    |               35 |             52 |         1.49 |
|  clk_IBUF_BUFG                                                                           | in_metrics[4][89]_i_1_n_11                                                                      | rst_IBUF_inst/O                                                                                                    |               32 |             52 |         1.62 |
|  clk_IBUF_BUFG                                                                           | in_metrics[2][49]_i_1_n_11                                                                      | rst_IBUF_inst/O                                                                                                    |               32 |             52 |         1.62 |
|  clk_IBUF_BUFG                                                                           | in_metrics[3][19]_i_1_n_11                                                                      | rst_IBUF_inst/O                                                                                                    |               28 |             52 |         1.86 |
|  clk_IBUF_BUFG                                                                           | in_metrics[3][39]_i_1_n_11                                                                      | rst_IBUF_inst/O                                                                                                    |               32 |             52 |         1.62 |
|  clk_IBUF_BUFG                                                                           | in_metrics[5][49]_i_1_n_11                                                                      | rst_IBUF_inst/O                                                                                                    |               28 |             52 |         1.86 |
|  clk_IBUF_BUFG                                                                           | in_metrics[5][79]_i_1_n_11                                                                      | rst_IBUF_inst/O                                                                                                    |               30 |             52 |         1.73 |
|  clk_IBUF_BUFG                                                                           | in_metrics[5][99]_i_1_n_11                                                                      | rst_IBUF_inst/O                                                                                                    |               24 |             52 |         2.17 |
|  clk_IBUF_BUFG                                                                           | in_metrics[6][59]_i_1_n_11                                                                      | rst_IBUF_inst/O                                                                                                    |               29 |             52 |         1.79 |
|  clk_IBUF_BUFG                                                                           | in_metrics[6][69]_i_1_n_11                                                                      | rst_IBUF_inst/O                                                                                                    |               31 |             52 |         1.68 |
|  clk_IBUF_BUFG                                                                           | in_metrics[3][59]_i_1_n_11                                                                      | rst_IBUF_inst/O                                                                                                    |               29 |             52 |         1.79 |
|  clk_IBUF_BUFG                                                                           | in_metrics[4][59]_i_1_n_11                                                                      | rst_IBUF_inst/O                                                                                                    |               27 |             52 |         1.93 |
|  clk_IBUF_BUFG                                                                           | in_metrics[6][109]_i_1_n_11                                                                     | rst_IBUF_inst/O                                                                                                    |               25 |             52 |         2.08 |
|  clk_IBUF_BUFG                                                                           | in_metrics[7][89]_i_1_n_11                                                                      | rst_IBUF_inst/O                                                                                                    |               29 |             52 |         1.79 |
|  clk_IBUF_BUFG                                                                           | in_metrics[7][119]_i_1_n_11                                                                     | rst_IBUF_inst/O                                                                                                    |               26 |             52 |         2.00 |
|  clk_IBUF_BUFG                                                                           | in_metrics[2][19]_i_1_n_11                                                                      | rst_IBUF_inst/O                                                                                                    |               26 |             52 |         2.00 |
|  clk_IBUF_BUFG                                                                           | in_metrics[7][29]_i_1_n_11                                                                      | rst_IBUF_inst/O                                                                                                    |               31 |             52 |         1.68 |
|  clk_IBUF_BUFG                                                                           | in_metrics[7][39]_i_1_n_11                                                                      | rst_IBUF_inst/O                                                                                                    |               32 |             52 |         1.62 |
|  clk_IBUF_BUFG                                                                           | in_metrics[7][99]_i_1_n_11                                                                      | rst_IBUF_inst/O                                                                                                    |               24 |             52 |         2.17 |
|  clk_IBUF_BUFG                                                                           | in_metrics[7][79]_i_1_n_11                                                                      | rst_IBUF_inst/O                                                                                                    |               22 |             52 |         2.36 |
|  clk_IBUF_BUFG                                                                           | in_metrics[7][69]_i_1_n_11                                                                      | rst_IBUF_inst/O                                                                                                    |               28 |             52 |         1.86 |
|  clk_IBUF_BUFG                                                                           | in_metrics[7][9]_i_1_n_11                                                                       | rst_IBUF_inst/O                                                                                                    |               21 |             52 |         2.48 |
|  clk_IBUF_BUFG                                                                           | in_metrics[7][59]_i_1_n_11                                                                      | rst_IBUF_inst/O                                                                                                    |               24 |             52 |         2.17 |
|  clk_IBUF_BUFG                                                                           | in_metrics[7][19]_i_1_n_11                                                                      | rst_IBUF_inst/O                                                                                                    |               27 |             52 |         1.93 |
|  clk_IBUF_BUFG                                                                           | in_metrics[9]                                                                                   | rst_IBUF_inst/O                                                                                                    |               25 |             52 |         2.08 |
|  clk_IBUF_BUFG                                                                           | in_metrics[19]                                                                                  | rst_IBUF_inst/O                                                                                                    |               26 |             52 |         2.00 |
|  clk_IBUF_BUFG                                                                           | in_metrics[99]                                                                                  | rst_IBUF_inst/O                                                                                                    |               27 |             52 |         1.93 |
|  clk_IBUF_BUFG                                                                           | in_metrics[109]                                                                                 | rst_IBUF_inst/O                                                                                                    |               25 |             52 |         2.08 |
|  clk_IBUF_BUFG                                                                           | in_metrics[89]                                                                                  | rst_IBUF_inst/O                                                                                                    |               29 |             52 |         1.79 |
|  clk_IBUF_BUFG                                                                           | dut/FSM.act_reg_n_11                                                                            | dut/FSM.start                                                                                                      |               29 |             68 |         2.34 |
|  clk_IBUF_BUFG                                                                           | start_reg_n_11_repN_1                                                                           |                                                                                                                    |               16 |             72 |         4.50 |
|  clk_IBUF_BUFG                                                                           | start_reg_n_11_repN_18                                                                          |                                                                                                                    |               36 |             94 |         2.61 |
|  clk_IBUF_BUFG                                                                           | start_reg_n_11_repN_24                                                                          |                                                                                                                    |               32 |            101 |         3.16 |
|  clk_IBUF_BUFG                                                                           | start_reg_n_11_repN_11                                                                          |                                                                                                                    |               39 |            102 |         2.62 |
|  clk_IBUF_BUFG                                                                           | start_reg_n_11_repN_25                                                                          |                                                                                                                    |               24 |            113 |         4.71 |
|  clk_IBUF_BUFG                                                                           | start_reg_n_11_repN_4                                                                           |                                                                                                                    |               37 |            114 |         3.08 |
|  clk_IBUF_BUFG                                                                           | start_reg_n_11_repN_26                                                                          |                                                                                                                    |               44 |            124 |         2.82 |
|  clk_IBUF_BUFG                                                                           | start_reg_n_11_repN_3                                                                           |                                                                                                                    |               44 |            129 |         2.93 |
|  clk_IBUF_BUFG                                                                           | start_reg_n_11_repN_15                                                                          |                                                                                                                    |               37 |            137 |         3.70 |
|  clk_IBUF_BUFG                                                                           | start_reg_n_11_repN_8                                                                           |                                                                                                                    |               41 |            138 |         3.37 |
|  clk_IBUF_BUFG                                                                           | start_reg_n_11_repN_21                                                                          |                                                                                                                    |               36 |            139 |         3.86 |
|  clk_IBUF_BUFG                                                                           | start_reg_n_11_repN_27                                                                          |                                                                                                                    |               43 |            141 |         3.28 |
|  clk_IBUF_BUFG                                                                           | start_reg_n_11_repN_6                                                                           |                                                                                                                    |               47 |            152 |         3.23 |
|  clk_IBUF_BUFG                                                                           | start_reg_n_11_repN_28                                                                          |                                                                                                                    |               49 |            153 |         3.12 |
|  clk_IBUF_BUFG                                                                           | start_reg_n_11_repN_22                                                                          |                                                                                                                    |               41 |            153 |         3.73 |
|  clk_IBUF_BUFG                                                                           | start_reg_n_11_repN_29                                                                          |                                                                                                                    |               40 |            156 |         3.90 |
|  clk_IBUF_BUFG                                                                           | start_reg_n_11_repN_10                                                                          |                                                                                                                    |               41 |            159 |         3.88 |
|  clk_IBUF_BUFG                                                                           | dut/FSM.COSSET[3].unite_lists/genblk1_1.dut/AB_m_2[0][9]_i_1_n_11                               |                                                                                                                    |               82 |            168 |         2.05 |
|  clk_IBUF_BUFG                                                                           | dut/FSM.COSSET[5].unite_lists/genblk1_1.dut/AB_m_2[0][9]_i_1_n_11                               |                                                                                                                    |               80 |            168 |         2.10 |
|  clk_IBUF_BUFG                                                                           | dut/FSM.COSSET[6].unite_lists/genblk1_1.dut/AB_m_2[0][9]_i_1_n_11                               |                                                                                                                    |               73 |            168 |         2.30 |
|  clk_IBUF_BUFG                                                                           | dut/FSM.COSSET[7].unite_lists/genblk1_1.dut/AB_m_2[0][9]_i_1_n_11                               |                                                                                                                    |               80 |            168 |         2.10 |
|  clk_IBUF_BUFG                                                                           | dut/FSM.COSSET[1].unite_lists/genblk1_1.dut/AB_m_2[0][9]_i_1_n_11                               |                                                                                                                    |               90 |            168 |         1.87 |
|  clk_IBUF_BUFG                                                                           | dut/FSM.COSSET[0].unite_lists/genblk1_1.dut/AB_m_2[0][9]_i_1_n_11                               |                                                                                                                    |               89 |            168 |         1.89 |
|  clk_IBUF_BUFG                                                                           | dut/FSM.COSSET[4].unite_lists/genblk1_1.dut/AB_m_2[0][9]_i_1_n_11                               |                                                                                                                    |               88 |            168 |         1.91 |
|  clk_IBUF_BUFG                                                                           | dut/FSM.COSSET[2].unite_lists/genblk1_1.dut/AB_m_2[0][9]_i_1_n_11                               |                                                                                                                    |               72 |            168 |         2.33 |
|  clk_IBUF_BUFG                                                                           | start_reg_n_11_repN_13                                                                          |                                                                                                                    |               41 |            175 |         4.27 |
|  clk_IBUF_BUFG                                                                           | start_reg_n_11_repN_20                                                                          |                                                                                                                    |               55 |            176 |         3.20 |
|  clk_IBUF_BUFG                                                                           | start_reg_n_11_repN_7                                                                           |                                                                                                                    |               50 |            186 |         3.72 |
|  clk_IBUF_BUFG                                                                           | start_reg_n_11_repN_14                                                                          |                                                                                                                    |               58 |            189 |         3.26 |
|  clk_IBUF_BUFG                                                                           | start_reg_n_11_repN_12                                                                          |                                                                                                                    |               54 |            198 |         3.67 |
|  clk_IBUF_BUFG                                                                           | start_reg_n_11_repN_23                                                                          |                                                                                                                    |               61 |            199 |         3.26 |
|  clk_IBUF_BUFG                                                                           | start_reg_n_11_repN                                                                             |                                                                                                                    |               67 |            199 |         2.97 |
|  clk_IBUF_BUFG                                                                           | start_reg_n_11_repN_17                                                                          |                                                                                                                    |               59 |            202 |         3.42 |
|  clk_IBUF_BUFG                                                                           | start_reg_n_11_repN_16                                                                          |                                                                                                                    |               65 |            203 |         3.12 |
|  clk_IBUF_BUFG                                                                           | start_reg_n_11_repN_30                                                                          |                                                                                                                    |               49 |            207 |         4.22 |
|  clk_IBUF_BUFG                                                                           | start_reg_n_11_repN_9                                                                           |                                                                                                                    |               57 |            209 |         3.67 |
|  clk_IBUF_BUFG                                                                           | start_reg_n_11_repN_2                                                                           |                                                                                                                    |               58 |            218 |         3.76 |
|  clk_IBUF_BUFG                                                                           | start_reg_n_11_repN_19                                                                          |                                                                                                                    |               62 |            222 |         3.58 |
|  clk_IBUF_BUFG                                                                           | start_reg_n_11_repN_5                                                                           |                                                                                                                    |               50 |            231 |         4.62 |
|  clk_IBUF_BUFG                                                                           | dut/FSM.COSSET[2].unite_lists/genblk1_1.dut/E[0]                                                |                                                                                                                    |              394 |           2016 |         5.12 |
|  clk_IBUF_BUFG                                                                           | dut/FSM.COSSET[2].unite_lists/genblk1_1.dut/FSM.out_cnt_reg[4][1][0]                            |                                                                                                                    |              517 |           2016 |         3.90 |
|  clk_IBUF_BUFG                                                                           | dut/FSM.COSSET[2].unite_lists/genblk1_1.dut/FSM.out_cnt_reg[7][1][0]                            |                                                                                                                    |              314 |           2016 |         6.42 |
|  clk_IBUF_BUFG                                                                           | dut/FSM.COSSET[2].unite_lists/genblk1_1.dut/FSM.out_cnt_reg[0][1][0]                            |                                                                                                                    |              294 |           2016 |         6.86 |
|  clk_IBUF_BUFG                                                                           | dut/FSM.COSSET[2].unite_lists/genblk1_1.dut/FSM.out_cnt_reg[1][1][0]                            |                                                                                                                    |              382 |           2016 |         5.28 |
|  clk_IBUF_BUFG                                                                           | dut/FSM.COSSET[2].unite_lists/genblk1_1.dut/FSM.out_cnt_reg[2][1][0]                            |                                                                                                                    |              320 |           2016 |         6.30 |
|  clk_IBUF_BUFG                                                                           | dut/FSM.COSSET[2].unite_lists/genblk1_1.dut/FSM.out_cnt_reg[3][1][0]                            |                                                                                                                    |              668 |           2016 |         3.02 |
|  clk_IBUF_BUFG                                                                           | dut/FSM.COSSET[2].unite_lists/genblk1_1.dut/FSM.out_cnt_reg[6][1][0]                            |                                                                                                                    |              272 |           2016 |         7.41 |
|  clk_IBUF_BUFG                                                                           | dut/FSM.COSSET[2].merge_tree/gen_layer[1].gen_node[0].merge_inst/genblk2[1].valid_pipe_reg[5]_0 | rst_IBUF_inst/O                                                                                                    |              417 |           4032 |         9.67 |
|  clk_IBUF_BUFG                                                                           |                                                                                                 |                                                                                                                    |            16669 |         133579 |         8.01 |
+------------------------------------------------------------------------------------------+-------------------------------------------------------------------------------------------------+--------------------------------------------------------------------------------------------------------------------+------------------+----------------+--------------+


