Copyright 1986-2022 Xilinx, Inc. All Rights Reserved.
--------------------------------------------------------------------------------------------------------------------------------------------------------------------------
| Tool Version : Vivado v.2022.1 (win64) Build 3526262 Mon Apr 18 15:48:16 MDT 2022
| Date         : Mon Apr 27 15:50:00 2026
| Host         : feduuk running 64-bit major release  (build 9200)
| Command      : report_methodology -file SS12_wrapper_methodology_drc_routed.rpt -pb SS12_wrapper_methodology_drc_routed.pb -rpx SS12_wrapper_methodology_drc_routed.rpx
| Design       : SS12_wrapper
| Device       : xcku035-fbva676-1-i
| Speed File   : -1
| Design State : Fully Routed
--------------------------------------------------------------------------------------------------------------------------------------------------------------------------

Report Methodology

Table of Contents
-----------------
1. REPORT SUMMARY
2. REPORT DETAILS

1. REPORT SUMMARY
-----------------
            Netlist: netlist
          Floorplan: design_1
      Design limits: <entire design considered>
             Max violations: <unlimited>
             Violations found: 1300
+-----------+----------+--------------------------------+------------+
| Rule      | Severity | Description                    | Violations |
+-----------+----------+--------------------------------+------------+
| TIMING-16 | Warning  | Large setup violation          | 1000       |
| TIMING-18 | Warning  | Missing input or output delay  | 59         |
| TIMING-20 | Warning  | Non-clocked latch              | 240        |
| LATCH-1   | Advisory | Existing latches in the design | 1          |
+-----------+----------+--------------------------------+------------+

2. REPORT DETAILS
-----------------
TIMING-16#1 Warning
Large setup violation  
There is a large setup violation of -1.000 ns between dut/A0Bb[1].SS/sig_summ_r_reg[6][1]/C (clocked by sys_clk_pin) and dut/A0Bb[1].SS/c_slots_r_reg[1][6]/D (clocked by sys_clk_pin). Large setup violations at the end of those stages might be difficult to fix during the post-placement implementation flow and could be the result of non-optimal XDC constraints or non-optimal design architecture
Related violations: <none>

TIMING-16#2 Warning
Large setup violation  
There is a large setup violation of -1.001 ns between dut/AaB0[1].SS/c_m1_r_reg[1][6]/C (clocked by sys_clk_pin) and dut/AB_m_a0_r_reg[0][1][6]/D (clocked by sys_clk_pin). Large setup violations at the end of those stages might be difficult to fix during the post-placement implementation flow and could be the result of non-optimal XDC constraints or non-optimal design architecture
Related violations: <none>

TIMING-16#3 Warning
Large setup violation  
There is a large setup violation of -1.001 ns between dut/AaB0[1].SS/c_slots_r_reg[2][3]/C (clocked by sys_clk_pin) and dut/AaB0[1].SS/c_m1_r_reg[1][5]/D (clocked by sys_clk_pin). Large setup violations at the end of those stages might be difficult to fix during the post-placement implementation flow and could be the result of non-optimal XDC constraints or non-optimal design architecture
Related violations: <none>

TIMING-16#4 Warning
Large setup violation  
There is a large setup violation of -1.001 ns between dut/SS_00/m_p_reg[1][1][7]/C (clocked by sys_clk_pin) and dut/SS_00/idx_p_reg[2][1][1]/D (clocked by sys_clk_pin). Large setup violations at the end of those stages might be difficult to fix during the post-placement implementation flow and could be the result of non-optimal XDC constraints or non-optimal design architecture
Related violations: <none>

TIMING-16#5 Warning
Large setup violation  
There is a large setup violation of -1.003 ns between dut/SS_00/m_p_reg[0][7][0]/C (clocked by sys_clk_pin) and dut/SS_00/m_p_reg[1][5][2]/D (clocked by sys_clk_pin). Large setup violations at the end of those stages might be difficult to fix during the post-placement implementation flow and could be the result of non-optimal XDC constraints or non-optimal design architecture
Related violations: <none>

TIMING-16#6 Warning
Large setup violation  
There is a large setup violation of -1.004 ns between dut/ss_idx_r_reg[1][1]/C (clocked by sys_clk_pin) and dut/AB_m_2_reg[2][1]/CE (clocked by sys_clk_pin). Large setup violations at the end of those stages might be difficult to fix during the post-placement implementation flow and could be the result of non-optimal XDC constraints or non-optimal design architecture
Related violations: <none>

TIMING-16#7 Warning
Large setup violation  
There is a large setup violation of -1.005 ns between dut/B0_m_reg[0][16]/C (clocked by sys_clk_pin) and dut/AaB0[1].SS/sig_summ_r_reg[1][3]/D (clocked by sys_clk_pin). Large setup violations at the end of those stages might be difficult to fix during the post-placement implementation flow and could be the result of non-optimal XDC constraints or non-optimal design architecture
Related violations: <none>

TIMING-16#8 Warning
Large setup violation  
There is a large setup violation of -1.006 ns between dut/A0_m_reg[0][3]/C (clocked by sys_clk_pin) and dut/A0Bb[2].SS/sig_summ_r_reg[7][5]/D (clocked by sys_clk_pin). Large setup violations at the end of those stages might be difficult to fix during the post-placement implementation flow and could be the result of non-optimal XDC constraints or non-optimal design architecture
Related violations: <none>

TIMING-16#9 Warning
Large setup violation  
There is a large setup violation of -1.007 ns between dut/SS_11/sig_summ_r_reg[5][0]/C (clocked by sys_clk_pin) and dut/SS_11/c_slots_r_reg[2][2]/D (clocked by sys_clk_pin). Large setup violations at the end of those stages might be difficult to fix during the post-placement implementation flow and could be the result of non-optimal XDC constraints or non-optimal design architecture
Related violations: <none>

TIMING-16#10 Warning
Large setup violation  
There is a large setup violation of -1.010 ns between dut/A0_m_reg[1][19]/C (clocked by sys_clk_pin) and dut/AaB0[1].SS/sig_summ_r_reg[3][8]/D (clocked by sys_clk_pin). Large setup violations at the end of those stages might be difficult to fix during the post-placement implementation flow and could be the result of non-optimal XDC constraints or non-optimal design architecture
Related violations: <none>

TIMING-16#11 Warning
Large setup violation  
There is a large setup violation of -1.010 ns between dut/A0_m_reg[1][26]/C (clocked by sys_clk_pin) and dut/SS_11/sig_summ_r_reg[0][5]/D (clocked by sys_clk_pin). Large setup violations at the end of those stages might be difficult to fix during the post-placement implementation flow and could be the result of non-optimal XDC constraints or non-optimal design architecture
Related violations: <none>

TIMING-16#12 Warning
Large setup violation  
There is a large setup violation of -1.010 ns between dut/A0_m_reg[1][27]/C (clocked by sys_clk_pin) and dut/SS_11/sig_summ_r_reg[4][7]/D (clocked by sys_clk_pin). Large setup violations at the end of those stages might be difficult to fix during the post-placement implementation flow and could be the result of non-optimal XDC constraints or non-optimal design architecture
Related violations: <none>

TIMING-16#13 Warning
Large setup violation  
There is a large setup violation of -1.011 ns between dut/A0_m_reg[0][19]/C (clocked by sys_clk_pin) and dut/A0Bb[2].SS/sig_summ_r_reg[2][8]/D (clocked by sys_clk_pin). Large setup violations at the end of those stages might be difficult to fix during the post-placement implementation flow and could be the result of non-optimal XDC constraints or non-optimal design architecture
Related violations: <none>

TIMING-16#14 Warning
Large setup violation  
There is a large setup violation of -1.011 ns between dut/SS_00/m_p_reg[3][4][6]/C (clocked by sys_clk_pin) and dut/SS_00/m_p_reg[4][4][5]/D (clocked by sys_clk_pin). Large setup violations at the end of those stages might be difficult to fix during the post-placement implementation flow and could be the result of non-optimal XDC constraints or non-optimal design architecture
Related violations: <none>

TIMING-16#15 Warning
Large setup violation  
There is a large setup violation of -1.012 ns between dut/B0_m_reg[0][11]/C (clocked by sys_clk_pin) and dut/AaB0[2].SS/sig_summ_r_reg[4][7]/D (clocked by sys_clk_pin). Large setup violations at the end of those stages might be difficult to fix during the post-placement implementation flow and could be the result of non-optimal XDC constraints or non-optimal design architecture
Related violations: <none>

TIMING-16#16 Warning
Large setup violation  
There is a large setup violation of -1.013 ns between dut/B0_m_reg[1][25]/C (clocked by sys_clk_pin) and dut/SS_11/sig_summ_r_reg[6][8]/D (clocked by sys_clk_pin). Large setup violations at the end of those stages might be difficult to fix during the post-placement implementation flow and could be the result of non-optimal XDC constraints or non-optimal design architecture
Related violations: <none>

TIMING-16#17 Warning
Large setup violation  
There is a large setup violation of -1.014 ns between dut/B0_m_reg[0][29]/C (clocked by sys_clk_pin) and dut/AaB0[1].SS/sig_summ_r_reg[0][6]/D (clocked by sys_clk_pin). Large setup violations at the end of those stages might be difficult to fix during the post-placement implementation flow and could be the result of non-optimal XDC constraints or non-optimal design architecture
Related violations: <none>

TIMING-16#18 Warning
Large setup violation  
There is a large setup violation of -1.015 ns between dut/B0_m_reg[0][25]/C (clocked by sys_clk_pin) and dut/AaB0[2].SS/sig_summ_r_reg[7][1]/D (clocked by sys_clk_pin). Large setup violations at the end of those stages might be difficult to fix during the post-placement implementation flow and could be the result of non-optimal XDC constraints or non-optimal design architecture
Related violations: <none>

TIMING-16#19 Warning
Large setup violation  
There is a large setup violation of -1.015 ns between dut/B0_m_reg[0][29]/C (clocked by sys_clk_pin) and dut/AaB0[2].SS/sig_summ_r_reg[0][6]/D (clocked by sys_clk_pin). Large setup violations at the end of those stages might be difficult to fix during the post-placement implementation flow and could be the result of non-optimal XDC constraints or non-optimal design architecture
Related violations: <none>

TIMING-16#20 Warning
Large setup violation  
There is a large setup violation of -1.017 ns between dut/B0_m_reg[0][20]/C (clocked by sys_clk_pin) and dut/AaB0[2].SS/sig_summ_r_reg[1][5]/D (clocked by sys_clk_pin). Large setup violations at the end of those stages might be difficult to fix during the post-placement implementation flow and could be the result of non-optimal XDC constraints or non-optimal design architecture
Related violations: <none>

TIMING-16#21 Warning
Large setup violation  
There is a large setup violation of -1.019 ns between dut/A0Bb[2].SS/c_m1_r_reg[0][4]/C (clocked by sys_clk_pin) and dut/AB_m_0b_r_reg[1][1][4]/D (clocked by sys_clk_pin). Large setup violations at the end of those stages might be difficult to fix during the post-placement implementation flow and could be the result of non-optimal XDC constraints or non-optimal design architecture
Related violations: <none>

TIMING-16#22 Warning
Large setup violation  
There is a large setup violation of -1.019 ns between dut/A0_m_reg[0][26]/C (clocked by sys_clk_pin) and dut/A0Bb[2].SS/sig_summ_r_reg[4][3]/D (clocked by sys_clk_pin). Large setup violations at the end of those stages might be difficult to fix during the post-placement implementation flow and could be the result of non-optimal XDC constraints or non-optimal design architecture
Related violations: <none>

TIMING-16#23 Warning
Large setup violation  
There is a large setup violation of -1.019 ns between dut/SS_00/m_p_reg[0][4][2]/C (clocked by sys_clk_pin) and dut/SS_00/m_p_reg[1][4][1]/D (clocked by sys_clk_pin). Large setup violations at the end of those stages might be difficult to fix during the post-placement implementation flow and could be the result of non-optimal XDC constraints or non-optimal design architecture
Related violations: <none>

TIMING-16#24 Warning
Large setup violation  
There is a large setup violation of -1.020 ns between dut/A0_m_reg[0][26]/C (clocked by sys_clk_pin) and dut/A0Bb[2].SS/sig_summ_r_reg[5][6]/D (clocked by sys_clk_pin). Large setup violations at the end of those stages might be difficult to fix during the post-placement implementation flow and could be the result of non-optimal XDC constraints or non-optimal design architecture
Related violations: <none>

TIMING-16#25 Warning
Large setup violation  
There is a large setup violation of -1.021 ns between dut/SS_00/idx_p_reg[5][3][2]/C (clocked by sys_clk_pin) and dut/AB_l_00_r_reg[3][14]/D (clocked by sys_clk_pin). Large setup violations at the end of those stages might be difficult to fix during the post-placement implementation flow and could be the result of non-optimal XDC constraints or non-optimal design architecture
Related violations: <none>

TIMING-16#26 Warning
Large setup violation  
There is a large setup violation of -1.021 ns between dut/ss_idx_r_reg[1][1]/C (clocked by sys_clk_pin) and dut/AB_m_2_reg[3][0]/CE (clocked by sys_clk_pin). Large setup violations at the end of those stages might be difficult to fix during the post-placement implementation flow and could be the result of non-optimal XDC constraints or non-optimal design architecture
Related violations: <none>

TIMING-16#27 Warning
Large setup violation  
There is a large setup violation of -1.021 ns between dut/ss_idx_r_reg[1][1]/C (clocked by sys_clk_pin) and dut/AB_m_2_reg[3][2]/CE (clocked by sys_clk_pin). Large setup violations at the end of those stages might be difficult to fix during the post-placement implementation flow and could be the result of non-optimal XDC constraints or non-optimal design architecture
Related violations: <none>

TIMING-16#28 Warning
Large setup violation  
There is a large setup violation of -1.021 ns between dut/ss_idx_r_reg[1][1]/C (clocked by sys_clk_pin) and dut/AB_m_2_reg[3][3]/CE (clocked by sys_clk_pin). Large setup violations at the end of those stages might be difficult to fix during the post-placement implementation flow and could be the result of non-optimal XDC constraints or non-optimal design architecture
Related violations: <none>

TIMING-16#29 Warning
Large setup violation  
There is a large setup violation of -1.021 ns between dut/ss_idx_r_reg[1][1]/C (clocked by sys_clk_pin) and dut/AB_m_2_reg[3][4]/CE (clocked by sys_clk_pin). Large setup violations at the end of those stages might be difficult to fix during the post-placement implementation flow and could be the result of non-optimal XDC constraints or non-optimal design architecture
Related violations: <none>

TIMING-16#30 Warning
Large setup violation  
There is a large setup violation of -1.022 ns between dut/AaB0[2].SS/c_slots_r_reg[1][4]/C (clocked by sys_clk_pin) and dut/AaB0[2].SS/c_m1_r_reg[2][3]/D (clocked by sys_clk_pin). Large setup violations at the end of those stages might be difficult to fix during the post-placement implementation flow and could be the result of non-optimal XDC constraints or non-optimal design architecture
Related violations: <none>

TIMING-16#31 Warning
Large setup violation  
There is a large setup violation of -1.022 ns between dut/SS_00/m_p_reg[0][6][5]/C (clocked by sys_clk_pin) and dut/SS_00/m_p_reg[1][6][2]/D (clocked by sys_clk_pin). Large setup violations at the end of those stages might be difficult to fix during the post-placement implementation flow and could be the result of non-optimal XDC constraints or non-optimal design architecture
Related violations: <none>

TIMING-16#32 Warning
Large setup violation  
There is a large setup violation of -1.022 ns between dut/SS_00/m_p_reg[4][2][2]/C (clocked by sys_clk_pin) and dut/SS_00/m_p_reg[5][2][3]/D (clocked by sys_clk_pin). Large setup violations at the end of those stages might be difficult to fix during the post-placement implementation flow and could be the result of non-optimal XDC constraints or non-optimal design architecture
Related violations: <none>

TIMING-16#33 Warning
Large setup violation  
There is a large setup violation of -1.023 ns between dut/SS_00/m_p_reg[1][5][6]/C (clocked by sys_clk_pin) and dut/SS_00/m_p_reg[2][6][4]/D (clocked by sys_clk_pin). Large setup violations at the end of those stages might be difficult to fix during the post-placement implementation flow and could be the result of non-optimal XDC constraints or non-optimal design architecture
Related violations: <none>

TIMING-16#34 Warning
Large setup violation  
There is a large setup violation of -1.024 ns between dut/ss_idx_r_reg[1][0]/C (clocked by sys_clk_pin) and dut/AB_m_2_reg[3][2]/D (clocked by sys_clk_pin). Large setup violations at the end of those stages might be difficult to fix during the post-placement implementation flow and could be the result of non-optimal XDC constraints or non-optimal design architecture
Related violations: <none>

TIMING-16#35 Warning
Large setup violation  
There is a large setup violation of -1.025 ns between dut/A0Bb[2].SS/c_slots_r_reg[2][5]/C (clocked by sys_clk_pin) and dut/A0Bb[2].SS/c_m1_r_reg[1][2]/D (clocked by sys_clk_pin). Large setup violations at the end of those stages might be difficult to fix during the post-placement implementation flow and could be the result of non-optimal XDC constraints or non-optimal design architecture
Related violations: <none>

TIMING-16#36 Warning
Large setup violation  
There is a large setup violation of -1.025 ns between dut/SS_00/m_p_reg[0][6][5]/C (clocked by sys_clk_pin) and dut/SS_00/m_p_reg[1][4][2]/D (clocked by sys_clk_pin). Large setup violations at the end of those stages might be difficult to fix during the post-placement implementation flow and could be the result of non-optimal XDC constraints or non-optimal design architecture
Related violations: <none>

TIMING-16#37 Warning
Large setup violation  
There is a large setup violation of -1.026 ns between dut/A0_m_reg[0][26]/C (clocked by sys_clk_pin) and dut/A0Bb[2].SS/sig_summ_r_reg[5][4]/D (clocked by sys_clk_pin). Large setup violations at the end of those stages might be difficult to fix during the post-placement implementation flow and could be the result of non-optimal XDC constraints or non-optimal design architecture
Related violations: <none>

TIMING-16#38 Warning
Large setup violation  
There is a large setup violation of -1.026 ns between dut/A0_m_reg[0][3]/C (clocked by sys_clk_pin) and dut/A0Bb[2].SS/sig_summ_r_reg[7][7]/D (clocked by sys_clk_pin). Large setup violations at the end of those stages might be difficult to fix during the post-placement implementation flow and could be the result of non-optimal XDC constraints or non-optimal design architecture
Related violations: <none>

TIMING-16#39 Warning
Large setup violation  
There is a large setup violation of -1.026 ns between dut/AaB0[2].SS/c_m1_r_reg[1][1]/C (clocked by sys_clk_pin) and dut/AB_m_a0_r_reg[1][1][3]/D (clocked by sys_clk_pin). Large setup violations at the end of those stages might be difficult to fix during the post-placement implementation flow and could be the result of non-optimal XDC constraints or non-optimal design architecture
Related violations: <none>

TIMING-16#40 Warning
Large setup violation  
There is a large setup violation of -1.028 ns between dut/ss_idx_r_reg[1][1]/C (clocked by sys_clk_pin) and dut/AB_m_2_reg[3][5]/CE (clocked by sys_clk_pin). Large setup violations at the end of those stages might be difficult to fix during the post-placement implementation flow and could be the result of non-optimal XDC constraints or non-optimal design architecture
Related violations: <none>

TIMING-16#41 Warning
Large setup violation  
There is a large setup violation of -1.029 ns between dut/SS_00/m_p_reg[1][5][6]/C (clocked by sys_clk_pin) and dut/SS_00/m_p_reg[2][6][7]/D (clocked by sys_clk_pin). Large setup violations at the end of those stages might be difficult to fix during the post-placement implementation flow and could be the result of non-optimal XDC constraints or non-optimal design architecture
Related violations: <none>

TIMING-16#42 Warning
Large setup violation  
There is a large setup violation of -1.030 ns between dut/A0_m_reg[1][26]/C (clocked by sys_clk_pin) and dut/SS_11/sig_summ_r_reg[0][7]/D (clocked by sys_clk_pin). Large setup violations at the end of those stages might be difficult to fix during the post-placement implementation flow and could be the result of non-optimal XDC constraints or non-optimal design architecture
Related violations: <none>

TIMING-16#43 Warning
Large setup violation  
There is a large setup violation of -1.030 ns between dut/SS_00/m_p_reg[1][5][6]/C (clocked by sys_clk_pin) and dut/SS_00/m_p_reg[2][5][4]/D (clocked by sys_clk_pin). Large setup violations at the end of those stages might be difficult to fix during the post-placement implementation flow and could be the result of non-optimal XDC constraints or non-optimal design architecture
Related violations: <none>

TIMING-16#44 Warning
Large setup violation  
There is a large setup violation of -1.031 ns between dut/SS_00/m_p_reg[2][6][0]/C (clocked by sys_clk_pin) and dut/SS_00/m_p_reg[3][6][6]/D (clocked by sys_clk_pin). Large setup violations at the end of those stages might be difficult to fix during the post-placement implementation flow and could be the result of non-optimal XDC constraints or non-optimal design architecture
Related violations: <none>

TIMING-16#45 Warning
Large setup violation  
There is a large setup violation of -1.032 ns between dut/AaB0[2].SS/sig_summ_r_reg[4][5]/C (clocked by sys_clk_pin) and dut/AaB0[2].SS/c_slots_r_reg[1][6]/D (clocked by sys_clk_pin). Large setup violations at the end of those stages might be difficult to fix during the post-placement implementation flow and could be the result of non-optimal XDC constraints or non-optimal design architecture
Related violations: <none>

TIMING-16#46 Warning
Large setup violation  
There is a large setup violation of -1.032 ns between dut/SS_00/m_p_reg[2][6][0]/C (clocked by sys_clk_pin) and dut/SS_00/m_p_reg[3][2][3]/D (clocked by sys_clk_pin). Large setup violations at the end of those stages might be difficult to fix during the post-placement implementation flow and could be the result of non-optimal XDC constraints or non-optimal design architecture
Related violations: <none>

TIMING-16#47 Warning
Large setup violation  
There is a large setup violation of -1.033 ns between dut/AaB0[2].SS/c_slots_r_reg[1][4]/C (clocked by sys_clk_pin) and dut/AaB0[2].SS/c_m1_r_reg[1][3]/D (clocked by sys_clk_pin). Large setup violations at the end of those stages might be difficult to fix during the post-placement implementation flow and could be the result of non-optimal XDC constraints or non-optimal design architecture
Related violations: <none>

TIMING-16#48 Warning
Large setup violation  
There is a large setup violation of -1.034 ns between dut/AaB0[2].SS/c_slots_r_reg[1][4]/C (clocked by sys_clk_pin) and dut/AaB0[2].SS/c_m1_r_reg[1][0]/D (clocked by sys_clk_pin). Large setup violations at the end of those stages might be difficult to fix during the post-placement implementation flow and could be the result of non-optimal XDC constraints or non-optimal design architecture
Related violations: <none>

TIMING-16#49 Warning
Large setup violation  
There is a large setup violation of -1.034 ns between dut/SS_00/m_p_reg[1][5][6]/C (clocked by sys_clk_pin) and dut/SS_00/idx_p_reg[2][5][1]/D (clocked by sys_clk_pin). Large setup violations at the end of those stages might be difficult to fix during the post-placement implementation flow and could be the result of non-optimal XDC constraints or non-optimal design architecture
Related violations: <none>

TIMING-16#50 Warning
Large setup violation  
There is a large setup violation of -1.035 ns between dut/AB_m_a0_d_reg[1][1][1]/C (clocked by sys_clk_pin) and dut/AB_m_2_reg[1][1]/D (clocked by sys_clk_pin). Large setup violations at the end of those stages might be difficult to fix during the post-placement implementation flow and could be the result of non-optimal XDC constraints or non-optimal design architecture
Related violations: <none>

TIMING-16#51 Warning
Large setup violation  
There is a large setup violation of -1.036 ns between dut/A0Bb[1].SS/sig_summ_r_reg[6][0]/C (clocked by sys_clk_pin) and dut/A0Bb[1].SS/c_slots_r_reg[1][8]/D (clocked by sys_clk_pin). Large setup violations at the end of those stages might be difficult to fix during the post-placement implementation flow and could be the result of non-optimal XDC constraints or non-optimal design architecture
Related violations: <none>

TIMING-16#52 Warning
Large setup violation  
There is a large setup violation of -1.036 ns between dut/SS_00/idx_p_reg[5][2][1]/C (clocked by sys_clk_pin) and dut/AB_l_00_r_reg[2][8]/D (clocked by sys_clk_pin). Large setup violations at the end of those stages might be difficult to fix during the post-placement implementation flow and could be the result of non-optimal XDC constraints or non-optimal design architecture
Related violations: <none>

TIMING-16#53 Warning
Large setup violation  
There is a large setup violation of -1.037 ns between dut/B0_m_reg[0][24]/C (clocked by sys_clk_pin) and dut/AaB0[2].SS/sig_summ_r_reg[0][5]/D (clocked by sys_clk_pin). Large setup violations at the end of those stages might be difficult to fix during the post-placement implementation flow and could be the result of non-optimal XDC constraints or non-optimal design architecture
Related violations: <none>

TIMING-16#54 Warning
Large setup violation  
There is a large setup violation of -1.037 ns between dut/SS_00/m_p_reg[2][1][6]/C (clocked by sys_clk_pin) and dut/SS_00/m_p_reg[3][1][6]/D (clocked by sys_clk_pin). Large setup violations at the end of those stages might be difficult to fix during the post-placement implementation flow and could be the result of non-optimal XDC constraints or non-optimal design architecture
Related violations: <none>

TIMING-16#55 Warning
Large setup violation  
There is a large setup violation of -1.039 ns between dut/SS_00/m_p_reg[1][1][7]/C (clocked by sys_clk_pin) and dut/SS_00/idx_p_reg[2][2][0]/D (clocked by sys_clk_pin). Large setup violations at the end of those stages might be difficult to fix during the post-placement implementation flow and could be the result of non-optimal XDC constraints or non-optimal design architecture
Related violations: <none>

TIMING-16#56 Warning
Large setup violation  
There is a large setup violation of -1.040 ns between dut/SS_00/m_p_reg[1][1][7]/C (clocked by sys_clk_pin) and dut/SS_00/idx_p_reg[2][1][0]/D (clocked by sys_clk_pin). Large setup violations at the end of those stages might be difficult to fix during the post-placement implementation flow and could be the result of non-optimal XDC constraints or non-optimal design architecture
Related violations: <none>

TIMING-16#57 Warning
Large setup violation  
There is a large setup violation of -1.041 ns between dut/SS_00/idx_p_reg[5][6][1]/C (clocked by sys_clk_pin) and dut/AB_l_00_r_reg[6][15]/D (clocked by sys_clk_pin). Large setup violations at the end of those stages might be difficult to fix during the post-placement implementation flow and could be the result of non-optimal XDC constraints or non-optimal design architecture
Related violations: <none>

TIMING-16#58 Warning
Large setup violation  
There is a large setup violation of -1.043 ns between dut/A0Bb[2].SS/c_m1_r_reg[0][4]/C (clocked by sys_clk_pin) and dut/AB_m_0b_r_reg[1][1][0]/D (clocked by sys_clk_pin). Large setup violations at the end of those stages might be difficult to fix during the post-placement implementation flow and could be the result of non-optimal XDC constraints or non-optimal design architecture
Related violations: <none>

TIMING-16#59 Warning
Large setup violation  
There is a large setup violation of -1.044 ns between dut/SS_00/m_p_reg[3][5][7]/C (clocked by sys_clk_pin) and dut/SS_00/m_p_reg[4][3][2]/D (clocked by sys_clk_pin). Large setup violations at the end of those stages might be difficult to fix during the post-placement implementation flow and could be the result of non-optimal XDC constraints or non-optimal design architecture
Related violations: <none>

TIMING-16#60 Warning
Large setup violation  
There is a large setup violation of -1.045 ns between dut/A0Bb[2].SS/sig_summ_r_reg[6][0]/C (clocked by sys_clk_pin) and dut/A0Bb[2].SS/c_slots_r_reg[0][1]/D (clocked by sys_clk_pin). Large setup violations at the end of those stages might be difficult to fix during the post-placement implementation flow and could be the result of non-optimal XDC constraints or non-optimal design architecture
Related violations: <none>

TIMING-16#61 Warning
Large setup violation  
There is a large setup violation of -1.047 ns between dut/B0_m_reg[0][29]/C (clocked by sys_clk_pin) and dut/AaB0[1].SS/sig_summ_r_reg[0][7]/D (clocked by sys_clk_pin). Large setup violations at the end of those stages might be difficult to fix during the post-placement implementation flow and could be the result of non-optimal XDC constraints or non-optimal design architecture
Related violations: <none>

TIMING-16#62 Warning
Large setup violation  
There is a large setup violation of -1.047 ns between dut/SS_00/m_p_reg[3][4][6]/C (clocked by sys_clk_pin) and dut/SS_00/m_p_reg[4][4][1]/D (clocked by sys_clk_pin). Large setup violations at the end of those stages might be difficult to fix during the post-placement implementation flow and could be the result of non-optimal XDC constraints or non-optimal design architecture
Related violations: <none>

TIMING-16#63 Warning
Large setup violation  
There is a large setup violation of -1.048 ns between dut/SS_00/idx_p_reg[5][5][1]/C (clocked by sys_clk_pin) and dut/AB_l_00_r_reg[5][9]/D (clocked by sys_clk_pin). Large setup violations at the end of those stages might be difficult to fix during the post-placement implementation flow and could be the result of non-optimal XDC constraints or non-optimal design architecture
Related violations: <none>

TIMING-16#64 Warning
Large setup violation  
There is a large setup violation of -1.048 ns between dut/SS_00/m_p_reg[2][6][0]/C (clocked by sys_clk_pin) and dut/SS_00/m_p_reg[3][6][2]/D (clocked by sys_clk_pin). Large setup violations at the end of those stages might be difficult to fix during the post-placement implementation flow and could be the result of non-optimal XDC constraints or non-optimal design architecture
Related violations: <none>

TIMING-16#65 Warning
Large setup violation  
There is a large setup violation of -1.049 ns between dut/SS_00/m_p_reg[3][4][6]/C (clocked by sys_clk_pin) and dut/SS_00/m_p_reg[4][2][1]/D (clocked by sys_clk_pin). Large setup violations at the end of those stages might be difficult to fix during the post-placement implementation flow and could be the result of non-optimal XDC constraints or non-optimal design architecture
Related violations: <none>

TIMING-16#66 Warning
Large setup violation  
There is a large setup violation of -1.049 ns between dut/SS_00/m_p_reg[4][2][2]/C (clocked by sys_clk_pin) and dut/SS_00/m_p_reg[5][1][7]/D (clocked by sys_clk_pin). Large setup violations at the end of those stages might be difficult to fix during the post-placement implementation flow and could be the result of non-optimal XDC constraints or non-optimal design architecture
Related violations: <none>

TIMING-16#67 Warning
Large setup violation  
There is a large setup violation of -1.049 ns between dut/SS_00/m_p_reg[4][2][2]/C (clocked by sys_clk_pin) and dut/SS_00/m_p_reg[5][2][7]/D (clocked by sys_clk_pin). Large setup violations at the end of those stages might be difficult to fix during the post-placement implementation flow and could be the result of non-optimal XDC constraints or non-optimal design architecture
Related violations: <none>

TIMING-16#68 Warning
Large setup violation  
There is a large setup violation of -1.049 ns between dut/SS_11/c_slots_r_reg[1][1]/C (clocked by sys_clk_pin) and dut/SS_11/c_m1_r_reg[2][0]/D (clocked by sys_clk_pin). Large setup violations at the end of those stages might be difficult to fix during the post-placement implementation flow and could be the result of non-optimal XDC constraints or non-optimal design architecture
Related violations: <none>

TIMING-16#69 Warning
Large setup violation  
There is a large setup violation of -1.050 ns between dut/SS_00/idx_p_reg[5][7][2]/C (clocked by sys_clk_pin) and dut/AB_l_00_r_reg[7][11]/D (clocked by sys_clk_pin). Large setup violations at the end of those stages might be difficult to fix during the post-placement implementation flow and could be the result of non-optimal XDC constraints or non-optimal design architecture
Related violations: <none>

TIMING-16#70 Warning
Large setup violation  
There is a large setup violation of -1.051 ns between dut/B0_m_reg[0][29]/C (clocked by sys_clk_pin) and dut/AaB0[1].SS/sig_summ_r_reg[7][8]/D (clocked by sys_clk_pin). Large setup violations at the end of those stages might be difficult to fix during the post-placement implementation flow and could be the result of non-optimal XDC constraints or non-optimal design architecture
Related violations: <none>

TIMING-16#71 Warning
Large setup violation  
There is a large setup violation of -1.051 ns between dut/SS_00/m_p_reg[0][4][2]/C (clocked by sys_clk_pin) and dut/SS_00/idx_p_reg[1][4][0]/D (clocked by sys_clk_pin). Large setup violations at the end of those stages might be difficult to fix during the post-placement implementation flow and could be the result of non-optimal XDC constraints or non-optimal design architecture
Related violations: <none>

TIMING-16#72 Warning
Large setup violation  
There is a large setup violation of -1.051 ns between dut/SS_00/m_p_reg[0][7][0]/C (clocked by sys_clk_pin) and dut/SS_00/m_p_reg[1][7][1]/D (clocked by sys_clk_pin). Large setup violations at the end of those stages might be difficult to fix during the post-placement implementation flow and could be the result of non-optimal XDC constraints or non-optimal design architecture
Related violations: <none>

TIMING-16#73 Warning
Large setup violation  
There is a large setup violation of -1.051 ns between dut/SS_00/m_p_reg[2][6][0]/C (clocked by sys_clk_pin) and dut/SS_00/m_p_reg[3][2][2]/D (clocked by sys_clk_pin). Large setup violations at the end of those stages might be difficult to fix during the post-placement implementation flow and could be the result of non-optimal XDC constraints or non-optimal design architecture
Related violations: <none>

TIMING-16#74 Warning
Large setup violation  
There is a large setup violation of -1.051 ns between dut/ss_idx_r_reg[0][1]/C (clocked by sys_clk_pin) and dut/AB_l_1_reg[1][2]/D (clocked by sys_clk_pin). Large setup violations at the end of those stages might be difficult to fix during the post-placement implementation flow and could be the result of non-optimal XDC constraints or non-optimal design architecture
Related violations: <none>

TIMING-16#75 Warning
Large setup violation  
There is a large setup violation of -1.052 ns between dut/ss_idx_r_reg[1][1]/C (clocked by sys_clk_pin) and dut/AB_m_2_reg[2][3]/CE (clocked by sys_clk_pin). Large setup violations at the end of those stages might be difficult to fix during the post-placement implementation flow and could be the result of non-optimal XDC constraints or non-optimal design architecture
Related violations: <none>

TIMING-16#76 Warning
Large setup violation  
There is a large setup violation of -1.054 ns between dut/SS_00/m_p_reg[2][0][1]/C (clocked by sys_clk_pin) and dut/SS_00/m_p_reg[3][4][3]/D (clocked by sys_clk_pin). Large setup violations at the end of those stages might be difficult to fix during the post-placement implementation flow and could be the result of non-optimal XDC constraints or non-optimal design architecture
Related violations: <none>

TIMING-16#77 Warning
Large setup violation  
There is a large setup violation of -1.054 ns between dut/SS_00/m_p_reg[3][4][6]/C (clocked by sys_clk_pin) and dut/SS_00/idx_p_reg[4][4][0]/D (clocked by sys_clk_pin). Large setup violations at the end of those stages might be difficult to fix during the post-placement implementation flow and could be the result of non-optimal XDC constraints or non-optimal design architecture
Related violations: <none>

TIMING-16#78 Warning
Large setup violation  
There is a large setup violation of -1.054 ns between dut/ss_idx_r_reg[0][1]/C (clocked by sys_clk_pin) and dut/AB_l_1_reg[3][3]/D (clocked by sys_clk_pin). Large setup violations at the end of those stages might be difficult to fix during the post-placement implementation flow and could be the result of non-optimal XDC constraints or non-optimal design architecture
Related violations: <none>

TIMING-16#79 Warning
Large setup violation  
There is a large setup violation of -1.055 ns between dut/SS_00/m_p_reg[0][7][0]/C (clocked by sys_clk_pin) and dut/SS_00/m_p_reg[1][5][1]/D (clocked by sys_clk_pin). Large setup violations at the end of those stages might be difficult to fix during the post-placement implementation flow and could be the result of non-optimal XDC constraints or non-optimal design architecture
Related violations: <none>

TIMING-16#80 Warning
Large setup violation  
There is a large setup violation of -1.055 ns between dut/SS_00/m_p_reg[2][1][6]/C (clocked by sys_clk_pin) and dut/SS_00/m_p_reg[3][5][5]/D (clocked by sys_clk_pin). Large setup violations at the end of those stages might be difficult to fix during the post-placement implementation flow and could be the result of non-optimal XDC constraints or non-optimal design architecture
Related violations: <none>

TIMING-16#81 Warning
Large setup violation  
There is a large setup violation of -1.055 ns between dut/SS_11/sig_summ_r_reg[3][2]/C (clocked by sys_clk_pin) and dut/SS_11/c_slots_r_reg[2][8]/D (clocked by sys_clk_pin). Large setup violations at the end of those stages might be difficult to fix during the post-placement implementation flow and could be the result of non-optimal XDC constraints or non-optimal design architecture
Related violations: <none>

TIMING-16#82 Warning
Large setup violation  
There is a large setup violation of -1.056 ns between dut/SS_00/m_p_reg[1][5][6]/C (clocked by sys_clk_pin) and dut/SS_00/idx_p_reg[2][6][0]/D (clocked by sys_clk_pin). Large setup violations at the end of those stages might be difficult to fix during the post-placement implementation flow and could be the result of non-optimal XDC constraints or non-optimal design architecture
Related violations: <none>

TIMING-16#83 Warning
Large setup violation  
There is a large setup violation of -1.056 ns between dut/SS_00/m_p_reg[3][5][7]/C (clocked by sys_clk_pin) and dut/SS_00/m_p_reg[4][3][5]/D (clocked by sys_clk_pin). Large setup violations at the end of those stages might be difficult to fix during the post-placement implementation flow and could be the result of non-optimal XDC constraints or non-optimal design architecture
Related violations: <none>

TIMING-16#84 Warning
Large setup violation  
There is a large setup violation of -1.057 ns between dut/B0_m_reg[0][16]/C (clocked by sys_clk_pin) and dut/AaB0[1].SS/sig_summ_r_reg[1][6]/D (clocked by sys_clk_pin). Large setup violations at the end of those stages might be difficult to fix during the post-placement implementation flow and could be the result of non-optimal XDC constraints or non-optimal design architecture
Related violations: <none>

TIMING-16#85 Warning
Large setup violation  
There is a large setup violation of -1.057 ns between dut/B0_m_reg[0][24]/C (clocked by sys_clk_pin) and dut/AaB0[2].SS/sig_summ_r_reg[0][7]/D (clocked by sys_clk_pin). Large setup violations at the end of those stages might be difficult to fix during the post-placement implementation flow and could be the result of non-optimal XDC constraints or non-optimal design architecture
Related violations: <none>

TIMING-16#86 Warning
Large setup violation  
There is a large setup violation of -1.057 ns between dut/SS_00/m_p_reg[0][4][2]/C (clocked by sys_clk_pin) and dut/SS_00/m_p_reg[1][6][1]/D (clocked by sys_clk_pin). Large setup violations at the end of those stages might be difficult to fix during the post-placement implementation flow and could be the result of non-optimal XDC constraints or non-optimal design architecture
Related violations: <none>

TIMING-16#87 Warning
Large setup violation  
There is a large setup violation of -1.059 ns between dut/SS_00/m_p_reg[3][5][7]/C (clocked by sys_clk_pin) and dut/SS_00/m_p_reg[4][3][0]/D (clocked by sys_clk_pin). Large setup violations at the end of those stages might be difficult to fix during the post-placement implementation flow and could be the result of non-optimal XDC constraints or non-optimal design architecture
Related violations: <none>

TIMING-16#88 Warning
Large setup violation  
There is a large setup violation of -1.059 ns between dut/SS_11/sig_summ_r_reg[3][2]/C (clocked by sys_clk_pin) and dut/SS_11/c_slots_r_reg[1][1]/D (clocked by sys_clk_pin). Large setup violations at the end of those stages might be difficult to fix during the post-placement implementation flow and could be the result of non-optimal XDC constraints or non-optimal design architecture
Related violations: <none>

TIMING-16#89 Warning
Large setup violation  
There is a large setup violation of -1.060 ns between dut/SS_11/c_slots_r_reg[1][1]/C (clocked by sys_clk_pin) and dut/SS_11/c_m1_r_reg[2][3]/D (clocked by sys_clk_pin). Large setup violations at the end of those stages might be difficult to fix during the post-placement implementation flow and could be the result of non-optimal XDC constraints or non-optimal design architecture
Related violations: <none>

TIMING-16#90 Warning
Large setup violation  
There is a large setup violation of -1.061 ns between dut/SS_11/sig_summ_r_reg[3][2]/C (clocked by sys_clk_pin) and dut/SS_11/c_slots_r_reg[1][0]/D (clocked by sys_clk_pin). Large setup violations at the end of those stages might be difficult to fix during the post-placement implementation flow and could be the result of non-optimal XDC constraints or non-optimal design architecture
Related violations: <none>

TIMING-16#91 Warning
Large setup violation  
There is a large setup violation of -1.062 ns between dut/SS_00/m_p_reg[1][5][6]/C (clocked by sys_clk_pin) and dut/SS_00/idx_p_reg[2][5][0]/D (clocked by sys_clk_pin). Large setup violations at the end of those stages might be difficult to fix during the post-placement implementation flow and could be the result of non-optimal XDC constraints or non-optimal design architecture
Related violations: <none>

TIMING-16#92 Warning
Large setup violation  
There is a large setup violation of -1.063 ns between dut/A0Bb[2].SS/sig_summ_r_reg[6][0]/C (clocked by sys_clk_pin) and dut/A0Bb[2].SS/l_slots_r_reg[2][1]/D (clocked by sys_clk_pin). Large setup violations at the end of those stages might be difficult to fix during the post-placement implementation flow and could be the result of non-optimal XDC constraints or non-optimal design architecture
Related violations: <none>

TIMING-16#93 Warning
Large setup violation  
There is a large setup violation of -1.064 ns between dut/B0_m_reg[0][16]/C (clocked by sys_clk_pin) and dut/AaB0[1].SS/sig_summ_r_reg[1][4]/D (clocked by sys_clk_pin). Large setup violations at the end of those stages might be difficult to fix during the post-placement implementation flow and could be the result of non-optimal XDC constraints or non-optimal design architecture
Related violations: <none>

TIMING-16#94 Warning
Large setup violation  
There is a large setup violation of -1.065 ns between dut/A0Bb[1].SS/c_slots_r_reg[2][0]/C (clocked by sys_clk_pin) and dut/A0Bb[1].SS/c_m1_r_reg[2][6]/D (clocked by sys_clk_pin). Large setup violations at the end of those stages might be difficult to fix during the post-placement implementation flow and could be the result of non-optimal XDC constraints or non-optimal design architecture
Related violations: <none>

TIMING-16#95 Warning
Large setup violation  
There is a large setup violation of -1.066 ns between dut/SS_00/m_p_reg[2][3][6]/C (clocked by sys_clk_pin) and dut/SS_00/m_p_reg[4][7][8]_srl2/D (clocked by sys_clk_pin). Large setup violations at the end of those stages might be difficult to fix during the post-placement implementation flow and could be the result of non-optimal XDC constraints or non-optimal design architecture
Related violations: <none>

TIMING-16#96 Warning
Large setup violation  
There is a large setup violation of -1.066 ns between dut/SS_00/m_p_reg[3][4][6]/C (clocked by sys_clk_pin) and dut/SS_00/idx_p_reg[4][2][0]/D (clocked by sys_clk_pin). Large setup violations at the end of those stages might be difficult to fix during the post-placement implementation flow and could be the result of non-optimal XDC constraints or non-optimal design architecture
Related violations: <none>

TIMING-16#97 Warning
Large setup violation  
There is a large setup violation of -1.066 ns between dut/SS_00/m_p_reg[3][5][7]/C (clocked by sys_clk_pin) and dut/SS_00/m_p_reg[4][5][5]/D (clocked by sys_clk_pin). Large setup violations at the end of those stages might be difficult to fix during the post-placement implementation flow and could be the result of non-optimal XDC constraints or non-optimal design architecture
Related violations: <none>

TIMING-16#98 Warning
Large setup violation  
There is a large setup violation of -1.067 ns between dut/SS_00/m_p_reg[2][3][6]/C (clocked by sys_clk_pin) and dut/SS_00/m_p_reg[5][7][3]_srl3/D (clocked by sys_clk_pin). Large setup violations at the end of those stages might be difficult to fix during the post-placement implementation flow and could be the result of non-optimal XDC constraints or non-optimal design architecture
Related violations: <none>

TIMING-16#99 Warning
Large setup violation  
There is a large setup violation of -1.068 ns between dut/ss_idx_r_reg[1][1]/C (clocked by sys_clk_pin) and dut/AB_m_2_reg[1][3]/D (clocked by sys_clk_pin). Large setup violations at the end of those stages might be difficult to fix during the post-placement implementation flow and could be the result of non-optimal XDC constraints or non-optimal design architecture
Related violations: <none>

TIMING-16#100 Warning
Large setup violation  
There is a large setup violation of -1.069 ns between dut/A0Bb[1].SS/c_slots_r_reg[2][0]/C (clocked by sys_clk_pin) and dut/A0Bb[1].SS/c_m1_r_reg[1][6]/D (clocked by sys_clk_pin). Large setup violations at the end of those stages might be difficult to fix during the post-placement implementation flow and could be the result of non-optimal XDC constraints or non-optimal design architecture
Related violations: <none>

TIMING-16#101 Warning
Large setup violation  
There is a large setup violation of -1.070 ns between dut/A0_m_reg[0][26]/C (clocked by sys_clk_pin) and dut/A0Bb[2].SS/sig_summ_r_reg[5][5]/D (clocked by sys_clk_pin). Large setup violations at the end of those stages might be difficult to fix during the post-placement implementation flow and could be the result of non-optimal XDC constraints or non-optimal design architecture
Related violations: <none>

TIMING-16#102 Warning
Large setup violation  
There is a large setup violation of -1.070 ns between dut/SS_00/m_p_reg[3][5][7]/C (clocked by sys_clk_pin) and dut/SS_00/m_p_reg[4][5][0]/D (clocked by sys_clk_pin). Large setup violations at the end of those stages might be difficult to fix during the post-placement implementation flow and could be the result of non-optimal XDC constraints or non-optimal design architecture
Related violations: <none>

TIMING-16#103 Warning
Large setup violation  
There is a large setup violation of -1.071 ns between dut/AaB0[1].SS/c_m1_r_reg[1][6]/C (clocked by sys_clk_pin) and dut/AB_m_a0_r_reg[0][1][2]/D (clocked by sys_clk_pin). Large setup violations at the end of those stages might be difficult to fix during the post-placement implementation flow and could be the result of non-optimal XDC constraints or non-optimal design architecture
Related violations: <none>

TIMING-16#104 Warning
Large setup violation  
There is a large setup violation of -1.072 ns between dut/A0Bb[1].SS/c_m1_r_reg[1][1]/C (clocked by sys_clk_pin) and dut/AB_m_0b_r_reg[0][1][5]/D (clocked by sys_clk_pin). Large setup violations at the end of those stages might be difficult to fix during the post-placement implementation flow and could be the result of non-optimal XDC constraints or non-optimal design architecture
Related violations: <none>

TIMING-16#105 Warning
Large setup violation  
There is a large setup violation of -1.072 ns between dut/A0Bb[1].SS/sig_summ_r_reg[6][1]/C (clocked by sys_clk_pin) and dut/A0Bb[1].SS/c_slots_r_reg[0][5]/D (clocked by sys_clk_pin). Large setup violations at the end of those stages might be difficult to fix during the post-placement implementation flow and could be the result of non-optimal XDC constraints or non-optimal design architecture
Related violations: <none>

TIMING-16#106 Warning
Large setup violation  
There is a large setup violation of -1.073 ns between dut/SS_00/m_p_reg[0][2][6]/C (clocked by sys_clk_pin) and dut/SS_00/idx_p_reg[1][0][1]/D (clocked by sys_clk_pin). Large setup violations at the end of those stages might be difficult to fix during the post-placement implementation flow and could be the result of non-optimal XDC constraints or non-optimal design architecture
Related violations: <none>

TIMING-16#107 Warning
Large setup violation  
There is a large setup violation of -1.074 ns between dut/AaB0[1].SS/c_m1_r_reg[1][6]/C (clocked by sys_clk_pin) and dut/AB_m_a0_r_reg[0][1][1]/D (clocked by sys_clk_pin). Large setup violations at the end of those stages might be difficult to fix during the post-placement implementation flow and could be the result of non-optimal XDC constraints or non-optimal design architecture
Related violations: <none>

TIMING-16#108 Warning
Large setup violation  
There is a large setup violation of -1.074 ns between dut/SS_00/m_p_reg[0][1][6]/C (clocked by sys_clk_pin) and dut/SS_00/m_p_reg[1][1][4]/D (clocked by sys_clk_pin). Large setup violations at the end of those stages might be difficult to fix during the post-placement implementation flow and could be the result of non-optimal XDC constraints or non-optimal design architecture
Related violations: <none>

TIMING-16#109 Warning
Large setup violation  
There is a large setup violation of -1.075 ns between dut/SS_00/m_p_reg[3][4][6]/C (clocked by sys_clk_pin) and dut/SS_00/m_p_reg[4][4][4]/D (clocked by sys_clk_pin). Large setup violations at the end of those stages might be difficult to fix during the post-placement implementation flow and could be the result of non-optimal XDC constraints or non-optimal design architecture
Related violations: <none>

TIMING-16#110 Warning
Large setup violation  
There is a large setup violation of -1.076 ns between dut/A0Bb[1].SS/sig_summ_r_reg[6][1]/C (clocked by sys_clk_pin) and dut/A0Bb[1].SS/c_slots_r_reg[1][7]/D (clocked by sys_clk_pin). Large setup violations at the end of those stages might be difficult to fix during the post-placement implementation flow and could be the result of non-optimal XDC constraints or non-optimal design architecture
Related violations: <none>

TIMING-16#111 Warning
Large setup violation  
There is a large setup violation of -1.078 ns between dut/SS_00/m_p_reg[1][1][7]/C (clocked by sys_clk_pin) and dut/SS_00/m_p_reg[2][1][1]/D (clocked by sys_clk_pin). Large setup violations at the end of those stages might be difficult to fix during the post-placement implementation flow and could be the result of non-optimal XDC constraints or non-optimal design architecture
Related violations: <none>

TIMING-16#112 Warning
Large setup violation  
There is a large setup violation of -1.079 ns between dut/A0Bb[1].SS/c_slots_r_reg[2][0]/C (clocked by sys_clk_pin) and dut/A0Bb[1].SS/c_m1_r_reg[2][1]/D (clocked by sys_clk_pin). Large setup violations at the end of those stages might be difficult to fix during the post-placement implementation flow and could be the result of non-optimal XDC constraints or non-optimal design architecture
Related violations: <none>

TIMING-16#113 Warning
Large setup violation  
There is a large setup violation of -1.079 ns between dut/SS_11/c_m1_r_reg[0][2]/C (clocked by sys_clk_pin) and dut/AB_m_11_r_reg[1][7]/D (clocked by sys_clk_pin). Large setup violations at the end of those stages might be difficult to fix during the post-placement implementation flow and could be the result of non-optimal XDC constraints or non-optimal design architecture
Related violations: <none>

TIMING-16#114 Warning
Large setup violation  
There is a large setup violation of -1.079 ns between dut/SS_11/sig_summ_r_reg[6][7]/C (clocked by sys_clk_pin) and dut/SS_11/c_slots_r_reg[0][4]/D (clocked by sys_clk_pin). Large setup violations at the end of those stages might be difficult to fix during the post-placement implementation flow and could be the result of non-optimal XDC constraints or non-optimal design architecture
Related violations: <none>

TIMING-16#115 Warning
Large setup violation  
There is a large setup violation of -1.080 ns between dut/SS_11/c_slots_r_reg[1][1]/C (clocked by sys_clk_pin) and dut/SS_11/c_m1_r_reg[2][6]/D (clocked by sys_clk_pin). Large setup violations at the end of those stages might be difficult to fix during the post-placement implementation flow and could be the result of non-optimal XDC constraints or non-optimal design architecture
Related violations: <none>

TIMING-16#116 Warning
Large setup violation  
There is a large setup violation of -1.082 ns between dut/SS_00/idx_p_reg[5][6][1]/C (clocked by sys_clk_pin) and dut/AB_l_00_r_reg[6][12]/D (clocked by sys_clk_pin). Large setup violations at the end of those stages might be difficult to fix during the post-placement implementation flow and could be the result of non-optimal XDC constraints or non-optimal design architecture
Related violations: <none>

TIMING-16#117 Warning
Large setup violation  
There is a large setup violation of -1.083 ns between dut/A0_m_reg[1][27]/C (clocked by sys_clk_pin) and dut/AaB0[1].SS/sig_summ_r_reg[5][8]/D (clocked by sys_clk_pin). Large setup violations at the end of those stages might be difficult to fix during the post-placement implementation flow and could be the result of non-optimal XDC constraints or non-optimal design architecture
Related violations: <none>

TIMING-16#118 Warning
Large setup violation  
There is a large setup violation of -1.083 ns between dut/SS_00/m_p_reg[3][4][6]/C (clocked by sys_clk_pin) and dut/SS_00/m_p_reg[4][4][2]/D (clocked by sys_clk_pin). Large setup violations at the end of those stages might be difficult to fix during the post-placement implementation flow and could be the result of non-optimal XDC constraints or non-optimal design architecture
Related violations: <none>

TIMING-16#119 Warning
Large setup violation  
There is a large setup violation of -1.084 ns between dut/A0Bb[1].SS/sig_summ_r_reg[2][2]/C (clocked by sys_clk_pin) and dut/A0Bb[1].SS/c_slots_r_reg[2][7]/D (clocked by sys_clk_pin). Large setup violations at the end of those stages might be difficult to fix during the post-placement implementation flow and could be the result of non-optimal XDC constraints or non-optimal design architecture
Related violations: <none>

TIMING-16#120 Warning
Large setup violation  
There is a large setup violation of -1.084 ns between dut/A0Bb[1].SS/sig_summ_r_reg[6][1]/C (clocked by sys_clk_pin) and dut/A0Bb[1].SS/c_slots_r_reg[1][0]/D (clocked by sys_clk_pin). Large setup violations at the end of those stages might be difficult to fix during the post-placement implementation flow and could be the result of non-optimal XDC constraints or non-optimal design architecture
Related violations: <none>

TIMING-16#121 Warning
Large setup violation  
There is a large setup violation of -1.084 ns between dut/AaB0[2].SS/c_slots_r_reg[1][4]/C (clocked by sys_clk_pin) and dut/AaB0[2].SS/c_m1_r_reg[2][5]/D (clocked by sys_clk_pin). Large setup violations at the end of those stages might be difficult to fix during the post-placement implementation flow and could be the result of non-optimal XDC constraints or non-optimal design architecture
Related violations: <none>

TIMING-16#122 Warning
Large setup violation  
There is a large setup violation of -1.086 ns between dut/SS_00/idx_p_reg[5][5][0]/C (clocked by sys_clk_pin) and dut/AB_l_00_r_reg[5][12]/D (clocked by sys_clk_pin). Large setup violations at the end of those stages might be difficult to fix during the post-placement implementation flow and could be the result of non-optimal XDC constraints or non-optimal design architecture
Related violations: <none>

TIMING-16#123 Warning
Large setup violation  
There is a large setup violation of -1.087 ns between dut/A0Bb[2].SS/c_slots_r_reg[2][5]/C (clocked by sys_clk_pin) and dut/A0Bb[2].SS/c_m1_r_reg[2][7]/D (clocked by sys_clk_pin). Large setup violations at the end of those stages might be difficult to fix during the post-placement implementation flow and could be the result of non-optimal XDC constraints or non-optimal design architecture
Related violations: <none>

TIMING-16#124 Warning
Large setup violation  
There is a large setup violation of -1.087 ns between dut/A0_m_reg[1][27]/C (clocked by sys_clk_pin) and dut/AaB0[1].SS/sig_summ_r_reg[4][6]/D (clocked by sys_clk_pin). Large setup violations at the end of those stages might be difficult to fix during the post-placement implementation flow and could be the result of non-optimal XDC constraints or non-optimal design architecture
Related violations: <none>

TIMING-16#125 Warning
Large setup violation  
There is a large setup violation of -1.087 ns between dut/AaB0[2].SS/c_slots_r_reg[1][4]/C (clocked by sys_clk_pin) and dut/AaB0[2].SS/c_m1_r_reg[2][6]/D (clocked by sys_clk_pin). Large setup violations at the end of those stages might be difficult to fix during the post-placement implementation flow and could be the result of non-optimal XDC constraints or non-optimal design architecture
Related violations: <none>

TIMING-16#126 Warning
Large setup violation  
There is a large setup violation of -1.088 ns between dut/A0Bb[1].SS/sig_summ_r_reg[6][1]/C (clocked by sys_clk_pin) and dut/A0Bb[1].SS/c_slots_r_reg[1][2]/D (clocked by sys_clk_pin). Large setup violations at the end of those stages might be difficult to fix during the post-placement implementation flow and could be the result of non-optimal XDC constraints or non-optimal design architecture
Related violations: <none>

TIMING-16#127 Warning
Large setup violation  
There is a large setup violation of -1.088 ns between dut/A0_m_reg[1][27]/C (clocked by sys_clk_pin) and dut/SS_11/sig_summ_r_reg[1][8]/D (clocked by sys_clk_pin). Large setup violations at the end of those stages might be difficult to fix during the post-placement implementation flow and could be the result of non-optimal XDC constraints or non-optimal design architecture
Related violations: <none>

TIMING-16#128 Warning
Large setup violation  
There is a large setup violation of -1.089 ns between dut/A0_m_reg[0][24]/C (clocked by sys_clk_pin) and dut/SS_00/s0_d_reg[5][5]_srl6/D (clocked by sys_clk_pin). Large setup violations at the end of those stages might be difficult to fix during the post-placement implementation flow and could be the result of non-optimal XDC constraints or non-optimal design architecture
Related violations: <none>

TIMING-16#129 Warning
Large setup violation  
There is a large setup violation of -1.089 ns between dut/SS_11/sig_summ_r_reg[3][2]/C (clocked by sys_clk_pin) and dut/SS_11/l_slots_r_reg[2][2]/D (clocked by sys_clk_pin). Large setup violations at the end of those stages might be difficult to fix during the post-placement implementation flow and could be the result of non-optimal XDC constraints or non-optimal design architecture
Related violations: <none>

TIMING-16#130 Warning
Large setup violation  
There is a large setup violation of -1.090 ns between dut/A0_m_reg[0][26]/C (clocked by sys_clk_pin) and dut/A0Bb[2].SS/sig_summ_r_reg[5][7]/D (clocked by sys_clk_pin). Large setup violations at the end of those stages might be difficult to fix during the post-placement implementation flow and could be the result of non-optimal XDC constraints or non-optimal design architecture
Related violations: <none>

TIMING-16#131 Warning
Large setup violation  
There is a large setup violation of -1.090 ns between dut/SS_00/idx_p_reg[5][4][0]/C (clocked by sys_clk_pin) and dut/AB_l_00_r_reg[4][12]/D (clocked by sys_clk_pin). Large setup violations at the end of those stages might be difficult to fix during the post-placement implementation flow and could be the result of non-optimal XDC constraints or non-optimal design architecture
Related violations: <none>

TIMING-16#132 Warning
Large setup violation  
There is a large setup violation of -1.090 ns between dut/SS_00/m_p_reg[4][3][6]/C (clocked by sys_clk_pin) and dut/SS_00/idx_p_reg[5][4][2]/D (clocked by sys_clk_pin). Large setup violations at the end of those stages might be difficult to fix during the post-placement implementation flow and could be the result of non-optimal XDC constraints or non-optimal design architecture
Related violations: <none>

TIMING-16#133 Warning
Large setup violation  
There is a large setup violation of -1.092 ns between dut/SS_00/m_p_reg[4][6][7]/C (clocked by sys_clk_pin) and dut/SS_00/m_p_reg[5][5][5]/D (clocked by sys_clk_pin). Large setup violations at the end of those stages might be difficult to fix during the post-placement implementation flow and could be the result of non-optimal XDC constraints or non-optimal design architecture
Related violations: <none>

TIMING-16#134 Warning
Large setup violation  
There is a large setup violation of -1.093 ns between dut/A0Bb[1].SS/c_m1_r_reg[1][7]/C (clocked by sys_clk_pin) and dut/AB_m_0b_r_reg[0][1][2]/S (clocked by sys_clk_pin). Large setup violations at the end of those stages might be difficult to fix during the post-placement implementation flow and could be the result of non-optimal XDC constraints or non-optimal design architecture
Related violations: <none>

TIMING-16#135 Warning
Large setup violation  
There is a large setup violation of -1.093 ns between dut/A0Bb[1].SS/c_m1_r_reg[1][7]/C (clocked by sys_clk_pin) and dut/AB_m_0b_r_reg[0][1][4]/S (clocked by sys_clk_pin). Large setup violations at the end of those stages might be difficult to fix during the post-placement implementation flow and could be the result of non-optimal XDC constraints or non-optimal design architecture
Related violations: <none>

TIMING-16#136 Warning
Large setup violation  
There is a large setup violation of -1.094 ns between dut/A0_m_reg[1][27]/C (clocked by sys_clk_pin) and dut/AaB0[1].SS/sig_summ_r_reg[4][4]/D (clocked by sys_clk_pin). Large setup violations at the end of those stages might be difficult to fix during the post-placement implementation flow and could be the result of non-optimal XDC constraints or non-optimal design architecture
Related violations: <none>

TIMING-16#137 Warning
Large setup violation  
There is a large setup violation of -1.094 ns between dut/SS_00/m_p_reg[1][5][6]/C (clocked by sys_clk_pin) and dut/SS_00/m_p_reg[2][6][0]/D (clocked by sys_clk_pin). Large setup violations at the end of those stages might be difficult to fix during the post-placement implementation flow and could be the result of non-optimal XDC constraints or non-optimal design architecture
Related violations: <none>

TIMING-16#138 Warning
Large setup violation  
There is a large setup violation of -1.095 ns between dut/SS_00/m_p_reg[4][6][7]/C (clocked by sys_clk_pin) and dut/SS_00/m_p_reg[5][5][0]/D (clocked by sys_clk_pin). Large setup violations at the end of those stages might be difficult to fix during the post-placement implementation flow and could be the result of non-optimal XDC constraints or non-optimal design architecture
Related violations: <none>

TIMING-16#139 Warning
Large setup violation  
There is a large setup violation of -1.096 ns between dut/A0Bb[2].SS/c_slots_r_reg[2][5]/C (clocked by sys_clk_pin) and dut/A0Bb[2].SS/c_m1_r_reg[2][3]/D (clocked by sys_clk_pin). Large setup violations at the end of those stages might be difficult to fix during the post-placement implementation flow and could be the result of non-optimal XDC constraints or non-optimal design architecture
Related violations: <none>

TIMING-16#140 Warning
Large setup violation  
There is a large setup violation of -1.096 ns between dut/SS_00/m_p_reg[4][6][7]/C (clocked by sys_clk_pin) and dut/SS_00/m_p_reg[5][6][5]/D (clocked by sys_clk_pin). Large setup violations at the end of those stages might be difficult to fix during the post-placement implementation flow and could be the result of non-optimal XDC constraints or non-optimal design architecture
Related violations: <none>

TIMING-16#141 Warning
Large setup violation  
There is a large setup violation of -1.100 ns between dut/AB_m_a0_d_reg[1][1][6]/C (clocked by sys_clk_pin) and dut/AB_m_2_reg[1][6]/D (clocked by sys_clk_pin). Large setup violations at the end of those stages might be difficult to fix during the post-placement implementation flow and could be the result of non-optimal XDC constraints or non-optimal design architecture
Related violations: <none>

TIMING-16#142 Warning
Large setup violation  
There is a large setup violation of -1.100 ns between dut/SS_00/idx_p_reg[5][4][0]/C (clocked by sys_clk_pin) and dut/AB_l_00_r_reg[4][11]/D (clocked by sys_clk_pin). Large setup violations at the end of those stages might be difficult to fix during the post-placement implementation flow and could be the result of non-optimal XDC constraints or non-optimal design architecture
Related violations: <none>

TIMING-16#143 Warning
Large setup violation  
There is a large setup violation of -1.101 ns between dut/A0Bb[2].SS/sig_summ_r_reg[3][2]/C (clocked by sys_clk_pin) and dut/A0Bb[2].SS/c_slots_r_reg[1][7]/D (clocked by sys_clk_pin). Large setup violations at the end of those stages might be difficult to fix during the post-placement implementation flow and could be the result of non-optimal XDC constraints or non-optimal design architecture
Related violations: <none>

TIMING-16#144 Warning
Large setup violation  
There is a large setup violation of -1.101 ns between dut/SS_00/m_p_reg[4][3][6]/C (clocked by sys_clk_pin) and dut/SS_00/idx_p_reg[5][3][2]/D (clocked by sys_clk_pin). Large setup violations at the end of those stages might be difficult to fix during the post-placement implementation flow and could be the result of non-optimal XDC constraints or non-optimal design architecture
Related violations: <none>

TIMING-16#145 Warning
Large setup violation  
There is a large setup violation of -1.102 ns between dut/A0Bb[1].SS/c_m1_r_reg[1][7]/C (clocked by sys_clk_pin) and dut/AB_m_0b_r_reg[0][1][2]/D (clocked by sys_clk_pin). Large setup violations at the end of those stages might be difficult to fix during the post-placement implementation flow and could be the result of non-optimal XDC constraints or non-optimal design architecture
Related violations: <none>

TIMING-16#146 Warning
Large setup violation  
There is a large setup violation of -1.102 ns between dut/A0Bb[2].SS/c_slots_r_reg[2][5]/C (clocked by sys_clk_pin) and dut/A0Bb[2].SS/c_m1_r_reg[1][8]/D (clocked by sys_clk_pin). Large setup violations at the end of those stages might be difficult to fix during the post-placement implementation flow and could be the result of non-optimal XDC constraints or non-optimal design architecture
Related violations: <none>

TIMING-16#147 Warning
Large setup violation  
There is a large setup violation of -1.102 ns between dut/A0Bb[2].SS/c_slots_r_reg[2][5]/C (clocked by sys_clk_pin) and dut/A0Bb[2].SS/c_m1_r_reg[2][1]/D (clocked by sys_clk_pin). Large setup violations at the end of those stages might be difficult to fix during the post-placement implementation flow and could be the result of non-optimal XDC constraints or non-optimal design architecture
Related violations: <none>

TIMING-16#148 Warning
Large setup violation  
There is a large setup violation of -1.104 ns between dut/B0_m_reg[0][29]/C (clocked by sys_clk_pin) and dut/AaB0[2].SS/sig_summ_r_reg[6][6]/D (clocked by sys_clk_pin). Large setup violations at the end of those stages might be difficult to fix during the post-placement implementation flow and could be the result of non-optimal XDC constraints or non-optimal design architecture
Related violations: <none>

TIMING-16#149 Warning
Large setup violation  
There is a large setup violation of -1.105 ns between dut/B0_m_reg[0][20]/C (clocked by sys_clk_pin) and dut/AaB0[2].SS/sig_summ_r_reg[3][6]/D (clocked by sys_clk_pin). Large setup violations at the end of those stages might be difficult to fix during the post-placement implementation flow and could be the result of non-optimal XDC constraints or non-optimal design architecture
Related violations: <none>

TIMING-16#150 Warning
Large setup violation  
There is a large setup violation of -1.107 ns between dut/A0Bb[2].SS/c_slots_r_reg[2][5]/C (clocked by sys_clk_pin) and dut/A0Bb[2].SS/c_m1_r_reg[2][8]/D (clocked by sys_clk_pin). Large setup violations at the end of those stages might be difficult to fix during the post-placement implementation flow and could be the result of non-optimal XDC constraints or non-optimal design architecture
Related violations: <none>

TIMING-16#151 Warning
Large setup violation  
There is a large setup violation of -1.108 ns between dut/A0Bb[1].SS/c_slots_r_reg[2][0]/C (clocked by sys_clk_pin) and dut/A0Bb[1].SS/c_m1_r_reg[2][0]/D (clocked by sys_clk_pin). Large setup violations at the end of those stages might be difficult to fix during the post-placement implementation flow and could be the result of non-optimal XDC constraints or non-optimal design architecture
Related violations: <none>

TIMING-16#152 Warning
Large setup violation  
There is a large setup violation of -1.108 ns between dut/B0_m_reg[0][16]/C (clocked by sys_clk_pin) and dut/AaB0[1].SS/sig_summ_r_reg[1][5]/D (clocked by sys_clk_pin). Large setup violations at the end of those stages might be difficult to fix during the post-placement implementation flow and could be the result of non-optimal XDC constraints or non-optimal design architecture
Related violations: <none>

TIMING-16#153 Warning
Large setup violation  
There is a large setup violation of -1.110 ns between dut/SS_00/idx_p_reg[5][2][1]/C (clocked by sys_clk_pin) and dut/AB_l_00_r_reg[2][9]/D (clocked by sys_clk_pin). Large setup violations at the end of those stages might be difficult to fix during the post-placement implementation flow and could be the result of non-optimal XDC constraints or non-optimal design architecture
Related violations: <none>

TIMING-16#154 Warning
Large setup violation  
There is a large setup violation of -1.111 ns between dut/B0_m_reg[1][17]/C (clocked by sys_clk_pin) and dut/A0Bb[1].SS/sig_summ_r_reg[3][8]/D (clocked by sys_clk_pin). Large setup violations at the end of those stages might be difficult to fix during the post-placement implementation flow and could be the result of non-optimal XDC constraints or non-optimal design architecture
Related violations: <none>

TIMING-16#155 Warning
Large setup violation  
There is a large setup violation of -1.113 ns between dut/AaB0[2].SS/sig_summ_r_reg[6][0]/C (clocked by sys_clk_pin) and dut/AaB0[2].SS/c_slots_r_reg[1][2]/D (clocked by sys_clk_pin). Large setup violations at the end of those stages might be difficult to fix during the post-placement implementation flow and could be the result of non-optimal XDC constraints or non-optimal design architecture
Related violations: <none>

TIMING-16#156 Warning
Large setup violation  
There is a large setup violation of -1.114 ns between dut/SS_00/m_p_reg[2][6][0]/C (clocked by sys_clk_pin) and dut/SS_00/m_p_reg[3][6][3]/D (clocked by sys_clk_pin). Large setup violations at the end of those stages might be difficult to fix during the post-placement implementation flow and could be the result of non-optimal XDC constraints or non-optimal design architecture
Related violations: <none>

TIMING-16#157 Warning
Large setup violation  
There is a large setup violation of -1.116 ns between dut/B0_m_reg[1][18]/C (clocked by sys_clk_pin) and dut/A0Bb[1].SS/sig_summ_r_reg[1][8]/D (clocked by sys_clk_pin). Large setup violations at the end of those stages might be difficult to fix during the post-placement implementation flow and could be the result of non-optimal XDC constraints or non-optimal design architecture
Related violations: <none>

TIMING-16#158 Warning
Large setup violation  
There is a large setup violation of -1.116 ns between dut/SS_00/m_p_reg[4][2][2]/C (clocked by sys_clk_pin) and dut/SS_00/m_p_reg[5][1][3]/D (clocked by sys_clk_pin). Large setup violations at the end of those stages might be difficult to fix during the post-placement implementation flow and could be the result of non-optimal XDC constraints or non-optimal design architecture
Related violations: <none>

TIMING-16#159 Warning
Large setup violation  
There is a large setup violation of -1.116 ns between dut/SS_11/sig_summ_r_reg[6][7]/C (clocked by sys_clk_pin) and dut/SS_11/c_slots_r_reg[0][7]/D (clocked by sys_clk_pin). Large setup violations at the end of those stages might be difficult to fix during the post-placement implementation flow and could be the result of non-optimal XDC constraints or non-optimal design architecture
Related violations: <none>

TIMING-16#160 Warning
Large setup violation  
There is a large setup violation of -1.116 ns between dut/ss_idx_r_reg[1][0]/C (clocked by sys_clk_pin) and dut/AB_m_2_reg[2][3]/D (clocked by sys_clk_pin). Large setup violations at the end of those stages might be difficult to fix during the post-placement implementation flow and could be the result of non-optimal XDC constraints or non-optimal design architecture
Related violations: <none>

TIMING-16#161 Warning
Large setup violation  
There is a large setup violation of -1.117 ns between dut/SS_00/m_p_reg[2][6][0]/C (clocked by sys_clk_pin) and dut/SS_00/m_p_reg[3][2][6]/D (clocked by sys_clk_pin). Large setup violations at the end of those stages might be difficult to fix during the post-placement implementation flow and could be the result of non-optimal XDC constraints or non-optimal design architecture
Related violations: <none>

TIMING-16#162 Warning
Large setup violation  
There is a large setup violation of -1.118 ns between dut/AaB0[2].SS/sig_summ_r_reg[6][0]/C (clocked by sys_clk_pin) and dut/AaB0[2].SS/c_slots_r_reg[1][1]/D (clocked by sys_clk_pin). Large setup violations at the end of those stages might be difficult to fix during the post-placement implementation flow and could be the result of non-optimal XDC constraints or non-optimal design architecture
Related violations: <none>

TIMING-16#163 Warning
Large setup violation  
There is a large setup violation of -1.118 ns between dut/ss_idx_r_reg[0][1]/C (clocked by sys_clk_pin) and dut/AB_l_1_reg[2][2]/D (clocked by sys_clk_pin). Large setup violations at the end of those stages might be difficult to fix during the post-placement implementation flow and could be the result of non-optimal XDC constraints or non-optimal design architecture
Related violations: <none>

TIMING-16#164 Warning
Large setup violation  
There is a large setup violation of -1.120 ns between dut/SS_11/sig_summ_r_reg[3][2]/C (clocked by sys_clk_pin) and dut/SS_11/c_slots_r_reg[1][5]/D (clocked by sys_clk_pin). Large setup violations at the end of those stages might be difficult to fix during the post-placement implementation flow and could be the result of non-optimal XDC constraints or non-optimal design architecture
Related violations: <none>

TIMING-16#165 Warning
Large setup violation  
There is a large setup violation of -1.123 ns between dut/SS_00/m_p_reg[0][6][5]/C (clocked by sys_clk_pin) and dut/SS_00/m_p_reg[1][6][6]/D (clocked by sys_clk_pin). Large setup violations at the end of those stages might be difficult to fix during the post-placement implementation flow and could be the result of non-optimal XDC constraints or non-optimal design architecture
Related violations: <none>

TIMING-16#166 Warning
Large setup violation  
There is a large setup violation of -1.125 ns between dut/AaB0[2].SS/c_slots_r_reg[1][4]/C (clocked by sys_clk_pin) and dut/AaB0[2].SS/c_m1_r_reg[2][0]/D (clocked by sys_clk_pin). Large setup violations at the end of those stages might be difficult to fix during the post-placement implementation flow and could be the result of non-optimal XDC constraints or non-optimal design architecture
Related violations: <none>

TIMING-16#167 Warning
Large setup violation  
There is a large setup violation of -1.126 ns between dut/A0_m_reg[0][24]/C (clocked by sys_clk_pin) and dut/SS_00/s0_d_reg[5][4]_srl6/D (clocked by sys_clk_pin). Large setup violations at the end of those stages might be difficult to fix during the post-placement implementation flow and could be the result of non-optimal XDC constraints or non-optimal design architecture
Related violations: <none>

TIMING-16#168 Warning
Large setup violation  
There is a large setup violation of -1.126 ns between dut/AaB0[2].SS/c_slots_r_reg[1][4]/C (clocked by sys_clk_pin) and dut/AaB0[2].SS/c_m1_r_reg[1][2]/D (clocked by sys_clk_pin). Large setup violations at the end of those stages might be difficult to fix during the post-placement implementation flow and could be the result of non-optimal XDC constraints or non-optimal design architecture
Related violations: <none>

TIMING-16#169 Warning
Large setup violation  
There is a large setup violation of -1.126 ns between dut/SS_00/idx_p_reg[5][2][1]/C (clocked by sys_clk_pin) and dut/AB_l_00_r_reg[2][10]/D (clocked by sys_clk_pin). Large setup violations at the end of those stages might be difficult to fix during the post-placement implementation flow and could be the result of non-optimal XDC constraints or non-optimal design architecture
Related violations: <none>

TIMING-16#170 Warning
Large setup violation  
There is a large setup violation of -1.126 ns between dut/SS_00/idx_p_reg[5][4][0]/C (clocked by sys_clk_pin) and dut/AB_l_00_r_reg[4][9]/D (clocked by sys_clk_pin). Large setup violations at the end of those stages might be difficult to fix during the post-placement implementation flow and could be the result of non-optimal XDC constraints or non-optimal design architecture
Related violations: <none>

TIMING-16#171 Warning
Large setup violation  
There is a large setup violation of -1.128 ns between dut/B0_m_reg[0][16]/C (clocked by sys_clk_pin) and dut/AaB0[1].SS/sig_summ_r_reg[1][7]/D (clocked by sys_clk_pin). Large setup violations at the end of those stages might be difficult to fix during the post-placement implementation flow and could be the result of non-optimal XDC constraints or non-optimal design architecture
Related violations: <none>

TIMING-16#172 Warning
Large setup violation  
There is a large setup violation of -1.128 ns between dut/SS_11/sig_summ_r_reg[3][2]/C (clocked by sys_clk_pin) and dut/SS_11/c_slots_r_reg[2][3]/D (clocked by sys_clk_pin). Large setup violations at the end of those stages might be difficult to fix during the post-placement implementation flow and could be the result of non-optimal XDC constraints or non-optimal design architecture
Related violations: <none>

TIMING-16#173 Warning
Large setup violation  
There is a large setup violation of -1.130 ns between dut/SS_00/m_p_reg[2][3][6]/C (clocked by sys_clk_pin) and dut/SS_00/m_p_reg[5][7][1]_srl3/D (clocked by sys_clk_pin). Large setup violations at the end of those stages might be difficult to fix during the post-placement implementation flow and could be the result of non-optimal XDC constraints or non-optimal design architecture
Related violations: <none>

TIMING-16#174 Warning
Large setup violation  
There is a large setup violation of -1.132 ns between dut/SS_00/m_p_reg[0][4][2]/C (clocked by sys_clk_pin) and dut/SS_00/idx_p_reg[1][6][0]/D (clocked by sys_clk_pin). Large setup violations at the end of those stages might be difficult to fix during the post-placement implementation flow and could be the result of non-optimal XDC constraints or non-optimal design architecture
Related violations: <none>

TIMING-16#175 Warning
Large setup violation  
There is a large setup violation of -1.134 ns between dut/SS_00/idx_p_reg[5][2][1]/C (clocked by sys_clk_pin) and dut/AB_l_00_r_reg[2][12]/D (clocked by sys_clk_pin). Large setup violations at the end of those stages might be difficult to fix during the post-placement implementation flow and could be the result of non-optimal XDC constraints or non-optimal design architecture
Related violations: <none>

TIMING-16#176 Warning
Large setup violation  
There is a large setup violation of -1.135 ns between dut/SS_00/idx_p_reg[5][1][1]/C (clocked by sys_clk_pin) and dut/AB_l_00_r_reg[1][15]/D (clocked by sys_clk_pin). Large setup violations at the end of those stages might be difficult to fix during the post-placement implementation flow and could be the result of non-optimal XDC constraints or non-optimal design architecture
Related violations: <none>

TIMING-16#177 Warning
Large setup violation  
There is a large setup violation of -1.137 ns between dut/B0_m_reg[0][29]/C (clocked by sys_clk_pin) and dut/AaB0[2].SS/sig_summ_r_reg[6][7]/D (clocked by sys_clk_pin). Large setup violations at the end of those stages might be difficult to fix during the post-placement implementation flow and could be the result of non-optimal XDC constraints or non-optimal design architecture
Related violations: <none>

TIMING-16#178 Warning
Large setup violation  
There is a large setup violation of -1.137 ns between dut/SS_00/m_p_reg[0][7][0]/C (clocked by sys_clk_pin) and dut/SS_00/idx_p_reg[1][5][1]/D (clocked by sys_clk_pin). Large setup violations at the end of those stages might be difficult to fix during the post-placement implementation flow and could be the result of non-optimal XDC constraints or non-optimal design architecture
Related violations: <none>

TIMING-16#179 Warning
Large setup violation  
There is a large setup violation of -1.138 ns between dut/A0_m_reg[1][27]/C (clocked by sys_clk_pin) and dut/AaB0[1].SS/sig_summ_r_reg[4][5]/D (clocked by sys_clk_pin). Large setup violations at the end of those stages might be difficult to fix during the post-placement implementation flow and could be the result of non-optimal XDC constraints or non-optimal design architecture
Related violations: <none>

TIMING-16#180 Warning
Large setup violation  
There is a large setup violation of -1.138 ns between dut/SS_00/idx_p_reg[5][5][1]/C (clocked by sys_clk_pin) and dut/AB_l_00_r_reg[5][10]/D (clocked by sys_clk_pin). Large setup violations at the end of those stages might be difficult to fix during the post-placement implementation flow and could be the result of non-optimal XDC constraints or non-optimal design architecture
Related violations: <none>

TIMING-16#181 Warning
Large setup violation  
There is a large setup violation of -1.138 ns between dut/ss_idx_r_reg[1][1]/C (clocked by sys_clk_pin) and dut/AB_m_2_reg[1][0]/CE (clocked by sys_clk_pin). Large setup violations at the end of those stages might be difficult to fix during the post-placement implementation flow and could be the result of non-optimal XDC constraints or non-optimal design architecture
Related violations: <none>

TIMING-16#182 Warning
Large setup violation  
There is a large setup violation of -1.138 ns between dut/ss_idx_r_reg[1][1]/C (clocked by sys_clk_pin) and dut/AB_m_2_reg[1][1]/CE (clocked by sys_clk_pin). Large setup violations at the end of those stages might be difficult to fix during the post-placement implementation flow and could be the result of non-optimal XDC constraints or non-optimal design architecture
Related violations: <none>

TIMING-16#183 Warning
Large setup violation  
There is a large setup violation of -1.138 ns between dut/ss_idx_r_reg[1][1]/C (clocked by sys_clk_pin) and dut/AB_m_2_reg[1][3]/CE (clocked by sys_clk_pin). Large setup violations at the end of those stages might be difficult to fix during the post-placement implementation flow and could be the result of non-optimal XDC constraints or non-optimal design architecture
Related violations: <none>

TIMING-16#184 Warning
Large setup violation  
There is a large setup violation of -1.138 ns between dut/ss_idx_r_reg[1][1]/C (clocked by sys_clk_pin) and dut/AB_m_2_reg[1][4]/CE (clocked by sys_clk_pin). Large setup violations at the end of those stages might be difficult to fix during the post-placement implementation flow and could be the result of non-optimal XDC constraints or non-optimal design architecture
Related violations: <none>

TIMING-16#185 Warning
Large setup violation  
There is a large setup violation of -1.139 ns between dut/A0Bb[1].SS/c_slots_r_reg[2][0]/C (clocked by sys_clk_pin) and dut/A0Bb[1].SS/c_m1_r_reg[1][3]/D (clocked by sys_clk_pin). Large setup violations at the end of those stages might be difficult to fix during the post-placement implementation flow and could be the result of non-optimal XDC constraints or non-optimal design architecture
Related violations: <none>

TIMING-16#186 Warning
Large setup violation  
There is a large setup violation of -1.139 ns between dut/A0Bb[2].SS/sig_summ_r_reg[6][0]/C (clocked by sys_clk_pin) and dut/A0Bb[2].SS/c_slots_r_reg[1][3]/D (clocked by sys_clk_pin). Large setup violations at the end of those stages might be difficult to fix during the post-placement implementation flow and could be the result of non-optimal XDC constraints or non-optimal design architecture
Related violations: <none>

TIMING-16#187 Warning
Large setup violation  
There is a large setup violation of -1.139 ns between dut/A0_m_reg[0][29]/C (clocked by sys_clk_pin) and dut/A0Bb[2].SS/sig_summ_r_reg[1][6]/D (clocked by sys_clk_pin). Large setup violations at the end of those stages might be difficult to fix during the post-placement implementation flow and could be the result of non-optimal XDC constraints or non-optimal design architecture
Related violations: <none>

TIMING-16#188 Warning
Large setup violation  
There is a large setup violation of -1.139 ns between dut/A0_m_reg[1][27]/C (clocked by sys_clk_pin) and dut/SS_11/sig_summ_r_reg[5][8]/D (clocked by sys_clk_pin). Large setup violations at the end of those stages might be difficult to fix during the post-placement implementation flow and could be the result of non-optimal XDC constraints or non-optimal design architecture
Related violations: <none>

TIMING-16#189 Warning
Large setup violation  
There is a large setup violation of -1.139 ns between dut/SS_00/idx_p_reg[5][3][2]/C (clocked by sys_clk_pin) and dut/AB_l_00_r_reg[3][8]/D (clocked by sys_clk_pin). Large setup violations at the end of those stages might be difficult to fix during the post-placement implementation flow and could be the result of non-optimal XDC constraints or non-optimal design architecture
Related violations: <none>

TIMING-16#190 Warning
Large setup violation  
There is a large setup violation of -1.140 ns between dut/A0Bb[1].SS/c_slots_r_reg[2][0]/C (clocked by sys_clk_pin) and dut/A0Bb[1].SS/c_m1_r_reg[1][0]/D (clocked by sys_clk_pin). Large setup violations at the end of those stages might be difficult to fix during the post-placement implementation flow and could be the result of non-optimal XDC constraints or non-optimal design architecture
Related violations: <none>

TIMING-16#191 Warning
Large setup violation  
There is a large setup violation of -1.140 ns between dut/A0Bb[1].SS/sig_summ_r_reg[4][1]/C (clocked by sys_clk_pin) and dut/A0Bb[1].SS/c_slots_r_reg[2][5]/D (clocked by sys_clk_pin). Large setup violations at the end of those stages might be difficult to fix during the post-placement implementation flow and could be the result of non-optimal XDC constraints or non-optimal design architecture
Related violations: <none>

TIMING-16#192 Warning
Large setup violation  
There is a large setup violation of -1.140 ns between dut/B0_m_reg[0][20]/C (clocked by sys_clk_pin) and dut/AaB0[2].SS/sig_summ_r_reg[3][7]/D (clocked by sys_clk_pin). Large setup violations at the end of those stages might be difficult to fix during the post-placement implementation flow and could be the result of non-optimal XDC constraints or non-optimal design architecture
Related violations: <none>

TIMING-16#193 Warning
Large setup violation  
There is a large setup violation of -1.141 ns between dut/SS_00/m_p_reg[0][4][2]/C (clocked by sys_clk_pin) and dut/SS_00/m_p_reg[1][4][4]/D (clocked by sys_clk_pin). Large setup violations at the end of those stages might be difficult to fix during the post-placement implementation flow and could be the result of non-optimal XDC constraints or non-optimal design architecture
Related violations: <none>

TIMING-16#194 Warning
Large setup violation  
There is a large setup violation of -1.143 ns between dut/ss_idx_r_reg[1][1]/C (clocked by sys_clk_pin) and dut/AB_m_2_reg[0][0]/CE (clocked by sys_clk_pin). Large setup violations at the end of those stages might be difficult to fix during the post-placement implementation flow and could be the result of non-optimal XDC constraints or non-optimal design architecture
Related violations: <none>

TIMING-16#195 Warning
Large setup violation  
There is a large setup violation of -1.143 ns between dut/ss_idx_r_reg[1][1]/C (clocked by sys_clk_pin) and dut/AB_m_2_reg[0][2]/CE (clocked by sys_clk_pin). Large setup violations at the end of those stages might be difficult to fix during the post-placement implementation flow and could be the result of non-optimal XDC constraints or non-optimal design architecture
Related violations: <none>

TIMING-16#196 Warning
Large setup violation  
There is a large setup violation of -1.143 ns between dut/ss_idx_r_reg[1][1]/C (clocked by sys_clk_pin) and dut/AB_m_2_reg[0][4]/CE (clocked by sys_clk_pin). Large setup violations at the end of those stages might be difficult to fix during the post-placement implementation flow and could be the result of non-optimal XDC constraints or non-optimal design architecture
Related violations: <none>

TIMING-16#197 Warning
Large setup violation  
There is a large setup violation of -1.143 ns between dut/ss_idx_r_reg[1][1]/C (clocked by sys_clk_pin) and dut/AB_m_2_reg[0][6]/CE (clocked by sys_clk_pin). Large setup violations at the end of those stages might be difficult to fix during the post-placement implementation flow and could be the result of non-optimal XDC constraints or non-optimal design architecture
Related violations: <none>

TIMING-16#198 Warning
Large setup violation  
There is a large setup violation of -1.143 ns between dut/ss_idx_r_reg[1][1]/C (clocked by sys_clk_pin) and dut/AB_m_2_reg[1][6]/CE (clocked by sys_clk_pin). Large setup violations at the end of those stages might be difficult to fix during the post-placement implementation flow and could be the result of non-optimal XDC constraints or non-optimal design architecture
Related violations: <none>

TIMING-16#199 Warning
Large setup violation  
There is a large setup violation of -1.145 ns between dut/A0_m_reg[0][26]/C (clocked by sys_clk_pin) and dut/A0Bb[2].SS/sig_summ_r_reg[4][6]/D (clocked by sys_clk_pin). Large setup violations at the end of those stages might be difficult to fix during the post-placement implementation flow and could be the result of non-optimal XDC constraints or non-optimal design architecture
Related violations: <none>

TIMING-16#200 Warning
Large setup violation  
There is a large setup violation of -1.146 ns between dut/A0Bb[1].SS/sig_summ_r_reg[4][1]/C (clocked by sys_clk_pin) and dut/A0Bb[1].SS/c_slots_r_reg[2][1]/D (clocked by sys_clk_pin). Large setup violations at the end of those stages might be difficult to fix during the post-placement implementation flow and could be the result of non-optimal XDC constraints or non-optimal design architecture
Related violations: <none>

TIMING-16#201 Warning
Large setup violation  
There is a large setup violation of -1.146 ns between dut/AaB0[1].SS/c_m1_r_reg[1][6]/C (clocked by sys_clk_pin) and dut/AB_m_a0_r_reg[0][1][0]/D (clocked by sys_clk_pin). Large setup violations at the end of those stages might be difficult to fix during the post-placement implementation flow and could be the result of non-optimal XDC constraints or non-optimal design architecture
Related violations: <none>

TIMING-16#202 Warning
Large setup violation  
There is a large setup violation of -1.148 ns between dut/ss_idx_r_reg[1][0]/C (clocked by sys_clk_pin) and dut/AB_m_2_reg[1][7]/D (clocked by sys_clk_pin). Large setup violations at the end of those stages might be difficult to fix during the post-placement implementation flow and could be the result of non-optimal XDC constraints or non-optimal design architecture
Related violations: <none>

TIMING-16#203 Warning
Large setup violation  
There is a large setup violation of -1.150 ns between dut/B0_m_reg[0][25]/C (clocked by sys_clk_pin) and dut/AaB0[2].SS/sig_summ_r_reg[7][2]/D (clocked by sys_clk_pin). Large setup violations at the end of those stages might be difficult to fix during the post-placement implementation flow and could be the result of non-optimal XDC constraints or non-optimal design architecture
Related violations: <none>

TIMING-16#204 Warning
Large setup violation  
There is a large setup violation of -1.151 ns between dut/A0_m_reg[0][26]/C (clocked by sys_clk_pin) and dut/A0Bb[2].SS/sig_summ_r_reg[4][4]/D (clocked by sys_clk_pin). Large setup violations at the end of those stages might be difficult to fix during the post-placement implementation flow and could be the result of non-optimal XDC constraints or non-optimal design architecture
Related violations: <none>

TIMING-16#205 Warning
Large setup violation  
There is a large setup violation of -1.154 ns between dut/ss_idx_r_reg[1][0]/C (clocked by sys_clk_pin) and dut/AB_m_2_reg[3][3]/D (clocked by sys_clk_pin). Large setup violations at the end of those stages might be difficult to fix during the post-placement implementation flow and could be the result of non-optimal XDC constraints or non-optimal design architecture
Related violations: <none>

TIMING-16#206 Warning
Large setup violation  
There is a large setup violation of -1.156 ns between dut/A0Bb[2].SS/sig_summ_r_reg[6][0]/C (clocked by sys_clk_pin) and dut/A0Bb[2].SS/c_slots_r_reg[2][5]/D (clocked by sys_clk_pin). Large setup violations at the end of those stages might be difficult to fix during the post-placement implementation flow and could be the result of non-optimal XDC constraints or non-optimal design architecture
Related violations: <none>

TIMING-16#207 Warning
Large setup violation  
There is a large setup violation of -1.157 ns between dut/A0Bb[1].SS/sig_summ_r_reg[6][1]/C (clocked by sys_clk_pin) and dut/A0Bb[1].SS/c_slots_r_reg[0][8]/D (clocked by sys_clk_pin). Large setup violations at the end of those stages might be difficult to fix during the post-placement implementation flow and could be the result of non-optimal XDC constraints or non-optimal design architecture
Related violations: <none>

TIMING-16#208 Warning
Large setup violation  
There is a large setup violation of -1.157 ns between dut/SS_00/idx_p_reg[5][7][0]/C (clocked by sys_clk_pin) and dut/AB_l_00_r_reg[7][13]/D (clocked by sys_clk_pin). Large setup violations at the end of those stages might be difficult to fix during the post-placement implementation flow and could be the result of non-optimal XDC constraints or non-optimal design architecture
Related violations: <none>

TIMING-16#209 Warning
Large setup violation  
There is a large setup violation of -1.158 ns between dut/A0_m_reg[1][27]/C (clocked by sys_clk_pin) and dut/AaB0[1].SS/sig_summ_r_reg[4][7]/D (clocked by sys_clk_pin). Large setup violations at the end of those stages might be difficult to fix during the post-placement implementation flow and could be the result of non-optimal XDC constraints or non-optimal design architecture
Related violations: <none>

TIMING-16#210 Warning
Large setup violation  
There is a large setup violation of -1.158 ns between dut/SS_00/m_p_reg[0][4][2]/C (clocked by sys_clk_pin) and dut/SS_00/idx_p_reg[1][4][1]/D (clocked by sys_clk_pin). Large setup violations at the end of those stages might be difficult to fix during the post-placement implementation flow and could be the result of non-optimal XDC constraints or non-optimal design architecture
Related violations: <none>

TIMING-16#211 Warning
Large setup violation  
There is a large setup violation of -1.160 ns between dut/AaB0[1].SS/c_m1_r_reg[1][6]/C (clocked by sys_clk_pin) and dut/AB_m_a0_r_reg[0][1][7]/D (clocked by sys_clk_pin). Large setup violations at the end of those stages might be difficult to fix during the post-placement implementation flow and could be the result of non-optimal XDC constraints or non-optimal design architecture
Related violations: <none>

TIMING-16#212 Warning
Large setup violation  
There is a large setup violation of -1.160 ns between dut/SS_00/m_p_reg[1][5][6]/C (clocked by sys_clk_pin) and dut/SS_00/m_p_reg[2][5][7]/D (clocked by sys_clk_pin). Large setup violations at the end of those stages might be difficult to fix during the post-placement implementation flow and could be the result of non-optimal XDC constraints or non-optimal design architecture
Related violations: <none>

TIMING-16#213 Warning
Large setup violation  
There is a large setup violation of -1.162 ns between dut/SS_11/sig_summ_r_reg[3][2]/C (clocked by sys_clk_pin) and dut/SS_11/c_slots_r_reg[0][2]/D (clocked by sys_clk_pin). Large setup violations at the end of those stages might be difficult to fix during the post-placement implementation flow and could be the result of non-optimal XDC constraints or non-optimal design architecture
Related violations: <none>

TIMING-16#214 Warning
Large setup violation  
There is a large setup violation of -1.163 ns between dut/A0_m_reg[0][24]/C (clocked by sys_clk_pin) and dut/SS_00/s0_d_reg[5][6]_srl6/D (clocked by sys_clk_pin). Large setup violations at the end of those stages might be difficult to fix during the post-placement implementation flow and could be the result of non-optimal XDC constraints or non-optimal design architecture
Related violations: <none>

TIMING-16#215 Warning
Large setup violation  
There is a large setup violation of -1.164 ns between dut/SS_00/m_p_reg[0][2][6]/C (clocked by sys_clk_pin) and dut/SS_00/idx_p_reg[1][2][0]/D (clocked by sys_clk_pin). Large setup violations at the end of those stages might be difficult to fix during the post-placement implementation flow and could be the result of non-optimal XDC constraints or non-optimal design architecture
Related violations: <none>

TIMING-16#216 Warning
Large setup violation  
There is a large setup violation of -1.166 ns between dut/SS_00/idx_p_reg[5][2][1]/C (clocked by sys_clk_pin) and dut/AB_l_00_r_reg[2][11]/D (clocked by sys_clk_pin). Large setup violations at the end of those stages might be difficult to fix during the post-placement implementation flow and could be the result of non-optimal XDC constraints or non-optimal design architecture
Related violations: <none>

TIMING-16#217 Warning
Large setup violation  
There is a large setup violation of -1.166 ns between dut/SS_00/m_p_reg[0][2][6]/C (clocked by sys_clk_pin) and dut/SS_00/idx_p_reg[1][0][0]/D (clocked by sys_clk_pin). Large setup violations at the end of those stages might be difficult to fix during the post-placement implementation flow and could be the result of non-optimal XDC constraints or non-optimal design architecture
Related violations: <none>

TIMING-16#218 Warning
Large setup violation  
There is a large setup violation of -1.168 ns between dut/SS_00/m_p_reg[0][7][0]/C (clocked by sys_clk_pin) and dut/SS_00/m_p_reg[1][7][3]/D (clocked by sys_clk_pin). Large setup violations at the end of those stages might be difficult to fix during the post-placement implementation flow and could be the result of non-optimal XDC constraints or non-optimal design architecture
Related violations: <none>

TIMING-16#219 Warning
Large setup violation  
There is a large setup violation of -1.169 ns between dut/A0Bb[1].SS/sig_summ_r_reg[6][1]/C (clocked by sys_clk_pin) and dut/A0Bb[1].SS/c_slots_r_reg[0][4]/D (clocked by sys_clk_pin). Large setup violations at the end of those stages might be difficult to fix during the post-placement implementation flow and could be the result of non-optimal XDC constraints or non-optimal design architecture
Related violations: <none>

TIMING-16#220 Warning
Large setup violation  
There is a large setup violation of -1.170 ns between dut/SS_00/idx_p_reg[5][1][1]/C (clocked by sys_clk_pin) and dut/AB_l_00_r_reg[1][12]/D (clocked by sys_clk_pin). Large setup violations at the end of those stages might be difficult to fix during the post-placement implementation flow and could be the result of non-optimal XDC constraints or non-optimal design architecture
Related violations: <none>

TIMING-16#221 Warning
Large setup violation  
There is a large setup violation of -1.170 ns between dut/SS_00/m_p_reg[3][5][7]/C (clocked by sys_clk_pin) and dut/SS_00/idx_p_reg[4][5][2]/D (clocked by sys_clk_pin). Large setup violations at the end of those stages might be difficult to fix during the post-placement implementation flow and could be the result of non-optimal XDC constraints or non-optimal design architecture
Related violations: <none>

TIMING-16#222 Warning
Large setup violation  
There is a large setup violation of -1.170 ns between dut/ss_idx_r_reg[1][1]/C (clocked by sys_clk_pin) and dut/AB_m_2_reg[0][1]/CE (clocked by sys_clk_pin). Large setup violations at the end of those stages might be difficult to fix during the post-placement implementation flow and could be the result of non-optimal XDC constraints or non-optimal design architecture
Related violations: <none>

TIMING-16#223 Warning
Large setup violation  
There is a large setup violation of -1.170 ns between dut/ss_idx_r_reg[1][1]/C (clocked by sys_clk_pin) and dut/AB_m_2_reg[0][3]/CE (clocked by sys_clk_pin). Large setup violations at the end of those stages might be difficult to fix during the post-placement implementation flow and could be the result of non-optimal XDC constraints or non-optimal design architecture
Related violations: <none>

TIMING-16#224 Warning
Large setup violation  
There is a large setup violation of -1.170 ns between dut/ss_idx_r_reg[1][1]/C (clocked by sys_clk_pin) and dut/AB_m_2_reg[0][5]/CE (clocked by sys_clk_pin). Large setup violations at the end of those stages might be difficult to fix during the post-placement implementation flow and could be the result of non-optimal XDC constraints or non-optimal design architecture
Related violations: <none>

TIMING-16#225 Warning
Large setup violation  
There is a large setup violation of -1.170 ns between dut/ss_idx_r_reg[1][1]/C (clocked by sys_clk_pin) and dut/AB_m_2_reg[0][7]/CE (clocked by sys_clk_pin). Large setup violations at the end of those stages might be difficult to fix during the post-placement implementation flow and could be the result of non-optimal XDC constraints or non-optimal design architecture
Related violations: <none>

TIMING-16#226 Warning
Large setup violation  
There is a large setup violation of -1.171 ns between dut/B0_m_reg[0][25]/C (clocked by sys_clk_pin) and dut/AaB0[2].SS/sig_summ_r_reg[2][1]/D (clocked by sys_clk_pin). Large setup violations at the end of those stages might be difficult to fix during the post-placement implementation flow and could be the result of non-optimal XDC constraints or non-optimal design architecture
Related violations: <none>

TIMING-16#227 Warning
Large setup violation  
There is a large setup violation of -1.171 ns between dut/ss_idx_r_reg[1][1]/C (clocked by sys_clk_pin) and dut/AB_l_2_reg[1][10]/CE (clocked by sys_clk_pin). Large setup violations at the end of those stages might be difficult to fix during the post-placement implementation flow and could be the result of non-optimal XDC constraints or non-optimal design architecture
Related violations: <none>

TIMING-16#228 Warning
Large setup violation  
There is a large setup violation of -1.173 ns between dut/A0_m_reg[0][29]/C (clocked by sys_clk_pin) and dut/A0Bb[2].SS/sig_summ_r_reg[1][7]/D (clocked by sys_clk_pin). Large setup violations at the end of those stages might be difficult to fix during the post-placement implementation flow and could be the result of non-optimal XDC constraints or non-optimal design architecture
Related violations: <none>

TIMING-16#229 Warning
Large setup violation  
There is a large setup violation of -1.174 ns between dut/A0Bb[1].SS/c_slots_r_reg[2][0]/C (clocked by sys_clk_pin) and dut/A0Bb[1].SS/c_m1_r_reg[1][4]/D (clocked by sys_clk_pin). Large setup violations at the end of those stages might be difficult to fix during the post-placement implementation flow and could be the result of non-optimal XDC constraints or non-optimal design architecture
Related violations: <none>

TIMING-16#230 Warning
Large setup violation  
There is a large setup violation of -1.174 ns between dut/AaB0[1].SS/c_slots_r_reg[1][1]/C (clocked by sys_clk_pin) and dut/AaB0[1].SS/c_m1_r_reg[1][6]/D (clocked by sys_clk_pin). Large setup violations at the end of those stages might be difficult to fix during the post-placement implementation flow and could be the result of non-optimal XDC constraints or non-optimal design architecture
Related violations: <none>

TIMING-16#231 Warning
Large setup violation  
There is a large setup violation of -1.175 ns between dut/B0_m_reg[0][20]/C (clocked by sys_clk_pin) and dut/AaB0[2].SS/sig_summ_r_reg[1][6]/D (clocked by sys_clk_pin). Large setup violations at the end of those stages might be difficult to fix during the post-placement implementation flow and could be the result of non-optimal XDC constraints or non-optimal design architecture
Related violations: <none>

TIMING-16#232 Warning
Large setup violation  
There is a large setup violation of -1.175 ns between dut/SS_00/m_p_reg[3][5][7]/C (clocked by sys_clk_pin) and dut/SS_00/idx_p_reg[4][3][2]/D (clocked by sys_clk_pin). Large setup violations at the end of those stages might be difficult to fix during the post-placement implementation flow and could be the result of non-optimal XDC constraints or non-optimal design architecture
Related violations: <none>

TIMING-16#233 Warning
Large setup violation  
There is a large setup violation of -1.177 ns between dut/SS_00/m_p_reg[0][7][0]/C (clocked by sys_clk_pin) and dut/SS_00/m_p_reg[1][5][3]/D (clocked by sys_clk_pin). Large setup violations at the end of those stages might be difficult to fix during the post-placement implementation flow and could be the result of non-optimal XDC constraints or non-optimal design architecture
Related violations: <none>

TIMING-16#234 Warning
Large setup violation  
There is a large setup violation of -1.177 ns between dut/SS_11/c_slots_r_reg[1][1]/C (clocked by sys_clk_pin) and dut/SS_11/c_m1_r_reg[1][3]/D (clocked by sys_clk_pin). Large setup violations at the end of those stages might be difficult to fix during the post-placement implementation flow and could be the result of non-optimal XDC constraints or non-optimal design architecture
Related violations: <none>

TIMING-16#235 Warning
Large setup violation  
There is a large setup violation of -1.177 ns between dut/ss_idx_r_reg[0][1]/C (clocked by sys_clk_pin) and dut/AB_l_1_reg[2][9]/D (clocked by sys_clk_pin). Large setup violations at the end of those stages might be difficult to fix during the post-placement implementation flow and could be the result of non-optimal XDC constraints or non-optimal design architecture
Related violations: <none>

TIMING-16#236 Warning
Large setup violation  
There is a large setup violation of -1.179 ns between dut/A0Bb[1].SS/c_slots_r_reg[2][0]/C (clocked by sys_clk_pin) and dut/A0Bb[1].SS/c_m1_r_reg[1][8]/D (clocked by sys_clk_pin). Large setup violations at the end of those stages might be difficult to fix during the post-placement implementation flow and could be the result of non-optimal XDC constraints or non-optimal design architecture
Related violations: <none>

TIMING-16#237 Warning
Large setup violation  
There is a large setup violation of -1.179 ns between dut/SS_00/idx_p_reg[5][3][2]/C (clocked by sys_clk_pin) and dut/AB_l_00_r_reg[3][9]/D (clocked by sys_clk_pin). Large setup violations at the end of those stages might be difficult to fix during the post-placement implementation flow and could be the result of non-optimal XDC constraints or non-optimal design architecture
Related violations: <none>

TIMING-16#238 Warning
Large setup violation  
There is a large setup violation of -1.179 ns between dut/ss_idx_r_reg[1][1]/C (clocked by sys_clk_pin) and dut/AB_l_2_reg[0][11]/CE (clocked by sys_clk_pin). Large setup violations at the end of those stages might be difficult to fix during the post-placement implementation flow and could be the result of non-optimal XDC constraints or non-optimal design architecture
Related violations: <none>

TIMING-16#239 Warning
Large setup violation  
There is a large setup violation of -1.179 ns between dut/ss_idx_r_reg[1][1]/C (clocked by sys_clk_pin) and dut/AB_l_2_reg[0][14]/CE (clocked by sys_clk_pin). Large setup violations at the end of those stages might be difficult to fix during the post-placement implementation flow and could be the result of non-optimal XDC constraints or non-optimal design architecture
Related violations: <none>

TIMING-16#240 Warning
Large setup violation  
There is a large setup violation of -1.179 ns between dut/ss_idx_r_reg[1][1]/C (clocked by sys_clk_pin) and dut/AB_l_2_reg[2][11]/CE (clocked by sys_clk_pin). Large setup violations at the end of those stages might be difficult to fix during the post-placement implementation flow and could be the result of non-optimal XDC constraints or non-optimal design architecture
Related violations: <none>

TIMING-16#241 Warning
Large setup violation  
There is a large setup violation of -1.180 ns between dut/AaB0[2].SS/c_slots_r_reg[1][4]/C (clocked by sys_clk_pin) and dut/AaB0[2].SS/c_m1_r_reg[2][4]/D (clocked by sys_clk_pin). Large setup violations at the end of those stages might be difficult to fix during the post-placement implementation flow and could be the result of non-optimal XDC constraints or non-optimal design architecture
Related violations: <none>

TIMING-16#242 Warning
Large setup violation  
There is a large setup violation of -1.180 ns between dut/ss_idx_r_reg[1][1]/C (clocked by sys_clk_pin) and dut/AB_l_2_reg[1][11]/CE (clocked by sys_clk_pin). Large setup violations at the end of those stages might be difficult to fix during the post-placement implementation flow and could be the result of non-optimal XDC constraints or non-optimal design architecture
Related violations: <none>

TIMING-16#243 Warning
Large setup violation  
There is a large setup violation of -1.180 ns between dut/ss_idx_r_reg[1][1]/C (clocked by sys_clk_pin) and dut/AB_l_2_reg[1][14]/CE (clocked by sys_clk_pin). Large setup violations at the end of those stages might be difficult to fix during the post-placement implementation flow and could be the result of non-optimal XDC constraints or non-optimal design architecture
Related violations: <none>

TIMING-16#244 Warning
Large setup violation  
There is a large setup violation of -1.181 ns between dut/ss_idx_r_reg[1][1]/C (clocked by sys_clk_pin) and dut/AB_m_2_reg[2][6]/CE (clocked by sys_clk_pin). Large setup violations at the end of those stages might be difficult to fix during the post-placement implementation flow and could be the result of non-optimal XDC constraints or non-optimal design architecture
Related violations: <none>

TIMING-16#245 Warning
Large setup violation  
There is a large setup violation of -1.182 ns between dut/A0Bb[1].SS/sig_summ_r_reg[6][1]/C (clocked by sys_clk_pin) and dut/A0Bb[1].SS/c_slots_r_reg[1][1]/D (clocked by sys_clk_pin). Large setup violations at the end of those stages might be difficult to fix during the post-placement implementation flow and could be the result of non-optimal XDC constraints or non-optimal design architecture
Related violations: <none>

TIMING-16#246 Warning
Large setup violation  
There is a large setup violation of -1.182 ns between dut/AaB0[2].SS/sig_summ_r_reg[4][5]/C (clocked by sys_clk_pin) and dut/AaB0[2].SS/c_slots_r_reg[1][7]/D (clocked by sys_clk_pin). Large setup violations at the end of those stages might be difficult to fix during the post-placement implementation flow and could be the result of non-optimal XDC constraints or non-optimal design architecture
Related violations: <none>

TIMING-16#247 Warning
Large setup violation  
There is a large setup violation of -1.182 ns between dut/SS_11/c_slots_r_reg[1][1]/C (clocked by sys_clk_pin) and dut/SS_11/c_m1_r_reg[2][5]/D (clocked by sys_clk_pin). Large setup violations at the end of those stages might be difficult to fix during the post-placement implementation flow and could be the result of non-optimal XDC constraints or non-optimal design architecture
Related violations: <none>

TIMING-16#248 Warning
Large setup violation  
There is a large setup violation of -1.183 ns between dut/A0Bb[1].SS/sig_summ_r_reg[6][1]/C (clocked by sys_clk_pin) and dut/A0Bb[1].SS/c_slots_r_reg[1][3]/D (clocked by sys_clk_pin). Large setup violations at the end of those stages might be difficult to fix during the post-placement implementation flow and could be the result of non-optimal XDC constraints or non-optimal design architecture
Related violations: <none>

TIMING-16#249 Warning
Large setup violation  
There is a large setup violation of -1.184 ns between dut/AaB0[2].SS/c_slots_r_reg[1][4]/C (clocked by sys_clk_pin) and dut/AaB0[2].SS/c_m1_r_reg[1][4]/D (clocked by sys_clk_pin). Large setup violations at the end of those stages might be difficult to fix during the post-placement implementation flow and could be the result of non-optimal XDC constraints or non-optimal design architecture
Related violations: <none>

TIMING-16#250 Warning
Large setup violation  
There is a large setup violation of -1.185 ns between dut/AaB0[2].SS/c_slots_r_reg[1][4]/C (clocked by sys_clk_pin) and dut/AaB0[2].SS/c_m1_r_reg[1][5]/D (clocked by sys_clk_pin). Large setup violations at the end of those stages might be difficult to fix during the post-placement implementation flow and could be the result of non-optimal XDC constraints or non-optimal design architecture
Related violations: <none>

TIMING-16#251 Warning
Large setup violation  
There is a large setup violation of -1.185 ns between dut/AaB0[2].SS/c_slots_r_reg[1][4]/C (clocked by sys_clk_pin) and dut/AaB0[2].SS/c_m1_r_reg[1][6]/D (clocked by sys_clk_pin). Large setup violations at the end of those stages might be difficult to fix during the post-placement implementation flow and could be the result of non-optimal XDC constraints or non-optimal design architecture
Related violations: <none>

TIMING-16#252 Warning
Large setup violation  
There is a large setup violation of -1.187 ns between dut/A0Bb[2].SS/sig_summ_r_reg[6][0]/C (clocked by sys_clk_pin) and dut/A0Bb[2].SS/l_slots_r_reg[2][2]/D (clocked by sys_clk_pin). Large setup violations at the end of those stages might be difficult to fix during the post-placement implementation flow and could be the result of non-optimal XDC constraints or non-optimal design architecture
Related violations: <none>

TIMING-16#253 Warning
Large setup violation  
There is a large setup violation of -1.187 ns between dut/B0_m_reg[0][25]/C (clocked by sys_clk_pin) and dut/AaB0[2].SS/sig_summ_r_reg[7][3]/D (clocked by sys_clk_pin). Large setup violations at the end of those stages might be difficult to fix during the post-placement implementation flow and could be the result of non-optimal XDC constraints or non-optimal design architecture
Related violations: <none>

TIMING-16#254 Warning
Large setup violation  
There is a large setup violation of -1.187 ns between dut/SS_11/c_slots_r_reg[1][1]/C (clocked by sys_clk_pin) and dut/SS_11/c_m1_r_reg[1][5]/D (clocked by sys_clk_pin). Large setup violations at the end of those stages might be difficult to fix during the post-placement implementation flow and could be the result of non-optimal XDC constraints or non-optimal design architecture
Related violations: <none>

TIMING-16#255 Warning
Large setup violation  
There is a large setup violation of -1.188 ns between dut/AaB0[1].SS/sig_summ_r_reg[3][6]/C (clocked by sys_clk_pin) and dut/AaB0[1].SS/c_slots_r_reg[1][1]/D (clocked by sys_clk_pin). Large setup violations at the end of those stages might be difficult to fix during the post-placement implementation flow and could be the result of non-optimal XDC constraints or non-optimal design architecture
Related violations: <none>

TIMING-16#256 Warning
Large setup violation  
There is a large setup violation of -1.188 ns between dut/SS_00/m_p_reg[2][3][6]/C (clocked by sys_clk_pin) and dut/SS_00/m_p_reg[5][7][7]_srl3/D (clocked by sys_clk_pin). Large setup violations at the end of those stages might be difficult to fix during the post-placement implementation flow and could be the result of non-optimal XDC constraints or non-optimal design architecture
Related violations: <none>

TIMING-16#257 Warning
Large setup violation  
There is a large setup violation of -1.189 ns between dut/ss_idx_r_reg[1][1]/C (clocked by sys_clk_pin) and dut/AB_m_2_reg[0][2]/D (clocked by sys_clk_pin). Large setup violations at the end of those stages might be difficult to fix during the post-placement implementation flow and could be the result of non-optimal XDC constraints or non-optimal design architecture
Related violations: <none>

TIMING-16#258 Warning
Large setup violation  
There is a large setup violation of -1.195 ns between dut/A0_m_reg[0][26]/C (clocked by sys_clk_pin) and dut/A0Bb[2].SS/sig_summ_r_reg[4][5]/D (clocked by sys_clk_pin). Large setup violations at the end of those stages might be difficult to fix during the post-placement implementation flow and could be the result of non-optimal XDC constraints or non-optimal design architecture
Related violations: <none>

TIMING-16#259 Warning
Large setup violation  
There is a large setup violation of -1.197 ns between dut/A0Bb[1].SS/sig_summ_r_reg[6][0]/C (clocked by sys_clk_pin) and dut/A0Bb[1].SS/c_slots_r_reg[2][8]/D (clocked by sys_clk_pin). Large setup violations at the end of those stages might be difficult to fix during the post-placement implementation flow and could be the result of non-optimal XDC constraints or non-optimal design architecture
Related violations: <none>

TIMING-16#260 Warning
Large setup violation  
There is a large setup violation of -1.198 ns between dut/ss_idx_r_reg[0][1]/C (clocked by sys_clk_pin) and dut/AB_l_1_reg[0][12]/D (clocked by sys_clk_pin). Large setup violations at the end of those stages might be difficult to fix during the post-placement implementation flow and could be the result of non-optimal XDC constraints or non-optimal design architecture
Related violations: <none>

TIMING-16#261 Warning
Large setup violation  
There is a large setup violation of -1.199 ns between dut/A0Bb[2].SS/sig_summ_r_reg[3][1]/C (clocked by sys_clk_pin) and dut/A0Bb[2].SS/c_slots_r_reg[1][1]/D (clocked by sys_clk_pin). Large setup violations at the end of those stages might be difficult to fix during the post-placement implementation flow and could be the result of non-optimal XDC constraints or non-optimal design architecture
Related violations: <none>

TIMING-16#262 Warning
Large setup violation  
There is a large setup violation of -1.199 ns between dut/AaB0[2].SS/sig_summ_r_reg[4][5]/C (clocked by sys_clk_pin) and dut/AaB0[2].SS/l_slots_r_reg[2][2]/D (clocked by sys_clk_pin). Large setup violations at the end of those stages might be difficult to fix during the post-placement implementation flow and could be the result of non-optimal XDC constraints or non-optimal design architecture
Related violations: <none>

TIMING-16#263 Warning
Large setup violation  
There is a large setup violation of -1.199 ns between dut/SS_00/m_p_reg[1][5][6]/C (clocked by sys_clk_pin) and dut/SS_00/m_p_reg[2][5][0]/D (clocked by sys_clk_pin). Large setup violations at the end of those stages might be difficult to fix during the post-placement implementation flow and could be the result of non-optimal XDC constraints or non-optimal design architecture
Related violations: <none>

TIMING-16#264 Warning
Large setup violation  
There is a large setup violation of -1.200 ns between dut/ss_idx_r_reg[1][1]/C (clocked by sys_clk_pin) and dut/AB_m_2_reg[0][7]/D (clocked by sys_clk_pin). Large setup violations at the end of those stages might be difficult to fix during the post-placement implementation flow and could be the result of non-optimal XDC constraints or non-optimal design architecture
Related violations: <none>

TIMING-16#265 Warning
Large setup violation  
There is a large setup violation of -1.201 ns between dut/SS_11/c_slots_r_reg[1][1]/C (clocked by sys_clk_pin) and dut/SS_11/c_m1_r_reg[2][1]/D (clocked by sys_clk_pin). Large setup violations at the end of those stages might be difficult to fix during the post-placement implementation flow and could be the result of non-optimal XDC constraints or non-optimal design architecture
Related violations: <none>

TIMING-16#266 Warning
Large setup violation  
There is a large setup violation of -1.203 ns between dut/ss_idx_r_reg[1][1]/C (clocked by sys_clk_pin) and dut/AB_l_2_reg[0][4]/D (clocked by sys_clk_pin). Large setup violations at the end of those stages might be difficult to fix during the post-placement implementation flow and could be the result of non-optimal XDC constraints or non-optimal design architecture
Related violations: <none>

TIMING-16#267 Warning
Large setup violation  
There is a large setup violation of -1.204 ns between dut/SS_11/c_m1_r_reg[0][2]/C (clocked by sys_clk_pin) and dut/AB_m_11_r_reg[1][2]/D (clocked by sys_clk_pin). Large setup violations at the end of those stages might be difficult to fix during the post-placement implementation flow and could be the result of non-optimal XDC constraints or non-optimal design architecture
Related violations: <none>

TIMING-16#268 Warning
Large setup violation  
There is a large setup violation of -1.205 ns between dut/A0Bb[2].SS/sig_summ_r_reg[6][0]/C (clocked by sys_clk_pin) and dut/A0Bb[2].SS/c_slots_r_reg[0][7]/D (clocked by sys_clk_pin). Large setup violations at the end of those stages might be difficult to fix during the post-placement implementation flow and could be the result of non-optimal XDC constraints or non-optimal design architecture
Related violations: <none>

TIMING-16#269 Warning
Large setup violation  
There is a large setup violation of -1.209 ns between dut/AaB0[1].SS/c_m1_r_reg[1][6]/C (clocked by sys_clk_pin) and dut/AB_m_a0_r_reg[0][1][4]/D (clocked by sys_clk_pin). Large setup violations at the end of those stages might be difficult to fix during the post-placement implementation flow and could be the result of non-optimal XDC constraints or non-optimal design architecture
Related violations: <none>

TIMING-16#270 Warning
Large setup violation  
There is a large setup violation of -1.209 ns between dut/SS_11/sig_summ_r_reg[3][2]/C (clocked by sys_clk_pin) and dut/SS_11/c_slots_r_reg[2][7]/D (clocked by sys_clk_pin). Large setup violations at the end of those stages might be difficult to fix during the post-placement implementation flow and could be the result of non-optimal XDC constraints or non-optimal design architecture
Related violations: <none>

TIMING-16#271 Warning
Large setup violation  
There is a large setup violation of -1.210 ns between dut/B0_m_reg[0][20]/C (clocked by sys_clk_pin) and dut/AaB0[2].SS/sig_summ_r_reg[1][7]/D (clocked by sys_clk_pin). Large setup violations at the end of those stages might be difficult to fix during the post-placement implementation flow and could be the result of non-optimal XDC constraints or non-optimal design architecture
Related violations: <none>

TIMING-16#272 Warning
Large setup violation  
There is a large setup violation of -1.211 ns between dut/AaB0[1].SS/c_slots_r_reg[1][1]/C (clocked by sys_clk_pin) and dut/AaB0[1].SS/c_m1_r_reg[1][4]/D (clocked by sys_clk_pin). Large setup violations at the end of those stages might be difficult to fix during the post-placement implementation flow and could be the result of non-optimal XDC constraints or non-optimal design architecture
Related violations: <none>

TIMING-16#273 Warning
Large setup violation  
There is a large setup violation of -1.211 ns between dut/SS_11/c_slots_r_reg[1][1]/C (clocked by sys_clk_pin) and dut/SS_11/c_m1_r_reg[1][7]/D (clocked by sys_clk_pin). Large setup violations at the end of those stages might be difficult to fix during the post-placement implementation flow and could be the result of non-optimal XDC constraints or non-optimal design architecture
Related violations: <none>

TIMING-16#274 Warning
Large setup violation  
There is a large setup violation of -1.211 ns between dut/ss_idx_r_reg[1][1]/C (clocked by sys_clk_pin) and dut/AB_l_2_reg[2][14]/CE (clocked by sys_clk_pin). Large setup violations at the end of those stages might be difficult to fix during the post-placement implementation flow and could be the result of non-optimal XDC constraints or non-optimal design architecture
Related violations: <none>

TIMING-16#275 Warning
Large setup violation  
There is a large setup violation of -1.211 ns between dut/ss_idx_r_reg[1][1]/C (clocked by sys_clk_pin) and dut/AB_l_2_reg[3][14]/CE (clocked by sys_clk_pin). Large setup violations at the end of those stages might be difficult to fix during the post-placement implementation flow and could be the result of non-optimal XDC constraints or non-optimal design architecture
Related violations: <none>

TIMING-16#276 Warning
Large setup violation  
There is a large setup violation of -1.212 ns between dut/A0Bb[1].SS/c_m1_r_reg[1][1]/C (clocked by sys_clk_pin) and dut/AB_m_0b_r_reg[0][1][0]/S (clocked by sys_clk_pin). Large setup violations at the end of those stages might be difficult to fix during the post-placement implementation flow and could be the result of non-optimal XDC constraints or non-optimal design architecture
Related violations: <none>

TIMING-16#277 Warning
Large setup violation  
There is a large setup violation of -1.212 ns between dut/A0Bb[1].SS/c_m1_r_reg[1][1]/C (clocked by sys_clk_pin) and dut/AB_m_0b_r_reg[0][1][3]/S (clocked by sys_clk_pin). Large setup violations at the end of those stages might be difficult to fix during the post-placement implementation flow and could be the result of non-optimal XDC constraints or non-optimal design architecture
Related violations: <none>

TIMING-16#278 Warning
Large setup violation  
There is a large setup violation of -1.212 ns between dut/A0Bb[1].SS/c_m1_r_reg[1][1]/C (clocked by sys_clk_pin) and dut/AB_m_0b_r_reg[0][1][5]/S (clocked by sys_clk_pin). Large setup violations at the end of those stages might be difficult to fix during the post-placement implementation flow and could be the result of non-optimal XDC constraints or non-optimal design architecture
Related violations: <none>

TIMING-16#279 Warning
Large setup violation  
There is a large setup violation of -1.213 ns between dut/A0Bb[1].SS/sig_summ_r_reg[6][0]/C (clocked by sys_clk_pin) and dut/A0Bb[1].SS/c_slots_r_reg[2][2]/D (clocked by sys_clk_pin). Large setup violations at the end of those stages might be difficult to fix during the post-placement implementation flow and could be the result of non-optimal XDC constraints or non-optimal design architecture
Related violations: <none>

TIMING-16#280 Warning
Large setup violation  
There is a large setup violation of -1.214 ns between dut/ss_idx_r_reg[0][1]/C (clocked by sys_clk_pin) and dut/AB_l_1_reg[1][13]/D (clocked by sys_clk_pin). Large setup violations at the end of those stages might be difficult to fix during the post-placement implementation flow and could be the result of non-optimal XDC constraints or non-optimal design architecture
Related violations: <none>

TIMING-16#281 Warning
Large setup violation  
There is a large setup violation of -1.215 ns between dut/A0Bb[2].SS/sig_summ_r_reg[6][0]/C (clocked by sys_clk_pin) and dut/A0Bb[2].SS/c_slots_r_reg[1][8]/D (clocked by sys_clk_pin). Large setup violations at the end of those stages might be difficult to fix during the post-placement implementation flow and could be the result of non-optimal XDC constraints or non-optimal design architecture
Related violations: <none>

TIMING-16#282 Warning
Large setup violation  
There is a large setup violation of -1.215 ns between dut/A0_m_reg[0][26]/C (clocked by sys_clk_pin) and dut/A0Bb[2].SS/sig_summ_r_reg[4][7]/D (clocked by sys_clk_pin). Large setup violations at the end of those stages might be difficult to fix during the post-placement implementation flow and could be the result of non-optimal XDC constraints or non-optimal design architecture
Related violations: <none>

TIMING-16#283 Warning
Large setup violation  
There is a large setup violation of -1.216 ns between dut/A0Bb[2].SS/sig_summ_r_reg[6][0]/C (clocked by sys_clk_pin) and dut/A0Bb[2].SS/c_slots_r_reg[1][6]/D (clocked by sys_clk_pin). Large setup violations at the end of those stages might be difficult to fix during the post-placement implementation flow and could be the result of non-optimal XDC constraints or non-optimal design architecture
Related violations: <none>

TIMING-16#284 Warning
Large setup violation  
There is a large setup violation of -1.216 ns between dut/SS_00/idx_p_reg[5][1][1]/C (clocked by sys_clk_pin) and dut/AB_l_00_r_reg[1][8]/D (clocked by sys_clk_pin). Large setup violations at the end of those stages might be difficult to fix during the post-placement implementation flow and could be the result of non-optimal XDC constraints or non-optimal design architecture
Related violations: <none>

TIMING-16#285 Warning
Large setup violation  
There is a large setup violation of -1.217 ns between dut/AaB0[2].SS/sig_summ_r_reg[4][5]/C (clocked by sys_clk_pin) and dut/AaB0[2].SS/c_slots_r_reg[1][8]/D (clocked by sys_clk_pin). Large setup violations at the end of those stages might be difficult to fix during the post-placement implementation flow and could be the result of non-optimal XDC constraints or non-optimal design architecture
Related violations: <none>

TIMING-16#286 Warning
Large setup violation  
There is a large setup violation of -1.219 ns between dut/SS_11/c_slots_r_reg[1][1]/C (clocked by sys_clk_pin) and dut/SS_11/c_m1_r_reg[2][2]/D (clocked by sys_clk_pin). Large setup violations at the end of those stages might be difficult to fix during the post-placement implementation flow and could be the result of non-optimal XDC constraints or non-optimal design architecture
Related violations: <none>

TIMING-16#287 Warning
Large setup violation  
There is a large setup violation of -1.219 ns between dut/ss_idx_r_reg[1][1]/C (clocked by sys_clk_pin) and dut/AB_m_2_reg[1][2]/CE (clocked by sys_clk_pin). Large setup violations at the end of those stages might be difficult to fix during the post-placement implementation flow and could be the result of non-optimal XDC constraints or non-optimal design architecture
Related violations: <none>

TIMING-16#288 Warning
Large setup violation  
There is a large setup violation of -1.219 ns between dut/ss_idx_r_reg[1][1]/C (clocked by sys_clk_pin) and dut/AB_m_2_reg[1][5]/CE (clocked by sys_clk_pin). Large setup violations at the end of those stages might be difficult to fix during the post-placement implementation flow and could be the result of non-optimal XDC constraints or non-optimal design architecture
Related violations: <none>

TIMING-16#289 Warning
Large setup violation  
There is a large setup violation of -1.219 ns between dut/ss_idx_r_reg[1][1]/C (clocked by sys_clk_pin) and dut/AB_m_2_reg[1][7]/CE (clocked by sys_clk_pin). Large setup violations at the end of those stages might be difficult to fix during the post-placement implementation flow and could be the result of non-optimal XDC constraints or non-optimal design architecture
Related violations: <none>

TIMING-16#290 Warning
Large setup violation  
There is a large setup violation of -1.222 ns between dut/SS_00/m_p_reg[2][6][0]/C (clocked by sys_clk_pin) and dut/SS_00/m_p_reg[3][6][5]/D (clocked by sys_clk_pin). Large setup violations at the end of those stages might be difficult to fix during the post-placement implementation flow and could be the result of non-optimal XDC constraints or non-optimal design architecture
Related violations: <none>

TIMING-16#291 Warning
Large setup violation  
There is a large setup violation of -1.223 ns between dut/AaB0[2].SS/sig_summ_r_reg[4][5]/C (clocked by sys_clk_pin) and dut/AaB0[2].SS/c_slots_r_reg[1][5]/D (clocked by sys_clk_pin). Large setup violations at the end of those stages might be difficult to fix during the post-placement implementation flow and could be the result of non-optimal XDC constraints or non-optimal design architecture
Related violations: <none>

TIMING-16#292 Warning
Large setup violation  
There is a large setup violation of -1.223 ns between dut/B0_m_reg[0][11]/C (clocked by sys_clk_pin) and dut/AaB0[2].SS/sig_summ_r_reg[4][8]/D (clocked by sys_clk_pin). Large setup violations at the end of those stages might be difficult to fix during the post-placement implementation flow and could be the result of non-optimal XDC constraints or non-optimal design architecture
Related violations: <none>

TIMING-16#293 Warning
Large setup violation  
There is a large setup violation of -1.224 ns between dut/ss_idx_r_reg[1][1]/C (clocked by sys_clk_pin) and dut/AB_l_2_reg[3][12]/CE (clocked by sys_clk_pin). Large setup violations at the end of those stages might be difficult to fix during the post-placement implementation flow and could be the result of non-optimal XDC constraints or non-optimal design architecture
Related violations: <none>

TIMING-16#294 Warning
Large setup violation  
There is a large setup violation of -1.225 ns between dut/AaB0[2].SS/sig_summ_r_reg[4][5]/C (clocked by sys_clk_pin) and dut/AaB0[2].SS/c_slots_r_reg[1][0]/D (clocked by sys_clk_pin). Large setup violations at the end of those stages might be difficult to fix during the post-placement implementation flow and could be the result of non-optimal XDC constraints or non-optimal design architecture
Related violations: <none>

TIMING-16#295 Warning
Large setup violation  
There is a large setup violation of -1.227 ns between dut/A0Bb[2].SS/sig_summ_r_reg[6][0]/C (clocked by sys_clk_pin) and dut/A0Bb[2].SS/c_slots_r_reg[0][8]/D (clocked by sys_clk_pin). Large setup violations at the end of those stages might be difficult to fix during the post-placement implementation flow and could be the result of non-optimal XDC constraints or non-optimal design architecture
Related violations: <none>

TIMING-16#296 Warning
Large setup violation  
There is a large setup violation of -1.228 ns between dut/A0Bb[2].SS/sig_summ_r_reg[6][0]/C (clocked by sys_clk_pin) and dut/A0Bb[2].SS/c_slots_r_reg[1][5]/D (clocked by sys_clk_pin). Large setup violations at the end of those stages might be difficult to fix during the post-placement implementation flow and could be the result of non-optimal XDC constraints or non-optimal design architecture
Related violations: <none>

TIMING-16#297 Warning
Large setup violation  
There is a large setup violation of -1.229 ns between dut/ss_idx_r_reg[0][1]/C (clocked by sys_clk_pin) and dut/AB_l_1_reg[0][13]/D (clocked by sys_clk_pin). Large setup violations at the end of those stages might be difficult to fix during the post-placement implementation flow and could be the result of non-optimal XDC constraints or non-optimal design architecture
Related violations: <none>

TIMING-16#298 Warning
Large setup violation  
There is a large setup violation of -1.230 ns between dut/SS_00/m_p_reg[2][6][0]/C (clocked by sys_clk_pin) and dut/SS_00/m_p_reg[3][2][5]/D (clocked by sys_clk_pin). Large setup violations at the end of those stages might be difficult to fix during the post-placement implementation flow and could be the result of non-optimal XDC constraints or non-optimal design architecture
Related violations: <none>

TIMING-16#299 Warning
Large setup violation  
There is a large setup violation of -1.231 ns between dut/A0Bb[2].SS/sig_summ_r_reg[6][0]/C (clocked by sys_clk_pin) and dut/A0Bb[2].SS/c_slots_r_reg[0][3]/D (clocked by sys_clk_pin). Large setup violations at the end of those stages might be difficult to fix during the post-placement implementation flow and could be the result of non-optimal XDC constraints or non-optimal design architecture
Related violations: <none>

TIMING-16#300 Warning
Large setup violation  
There is a large setup violation of -1.232 ns between dut/AaB0[2].SS/c_m1_r_reg[1][1]/C (clocked by sys_clk_pin) and dut/AB_m_a0_r_reg[1][1][2]/D (clocked by sys_clk_pin). Large setup violations at the end of those stages might be difficult to fix during the post-placement implementation flow and could be the result of non-optimal XDC constraints or non-optimal design architecture
Related violations: <none>

TIMING-16#301 Warning
Large setup violation  
There is a large setup violation of -1.232 ns between dut/AaB0[2].SS/c_slots_r_reg[1][4]/C (clocked by sys_clk_pin) and dut/AaB0[2].SS/c_m1_r_reg[2][8]/D (clocked by sys_clk_pin). Large setup violations at the end of those stages might be difficult to fix during the post-placement implementation flow and could be the result of non-optimal XDC constraints or non-optimal design architecture
Related violations: <none>

TIMING-16#302 Warning
Large setup violation  
There is a large setup violation of -1.232 ns between dut/ss_idx_r_reg[0][1]/C (clocked by sys_clk_pin) and dut/AB_l_1_reg[1][6]/D (clocked by sys_clk_pin). Large setup violations at the end of those stages might be difficult to fix during the post-placement implementation flow and could be the result of non-optimal XDC constraints or non-optimal design architecture
Related violations: <none>

TIMING-16#303 Warning
Large setup violation  
There is a large setup violation of -1.234 ns between dut/A0Bb[1].SS/sig_summ_r_reg[4][1]/C (clocked by sys_clk_pin) and dut/A0Bb[1].SS/l_slots_r_reg[2][2]/D (clocked by sys_clk_pin). Large setup violations at the end of those stages might be difficult to fix during the post-placement implementation flow and could be the result of non-optimal XDC constraints or non-optimal design architecture
Related violations: <none>

TIMING-16#304 Warning
Large setup violation  
There is a large setup violation of -1.234 ns between dut/SS_11/c_slots_r_reg[1][1]/C (clocked by sys_clk_pin) and dut/SS_11/c_m1_r_reg[2][4]/D (clocked by sys_clk_pin). Large setup violations at the end of those stages might be difficult to fix during the post-placement implementation flow and could be the result of non-optimal XDC constraints or non-optimal design architecture
Related violations: <none>

TIMING-16#305 Warning
Large setup violation  
There is a large setup violation of -1.234 ns between dut/ss_idx_r_reg[0][1]/C (clocked by sys_clk_pin) and dut/AB_l_1_reg[0][10]/D (clocked by sys_clk_pin). Large setup violations at the end of those stages might be difficult to fix during the post-placement implementation flow and could be the result of non-optimal XDC constraints or non-optimal design architecture
Related violations: <none>

TIMING-16#306 Warning
Large setup violation  
There is a large setup violation of -1.234 ns between dut/ss_idx_r_reg[1][1]/C (clocked by sys_clk_pin) and dut/AB_l_2_reg[1][13]/CE (clocked by sys_clk_pin). Large setup violations at the end of those stages might be difficult to fix during the post-placement implementation flow and could be the result of non-optimal XDC constraints or non-optimal design architecture
Related violations: <none>

TIMING-16#307 Warning
Large setup violation  
There is a large setup violation of -1.235 ns between dut/AaB0[2].SS/c_slots_r_reg[1][4]/C (clocked by sys_clk_pin) and dut/AaB0[2].SS/c_m1_r_reg[1][8]/D (clocked by sys_clk_pin). Large setup violations at the end of those stages might be difficult to fix during the post-placement implementation flow and could be the result of non-optimal XDC constraints or non-optimal design architecture
Related violations: <none>

TIMING-16#308 Warning
Large setup violation  
There is a large setup violation of -1.238 ns between dut/A0_m_reg[1][27]/C (clocked by sys_clk_pin) and dut/SS_11/sig_summ_r_reg[4][8]/D (clocked by sys_clk_pin). Large setup violations at the end of those stages might be difficult to fix during the post-placement implementation flow and could be the result of non-optimal XDC constraints or non-optimal design architecture
Related violations: <none>

TIMING-16#309 Warning
Large setup violation  
There is a large setup violation of -1.239 ns between dut/B0_m_reg[0][25]/C (clocked by sys_clk_pin) and dut/AaB0[2].SS/sig_summ_r_reg[7][6]/D (clocked by sys_clk_pin). Large setup violations at the end of those stages might be difficult to fix during the post-placement implementation flow and could be the result of non-optimal XDC constraints or non-optimal design architecture
Related violations: <none>

TIMING-16#310 Warning
Large setup violation  
There is a large setup violation of -1.239 ns between dut/ss_idx_r_reg[1][1]/C (clocked by sys_clk_pin) and dut/AB_l_2_reg[0][12]/CE (clocked by sys_clk_pin). Large setup violations at the end of those stages might be difficult to fix during the post-placement implementation flow and could be the result of non-optimal XDC constraints or non-optimal design architecture
Related violations: <none>

TIMING-16#311 Warning
Large setup violation  
There is a large setup violation of -1.240 ns between dut/SS_00/m_p_reg[2][6][0]/C (clocked by sys_clk_pin) and dut/SS_00/idx_p_reg[3][6][0]/D (clocked by sys_clk_pin). Large setup violations at the end of those stages might be difficult to fix during the post-placement implementation flow and could be the result of non-optimal XDC constraints or non-optimal design architecture
Related violations: <none>

TIMING-16#312 Warning
Large setup violation  
There is a large setup violation of -1.245 ns between dut/A0_m_reg[0][26]/C (clocked by sys_clk_pin) and dut/A0Bb[2].SS/sig_summ_r_reg[5][8]/D (clocked by sys_clk_pin). Large setup violations at the end of those stages might be difficult to fix during the post-placement implementation flow and could be the result of non-optimal XDC constraints or non-optimal design architecture
Related violations: <none>

TIMING-16#313 Warning
Large setup violation  
There is a large setup violation of -1.245 ns between dut/B0_m_reg[0][25]/C (clocked by sys_clk_pin) and dut/AaB0[2].SS/sig_summ_r_reg[7][4]/D (clocked by sys_clk_pin). Large setup violations at the end of those stages might be difficult to fix during the post-placement implementation flow and could be the result of non-optimal XDC constraints or non-optimal design architecture
Related violations: <none>

TIMING-16#314 Warning
Large setup violation  
There is a large setup violation of -1.245 ns between dut/SS_00/idx_p_reg[5][5][0]/C (clocked by sys_clk_pin) and dut/AB_l_00_r_reg[5][13]/D (clocked by sys_clk_pin). Large setup violations at the end of those stages might be difficult to fix during the post-placement implementation flow and could be the result of non-optimal XDC constraints or non-optimal design architecture
Related violations: <none>

TIMING-16#315 Warning
Large setup violation  
There is a large setup violation of -1.248 ns between dut/A0Bb[1].SS/c_m1_r_reg[1][7]/C (clocked by sys_clk_pin) and dut/AB_m_0b_r_reg[0][1][1]/S (clocked by sys_clk_pin). Large setup violations at the end of those stages might be difficult to fix during the post-placement implementation flow and could be the result of non-optimal XDC constraints or non-optimal design architecture
Related violations: <none>

TIMING-16#316 Warning
Large setup violation  
There is a large setup violation of -1.248 ns between dut/A0Bb[1].SS/c_m1_r_reg[1][7]/C (clocked by sys_clk_pin) and dut/AB_m_0b_r_reg[0][1][6]/S (clocked by sys_clk_pin). Large setup violations at the end of those stages might be difficult to fix during the post-placement implementation flow and could be the result of non-optimal XDC constraints or non-optimal design architecture
Related violations: <none>

TIMING-16#317 Warning
Large setup violation  
There is a large setup violation of -1.248 ns between dut/A0Bb[1].SS/c_m1_r_reg[1][7]/C (clocked by sys_clk_pin) and dut/AB_m_0b_r_reg[0][1][7]/S (clocked by sys_clk_pin). Large setup violations at the end of those stages might be difficult to fix during the post-placement implementation flow and could be the result of non-optimal XDC constraints or non-optimal design architecture
Related violations: <none>

TIMING-16#318 Warning
Large setup violation  
There is a large setup violation of -1.248 ns between dut/A0Bb[1].SS/sig_summ_r_reg[6][1]/C (clocked by sys_clk_pin) and dut/A0Bb[1].SS/c_slots_r_reg[0][0]/D (clocked by sys_clk_pin). Large setup violations at the end of those stages might be difficult to fix during the post-placement implementation flow and could be the result of non-optimal XDC constraints or non-optimal design architecture
Related violations: <none>

TIMING-16#319 Warning
Large setup violation  
There is a large setup violation of -1.249 ns between dut/A0Bb[1].SS/sig_summ_r_reg[4][1]/C (clocked by sys_clk_pin) and dut/A0Bb[1].SS/c_slots_r_reg[0][1]/D (clocked by sys_clk_pin). Large setup violations at the end of those stages might be difficult to fix during the post-placement implementation flow and could be the result of non-optimal XDC constraints or non-optimal design architecture
Related violations: <none>

TIMING-16#320 Warning
Large setup violation  
There is a large setup violation of -1.249 ns between dut/A0_m_reg[0][24]/C (clocked by sys_clk_pin) and dut/SS_00/s0_d_reg[5][7]_srl6/D (clocked by sys_clk_pin). Large setup violations at the end of those stages might be difficult to fix during the post-placement implementation flow and could be the result of non-optimal XDC constraints or non-optimal design architecture
Related violations: <none>

TIMING-16#321 Warning
Large setup violation  
There is a large setup violation of -1.249 ns between dut/SS_00/idx_p_reg[5][3][2]/C (clocked by sys_clk_pin) and dut/AB_l_00_r_reg[3][15]/D (clocked by sys_clk_pin). Large setup violations at the end of those stages might be difficult to fix during the post-placement implementation flow and could be the result of non-optimal XDC constraints or non-optimal design architecture
Related violations: <none>

TIMING-16#322 Warning
Large setup violation  
There is a large setup violation of -1.251 ns between dut/A0_m_reg[0][3]/C (clocked by sys_clk_pin) and dut/A0Bb[2].SS/sig_summ_r_reg[7][8]/D (clocked by sys_clk_pin). Large setup violations at the end of those stages might be difficult to fix during the post-placement implementation flow and could be the result of non-optimal XDC constraints or non-optimal design architecture
Related violations: <none>

TIMING-16#323 Warning
Large setup violation  
There is a large setup violation of -1.251 ns between dut/SS_00/m_p_reg[2][6][0]/C (clocked by sys_clk_pin) and dut/SS_00/idx_p_reg[3][2][0]/D (clocked by sys_clk_pin). Large setup violations at the end of those stages might be difficult to fix during the post-placement implementation flow and could be the result of non-optimal XDC constraints or non-optimal design architecture
Related violations: <none>

TIMING-16#324 Warning
Large setup violation  
There is a large setup violation of -1.251 ns between dut/ss_idx_r_reg[0][1]/C (clocked by sys_clk_pin) and dut/AB_l_1_reg[2][1]/D (clocked by sys_clk_pin). Large setup violations at the end of those stages might be difficult to fix during the post-placement implementation flow and could be the result of non-optimal XDC constraints or non-optimal design architecture
Related violations: <none>

TIMING-16#325 Warning
Large setup violation  
There is a large setup violation of -1.252 ns between dut/A0Bb[1].SS/sig_summ_r_reg[6][1]/C (clocked by sys_clk_pin) and dut/A0Bb[1].SS/c_slots_r_reg[0][6]/D (clocked by sys_clk_pin). Large setup violations at the end of those stages might be difficult to fix during the post-placement implementation flow and could be the result of non-optimal XDC constraints or non-optimal design architecture
Related violations: <none>

TIMING-16#326 Warning
Large setup violation  
There is a large setup violation of -1.252 ns between dut/SS_00/m_p_reg[2][5][2]/C (clocked by sys_clk_pin) and dut/SS_00/idx_p_reg[3][1][2]/D (clocked by sys_clk_pin). Large setup violations at the end of those stages might be difficult to fix during the post-placement implementation flow and could be the result of non-optimal XDC constraints or non-optimal design architecture
Related violations: <none>

TIMING-16#327 Warning
Large setup violation  
There is a large setup violation of -1.254 ns between dut/SS_11/c_m1_r_reg[0][2]/C (clocked by sys_clk_pin) and dut/AB_m_11_r_reg[1][3]/D (clocked by sys_clk_pin). Large setup violations at the end of those stages might be difficult to fix during the post-placement implementation flow and could be the result of non-optimal XDC constraints or non-optimal design architecture
Related violations: <none>

TIMING-16#328 Warning
Large setup violation  
There is a large setup violation of -1.255 ns between dut/SS_00/m_p_reg[2][5][2]/C (clocked by sys_clk_pin) and dut/SS_00/idx_p_reg[3][5][0]/D (clocked by sys_clk_pin). Large setup violations at the end of those stages might be difficult to fix during the post-placement implementation flow and could be the result of non-optimal XDC constraints or non-optimal design architecture
Related violations: <none>

TIMING-16#329 Warning
Large setup violation  
There is a large setup violation of -1.255 ns between dut/ss_idx_r_reg[1][0]/C (clocked by sys_clk_pin) and dut/AB_m_2_reg[1][2]/D (clocked by sys_clk_pin). Large setup violations at the end of those stages might be difficult to fix during the post-placement implementation flow and could be the result of non-optimal XDC constraints or non-optimal design architecture
Related violations: <none>

TIMING-16#330 Warning
Large setup violation  
There is a large setup violation of -1.255 ns between dut/ss_idx_r_reg[1][1]/C (clocked by sys_clk_pin) and dut/AB_l_2_reg[2][13]/CE (clocked by sys_clk_pin). Large setup violations at the end of those stages might be difficult to fix during the post-placement implementation flow and could be the result of non-optimal XDC constraints or non-optimal design architecture
Related violations: <none>

TIMING-16#331 Warning
Large setup violation  
There is a large setup violation of -1.255 ns between dut/ss_idx_r_reg[1][1]/C (clocked by sys_clk_pin) and dut/AB_l_2_reg[3][11]/CE (clocked by sys_clk_pin). Large setup violations at the end of those stages might be difficult to fix during the post-placement implementation flow and could be the result of non-optimal XDC constraints or non-optimal design architecture
Related violations: <none>

TIMING-16#332 Warning
Large setup violation  
There is a large setup violation of -1.257 ns between dut/SS_00/m_p_reg[2][5][2]/C (clocked by sys_clk_pin) and dut/SS_00/idx_p_reg[3][1][0]/D (clocked by sys_clk_pin). Large setup violations at the end of those stages might be difficult to fix during the post-placement implementation flow and could be the result of non-optimal XDC constraints or non-optimal design architecture
Related violations: <none>

TIMING-16#333 Warning
Large setup violation  
There is a large setup violation of -1.261 ns between dut/SS_00/idx_p_reg[5][4][0]/C (clocked by sys_clk_pin) and dut/AB_l_00_r_reg[4][13]/D (clocked by sys_clk_pin). Large setup violations at the end of those stages might be difficult to fix during the post-placement implementation flow and could be the result of non-optimal XDC constraints or non-optimal design architecture
Related violations: <none>

TIMING-16#334 Warning
Large setup violation  
There is a large setup violation of -1.264 ns between dut/A0Bb[2].SS/sig_summ_r_reg[6][0]/C (clocked by sys_clk_pin) and dut/A0Bb[2].SS/c_slots_r_reg[1][4]/D (clocked by sys_clk_pin). Large setup violations at the end of those stages might be difficult to fix during the post-placement implementation flow and could be the result of non-optimal XDC constraints or non-optimal design architecture
Related violations: <none>

TIMING-16#335 Warning
Large setup violation  
There is a large setup violation of -1.266 ns between dut/A0Bb[1].SS/sig_summ_r_reg[6][1]/C (clocked by sys_clk_pin) and dut/A0Bb[1].SS/c_slots_r_reg[0][2]/D (clocked by sys_clk_pin). Large setup violations at the end of those stages might be difficult to fix during the post-placement implementation flow and could be the result of non-optimal XDC constraints or non-optimal design architecture
Related violations: <none>

TIMING-16#336 Warning
Large setup violation  
There is a large setup violation of -1.270 ns between dut/ss_idx_r_reg[0][1]/C (clocked by sys_clk_pin) and dut/AB_l_1_reg[0][11]/D (clocked by sys_clk_pin). Large setup violations at the end of those stages might be difficult to fix during the post-placement implementation flow and could be the result of non-optimal XDC constraints or non-optimal design architecture
Related violations: <none>

TIMING-16#337 Warning
Large setup violation  
There is a large setup violation of -1.273 ns between dut/SS_00/idx_p_reg[5][2][1]/C (clocked by sys_clk_pin) and dut/AB_l_00_r_reg[2][15]/D (clocked by sys_clk_pin). Large setup violations at the end of those stages might be difficult to fix during the post-placement implementation flow and could be the result of non-optimal XDC constraints or non-optimal design architecture
Related violations: <none>

TIMING-16#338 Warning
Large setup violation  
There is a large setup violation of -1.275 ns between dut/B0_m_reg[0][20]/C (clocked by sys_clk_pin) and dut/AaB0[2].SS/sig_summ_r_reg[3][8]/D (clocked by sys_clk_pin). Large setup violations at the end of those stages might be difficult to fix during the post-placement implementation flow and could be the result of non-optimal XDC constraints or non-optimal design architecture
Related violations: <none>

TIMING-16#339 Warning
Large setup violation  
There is a large setup violation of -1.278 ns between dut/SS_00/m_p_reg[2][3][6]/C (clocked by sys_clk_pin) and dut/SS_00/idx_p_reg[4][7][2]_srl2/D (clocked by sys_clk_pin). Large setup violations at the end of those stages might be difficult to fix during the post-placement implementation flow and could be the result of non-optimal XDC constraints or non-optimal design architecture
Related violations: <none>

TIMING-16#340 Warning
Large setup violation  
There is a large setup violation of -1.280 ns between dut/A0Bb[1].SS/sig_summ_r_reg[6][0]/C (clocked by sys_clk_pin) and dut/A0Bb[1].SS/c_slots_r_reg[1][5]/D (clocked by sys_clk_pin). Large setup violations at the end of those stages might be difficult to fix during the post-placement implementation flow and could be the result of non-optimal XDC constraints or non-optimal design architecture
Related violations: <none>

TIMING-16#341 Warning
Large setup violation  
There is a large setup violation of -1.282 ns between dut/SS_00/m_p_reg[3][4][6]/C (clocked by sys_clk_pin) and dut/SS_00/idx_p_reg[4][4][1]/D (clocked by sys_clk_pin). Large setup violations at the end of those stages might be difficult to fix during the post-placement implementation flow and could be the result of non-optimal XDC constraints or non-optimal design architecture
Related violations: <none>

TIMING-16#342 Warning
Large setup violation  
There is a large setup violation of -1.284 ns between dut/SS_00/m_p_reg[3][4][6]/C (clocked by sys_clk_pin) and dut/SS_00/idx_p_reg[4][2][1]/D (clocked by sys_clk_pin). Large setup violations at the end of those stages might be difficult to fix during the post-placement implementation flow and could be the result of non-optimal XDC constraints or non-optimal design architecture
Related violations: <none>

TIMING-16#343 Warning
Large setup violation  
There is a large setup violation of -1.284 ns between dut/ss_idx_r_reg[1][1]/C (clocked by sys_clk_pin) and dut/AB_l_2_reg[2][10]/CE (clocked by sys_clk_pin). Large setup violations at the end of those stages might be difficult to fix during the post-placement implementation flow and could be the result of non-optimal XDC constraints or non-optimal design architecture
Related violations: <none>

TIMING-16#344 Warning
Large setup violation  
There is a large setup violation of -1.285 ns between dut/A0Bb[1].SS/sig_summ_r_reg[6][1]/C (clocked by sys_clk_pin) and dut/A0Bb[1].SS/l_slots_r_reg[2][1]/D (clocked by sys_clk_pin). Large setup violations at the end of those stages might be difficult to fix during the post-placement implementation flow and could be the result of non-optimal XDC constraints or non-optimal design architecture
Related violations: <none>

TIMING-16#345 Warning
Large setup violation  
There is a large setup violation of -1.285 ns between dut/SS_00/m_p_reg[0][1][6]/C (clocked by sys_clk_pin) and dut/SS_00/idx_p_reg[1][3][0]/D (clocked by sys_clk_pin). Large setup violations at the end of those stages might be difficult to fix during the post-placement implementation flow and could be the result of non-optimal XDC constraints or non-optimal design architecture
Related violations: <none>

TIMING-16#346 Warning
Large setup violation  
There is a large setup violation of -1.286 ns between dut/A0_m_reg[0][29]/C (clocked by sys_clk_pin) and dut/A0Bb[2].SS/sig_summ_r_reg[1][8]/D (clocked by sys_clk_pin). Large setup violations at the end of those stages might be difficult to fix during the post-placement implementation flow and could be the result of non-optimal XDC constraints or non-optimal design architecture
Related violations: <none>

TIMING-16#347 Warning
Large setup violation  
There is a large setup violation of -1.286 ns between dut/SS_11/sig_summ_r_reg[6][7]/C (clocked by sys_clk_pin) and dut/SS_11/c_slots_r_reg[0][6]/D (clocked by sys_clk_pin). Large setup violations at the end of those stages might be difficult to fix during the post-placement implementation flow and could be the result of non-optimal XDC constraints or non-optimal design architecture
Related violations: <none>

TIMING-16#348 Warning
Large setup violation  
There is a large setup violation of -1.287 ns between dut/SS_00/idx_p_reg[5][3][2]/C (clocked by sys_clk_pin) and dut/AB_l_00_r_reg[3][13]/D (clocked by sys_clk_pin). Large setup violations at the end of those stages might be difficult to fix during the post-placement implementation flow and could be the result of non-optimal XDC constraints or non-optimal design architecture
Related violations: <none>

TIMING-16#349 Warning
Large setup violation  
There is a large setup violation of -1.287 ns between dut/SS_00/m_p_reg[0][1][6]/C (clocked by sys_clk_pin) and dut/SS_00/idx_p_reg[1][1][0]/D (clocked by sys_clk_pin). Large setup violations at the end of those stages might be difficult to fix during the post-placement implementation flow and could be the result of non-optimal XDC constraints or non-optimal design architecture
Related violations: <none>

TIMING-16#350 Warning
Large setup violation  
There is a large setup violation of -1.287 ns between dut/SS_00/m_p_reg[2][5][2]/C (clocked by sys_clk_pin) and dut/SS_00/idx_p_reg[3][5][1]/D (clocked by sys_clk_pin). Large setup violations at the end of those stages might be difficult to fix during the post-placement implementation flow and could be the result of non-optimal XDC constraints or non-optimal design architecture
Related violations: <none>

TIMING-16#351 Warning
Large setup violation  
There is a large setup violation of -1.289 ns between dut/B0_m_reg[0][25]/C (clocked by sys_clk_pin) and dut/AaB0[2].SS/sig_summ_r_reg[7][5]/D (clocked by sys_clk_pin). Large setup violations at the end of those stages might be difficult to fix during the post-placement implementation flow and could be the result of non-optimal XDC constraints or non-optimal design architecture
Related violations: <none>

TIMING-16#352 Warning
Large setup violation  
There is a large setup violation of -1.289 ns between dut/SS_00/idx_p_reg[5][2][0]/C (clocked by sys_clk_pin) and dut/AB_l_00_r_reg[2][0]/D (clocked by sys_clk_pin). Large setup violations at the end of those stages might be difficult to fix during the post-placement implementation flow and could be the result of non-optimal XDC constraints or non-optimal design architecture
Related violations: <none>

TIMING-16#353 Warning
Large setup violation  
There is a large setup violation of -1.290 ns between dut/AaB0[2].SS/sig_summ_r_reg[4][5]/C (clocked by sys_clk_pin) and dut/AaB0[2].SS/c_slots_r_reg[0][5]/D (clocked by sys_clk_pin). Large setup violations at the end of those stages might be difficult to fix during the post-placement implementation flow and could be the result of non-optimal XDC constraints or non-optimal design architecture
Related violations: <none>

TIMING-16#354 Warning
Large setup violation  
There is a large setup violation of -1.292 ns between dut/SS_00/m_p_reg[0][1][6]/C (clocked by sys_clk_pin) and dut/SS_00/idx_p_reg[1][1][1]/D (clocked by sys_clk_pin). Large setup violations at the end of those stages might be difficult to fix during the post-placement implementation flow and could be the result of non-optimal XDC constraints or non-optimal design architecture
Related violations: <none>

TIMING-16#355 Warning
Large setup violation  
There is a large setup violation of -1.292 ns between dut/SS_00/m_p_reg[2][5][2]/C (clocked by sys_clk_pin) and dut/SS_00/idx_p_reg[3][1][1]/D (clocked by sys_clk_pin). Large setup violations at the end of those stages might be difficult to fix during the post-placement implementation flow and could be the result of non-optimal XDC constraints or non-optimal design architecture
Related violations: <none>

TIMING-16#356 Warning
Large setup violation  
There is a large setup violation of -1.298 ns between dut/SS_00/idx_p_reg[5][1][1]/C (clocked by sys_clk_pin) and dut/AB_l_00_r_reg[1][14]/D (clocked by sys_clk_pin). Large setup violations at the end of those stages might be difficult to fix during the post-placement implementation flow and could be the result of non-optimal XDC constraints or non-optimal design architecture
Related violations: <none>

TIMING-16#357 Warning
Large setup violation  
There is a large setup violation of -1.298 ns between dut/SS_00/idx_p_reg[5][3][2]/C (clocked by sys_clk_pin) and dut/AB_l_00_r_reg[3][11]/D (clocked by sys_clk_pin). Large setup violations at the end of those stages might be difficult to fix during the post-placement implementation flow and could be the result of non-optimal XDC constraints or non-optimal design architecture
Related violations: <none>

TIMING-16#358 Warning
Large setup violation  
There is a large setup violation of -1.301 ns between dut/ss_idx_r_reg[1][1]/C (clocked by sys_clk_pin) and dut/AB_l_2_reg[0][10]/CE (clocked by sys_clk_pin). Large setup violations at the end of those stages might be difficult to fix during the post-placement implementation flow and could be the result of non-optimal XDC constraints or non-optimal design architecture
Related violations: <none>

TIMING-16#359 Warning
Large setup violation  
There is a large setup violation of -1.303 ns between dut/SS_00/m_p_reg[4][2][2]/C (clocked by sys_clk_pin) and dut/SS_00/idx_p_reg[5][2][1]/D (clocked by sys_clk_pin). Large setup violations at the end of those stages might be difficult to fix during the post-placement implementation flow and could be the result of non-optimal XDC constraints or non-optimal design architecture
Related violations: <none>

TIMING-16#360 Warning
Large setup violation  
There is a large setup violation of -1.306 ns between dut/B0_m_reg[0][25]/C (clocked by sys_clk_pin) and dut/AaB0[2].SS/sig_summ_r_reg[2][2]/D (clocked by sys_clk_pin). Large setup violations at the end of those stages might be difficult to fix during the post-placement implementation flow and could be the result of non-optimal XDC constraints or non-optimal design architecture
Related violations: <none>

TIMING-16#361 Warning
Large setup violation  
There is a large setup violation of -1.309 ns between dut/B0_m_reg[0][25]/C (clocked by sys_clk_pin) and dut/AaB0[2].SS/sig_summ_r_reg[7][7]/D (clocked by sys_clk_pin). Large setup violations at the end of those stages might be difficult to fix during the post-placement implementation flow and could be the result of non-optimal XDC constraints or non-optimal design architecture
Related violations: <none>

TIMING-16#362 Warning
Large setup violation  
There is a large setup violation of -1.311 ns between dut/A0Bb[2].SS/sig_summ_r_reg[1][8]/C (clocked by sys_clk_pin) and dut/A0Bb[2].SS/c_slots_r_reg[2][3]/D (clocked by sys_clk_pin). Large setup violations at the end of those stages might be difficult to fix during the post-placement implementation flow and could be the result of non-optimal XDC constraints or non-optimal design architecture
Related violations: <none>

TIMING-16#363 Warning
Large setup violation  
There is a large setup violation of -1.311 ns between dut/SS_00/idx_p_reg[5][2][1]/C (clocked by sys_clk_pin) and dut/AB_l_00_r_reg[2][14]/D (clocked by sys_clk_pin). Large setup violations at the end of those stages might be difficult to fix during the post-placement implementation flow and could be the result of non-optimal XDC constraints or non-optimal design architecture
Related violations: <none>

TIMING-16#364 Warning
Large setup violation  
There is a large setup violation of -1.311 ns between dut/SS_00/m_p_reg[4][2][2]/C (clocked by sys_clk_pin) and dut/SS_00/m_p_reg[5][2][2]/D (clocked by sys_clk_pin). Large setup violations at the end of those stages might be difficult to fix during the post-placement implementation flow and could be the result of non-optimal XDC constraints or non-optimal design architecture
Related violations: <none>

TIMING-16#365 Warning
Large setup violation  
There is a large setup violation of -1.314 ns between dut/SS_00/m_p_reg[4][2][2]/C (clocked by sys_clk_pin) and dut/SS_00/m_p_reg[5][1][2]/D (clocked by sys_clk_pin). Large setup violations at the end of those stages might be difficult to fix during the post-placement implementation flow and could be the result of non-optimal XDC constraints or non-optimal design architecture
Related violations: <none>

TIMING-16#366 Warning
Large setup violation  
There is a large setup violation of -1.315 ns between dut/SS_00/m_p_reg[4][2][2]/C (clocked by sys_clk_pin) and dut/SS_00/idx_p_reg[5][1][1]/D (clocked by sys_clk_pin). Large setup violations at the end of those stages might be difficult to fix during the post-placement implementation flow and could be the result of non-optimal XDC constraints or non-optimal design architecture
Related violations: <none>

TIMING-16#367 Warning
Large setup violation  
There is a large setup violation of -1.316 ns between dut/A0Bb[2].SS/sig_summ_r_reg[6][0]/C (clocked by sys_clk_pin) and dut/A0Bb[2].SS/c_slots_r_reg[0][6]/D (clocked by sys_clk_pin). Large setup violations at the end of those stages might be difficult to fix during the post-placement implementation flow and could be the result of non-optimal XDC constraints or non-optimal design architecture
Related violations: <none>

TIMING-16#368 Warning
Large setup violation  
There is a large setup violation of -1.317 ns between dut/ss_idx_r_reg[1][0]/C (clocked by sys_clk_pin) and dut/AB_l_2_reg[3][8]/D (clocked by sys_clk_pin). Large setup violations at the end of those stages might be difficult to fix during the post-placement implementation flow and could be the result of non-optimal XDC constraints or non-optimal design architecture
Related violations: <none>

TIMING-16#369 Warning
Large setup violation  
There is a large setup violation of -1.322 ns between dut/SS_00/m_p_reg[2][3][6]/C (clocked by sys_clk_pin) and dut/SS_00/idx_p_reg[3][3][1]/D (clocked by sys_clk_pin). Large setup violations at the end of those stages might be difficult to fix during the post-placement implementation flow and could be the result of non-optimal XDC constraints or non-optimal design architecture
Related violations: <none>

TIMING-16#370 Warning
Large setup violation  
There is a large setup violation of -1.322 ns between dut/SS_11/c_slots_r_reg[1][1]/C (clocked by sys_clk_pin) and dut/SS_11/c_m1_r_reg[1][1]/D (clocked by sys_clk_pin). Large setup violations at the end of those stages might be difficult to fix during the post-placement implementation flow and could be the result of non-optimal XDC constraints or non-optimal design architecture
Related violations: <none>

TIMING-16#371 Warning
Large setup violation  
There is a large setup violation of -1.322 ns between dut/ss_idx_r_reg[1][1]/C (clocked by sys_clk_pin) and dut/AB_l_2_reg[1][12]/CE (clocked by sys_clk_pin). Large setup violations at the end of those stages might be difficult to fix during the post-placement implementation flow and could be the result of non-optimal XDC constraints or non-optimal design architecture
Related violations: <none>

TIMING-16#372 Warning
Large setup violation  
There is a large setup violation of -1.323 ns between dut/A0Bb[2].SS/sig_summ_r_reg[5][1]/C (clocked by sys_clk_pin) and dut/A0Bb[2].SS/c_slots_r_reg[2][1]/D (clocked by sys_clk_pin). Large setup violations at the end of those stages might be difficult to fix during the post-placement implementation flow and could be the result of non-optimal XDC constraints or non-optimal design architecture
Related violations: <none>

TIMING-16#373 Warning
Large setup violation  
There is a large setup violation of -1.323 ns between dut/SS_00/idx_p_reg[5][5][0]/C (clocked by sys_clk_pin) and dut/AB_l_00_r_reg[5][15]/D (clocked by sys_clk_pin). Large setup violations at the end of those stages might be difficult to fix during the post-placement implementation flow and could be the result of non-optimal XDC constraints or non-optimal design architecture
Related violations: <none>

TIMING-16#374 Warning
Large setup violation  
There is a large setup violation of -1.325 ns between dut/AaB0[2].SS/c_m1_r_reg[1][1]/C (clocked by sys_clk_pin) and dut/AB_m_a0_r_reg[1][1][0]/D (clocked by sys_clk_pin). Large setup violations at the end of those stages might be difficult to fix during the post-placement implementation flow and could be the result of non-optimal XDC constraints or non-optimal design architecture
Related violations: <none>

TIMING-16#375 Warning
Large setup violation  
There is a large setup violation of -1.325 ns between dut/SS_00/m_p_reg[2][3][6]/C (clocked by sys_clk_pin) and dut/SS_00/idx_p_reg[3][3][0]/D (clocked by sys_clk_pin). Large setup violations at the end of those stages might be difficult to fix during the post-placement implementation flow and could be the result of non-optimal XDC constraints or non-optimal design architecture
Related violations: <none>

TIMING-16#376 Warning
Large setup violation  
There is a large setup violation of -1.328 ns between dut/B0_m_reg[0][16]/C (clocked by sys_clk_pin) and dut/AaB0[1].SS/sig_summ_r_reg[1][8]/D (clocked by sys_clk_pin). Large setup violations at the end of those stages might be difficult to fix during the post-placement implementation flow and could be the result of non-optimal XDC constraints or non-optimal design architecture
Related violations: <none>

TIMING-16#377 Warning
Large setup violation  
There is a large setup violation of -1.328 ns between dut/B0_m_reg[0][20]/C (clocked by sys_clk_pin) and dut/AaB0[2].SS/sig_summ_r_reg[1][8]/D (clocked by sys_clk_pin). Large setup violations at the end of those stages might be difficult to fix during the post-placement implementation flow and could be the result of non-optimal XDC constraints or non-optimal design architecture
Related violations: <none>

TIMING-16#378 Warning
Large setup violation  
There is a large setup violation of -1.329 ns between dut/B0_m_reg[0][29]/C (clocked by sys_clk_pin) and dut/AaB0[2].SS/sig_summ_r_reg[6][8]/D (clocked by sys_clk_pin). Large setup violations at the end of those stages might be difficult to fix during the post-placement implementation flow and could be the result of non-optimal XDC constraints or non-optimal design architecture
Related violations: <none>

TIMING-16#379 Warning
Large setup violation  
There is a large setup violation of -1.330 ns between dut/ss_idx_r_reg[1][1]/C (clocked by sys_clk_pin) and dut/AB_m_2_reg[0][1]/D (clocked by sys_clk_pin). Large setup violations at the end of those stages might be difficult to fix during the post-placement implementation flow and could be the result of non-optimal XDC constraints or non-optimal design architecture
Related violations: <none>

TIMING-16#380 Warning
Large setup violation  
There is a large setup violation of -1.331 ns between dut/AaB0[2].SS/sig_summ_r_reg[6][0]/C (clocked by sys_clk_pin) and dut/AaB0[2].SS/c_slots_r_reg[1][4]/D (clocked by sys_clk_pin). Large setup violations at the end of those stages might be difficult to fix during the post-placement implementation flow and could be the result of non-optimal XDC constraints or non-optimal design architecture
Related violations: <none>

TIMING-16#381 Warning
Large setup violation  
There is a large setup violation of -1.331 ns between dut/SS_00/idx_p_reg[5][3][2]/C (clocked by sys_clk_pin) and dut/AB_l_00_r_reg[3][12]/D (clocked by sys_clk_pin). Large setup violations at the end of those stages might be difficult to fix during the post-placement implementation flow and could be the result of non-optimal XDC constraints or non-optimal design architecture
Related violations: <none>

TIMING-16#382 Warning
Large setup violation  
There is a large setup violation of -1.336 ns between dut/SS_00/idx_p_reg[5][6][1]/C (clocked by sys_clk_pin) and dut/AB_l_00_r_reg[6][14]/D (clocked by sys_clk_pin). Large setup violations at the end of those stages might be difficult to fix during the post-placement implementation flow and could be the result of non-optimal XDC constraints or non-optimal design architecture
Related violations: <none>

TIMING-16#383 Warning
Large setup violation  
There is a large setup violation of -1.339 ns between dut/AaB0[2].SS/c_m1_r_reg[1][1]/C (clocked by sys_clk_pin) and dut/AB_m_a0_r_reg[1][1][1]/D (clocked by sys_clk_pin). Large setup violations at the end of those stages might be difficult to fix during the post-placement implementation flow and could be the result of non-optimal XDC constraints or non-optimal design architecture
Related violations: <none>

TIMING-16#384 Warning
Large setup violation  
There is a large setup violation of -1.340 ns between dut/SS_00/m_p_reg[2][6][0]/C (clocked by sys_clk_pin) and dut/SS_00/idx_p_reg[3][2][2]/D (clocked by sys_clk_pin). Large setup violations at the end of those stages might be difficult to fix during the post-placement implementation flow and could be the result of non-optimal XDC constraints or non-optimal design architecture
Related violations: <none>

TIMING-16#385 Warning
Large setup violation  
There is a large setup violation of -1.341 ns between dut/A0Bb[2].SS/sig_summ_r_reg[5][1]/C (clocked by sys_clk_pin) and dut/A0Bb[2].SS/c_slots_r_reg[2][0]/D (clocked by sys_clk_pin). Large setup violations at the end of those stages might be difficult to fix during the post-placement implementation flow and could be the result of non-optimal XDC constraints or non-optimal design architecture
Related violations: <none>

TIMING-16#386 Warning
Large setup violation  
There is a large setup violation of -1.341 ns between dut/ss_idx_r_reg[1][1]/C (clocked by sys_clk_pin) and dut/AB_l_2_reg[0][15]/CE (clocked by sys_clk_pin). Large setup violations at the end of those stages might be difficult to fix during the post-placement implementation flow and could be the result of non-optimal XDC constraints or non-optimal design architecture
Related violations: <none>

TIMING-16#387 Warning
Large setup violation  
There is a large setup violation of -1.341 ns between dut/ss_idx_r_reg[1][1]/C (clocked by sys_clk_pin) and dut/AB_l_2_reg[1][15]/CE (clocked by sys_clk_pin). Large setup violations at the end of those stages might be difficult to fix during the post-placement implementation flow and could be the result of non-optimal XDC constraints or non-optimal design architecture
Related violations: <none>

TIMING-16#388 Warning
Large setup violation  
There is a large setup violation of -1.342 ns between dut/ss_idx_r_reg[0][1]/C (clocked by sys_clk_pin) and dut/AB_l_1_reg[1][14]/D (clocked by sys_clk_pin). Large setup violations at the end of those stages might be difficult to fix during the post-placement implementation flow and could be the result of non-optimal XDC constraints or non-optimal design architecture
Related violations: <none>

TIMING-16#389 Warning
Large setup violation  
There is a large setup violation of -1.343 ns between dut/B0_m_reg[0][25]/C (clocked by sys_clk_pin) and dut/AaB0[2].SS/sig_summ_r_reg[2][3]/D (clocked by sys_clk_pin). Large setup violations at the end of those stages might be difficult to fix during the post-placement implementation flow and could be the result of non-optimal XDC constraints or non-optimal design architecture
Related violations: <none>

TIMING-16#390 Warning
Large setup violation  
There is a large setup violation of -1.347 ns between dut/ss_idx_r_reg[0][1]/C (clocked by sys_clk_pin) and dut/AB_l_1_reg[3][14]/D (clocked by sys_clk_pin). Large setup violations at the end of those stages might be difficult to fix during the post-placement implementation flow and could be the result of non-optimal XDC constraints or non-optimal design architecture
Related violations: <none>

TIMING-16#391 Warning
Large setup violation  
There is a large setup violation of -1.351 ns between dut/AaB0[2].SS/c_m1_r_reg[1][1]/C (clocked by sys_clk_pin) and dut/AB_m_a0_r_reg[1][1][5]/D (clocked by sys_clk_pin). Large setup violations at the end of those stages might be difficult to fix during the post-placement implementation flow and could be the result of non-optimal XDC constraints or non-optimal design architecture
Related violations: <none>

TIMING-16#392 Warning
Large setup violation  
There is a large setup violation of -1.355 ns between dut/AaB0[2].SS/c_m1_r_reg[1][1]/C (clocked by sys_clk_pin) and dut/AB_m_a0_r_reg[1][1][4]/D (clocked by sys_clk_pin). Large setup violations at the end of those stages might be difficult to fix during the post-placement implementation flow and could be the result of non-optimal XDC constraints or non-optimal design architecture
Related violations: <none>

TIMING-16#393 Warning
Large setup violation  
There is a large setup violation of -1.358 ns between dut/ss_idx_r_reg[1][0]/C (clocked by sys_clk_pin) and dut/AB_l_2_reg[3][15]/D (clocked by sys_clk_pin). Large setup violations at the end of those stages might be difficult to fix during the post-placement implementation flow and could be the result of non-optimal XDC constraints or non-optimal design architecture
Related violations: <none>

TIMING-16#394 Warning
Large setup violation  
There is a large setup violation of -1.358 ns between dut/ss_idx_r_reg[1][0]/C (clocked by sys_clk_pin) and dut/AB_m_2_reg[0][3]/D (clocked by sys_clk_pin). Large setup violations at the end of those stages might be difficult to fix during the post-placement implementation flow and could be the result of non-optimal XDC constraints or non-optimal design architecture
Related violations: <none>

TIMING-16#395 Warning
Large setup violation  
There is a large setup violation of -1.360 ns between dut/SS_00/m_p_reg[4][3][6]/C (clocked by sys_clk_pin) and dut/SS_00/idx_p_reg[5][4][1]/D (clocked by sys_clk_pin). Large setup violations at the end of those stages might be difficult to fix during the post-placement implementation flow and could be the result of non-optimal XDC constraints or non-optimal design architecture
Related violations: <none>

TIMING-16#396 Warning
Large setup violation  
There is a large setup violation of -1.361 ns between dut/A0Bb[1].SS/c_slots_r_reg[2][0]/C (clocked by sys_clk_pin) and dut/A0Bb[1].SS/c_m1_r_reg[1][1]/D (clocked by sys_clk_pin). Large setup violations at the end of those stages might be difficult to fix during the post-placement implementation flow and could be the result of non-optimal XDC constraints or non-optimal design architecture
Related violations: <none>

TIMING-16#397 Warning
Large setup violation  
There is a large setup violation of -1.362 ns between dut/ss_idx_r_reg[0][1]/C (clocked by sys_clk_pin) and dut/AB_l_1_reg[3][6]/D (clocked by sys_clk_pin). Large setup violations at the end of those stages might be difficult to fix during the post-placement implementation flow and could be the result of non-optimal XDC constraints or non-optimal design architecture
Related violations: <none>

TIMING-16#398 Warning
Large setup violation  
There is a large setup violation of -1.363 ns between dut/A0Bb[2].SS/sig_summ_r_reg[6][0]/C (clocked by sys_clk_pin) and dut/A0Bb[2].SS/c_slots_r_reg[1][2]/D (clocked by sys_clk_pin). Large setup violations at the end of those stages might be difficult to fix during the post-placement implementation flow and could be the result of non-optimal XDC constraints or non-optimal design architecture
Related violations: <none>

TIMING-16#399 Warning
Large setup violation  
There is a large setup violation of -1.364 ns between dut/A0Bb[2].SS/sig_summ_r_reg[6][0]/C (clocked by sys_clk_pin) and dut/A0Bb[2].SS/c_slots_r_reg[0][5]/D (clocked by sys_clk_pin). Large setup violations at the end of those stages might be difficult to fix during the post-placement implementation flow and could be the result of non-optimal XDC constraints or non-optimal design architecture
Related violations: <none>

TIMING-16#400 Warning
Large setup violation  
There is a large setup violation of -1.364 ns between dut/ss_idx_r_reg[1][0]/C (clocked by sys_clk_pin) and dut/AB_l_2_reg[2][1]/D (clocked by sys_clk_pin). Large setup violations at the end of those stages might be difficult to fix during the post-placement implementation flow and could be the result of non-optimal XDC constraints or non-optimal design architecture
Related violations: <none>

TIMING-16#401 Warning
Large setup violation  
There is a large setup violation of -1.367 ns between dut/AaB0[2].SS/sig_summ_r_reg[6][0]/C (clocked by sys_clk_pin) and dut/AaB0[2].SS/c_slots_r_reg[1][3]/D (clocked by sys_clk_pin). Large setup violations at the end of those stages might be difficult to fix during the post-placement implementation flow and could be the result of non-optimal XDC constraints or non-optimal design architecture
Related violations: <none>

TIMING-16#402 Warning
Large setup violation  
There is a large setup violation of -1.368 ns between dut/A0Bb[1].SS/sig_summ_r_reg[6][1]/C (clocked by sys_clk_pin) and dut/A0Bb[1].SS/c_slots_r_reg[0][3]/D (clocked by sys_clk_pin). Large setup violations at the end of those stages might be difficult to fix during the post-placement implementation flow and could be the result of non-optimal XDC constraints or non-optimal design architecture
Related violations: <none>

TIMING-16#403 Warning
Large setup violation  
There is a large setup violation of -1.368 ns between dut/A0Bb[1].SS/sig_summ_r_reg[6][1]/C (clocked by sys_clk_pin) and dut/A0Bb[1].SS/c_slots_r_reg[0][7]/D (clocked by sys_clk_pin). Large setup violations at the end of those stages might be difficult to fix during the post-placement implementation flow and could be the result of non-optimal XDC constraints or non-optimal design architecture
Related violations: <none>

TIMING-16#404 Warning
Large setup violation  
There is a large setup violation of -1.368 ns between dut/A0Bb[1].SS/sig_summ_r_reg[6][1]/C (clocked by sys_clk_pin) and dut/A0Bb[1].SS/c_slots_r_reg[2][4]/D (clocked by sys_clk_pin). Large setup violations at the end of those stages might be difficult to fix during the post-placement implementation flow and could be the result of non-optimal XDC constraints or non-optimal design architecture
Related violations: <none>

TIMING-16#405 Warning
Large setup violation  
There is a large setup violation of -1.369 ns between dut/A0Bb[2].SS/sig_summ_r_reg[3][2]/C (clocked by sys_clk_pin) and dut/A0Bb[2].SS/c_slots_r_reg[2][2]/D (clocked by sys_clk_pin). Large setup violations at the end of those stages might be difficult to fix during the post-placement implementation flow and could be the result of non-optimal XDC constraints or non-optimal design architecture
Related violations: <none>

TIMING-16#406 Warning
Large setup violation  
There is a large setup violation of -1.369 ns between dut/AaB0[2].SS/sig_summ_r_reg[4][5]/C (clocked by sys_clk_pin) and dut/AaB0[2].SS/c_slots_r_reg[0][8]/D (clocked by sys_clk_pin). Large setup violations at the end of those stages might be difficult to fix during the post-placement implementation flow and could be the result of non-optimal XDC constraints or non-optimal design architecture
Related violations: <none>

TIMING-16#407 Warning
Large setup violation  
There is a large setup violation of -1.371 ns between dut/SS_00/idx_p_reg[5][5][0]/C (clocked by sys_clk_pin) and dut/AB_l_00_r_reg[5][14]/D (clocked by sys_clk_pin). Large setup violations at the end of those stages might be difficult to fix during the post-placement implementation flow and could be the result of non-optimal XDC constraints or non-optimal design architecture
Related violations: <none>

TIMING-16#408 Warning
Large setup violation  
There is a large setup violation of -1.372 ns between dut/A0Bb[2].SS/c_m1_r_reg[0][4]/C (clocked by sys_clk_pin) and dut/AB_m_0b_r_reg[1][1][1]/S (clocked by sys_clk_pin). Large setup violations at the end of those stages might be difficult to fix during the post-placement implementation flow and could be the result of non-optimal XDC constraints or non-optimal design architecture
Related violations: <none>

TIMING-16#409 Warning
Large setup violation  
There is a large setup violation of -1.372 ns between dut/A0Bb[2].SS/c_m1_r_reg[0][4]/C (clocked by sys_clk_pin) and dut/AB_m_0b_r_reg[1][1][5]/S (clocked by sys_clk_pin). Large setup violations at the end of those stages might be difficult to fix during the post-placement implementation flow and could be the result of non-optimal XDC constraints or non-optimal design architecture
Related violations: <none>

TIMING-16#410 Warning
Large setup violation  
There is a large setup violation of -1.372 ns between dut/A0Bb[2].SS/c_m1_r_reg[0][4]/C (clocked by sys_clk_pin) and dut/AB_m_0b_r_reg[1][1][7]/S (clocked by sys_clk_pin). Large setup violations at the end of those stages might be difficult to fix during the post-placement implementation flow and could be the result of non-optimal XDC constraints or non-optimal design architecture
Related violations: <none>

TIMING-16#411 Warning
Large setup violation  
There is a large setup violation of -1.372 ns between dut/AaB0[2].SS/sig_summ_r_reg[4][5]/C (clocked by sys_clk_pin) and dut/AaB0[2].SS/c_slots_r_reg[0][0]/D (clocked by sys_clk_pin). Large setup violations at the end of those stages might be difficult to fix during the post-placement implementation flow and could be the result of non-optimal XDC constraints or non-optimal design architecture
Related violations: <none>

TIMING-16#412 Warning
Large setup violation  
There is a large setup violation of -1.372 ns between dut/SS_00/m_p_reg[4][3][6]/C (clocked by sys_clk_pin) and dut/SS_00/idx_p_reg[5][3][1]/D (clocked by sys_clk_pin). Large setup violations at the end of those stages might be difficult to fix during the post-placement implementation flow and could be the result of non-optimal XDC constraints or non-optimal design architecture
Related violations: <none>

TIMING-16#413 Warning
Large setup violation  
There is a large setup violation of -1.374 ns between dut/A0_m_reg[1][27]/C (clocked by sys_clk_pin) and dut/AaB0[1].SS/sig_summ_r_reg[4][8]/D (clocked by sys_clk_pin). Large setup violations at the end of those stages might be difficult to fix during the post-placement implementation flow and could be the result of non-optimal XDC constraints or non-optimal design architecture
Related violations: <none>

TIMING-16#414 Warning
Large setup violation  
There is a large setup violation of -1.374 ns between dut/AaB0[2].SS/c_m1_r_reg[1][1]/C (clocked by sys_clk_pin) and dut/AB_m_a0_r_reg[1][1][7]/D (clocked by sys_clk_pin). Large setup violations at the end of those stages might be difficult to fix during the post-placement implementation flow and could be the result of non-optimal XDC constraints or non-optimal design architecture
Related violations: <none>

TIMING-16#415 Warning
Large setup violation  
There is a large setup violation of -1.374 ns between dut/SS_00/idx_p_reg[5][2][0]/C (clocked by sys_clk_pin) and dut/AB_l_00_r_reg[2][1]/D (clocked by sys_clk_pin). Large setup violations at the end of those stages might be difficult to fix during the post-placement implementation flow and could be the result of non-optimal XDC constraints or non-optimal design architecture
Related violations: <none>

TIMING-16#416 Warning
Large setup violation  
There is a large setup violation of -1.376 ns between dut/SS_00/idx_p_reg[5][1][1]/C (clocked by sys_clk_pin) and dut/AB_l_00_r_reg[1][11]/D (clocked by sys_clk_pin). Large setup violations at the end of those stages might be difficult to fix during the post-placement implementation flow and could be the result of non-optimal XDC constraints or non-optimal design architecture
Related violations: <none>

TIMING-16#417 Warning
Large setup violation  
There is a large setup violation of -1.379 ns between dut/ss_idx_r_reg[1][1]/C (clocked by sys_clk_pin) and dut/AB_l_2_reg[3][13]/CE (clocked by sys_clk_pin). Large setup violations at the end of those stages might be difficult to fix during the post-placement implementation flow and could be the result of non-optimal XDC constraints or non-optimal design architecture
Related violations: <none>

TIMING-16#418 Warning
Large setup violation  
There is a large setup violation of -1.381 ns between dut/SS_00/m_p_reg[2][3][6]/C (clocked by sys_clk_pin) and dut/SS_00/m_p_reg[5][7][5]_srl3/D (clocked by sys_clk_pin). Large setup violations at the end of those stages might be difficult to fix during the post-placement implementation flow and could be the result of non-optimal XDC constraints or non-optimal design architecture
Related violations: <none>

TIMING-16#419 Warning
Large setup violation  
There is a large setup violation of -1.383 ns between dut/A0Bb[1].SS/c_slots_r_reg[2][0]/C (clocked by sys_clk_pin) and dut/A0Bb[1].SS/c_m1_r_reg[2][2]/D (clocked by sys_clk_pin). Large setup violations at the end of those stages might be difficult to fix during the post-placement implementation flow and could be the result of non-optimal XDC constraints or non-optimal design architecture
Related violations: <none>

TIMING-16#420 Warning
Large setup violation  
There is a large setup violation of -1.385 ns between dut/A0Bb[1].SS/sig_summ_r_reg[6][1]/C (clocked by sys_clk_pin) and dut/A0Bb[1].SS/c_slots_r_reg[2][6]/D (clocked by sys_clk_pin). Large setup violations at the end of those stages might be difficult to fix during the post-placement implementation flow and could be the result of non-optimal XDC constraints or non-optimal design architecture
Related violations: <none>

TIMING-16#421 Warning
Large setup violation  
There is a large setup violation of -1.388 ns between dut/SS_00/idx_p_reg[5][6][1]/C (clocked by sys_clk_pin) and dut/AB_l_00_r_reg[6][13]/D (clocked by sys_clk_pin). Large setup violations at the end of those stages might be difficult to fix during the post-placement implementation flow and could be the result of non-optimal XDC constraints or non-optimal design architecture
Related violations: <none>

TIMING-16#422 Warning
Large setup violation  
There is a large setup violation of -1.390 ns between dut/AaB0[2].SS/sig_summ_r_reg[2][5]/C (clocked by sys_clk_pin) and dut/AaB0[2].SS/l_slots_r_reg[2][1]/D (clocked by sys_clk_pin). Large setup violations at the end of those stages might be difficult to fix during the post-placement implementation flow and could be the result of non-optimal XDC constraints or non-optimal design architecture
Related violations: <none>

TIMING-16#423 Warning
Large setup violation  
There is a large setup violation of -1.391 ns between dut/A0Bb[2].SS/sig_summ_r_reg[6][0]/C (clocked by sys_clk_pin) and dut/A0Bb[2].SS/c_slots_r_reg[2][7]/D (clocked by sys_clk_pin). Large setup violations at the end of those stages might be difficult to fix during the post-placement implementation flow and could be the result of non-optimal XDC constraints or non-optimal design architecture
Related violations: <none>

TIMING-16#424 Warning
Large setup violation  
There is a large setup violation of -1.392 ns between dut/AaB0[2].SS/sig_summ_r_reg[4][6]/C (clocked by sys_clk_pin) and dut/AaB0[2].SS/c_slots_r_reg[0][1]/D (clocked by sys_clk_pin). Large setup violations at the end of those stages might be difficult to fix during the post-placement implementation flow and could be the result of non-optimal XDC constraints or non-optimal design architecture
Related violations: <none>

TIMING-16#425 Warning
Large setup violation  
There is a large setup violation of -1.392 ns between dut/SS_00/idx_p_reg[5][4][0]/C (clocked by sys_clk_pin) and dut/AB_l_00_r_reg[4][14]/D (clocked by sys_clk_pin). Large setup violations at the end of those stages might be difficult to fix during the post-placement implementation flow and could be the result of non-optimal XDC constraints or non-optimal design architecture
Related violations: <none>

TIMING-16#426 Warning
Large setup violation  
There is a large setup violation of -1.395 ns between dut/B0_m_reg[0][25]/C (clocked by sys_clk_pin) and dut/AaB0[2].SS/sig_summ_r_reg[2][6]/D (clocked by sys_clk_pin). Large setup violations at the end of those stages might be difficult to fix during the post-placement implementation flow and could be the result of non-optimal XDC constraints or non-optimal design architecture
Related violations: <none>

TIMING-16#427 Warning
Large setup violation  
There is a large setup violation of -1.395 ns between dut/SS_00/m_p_reg[3][4][6]/C (clocked by sys_clk_pin) and dut/SS_00/idx_p_reg[4][4][2]/D (clocked by sys_clk_pin). Large setup violations at the end of those stages might be difficult to fix during the post-placement implementation flow and could be the result of non-optimal XDC constraints or non-optimal design architecture
Related violations: <none>

TIMING-16#428 Warning
Large setup violation  
There is a large setup violation of -1.397 ns between dut/AaB0[2].SS/c_m1_r_reg[1][1]/C (clocked by sys_clk_pin) and dut/AB_m_a0_r_reg[1][1][6]/D (clocked by sys_clk_pin). Large setup violations at the end of those stages might be difficult to fix during the post-placement implementation flow and could be the result of non-optimal XDC constraints or non-optimal design architecture
Related violations: <none>

TIMING-16#429 Warning
Large setup violation  
There is a large setup violation of -1.398 ns between dut/AaB0[1].SS/sig_summ_r_reg[6][6]/C (clocked by sys_clk_pin) and dut/AaB0[1].SS/l_slots_r_reg[2][1]/D (clocked by sys_clk_pin). Large setup violations at the end of those stages might be difficult to fix during the post-placement implementation flow and could be the result of non-optimal XDC constraints or non-optimal design architecture
Related violations: <none>

TIMING-16#430 Warning
Large setup violation  
There is a large setup violation of -1.399 ns between dut/SS_11/c_m1_r_reg[0][2]/C (clocked by sys_clk_pin) and dut/AB_m_11_r_reg[1][5]/D (clocked by sys_clk_pin). Large setup violations at the end of those stages might be difficult to fix during the post-placement implementation flow and could be the result of non-optimal XDC constraints or non-optimal design architecture
Related violations: <none>

TIMING-16#431 Warning
Large setup violation  
There is a large setup violation of -1.400 ns between dut/SS_00/m_p_reg[3][4][6]/C (clocked by sys_clk_pin) and dut/SS_00/idx_p_reg[4][2][2]/D (clocked by sys_clk_pin). Large setup violations at the end of those stages might be difficult to fix during the post-placement implementation flow and could be the result of non-optimal XDC constraints or non-optimal design architecture
Related violations: <none>

TIMING-16#432 Warning
Large setup violation  
There is a large setup violation of -1.401 ns between dut/B0_m_reg[0][25]/C (clocked by sys_clk_pin) and dut/AaB0[2].SS/sig_summ_r_reg[2][4]/D (clocked by sys_clk_pin). Large setup violations at the end of those stages might be difficult to fix during the post-placement implementation flow and could be the result of non-optimal XDC constraints or non-optimal design architecture
Related violations: <none>

TIMING-16#433 Warning
Large setup violation  
There is a large setup violation of -1.406 ns between dut/AaB0[1].SS/sig_summ_r_reg[5][6]/C (clocked by sys_clk_pin) and dut/AaB0[1].SS/c_slots_r_reg[2][7]/D (clocked by sys_clk_pin). Large setup violations at the end of those stages might be difficult to fix during the post-placement implementation flow and could be the result of non-optimal XDC constraints or non-optimal design architecture
Related violations: <none>

TIMING-16#434 Warning
Large setup violation  
There is a large setup violation of -1.408 ns between dut/SS_00/idx_p_reg[5][1][1]/C (clocked by sys_clk_pin) and dut/AB_l_00_r_reg[1][10]/D (clocked by sys_clk_pin). Large setup violations at the end of those stages might be difficult to fix during the post-placement implementation flow and could be the result of non-optimal XDC constraints or non-optimal design architecture
Related violations: <none>

TIMING-16#435 Warning
Large setup violation  
There is a large setup violation of -1.411 ns between dut/AaB0[1].SS/sig_summ_r_reg[3][7]/C (clocked by sys_clk_pin) and dut/AaB0[1].SS/c_slots_r_reg[2][6]/D (clocked by sys_clk_pin). Large setup violations at the end of those stages might be difficult to fix during the post-placement implementation flow and could be the result of non-optimal XDC constraints or non-optimal design architecture
Related violations: <none>

TIMING-16#436 Warning
Large setup violation  
There is a large setup violation of -1.413 ns between dut/A0_m_reg[0][24]/C (clocked by sys_clk_pin) and dut/SS_00/s0_d_reg[4][8]_srl5/D (clocked by sys_clk_pin). Large setup violations at the end of those stages might be difficult to fix during the post-placement implementation flow and could be the result of non-optimal XDC constraints or non-optimal design architecture
Related violations: <none>

TIMING-16#437 Warning
Large setup violation  
There is a large setup violation of -1.420 ns between dut/SS_00/idx_p_reg[5][3][2]/C (clocked by sys_clk_pin) and dut/AB_l_00_r_reg[3][10]/D (clocked by sys_clk_pin). Large setup violations at the end of those stages might be difficult to fix during the post-placement implementation flow and could be the result of non-optimal XDC constraints or non-optimal design architecture
Related violations: <none>

TIMING-16#438 Warning
Large setup violation  
There is a large setup violation of -1.421 ns between dut/A0Bb[2].SS/sig_summ_r_reg[6][0]/C (clocked by sys_clk_pin) and dut/A0Bb[2].SS/c_slots_r_reg[2][8]/D (clocked by sys_clk_pin). Large setup violations at the end of those stages might be difficult to fix during the post-placement implementation flow and could be the result of non-optimal XDC constraints or non-optimal design architecture
Related violations: <none>

TIMING-16#439 Warning
Large setup violation  
There is a large setup violation of -1.422 ns between dut/SS_00/m_p_reg[4][3][6]/C (clocked by sys_clk_pin) and dut/SS_00/idx_p_reg[5][4][0]/D (clocked by sys_clk_pin). Large setup violations at the end of those stages might be difficult to fix during the post-placement implementation flow and could be the result of non-optimal XDC constraints or non-optimal design architecture
Related violations: <none>

TIMING-16#440 Warning
Large setup violation  
There is a large setup violation of -1.422 ns between dut/ss_idx_r_reg[1][1]/C (clocked by sys_clk_pin) and dut/AB_l_2_reg[1][3]/D (clocked by sys_clk_pin). Large setup violations at the end of those stages might be difficult to fix during the post-placement implementation flow and could be the result of non-optimal XDC constraints or non-optimal design architecture
Related violations: <none>

TIMING-16#441 Warning
Large setup violation  
There is a large setup violation of -1.423 ns between dut/ss_idx_r_reg[0][1]/C (clocked by sys_clk_pin) and dut/AB_l_1_reg[1][12]/D (clocked by sys_clk_pin). Large setup violations at the end of those stages might be difficult to fix during the post-placement implementation flow and could be the result of non-optimal XDC constraints or non-optimal design architecture
Related violations: <none>

TIMING-16#442 Warning
Large setup violation  
There is a large setup violation of -1.425 ns between dut/ss_idx_r_reg[1][1]/C (clocked by sys_clk_pin) and dut/AB_l_2_reg[2][1]/CE (clocked by sys_clk_pin). Large setup violations at the end of those stages might be difficult to fix during the post-placement implementation flow and could be the result of non-optimal XDC constraints or non-optimal design architecture
Related violations: <none>

TIMING-16#443 Warning
Large setup violation  
There is a large setup violation of -1.430 ns between dut/SS_00/m_p_reg[4][2][2]/C (clocked by sys_clk_pin) and dut/SS_00/idx_p_reg[5][2][2]/D (clocked by sys_clk_pin). Large setup violations at the end of those stages might be difficult to fix during the post-placement implementation flow and could be the result of non-optimal XDC constraints or non-optimal design architecture
Related violations: <none>

TIMING-16#444 Warning
Large setup violation  
There is a large setup violation of -1.430 ns between dut/SS_11/c_slots_r_reg[1][1]/C (clocked by sys_clk_pin) and dut/SS_11/c_m1_r_reg[1][4]/D (clocked by sys_clk_pin). Large setup violations at the end of those stages might be difficult to fix during the post-placement implementation flow and could be the result of non-optimal XDC constraints or non-optimal design architecture
Related violations: <none>

TIMING-16#445 Warning
Large setup violation  
There is a large setup violation of -1.432 ns between dut/SS_11/c_slots_r_reg[1][1]/C (clocked by sys_clk_pin) and dut/SS_11/c_m1_r_reg[1][2]/D (clocked by sys_clk_pin). Large setup violations at the end of those stages might be difficult to fix during the post-placement implementation flow and could be the result of non-optimal XDC constraints or non-optimal design architecture
Related violations: <none>

TIMING-16#446 Warning
Large setup violation  
There is a large setup violation of -1.432 ns between dut/ss_idx_r_reg[0][1]/C (clocked by sys_clk_pin) and dut/AB_l_1_reg[1][11]/D (clocked by sys_clk_pin). Large setup violations at the end of those stages might be difficult to fix during the post-placement implementation flow and could be the result of non-optimal XDC constraints or non-optimal design architecture
Related violations: <none>

TIMING-16#447 Warning
Large setup violation  
There is a large setup violation of -1.433 ns between dut/ss_idx_r_reg[1][1]/C (clocked by sys_clk_pin) and dut/AB_l_2_reg[0][9]/D (clocked by sys_clk_pin). Large setup violations at the end of those stages might be difficult to fix during the post-placement implementation flow and could be the result of non-optimal XDC constraints or non-optimal design architecture
Related violations: <none>

TIMING-16#448 Warning
Large setup violation  
There is a large setup violation of -1.434 ns between dut/AaB0[1].SS/c_slots_r_reg[1][1]/C (clocked by sys_clk_pin) and dut/AaB0[1].SS/c_m1_r_reg[1][7]/D (clocked by sys_clk_pin). Large setup violations at the end of those stages might be difficult to fix during the post-placement implementation flow and could be the result of non-optimal XDC constraints or non-optimal design architecture
Related violations: <none>

TIMING-16#449 Warning
Large setup violation  
There is a large setup violation of -1.434 ns between dut/SS_00/m_p_reg[4][3][6]/C (clocked by sys_clk_pin) and dut/SS_00/idx_p_reg[5][3][0]/D (clocked by sys_clk_pin). Large setup violations at the end of those stages might be difficult to fix during the post-placement implementation flow and could be the result of non-optimal XDC constraints or non-optimal design architecture
Related violations: <none>

TIMING-16#450 Warning
Large setup violation  
There is a large setup violation of -1.437 ns between dut/A0Bb[2].SS/sig_summ_r_reg[6][0]/C (clocked by sys_clk_pin) and dut/A0Bb[2].SS/c_slots_r_reg[0][2]/D (clocked by sys_clk_pin). Large setup violations at the end of those stages might be difficult to fix during the post-placement implementation flow and could be the result of non-optimal XDC constraints or non-optimal design architecture
Related violations: <none>

TIMING-16#451 Warning
Large setup violation  
There is a large setup violation of -1.437 ns between dut/AaB0[1].SS/sig_summ_r_reg[3][7]/C (clocked by sys_clk_pin) and dut/AaB0[1].SS/c_slots_r_reg[2][2]/D (clocked by sys_clk_pin). Large setup violations at the end of those stages might be difficult to fix during the post-placement implementation flow and could be the result of non-optimal XDC constraints or non-optimal design architecture
Related violations: <none>

TIMING-16#452 Warning
Large setup violation  
There is a large setup violation of -1.439 ns between dut/SS_00/m_p_reg[2][6][0]/C (clocked by sys_clk_pin) and dut/SS_00/idx_p_reg[3][6][1]/D (clocked by sys_clk_pin). Large setup violations at the end of those stages might be difficult to fix during the post-placement implementation flow and could be the result of non-optimal XDC constraints or non-optimal design architecture
Related violations: <none>

TIMING-16#453 Warning
Large setup violation  
There is a large setup violation of -1.442 ns between dut/A0Bb[2].SS/sig_summ_r_reg[3][2]/C (clocked by sys_clk_pin) and dut/A0Bb[2].SS/c_slots_r_reg[2][4]/D (clocked by sys_clk_pin). Large setup violations at the end of those stages might be difficult to fix during the post-placement implementation flow and could be the result of non-optimal XDC constraints or non-optimal design architecture
Related violations: <none>

TIMING-16#454 Warning
Large setup violation  
There is a large setup violation of -1.442 ns between dut/SS_00/m_p_reg[2][6][0]/C (clocked by sys_clk_pin) and dut/SS_00/idx_p_reg[3][2][1]/D (clocked by sys_clk_pin). Large setup violations at the end of those stages might be difficult to fix during the post-placement implementation flow and could be the result of non-optimal XDC constraints or non-optimal design architecture
Related violations: <none>

TIMING-16#455 Warning
Large setup violation  
There is a large setup violation of -1.443 ns between dut/ss_idx_r_reg[1][1]/C (clocked by sys_clk_pin) and dut/AB_l_2_reg[0][6]/D (clocked by sys_clk_pin). Large setup violations at the end of those stages might be difficult to fix during the post-placement implementation flow and could be the result of non-optimal XDC constraints or non-optimal design architecture
Related violations: <none>

TIMING-16#456 Warning
Large setup violation  
There is a large setup violation of -1.444 ns between dut/SS_00/m_p_reg[3][5][7]/C (clocked by sys_clk_pin) and dut/SS_00/idx_p_reg[4][5][0]/D (clocked by sys_clk_pin). Large setup violations at the end of those stages might be difficult to fix during the post-placement implementation flow and could be the result of non-optimal XDC constraints or non-optimal design architecture
Related violations: <none>

TIMING-16#457 Warning
Large setup violation  
There is a large setup violation of -1.445 ns between dut/B0_m_reg[0][25]/C (clocked by sys_clk_pin) and dut/AaB0[2].SS/sig_summ_r_reg[2][5]/D (clocked by sys_clk_pin). Large setup violations at the end of those stages might be difficult to fix during the post-placement implementation flow and could be the result of non-optimal XDC constraints or non-optimal design architecture
Related violations: <none>

TIMING-16#458 Warning
Large setup violation  
There is a large setup violation of -1.447 ns between dut/SS_00/idx_p_reg[5][5][0]/C (clocked by sys_clk_pin) and dut/AB_l_00_r_reg[5][11]/D (clocked by sys_clk_pin). Large setup violations at the end of those stages might be difficult to fix during the post-placement implementation flow and could be the result of non-optimal XDC constraints or non-optimal design architecture
Related violations: <none>

TIMING-16#459 Warning
Large setup violation  
There is a large setup violation of -1.448 ns between dut/A0Bb[2].SS/c_m1_r_reg[0][4]/C (clocked by sys_clk_pin) and dut/AB_m_0b_r_reg[1][1][0]/S (clocked by sys_clk_pin). Large setup violations at the end of those stages might be difficult to fix during the post-placement implementation flow and could be the result of non-optimal XDC constraints or non-optimal design architecture
Related violations: <none>

TIMING-16#460 Warning
Large setup violation  
There is a large setup violation of -1.448 ns between dut/A0Bb[2].SS/c_m1_r_reg[0][4]/C (clocked by sys_clk_pin) and dut/AB_m_0b_r_reg[1][1][2]/S (clocked by sys_clk_pin). Large setup violations at the end of those stages might be difficult to fix during the post-placement implementation flow and could be the result of non-optimal XDC constraints or non-optimal design architecture
Related violations: <none>

TIMING-16#461 Warning
Large setup violation  
There is a large setup violation of -1.448 ns between dut/A0Bb[2].SS/c_m1_r_reg[0][4]/C (clocked by sys_clk_pin) and dut/AB_m_0b_r_reg[1][1][3]/S (clocked by sys_clk_pin). Large setup violations at the end of those stages might be difficult to fix during the post-placement implementation flow and could be the result of non-optimal XDC constraints or non-optimal design architecture
Related violations: <none>

TIMING-16#462 Warning
Large setup violation  
There is a large setup violation of -1.448 ns between dut/A0Bb[2].SS/c_m1_r_reg[0][4]/C (clocked by sys_clk_pin) and dut/AB_m_0b_r_reg[1][1][4]/S (clocked by sys_clk_pin). Large setup violations at the end of those stages might be difficult to fix during the post-placement implementation flow and could be the result of non-optimal XDC constraints or non-optimal design architecture
Related violations: <none>

TIMING-16#463 Warning
Large setup violation  
There is a large setup violation of -1.448 ns between dut/A0Bb[2].SS/c_m1_r_reg[0][4]/C (clocked by sys_clk_pin) and dut/AB_m_0b_r_reg[1][1][6]/S (clocked by sys_clk_pin). Large setup violations at the end of those stages might be difficult to fix during the post-placement implementation flow and could be the result of non-optimal XDC constraints or non-optimal design architecture
Related violations: <none>

TIMING-16#464 Warning
Large setup violation  
There is a large setup violation of -1.448 ns between dut/SS_00/idx_p_reg[5][6][1]/C (clocked by sys_clk_pin) and dut/AB_l_00_r_reg[6][11]/D (clocked by sys_clk_pin). Large setup violations at the end of those stages might be difficult to fix during the post-placement implementation flow and could be the result of non-optimal XDC constraints or non-optimal design architecture
Related violations: <none>

TIMING-16#465 Warning
Large setup violation  
There is a large setup violation of -1.452 ns between dut/A0Bb[2].SS/sig_summ_r_reg[6][0]/C (clocked by sys_clk_pin) and dut/A0Bb[2].SS/c_slots_r_reg[0][0]/D (clocked by sys_clk_pin). Large setup violations at the end of those stages might be difficult to fix during the post-placement implementation flow and could be the result of non-optimal XDC constraints or non-optimal design architecture
Related violations: <none>

TIMING-16#466 Warning
Large setup violation  
There is a large setup violation of -1.455 ns between dut/ss_idx_r_reg[1][0]/C (clocked by sys_clk_pin) and dut/AB_l_2_reg[0][8]/D (clocked by sys_clk_pin). Large setup violations at the end of those stages might be difficult to fix during the post-placement implementation flow and could be the result of non-optimal XDC constraints or non-optimal design architecture
Related violations: <none>

TIMING-16#467 Warning
Large setup violation  
There is a large setup violation of -1.456 ns between dut/SS_00/m_p_reg[3][5][7]/C (clocked by sys_clk_pin) and dut/SS_00/idx_p_reg[4][3][0]/D (clocked by sys_clk_pin). Large setup violations at the end of those stages might be difficult to fix during the post-placement implementation flow and could be the result of non-optimal XDC constraints or non-optimal design architecture
Related violations: <none>

TIMING-16#468 Warning
Large setup violation  
There is a large setup violation of -1.458 ns between dut/SS_00/m_p_reg[2][3][6]/C (clocked by sys_clk_pin) and dut/SS_00/m_p_reg[5][7][0]_srl3/D (clocked by sys_clk_pin). Large setup violations at the end of those stages might be difficult to fix during the post-placement implementation flow and could be the result of non-optimal XDC constraints or non-optimal design architecture
Related violations: <none>

TIMING-16#469 Warning
Large setup violation  
There is a large setup violation of -1.460 ns between dut/ss_idx_r_reg[1][1]/C (clocked by sys_clk_pin) and dut/AB_l_2_reg[2][9]/CE (clocked by sys_clk_pin). Large setup violations at the end of those stages might be difficult to fix during the post-placement implementation flow and could be the result of non-optimal XDC constraints or non-optimal design architecture
Related violations: <none>

TIMING-16#470 Warning
Large setup violation  
There is a large setup violation of -1.462 ns between dut/SS_00/idx_p_reg[5][1][1]/C (clocked by sys_clk_pin) and dut/AB_l_00_r_reg[1][13]/D (clocked by sys_clk_pin). Large setup violations at the end of those stages might be difficult to fix during the post-placement implementation flow and could be the result of non-optimal XDC constraints or non-optimal design architecture
Related violations: <none>

TIMING-16#471 Warning
Large setup violation  
There is a large setup violation of -1.463 ns between dut/ss_idx_r_reg[1][1]/C (clocked by sys_clk_pin) and dut/AB_l_2_reg[0][10]/D (clocked by sys_clk_pin). Large setup violations at the end of those stages might be difficult to fix during the post-placement implementation flow and could be the result of non-optimal XDC constraints or non-optimal design architecture
Related violations: <none>

TIMING-16#472 Warning
Large setup violation  
There is a large setup violation of -1.465 ns between dut/AaB0[1].SS/c_m1_r_reg[1][6]/C (clocked by sys_clk_pin) and dut/AB_m_a0_r_reg[0][1][1]/S (clocked by sys_clk_pin). Large setup violations at the end of those stages might be difficult to fix during the post-placement implementation flow and could be the result of non-optimal XDC constraints or non-optimal design architecture
Related violations: <none>

TIMING-16#473 Warning
Large setup violation  
There is a large setup violation of -1.465 ns between dut/AaB0[1].SS/c_m1_r_reg[1][6]/C (clocked by sys_clk_pin) and dut/AB_m_a0_r_reg[0][1][2]/S (clocked by sys_clk_pin). Large setup violations at the end of those stages might be difficult to fix during the post-placement implementation flow and could be the result of non-optimal XDC constraints or non-optimal design architecture
Related violations: <none>

TIMING-16#474 Warning
Large setup violation  
There is a large setup violation of -1.465 ns between dut/AaB0[1].SS/c_m1_r_reg[1][6]/C (clocked by sys_clk_pin) and dut/AB_m_a0_r_reg[0][1][4]/S (clocked by sys_clk_pin). Large setup violations at the end of those stages might be difficult to fix during the post-placement implementation flow and could be the result of non-optimal XDC constraints or non-optimal design architecture
Related violations: <none>

TIMING-16#475 Warning
Large setup violation  
There is a large setup violation of -1.465 ns between dut/AaB0[1].SS/c_m1_r_reg[1][6]/C (clocked by sys_clk_pin) and dut/AB_m_a0_r_reg[0][1][6]/S (clocked by sys_clk_pin). Large setup violations at the end of those stages might be difficult to fix during the post-placement implementation flow and could be the result of non-optimal XDC constraints or non-optimal design architecture
Related violations: <none>

TIMING-16#476 Warning
Large setup violation  
There is a large setup violation of -1.465 ns between dut/B0_m_reg[0][25]/C (clocked by sys_clk_pin) and dut/AaB0[2].SS/sig_summ_r_reg[2][7]/D (clocked by sys_clk_pin). Large setup violations at the end of those stages might be difficult to fix during the post-placement implementation flow and could be the result of non-optimal XDC constraints or non-optimal design architecture
Related violations: <none>

TIMING-16#477 Warning
Large setup violation  
There is a large setup violation of -1.465 ns between dut/SS_11/c_slots_r_reg[1][1]/C (clocked by sys_clk_pin) and dut/SS_11/c_m1_r_reg[1][6]/D (clocked by sys_clk_pin). Large setup violations at the end of those stages might be difficult to fix during the post-placement implementation flow and could be the result of non-optimal XDC constraints or non-optimal design architecture
Related violations: <none>

TIMING-16#478 Warning
Large setup violation  
There is a large setup violation of -1.467 ns between dut/A0_m_reg[0][26]/C (clocked by sys_clk_pin) and dut/A0Bb[2].SS/sig_summ_r_reg[4][8]/D (clocked by sys_clk_pin). Large setup violations at the end of those stages might be difficult to fix during the post-placement implementation flow and could be the result of non-optimal XDC constraints or non-optimal design architecture
Related violations: <none>

TIMING-16#479 Warning
Large setup violation  
There is a large setup violation of -1.467 ns between dut/AaB0[1].SS/sig_summ_r_reg[3][7]/C (clocked by sys_clk_pin) and dut/AaB0[1].SS/c_slots_r_reg[0][4]/D (clocked by sys_clk_pin). Large setup violations at the end of those stages might be difficult to fix during the post-placement implementation flow and could be the result of non-optimal XDC constraints or non-optimal design architecture
Related violations: <none>

TIMING-16#480 Warning
Large setup violation  
There is a large setup violation of -1.467 ns between dut/SS_11/c_slots_r_reg[1][1]/C (clocked by sys_clk_pin) and dut/SS_11/c_m1_r_reg[1][8]/D (clocked by sys_clk_pin). Large setup violations at the end of those stages might be difficult to fix during the post-placement implementation flow and could be the result of non-optimal XDC constraints or non-optimal design architecture
Related violations: <none>

TIMING-16#481 Warning
Large setup violation  
There is a large setup violation of -1.474 ns between dut/ss_idx_r_reg[1][1]/C (clocked by sys_clk_pin) and dut/AB_l_2_reg[0][13]/CE (clocked by sys_clk_pin). Large setup violations at the end of those stages might be difficult to fix during the post-placement implementation flow and could be the result of non-optimal XDC constraints or non-optimal design architecture
Related violations: <none>

TIMING-16#482 Warning
Large setup violation  
There is a large setup violation of -1.475 ns between dut/AaB0[1].SS/sig_summ_r_reg[3][7]/C (clocked by sys_clk_pin) and dut/AaB0[1].SS/c_slots_r_reg[1][5]/D (clocked by sys_clk_pin). Large setup violations at the end of those stages might be difficult to fix during the post-placement implementation flow and could be the result of non-optimal XDC constraints or non-optimal design architecture
Related violations: <none>

TIMING-16#483 Warning
Large setup violation  
There is a large setup violation of -1.475 ns between dut/AaB0[1].SS/sig_summ_r_reg[3][7]/C (clocked by sys_clk_pin) and dut/AaB0[1].SS/c_slots_r_reg[1][7]/D (clocked by sys_clk_pin). Large setup violations at the end of those stages might be difficult to fix during the post-placement implementation flow and could be the result of non-optimal XDC constraints or non-optimal design architecture
Related violations: <none>

TIMING-16#484 Warning
Large setup violation  
There is a large setup violation of -1.475 ns between dut/SS_11/c_m1_r_reg[0][2]/C (clocked by sys_clk_pin) and dut/AB_m_11_r_reg[1][0]/S (clocked by sys_clk_pin). Large setup violations at the end of those stages might be difficult to fix during the post-placement implementation flow and could be the result of non-optimal XDC constraints or non-optimal design architecture
Related violations: <none>

TIMING-16#485 Warning
Large setup violation  
There is a large setup violation of -1.475 ns between dut/SS_11/c_m1_r_reg[0][2]/C (clocked by sys_clk_pin) and dut/AB_m_11_r_reg[1][1]/S (clocked by sys_clk_pin). Large setup violations at the end of those stages might be difficult to fix during the post-placement implementation flow and could be the result of non-optimal XDC constraints or non-optimal design architecture
Related violations: <none>

TIMING-16#486 Warning
Large setup violation  
There is a large setup violation of -1.475 ns between dut/SS_11/c_m1_r_reg[0][2]/C (clocked by sys_clk_pin) and dut/AB_m_11_r_reg[1][2]/S (clocked by sys_clk_pin). Large setup violations at the end of those stages might be difficult to fix during the post-placement implementation flow and could be the result of non-optimal XDC constraints or non-optimal design architecture
Related violations: <none>

TIMING-16#487 Warning
Large setup violation  
There is a large setup violation of -1.475 ns between dut/SS_11/c_m1_r_reg[0][2]/C (clocked by sys_clk_pin) and dut/AB_m_11_r_reg[1][3]/S (clocked by sys_clk_pin). Large setup violations at the end of those stages might be difficult to fix during the post-placement implementation flow and could be the result of non-optimal XDC constraints or non-optimal design architecture
Related violations: <none>

TIMING-16#488 Warning
Large setup violation  
There is a large setup violation of -1.475 ns between dut/SS_11/c_m1_r_reg[0][2]/C (clocked by sys_clk_pin) and dut/AB_m_11_r_reg[1][4]/S (clocked by sys_clk_pin). Large setup violations at the end of those stages might be difficult to fix during the post-placement implementation flow and could be the result of non-optimal XDC constraints or non-optimal design architecture
Related violations: <none>

TIMING-16#489 Warning
Large setup violation  
There is a large setup violation of -1.475 ns between dut/SS_11/c_m1_r_reg[0][2]/C (clocked by sys_clk_pin) and dut/AB_m_11_r_reg[1][5]/S (clocked by sys_clk_pin). Large setup violations at the end of those stages might be difficult to fix during the post-placement implementation flow and could be the result of non-optimal XDC constraints or non-optimal design architecture
Related violations: <none>

TIMING-16#490 Warning
Large setup violation  
There is a large setup violation of -1.475 ns between dut/SS_11/c_m1_r_reg[0][2]/C (clocked by sys_clk_pin) and dut/AB_m_11_r_reg[1][6]/S (clocked by sys_clk_pin). Large setup violations at the end of those stages might be difficult to fix during the post-placement implementation flow and could be the result of non-optimal XDC constraints or non-optimal design architecture
Related violations: <none>

TIMING-16#491 Warning
Large setup violation  
There is a large setup violation of -1.477 ns between dut/AaB0[2].SS/sig_summ_r_reg[4][5]/C (clocked by sys_clk_pin) and dut/AaB0[2].SS/c_slots_r_reg[2][6]/D (clocked by sys_clk_pin). Large setup violations at the end of those stages might be difficult to fix during the post-placement implementation flow and could be the result of non-optimal XDC constraints or non-optimal design architecture
Related violations: <none>

TIMING-16#492 Warning
Large setup violation  
There is a large setup violation of -1.478 ns between dut/AaB0[1].SS/c_m1_r_reg[1][6]/C (clocked by sys_clk_pin) and dut/AB_m_a0_r_reg[0][1][3]/D (clocked by sys_clk_pin). Large setup violations at the end of those stages might be difficult to fix during the post-placement implementation flow and could be the result of non-optimal XDC constraints or non-optimal design architecture
Related violations: <none>

TIMING-16#493 Warning
Large setup violation  
There is a large setup violation of -1.478 ns between dut/SS_00/m_p_reg[4][6][7]/C (clocked by sys_clk_pin) and dut/SS_00/idx_p_reg[5][6][2]/D (clocked by sys_clk_pin). Large setup violations at the end of those stages might be difficult to fix during the post-placement implementation flow and could be the result of non-optimal XDC constraints or non-optimal design architecture
Related violations: <none>

TIMING-16#494 Warning
Large setup violation  
There is a large setup violation of -1.479 ns between dut/AaB0[1].SS/sig_summ_r_reg[3][7]/C (clocked by sys_clk_pin) and dut/AaB0[1].SS/c_slots_r_reg[0][8]/D (clocked by sys_clk_pin). Large setup violations at the end of those stages might be difficult to fix during the post-placement implementation flow and could be the result of non-optimal XDC constraints or non-optimal design architecture
Related violations: <none>

TIMING-16#495 Warning
Large setup violation  
There is a large setup violation of -1.480 ns between dut/AaB0[1].SS/sig_summ_r_reg[3][7]/C (clocked by sys_clk_pin) and dut/AaB0[1].SS/c_slots_r_reg[1][4]/D (clocked by sys_clk_pin). Large setup violations at the end of those stages might be difficult to fix during the post-placement implementation flow and could be the result of non-optimal XDC constraints or non-optimal design architecture
Related violations: <none>

TIMING-16#496 Warning
Large setup violation  
There is a large setup violation of -1.481 ns between dut/AaB0[1].SS/sig_summ_r_reg[3][7]/C (clocked by sys_clk_pin) and dut/AaB0[1].SS/c_slots_r_reg[1][2]/D (clocked by sys_clk_pin). Large setup violations at the end of those stages might be difficult to fix during the post-placement implementation flow and could be the result of non-optimal XDC constraints or non-optimal design architecture
Related violations: <none>

TIMING-16#497 Warning
Large setup violation  
There is a large setup violation of -1.482 ns between dut/AaB0[1].SS/sig_summ_r_reg[3][7]/C (clocked by sys_clk_pin) and dut/AaB0[1].SS/c_slots_r_reg[1][8]/D (clocked by sys_clk_pin). Large setup violations at the end of those stages might be difficult to fix during the post-placement implementation flow and could be the result of non-optimal XDC constraints or non-optimal design architecture
Related violations: <none>

TIMING-16#498 Warning
Large setup violation  
There is a large setup violation of -1.483 ns between dut/SS_00/m_p_reg[4][6][7]/C (clocked by sys_clk_pin) and dut/SS_00/idx_p_reg[5][6][1]/D (clocked by sys_clk_pin). Large setup violations at the end of those stages might be difficult to fix during the post-placement implementation flow and could be the result of non-optimal XDC constraints or non-optimal design architecture
Related violations: <none>

TIMING-16#499 Warning
Large setup violation  
There is a large setup violation of -1.483 ns between dut/ss_idx_r_reg[1][1]/C (clocked by sys_clk_pin) and dut/AB_l_2_reg[0][11]/D (clocked by sys_clk_pin). Large setup violations at the end of those stages might be difficult to fix during the post-placement implementation flow and could be the result of non-optimal XDC constraints or non-optimal design architecture
Related violations: <none>

TIMING-16#500 Warning
Large setup violation  
There is a large setup violation of -1.484 ns between dut/AaB0[1].SS/sig_summ_r_reg[3][7]/C (clocked by sys_clk_pin) and dut/AaB0[1].SS/c_slots_r_reg[2][1]/D (clocked by sys_clk_pin). Large setup violations at the end of those stages might be difficult to fix during the post-placement implementation flow and could be the result of non-optimal XDC constraints or non-optimal design architecture
Related violations: <none>

TIMING-16#501 Warning
Large setup violation  
There is a large setup violation of -1.484 ns between dut/ss_idx_r_reg[1][1]/C (clocked by sys_clk_pin) and dut/AB_l_2_reg[0][2]/CE (clocked by sys_clk_pin). Large setup violations at the end of those stages might be difficult to fix during the post-placement implementation flow and could be the result of non-optimal XDC constraints or non-optimal design architecture
Related violations: <none>

TIMING-16#502 Warning
Large setup violation  
There is a large setup violation of -1.484 ns between dut/ss_idx_r_reg[1][1]/C (clocked by sys_clk_pin) and dut/AB_l_2_reg[0][6]/CE (clocked by sys_clk_pin). Large setup violations at the end of those stages might be difficult to fix during the post-placement implementation flow and could be the result of non-optimal XDC constraints or non-optimal design architecture
Related violations: <none>

TIMING-16#503 Warning
Large setup violation  
There is a large setup violation of -1.484 ns between dut/ss_idx_r_reg[1][1]/C (clocked by sys_clk_pin) and dut/AB_l_2_reg[1][6]/CE (clocked by sys_clk_pin). Large setup violations at the end of those stages might be difficult to fix during the post-placement implementation flow and could be the result of non-optimal XDC constraints or non-optimal design architecture
Related violations: <none>

TIMING-16#504 Warning
Large setup violation  
There is a large setup violation of -1.487 ns between dut/ss_idx_r_reg[1][1]/C (clocked by sys_clk_pin) and dut/AB_l_2_reg[2][12]/D (clocked by sys_clk_pin). Large setup violations at the end of those stages might be difficult to fix during the post-placement implementation flow and could be the result of non-optimal XDC constraints or non-optimal design architecture
Related violations: <none>

TIMING-16#505 Warning
Large setup violation  
There is a large setup violation of -1.489 ns between dut/ss_idx_r_reg[1][1]/C (clocked by sys_clk_pin) and dut/AB_l_2_reg[2][12]/CE (clocked by sys_clk_pin). Large setup violations at the end of those stages might be difficult to fix during the post-placement implementation flow and could be the result of non-optimal XDC constraints or non-optimal design architecture
Related violations: <none>

TIMING-16#506 Warning
Large setup violation  
There is a large setup violation of -1.490 ns between dut/AaB0[1].SS/sig_summ_r_reg[3][7]/C (clocked by sys_clk_pin) and dut/AaB0[1].SS/c_slots_r_reg[1][0]/D (clocked by sys_clk_pin). Large setup violations at the end of those stages might be difficult to fix during the post-placement implementation flow and could be the result of non-optimal XDC constraints or non-optimal design architecture
Related violations: <none>

TIMING-16#507 Warning
Large setup violation  
There is a large setup violation of -1.490 ns between dut/AaB0[2].SS/sig_summ_r_reg[4][6]/C (clocked by sys_clk_pin) and dut/AaB0[2].SS/c_slots_r_reg[2][1]/D (clocked by sys_clk_pin). Large setup violations at the end of those stages might be difficult to fix during the post-placement implementation flow and could be the result of non-optimal XDC constraints or non-optimal design architecture
Related violations: <none>

TIMING-16#508 Warning
Large setup violation  
There is a large setup violation of -1.490 ns between dut/SS_00/m_p_reg[4][6][7]/C (clocked by sys_clk_pin) and dut/SS_00/idx_p_reg[5][6][0]/D (clocked by sys_clk_pin). Large setup violations at the end of those stages might be difficult to fix during the post-placement implementation flow and could be the result of non-optimal XDC constraints or non-optimal design architecture
Related violations: <none>

TIMING-16#509 Warning
Large setup violation  
There is a large setup violation of -1.491 ns between dut/ss_idx_r_reg[0][1]/C (clocked by sys_clk_pin) and dut/AB_l_1_reg[3][13]/D (clocked by sys_clk_pin). Large setup violations at the end of those stages might be difficult to fix during the post-placement implementation flow and could be the result of non-optimal XDC constraints or non-optimal design architecture
Related violations: <none>

TIMING-16#510 Warning
Large setup violation  
There is a large setup violation of -1.492 ns between dut/A0Bb[1].SS/sig_summ_r_reg[6][0]/C (clocked by sys_clk_pin) and dut/A0Bb[1].SS/c_slots_r_reg[2][3]/D (clocked by sys_clk_pin). Large setup violations at the end of those stages might be difficult to fix during the post-placement implementation flow and could be the result of non-optimal XDC constraints or non-optimal design architecture
Related violations: <none>

TIMING-16#511 Warning
Large setup violation  
There is a large setup violation of -1.493 ns between dut/AaB0[2].SS/sig_summ_r_reg[4][5]/C (clocked by sys_clk_pin) and dut/AaB0[2].SS/c_slots_r_reg[0][3]/D (clocked by sys_clk_pin). Large setup violations at the end of those stages might be difficult to fix during the post-placement implementation flow and could be the result of non-optimal XDC constraints or non-optimal design architecture
Related violations: <none>

TIMING-16#512 Warning
Large setup violation  
There is a large setup violation of -1.493 ns between dut/SS_00/m_p_reg[4][6][7]/C (clocked by sys_clk_pin) and dut/SS_00/idx_p_reg[5][5][0]/D (clocked by sys_clk_pin). Large setup violations at the end of those stages might be difficult to fix during the post-placement implementation flow and could be the result of non-optimal XDC constraints or non-optimal design architecture
Related violations: <none>

TIMING-16#513 Warning
Large setup violation  
There is a large setup violation of -1.496 ns between dut/AaB0[2].SS/sig_summ_r_reg[4][5]/C (clocked by sys_clk_pin) and dut/AaB0[2].SS/c_slots_r_reg[0][2]/D (clocked by sys_clk_pin). Large setup violations at the end of those stages might be difficult to fix during the post-placement implementation flow and could be the result of non-optimal XDC constraints or non-optimal design architecture
Related violations: <none>

TIMING-16#514 Warning
Large setup violation  
There is a large setup violation of -1.500 ns between dut/ss_idx_r_reg[1][1]/C (clocked by sys_clk_pin) and dut/AB_l_2_reg[0][0]/D (clocked by sys_clk_pin). Large setup violations at the end of those stages might be difficult to fix during the post-placement implementation flow and could be the result of non-optimal XDC constraints or non-optimal design architecture
Related violations: <none>

TIMING-16#515 Warning
Large setup violation  
There is a large setup violation of -1.501 ns between dut/ss_idx_r_reg[0][1]/C (clocked by sys_clk_pin) and dut/AB_l_1_reg[2][13]/D (clocked by sys_clk_pin). Large setup violations at the end of those stages might be difficult to fix during the post-placement implementation flow and could be the result of non-optimal XDC constraints or non-optimal design architecture
Related violations: <none>

TIMING-16#516 Warning
Large setup violation  
There is a large setup violation of -1.502 ns between dut/AaB0[1].SS/sig_summ_r_reg[3][7]/C (clocked by sys_clk_pin) and dut/AaB0[1].SS/c_slots_r_reg[0][6]/D (clocked by sys_clk_pin). Large setup violations at the end of those stages might be difficult to fix during the post-placement implementation flow and could be the result of non-optimal XDC constraints or non-optimal design architecture
Related violations: <none>

TIMING-16#517 Warning
Large setup violation  
There is a large setup violation of -1.503 ns between dut/A0Bb[2].SS/sig_summ_r_reg[3][2]/C (clocked by sys_clk_pin) and dut/A0Bb[2].SS/c_slots_r_reg[1][0]/D (clocked by sys_clk_pin). Large setup violations at the end of those stages might be difficult to fix during the post-placement implementation flow and could be the result of non-optimal XDC constraints or non-optimal design architecture
Related violations: <none>

TIMING-16#518 Warning
Large setup violation  
There is a large setup violation of -1.503 ns between dut/AaB0[1].SS/c_slots_r_reg[1][1]/C (clocked by sys_clk_pin) and dut/AaB0[1].SS/c_m1_r_reg[1][8]/D (clocked by sys_clk_pin). Large setup violations at the end of those stages might be difficult to fix during the post-placement implementation flow and could be the result of non-optimal XDC constraints or non-optimal design architecture
Related violations: <none>

TIMING-16#519 Warning
Large setup violation  
There is a large setup violation of -1.503 ns between dut/AaB0[2].SS/sig_summ_r_reg[2][5]/C (clocked by sys_clk_pin) and dut/AaB0[2].SS/c_slots_r_reg[2][0]/D (clocked by sys_clk_pin). Large setup violations at the end of those stages might be difficult to fix during the post-placement implementation flow and could be the result of non-optimal XDC constraints or non-optimal design architecture
Related violations: <none>

TIMING-16#520 Warning
Large setup violation  
There is a large setup violation of -1.506 ns between dut/AaB0[1].SS/sig_summ_r_reg[3][7]/C (clocked by sys_clk_pin) and dut/AaB0[1].SS/c_slots_r_reg[2][5]/D (clocked by sys_clk_pin). Large setup violations at the end of those stages might be difficult to fix during the post-placement implementation flow and could be the result of non-optimal XDC constraints or non-optimal design architecture
Related violations: <none>

TIMING-16#521 Warning
Large setup violation  
There is a large setup violation of -1.508 ns between dut/AaB0[2].SS/c_m1_r_reg[1][1]/C (clocked by sys_clk_pin) and dut/AB_m_a0_r_reg[1][1][0]/S (clocked by sys_clk_pin). Large setup violations at the end of those stages might be difficult to fix during the post-placement implementation flow and could be the result of non-optimal XDC constraints or non-optimal design architecture
Related violations: <none>

TIMING-16#522 Warning
Large setup violation  
There is a large setup violation of -1.508 ns between dut/AaB0[2].SS/c_m1_r_reg[1][1]/C (clocked by sys_clk_pin) and dut/AB_m_a0_r_reg[1][1][1]/S (clocked by sys_clk_pin). Large setup violations at the end of those stages might be difficult to fix during the post-placement implementation flow and could be the result of non-optimal XDC constraints or non-optimal design architecture
Related violations: <none>

TIMING-16#523 Warning
Large setup violation  
There is a large setup violation of -1.508 ns between dut/AaB0[2].SS/c_m1_r_reg[1][1]/C (clocked by sys_clk_pin) and dut/AB_m_a0_r_reg[1][1][2]/S (clocked by sys_clk_pin). Large setup violations at the end of those stages might be difficult to fix during the post-placement implementation flow and could be the result of non-optimal XDC constraints or non-optimal design architecture
Related violations: <none>

TIMING-16#524 Warning
Large setup violation  
There is a large setup violation of -1.508 ns between dut/AaB0[2].SS/c_m1_r_reg[1][1]/C (clocked by sys_clk_pin) and dut/AB_m_a0_r_reg[1][1][4]/S (clocked by sys_clk_pin). Large setup violations at the end of those stages might be difficult to fix during the post-placement implementation flow and could be the result of non-optimal XDC constraints or non-optimal design architecture
Related violations: <none>

TIMING-16#525 Warning
Large setup violation  
There is a large setup violation of -1.508 ns between dut/AaB0[2].SS/c_m1_r_reg[1][1]/C (clocked by sys_clk_pin) and dut/AB_m_a0_r_reg[1][1][5]/S (clocked by sys_clk_pin). Large setup violations at the end of those stages might be difficult to fix during the post-placement implementation flow and could be the result of non-optimal XDC constraints or non-optimal design architecture
Related violations: <none>

TIMING-16#526 Warning
Large setup violation  
There is a large setup violation of -1.508 ns between dut/AaB0[2].SS/c_m1_r_reg[1][1]/C (clocked by sys_clk_pin) and dut/AB_m_a0_r_reg[1][1][6]/S (clocked by sys_clk_pin). Large setup violations at the end of those stages might be difficult to fix during the post-placement implementation flow and could be the result of non-optimal XDC constraints or non-optimal design architecture
Related violations: <none>

TIMING-16#527 Warning
Large setup violation  
There is a large setup violation of -1.508 ns between dut/AaB0[2].SS/c_m1_r_reg[1][1]/C (clocked by sys_clk_pin) and dut/AB_m_a0_r_reg[1][1][7]/S (clocked by sys_clk_pin). Large setup violations at the end of those stages might be difficult to fix during the post-placement implementation flow and could be the result of non-optimal XDC constraints or non-optimal design architecture
Related violations: <none>

TIMING-16#528 Warning
Large setup violation  
There is a large setup violation of -1.509 ns between dut/SS_11/sig_summ_r_reg[6][7]/C (clocked by sys_clk_pin) and dut/SS_11/c_slots_r_reg[0][3]/D (clocked by sys_clk_pin). Large setup violations at the end of those stages might be difficult to fix during the post-placement implementation flow and could be the result of non-optimal XDC constraints or non-optimal design architecture
Related violations: <none>

TIMING-16#529 Warning
Large setup violation  
There is a large setup violation of -1.510 ns between dut/AaB0[1].SS/sig_summ_r_reg[7][0]/C (clocked by sys_clk_pin) and dut/AaB0[1].SS/c_slots_r_reg[2][3]/D (clocked by sys_clk_pin). Large setup violations at the end of those stages might be difficult to fix during the post-placement implementation flow and could be the result of non-optimal XDC constraints or non-optimal design architecture
Related violations: <none>

TIMING-16#530 Warning
Large setup violation  
There is a large setup violation of -1.510 ns between dut/ss_idx_r_reg[1][1]/C (clocked by sys_clk_pin) and dut/AB_l_2_reg[1][8]/CE (clocked by sys_clk_pin). Large setup violations at the end of those stages might be difficult to fix during the post-placement implementation flow and could be the result of non-optimal XDC constraints or non-optimal design architecture
Related violations: <none>

TIMING-16#531 Warning
Large setup violation  
There is a large setup violation of -1.511 ns between dut/B0_m_reg[0][25]/C (clocked by sys_clk_pin) and dut/AaB0[2].SS/sig_summ_r_reg[7][8]/D (clocked by sys_clk_pin). Large setup violations at the end of those stages might be difficult to fix during the post-placement implementation flow and could be the result of non-optimal XDC constraints or non-optimal design architecture
Related violations: <none>

TIMING-16#532 Warning
Large setup violation  
There is a large setup violation of -1.511 ns between dut/ss_idx_r_reg[1][0]/C (clocked by sys_clk_pin) and dut/AB_l_2_reg[0][15]/D (clocked by sys_clk_pin). Large setup violations at the end of those stages might be difficult to fix during the post-placement implementation flow and could be the result of non-optimal XDC constraints or non-optimal design architecture
Related violations: <none>

TIMING-16#533 Warning
Large setup violation  
There is a large setup violation of -1.518 ns between dut/SS_00/m_p_reg[4][6][7]/C (clocked by sys_clk_pin) and dut/SS_00/idx_p_reg[5][5][2]/D (clocked by sys_clk_pin). Large setup violations at the end of those stages might be difficult to fix during the post-placement implementation flow and could be the result of non-optimal XDC constraints or non-optimal design architecture
Related violations: <none>

TIMING-16#534 Warning
Large setup violation  
There is a large setup violation of -1.519 ns between dut/SS_00/m_p_reg[4][2][2]/C (clocked by sys_clk_pin) and dut/SS_00/idx_p_reg[5][2][0]/D (clocked by sys_clk_pin). Large setup violations at the end of those stages might be difficult to fix during the post-placement implementation flow and could be the result of non-optimal XDC constraints or non-optimal design architecture
Related violations: <none>

TIMING-16#535 Warning
Large setup violation  
There is a large setup violation of -1.519 ns between dut/ss_idx_r_reg[1][1]/C (clocked by sys_clk_pin) and dut/AB_l_2_reg[0][4]/CE (clocked by sys_clk_pin). Large setup violations at the end of those stages might be difficult to fix during the post-placement implementation flow and could be the result of non-optimal XDC constraints or non-optimal design architecture
Related violations: <none>

TIMING-16#536 Warning
Large setup violation  
There is a large setup violation of -1.519 ns between dut/ss_idx_r_reg[1][1]/C (clocked by sys_clk_pin) and dut/AB_l_2_reg[2][4]/CE (clocked by sys_clk_pin). Large setup violations at the end of those stages might be difficult to fix during the post-placement implementation flow and could be the result of non-optimal XDC constraints or non-optimal design architecture
Related violations: <none>

TIMING-16#537 Warning
Large setup violation  
There is a large setup violation of -1.520 ns between dut/ss_idx_r_reg[1][2]/C (clocked by sys_clk_pin) and dut/AB_l_2_reg[2][3]/D (clocked by sys_clk_pin). Large setup violations at the end of those stages might be difficult to fix during the post-placement implementation flow and could be the result of non-optimal XDC constraints or non-optimal design architecture
Related violations: <none>

TIMING-16#538 Warning
Large setup violation  
There is a large setup violation of -1.525 ns between dut/SS_00/m_p_reg[4][2][2]/C (clocked by sys_clk_pin) and dut/SS_00/idx_p_reg[5][1][0]/D (clocked by sys_clk_pin). Large setup violations at the end of those stages might be difficult to fix during the post-placement implementation flow and could be the result of non-optimal XDC constraints or non-optimal design architecture
Related violations: <none>

TIMING-16#539 Warning
Large setup violation  
There is a large setup violation of -1.527 ns between dut/AaB0[2].SS/sig_summ_r_reg[2][5]/C (clocked by sys_clk_pin) and dut/AaB0[2].SS/c_slots_r_reg[2][2]/D (clocked by sys_clk_pin). Large setup violations at the end of those stages might be difficult to fix during the post-placement implementation flow and could be the result of non-optimal XDC constraints or non-optimal design architecture
Related violations: <none>

TIMING-16#540 Warning
Large setup violation  
There is a large setup violation of -1.530 ns between dut/AaB0[1].SS/c_m1_r_reg[1][6]/C (clocked by sys_clk_pin) and dut/AB_m_a0_r_reg[0][1][3]/S (clocked by sys_clk_pin). Large setup violations at the end of those stages might be difficult to fix during the post-placement implementation flow and could be the result of non-optimal XDC constraints or non-optimal design architecture
Related violations: <none>

TIMING-16#541 Warning
Large setup violation  
There is a large setup violation of -1.530 ns between dut/AaB0[1].SS/c_m1_r_reg[1][6]/C (clocked by sys_clk_pin) and dut/AB_m_a0_r_reg[0][1][7]/S (clocked by sys_clk_pin). Large setup violations at the end of those stages might be difficult to fix during the post-placement implementation flow and could be the result of non-optimal XDC constraints or non-optimal design architecture
Related violations: <none>

TIMING-16#542 Warning
Large setup violation  
There is a large setup violation of -1.530 ns between dut/SS_00/m_p_reg[4][6][7]/C (clocked by sys_clk_pin) and dut/SS_00/idx_p_reg[5][5][1]/D (clocked by sys_clk_pin). Large setup violations at the end of those stages might be difficult to fix during the post-placement implementation flow and could be the result of non-optimal XDC constraints or non-optimal design architecture
Related violations: <none>

TIMING-16#543 Warning
Large setup violation  
There is a large setup violation of -1.535 ns between dut/ss_idx_r_reg[0][1]/C (clocked by sys_clk_pin) and dut/AB_l_1_reg[3][11]/D (clocked by sys_clk_pin). Large setup violations at the end of those stages might be difficult to fix during the post-placement implementation flow and could be the result of non-optimal XDC constraints or non-optimal design architecture
Related violations: <none>

TIMING-16#544 Warning
Large setup violation  
There is a large setup violation of -1.536 ns between dut/SS_11/sig_summ_r_reg[3][2]/C (clocked by sys_clk_pin) and dut/SS_11/c_slots_r_reg[2][4]/D (clocked by sys_clk_pin). Large setup violations at the end of those stages might be difficult to fix during the post-placement implementation flow and could be the result of non-optimal XDC constraints or non-optimal design architecture
Related violations: <none>

TIMING-16#545 Warning
Large setup violation  
There is a large setup violation of -1.537 ns between dut/AaB0[1].SS/sig_summ_r_reg[3][6]/C (clocked by sys_clk_pin) and dut/AaB0[1].SS/c_slots_r_reg[2][0]/D (clocked by sys_clk_pin). Large setup violations at the end of those stages might be difficult to fix during the post-placement implementation flow and could be the result of non-optimal XDC constraints or non-optimal design architecture
Related violations: <none>

TIMING-16#546 Warning
Large setup violation  
There is a large setup violation of -1.540 ns between dut/A0Bb[1].SS/sig_summ_r_reg[6][0]/C (clocked by sys_clk_pin) and dut/A0Bb[1].SS/c_slots_r_reg[2][0]/D (clocked by sys_clk_pin). Large setup violations at the end of those stages might be difficult to fix during the post-placement implementation flow and could be the result of non-optimal XDC constraints or non-optimal design architecture
Related violations: <none>

TIMING-16#547 Warning
Large setup violation  
There is a large setup violation of -1.540 ns between dut/AaB0[1].SS/sig_summ_r_reg[3][7]/C (clocked by sys_clk_pin) and dut/AaB0[1].SS/c_slots_r_reg[2][4]/D (clocked by sys_clk_pin). Large setup violations at the end of those stages might be difficult to fix during the post-placement implementation flow and could be the result of non-optimal XDC constraints or non-optimal design architecture
Related violations: <none>

TIMING-16#548 Warning
Large setup violation  
There is a large setup violation of -1.541 ns between dut/ss_idx_r_reg[1][1]/C (clocked by sys_clk_pin) and dut/AB_l_2_reg[1][4]/D (clocked by sys_clk_pin). Large setup violations at the end of those stages might be difficult to fix during the post-placement implementation flow and could be the result of non-optimal XDC constraints or non-optimal design architecture
Related violations: <none>

TIMING-16#549 Warning
Large setup violation  
There is a large setup violation of -1.542 ns between dut/AaB0[1].SS/sig_summ_r_reg[3][7]/C (clocked by sys_clk_pin) and dut/AaB0[1].SS/c_slots_r_reg[2][8]/D (clocked by sys_clk_pin). Large setup violations at the end of those stages might be difficult to fix during the post-placement implementation flow and could be the result of non-optimal XDC constraints or non-optimal design architecture
Related violations: <none>

TIMING-16#550 Warning
Large setup violation  
There is a large setup violation of -1.544 ns between dut/SS_11/c_m1_r_reg[0][2]/C (clocked by sys_clk_pin) and dut/AB_m_11_r_reg[1][7]/S (clocked by sys_clk_pin). Large setup violations at the end of those stages might be difficult to fix during the post-placement implementation flow and could be the result of non-optimal XDC constraints or non-optimal design architecture
Related violations: <none>

TIMING-16#551 Warning
Large setup violation  
There is a large setup violation of -1.545 ns between dut/AaB0[2].SS/sig_summ_r_reg[4][6]/C (clocked by sys_clk_pin) and dut/AaB0[2].SS/c_slots_r_reg[2][5]/D (clocked by sys_clk_pin). Large setup violations at the end of those stages might be difficult to fix during the post-placement implementation flow and could be the result of non-optimal XDC constraints or non-optimal design architecture
Related violations: <none>

TIMING-16#552 Warning
Large setup violation  
There is a large setup violation of -1.546 ns between dut/ss_idx_r_reg[1][0]/C (clocked by sys_clk_pin) and dut/AB_l_2_reg[2][15]/D (clocked by sys_clk_pin). Large setup violations at the end of those stages might be difficult to fix during the post-placement implementation flow and could be the result of non-optimal XDC constraints or non-optimal design architecture
Related violations: <none>

TIMING-16#553 Warning
Large setup violation  
There is a large setup violation of -1.547 ns between dut/AaB0[1].SS/sig_summ_r_reg[3][7]/C (clocked by sys_clk_pin) and dut/AaB0[1].SS/c_slots_r_reg[1][6]/D (clocked by sys_clk_pin). Large setup violations at the end of those stages might be difficult to fix during the post-placement implementation flow and could be the result of non-optimal XDC constraints or non-optimal design architecture
Related violations: <none>

TIMING-16#554 Warning
Large setup violation  
There is a large setup violation of -1.551 ns between dut/ss_idx_r_reg[1][1]/C (clocked by sys_clk_pin) and dut/AB_l_2_reg[0][9]/CE (clocked by sys_clk_pin). Large setup violations at the end of those stages might be difficult to fix during the post-placement implementation flow and could be the result of non-optimal XDC constraints or non-optimal design architecture
Related violations: <none>

TIMING-16#555 Warning
Large setup violation  
There is a large setup violation of -1.551 ns between dut/ss_idx_r_reg[1][1]/C (clocked by sys_clk_pin) and dut/AB_l_2_reg[1][9]/CE (clocked by sys_clk_pin). Large setup violations at the end of those stages might be difficult to fix during the post-placement implementation flow and could be the result of non-optimal XDC constraints or non-optimal design architecture
Related violations: <none>

TIMING-16#556 Warning
Large setup violation  
There is a large setup violation of -1.551 ns between dut/ss_idx_r_reg[1][1]/C (clocked by sys_clk_pin) and dut/AB_l_2_reg[3][4]/CE (clocked by sys_clk_pin). Large setup violations at the end of those stages might be difficult to fix during the post-placement implementation flow and could be the result of non-optimal XDC constraints or non-optimal design architecture
Related violations: <none>

TIMING-16#557 Warning
Large setup violation  
There is a large setup violation of -1.553 ns between dut/ss_idx_r_reg[1][1]/C (clocked by sys_clk_pin) and dut/AB_l_2_reg[2][7]/CE (clocked by sys_clk_pin). Large setup violations at the end of those stages might be difficult to fix during the post-placement implementation flow and could be the result of non-optimal XDC constraints or non-optimal design architecture
Related violations: <none>

TIMING-16#558 Warning
Large setup violation  
There is a large setup violation of -1.568 ns between dut/ss_idx_r_reg[1][1]/C (clocked by sys_clk_pin) and dut/AB_l_2_reg[2][9]/D (clocked by sys_clk_pin). Large setup violations at the end of those stages might be difficult to fix during the post-placement implementation flow and could be the result of non-optimal XDC constraints or non-optimal design architecture
Related violations: <none>

TIMING-16#559 Warning
Large setup violation  
There is a large setup violation of -1.571 ns between dut/AaB0[2].SS/sig_summ_r_reg[4][5]/C (clocked by sys_clk_pin) and dut/AaB0[2].SS/c_slots_r_reg[0][4]/D (clocked by sys_clk_pin). Large setup violations at the end of those stages might be difficult to fix during the post-placement implementation flow and could be the result of non-optimal XDC constraints or non-optimal design architecture
Related violations: <none>

TIMING-16#560 Warning
Large setup violation  
There is a large setup violation of -1.572 ns between dut/AaB0[1].SS/sig_summ_r_reg[3][7]/C (clocked by sys_clk_pin) and dut/AaB0[1].SS/c_slots_r_reg[1][3]/D (clocked by sys_clk_pin). Large setup violations at the end of those stages might be difficult to fix during the post-placement implementation flow and could be the result of non-optimal XDC constraints or non-optimal design architecture
Related violations: <none>

TIMING-16#561 Warning
Large setup violation  
There is a large setup violation of -1.574 ns between dut/AaB0[2].SS/sig_summ_r_reg[4][5]/C (clocked by sys_clk_pin) and dut/AaB0[2].SS/c_slots_r_reg[2][4]/D (clocked by sys_clk_pin). Large setup violations at the end of those stages might be difficult to fix during the post-placement implementation flow and could be the result of non-optimal XDC constraints or non-optimal design architecture
Related violations: <none>

TIMING-16#562 Warning
Large setup violation  
There is a large setup violation of -1.575 ns between dut/ss_idx_r_reg[1][1]/C (clocked by sys_clk_pin) and dut/AB_l_2_reg[3][6]/CE (clocked by sys_clk_pin). Large setup violations at the end of those stages might be difficult to fix during the post-placement implementation flow and could be the result of non-optimal XDC constraints or non-optimal design architecture
Related violations: <none>

TIMING-16#563 Warning
Large setup violation  
There is a large setup violation of -1.577 ns between dut/ss_idx_r_reg[0][1]/C (clocked by sys_clk_pin) and dut/AB_l_1_reg[0][14]/D (clocked by sys_clk_pin). Large setup violations at the end of those stages might be difficult to fix during the post-placement implementation flow and could be the result of non-optimal XDC constraints or non-optimal design architecture
Related violations: <none>

TIMING-16#564 Warning
Large setup violation  
There is a large setup violation of -1.577 ns between dut/ss_idx_r_reg[1][1]/C (clocked by sys_clk_pin) and dut/AB_l_2_reg[3][5]/CE (clocked by sys_clk_pin). Large setup violations at the end of those stages might be difficult to fix during the post-placement implementation flow and could be the result of non-optimal XDC constraints or non-optimal design architecture
Related violations: <none>

TIMING-16#565 Warning
Large setup violation  
There is a large setup violation of -1.579 ns between dut/ss_idx_r_reg[1][1]/C (clocked by sys_clk_pin) and dut/AB_l_2_reg[2][2]/CE (clocked by sys_clk_pin). Large setup violations at the end of those stages might be difficult to fix during the post-placement implementation flow and could be the result of non-optimal XDC constraints or non-optimal design architecture
Related violations: <none>

TIMING-16#566 Warning
Large setup violation  
There is a large setup violation of -1.581 ns between dut/AaB0[1].SS/sig_summ_r_reg[3][7]/C (clocked by sys_clk_pin) and dut/AaB0[1].SS/c_slots_r_reg[0][7]/D (clocked by sys_clk_pin). Large setup violations at the end of those stages might be difficult to fix during the post-placement implementation flow and could be the result of non-optimal XDC constraints or non-optimal design architecture
Related violations: <none>

TIMING-16#567 Warning
Large setup violation  
There is a large setup violation of -1.586 ns between dut/AaB0[1].SS/sig_summ_r_reg[3][7]/C (clocked by sys_clk_pin) and dut/AaB0[1].SS/c_slots_r_reg[0][2]/D (clocked by sys_clk_pin). Large setup violations at the end of those stages might be difficult to fix during the post-placement implementation flow and could be the result of non-optimal XDC constraints or non-optimal design architecture
Related violations: <none>

TIMING-16#568 Warning
Large setup violation  
There is a large setup violation of -1.587 ns between dut/AaB0[1].SS/sig_summ_r_reg[3][7]/C (clocked by sys_clk_pin) and dut/AaB0[1].SS/c_slots_r_reg[0][3]/D (clocked by sys_clk_pin). Large setup violations at the end of those stages might be difficult to fix during the post-placement implementation flow and could be the result of non-optimal XDC constraints or non-optimal design architecture
Related violations: <none>

TIMING-16#569 Warning
Large setup violation  
There is a large setup violation of -1.587 ns between dut/AaB0[2].SS/c_m1_r_reg[1][1]/C (clocked by sys_clk_pin) and dut/AB_m_a0_r_reg[1][1][3]/S (clocked by sys_clk_pin). Large setup violations at the end of those stages might be difficult to fix during the post-placement implementation flow and could be the result of non-optimal XDC constraints or non-optimal design architecture
Related violations: <none>

TIMING-16#570 Warning
Large setup violation  
There is a large setup violation of -1.589 ns between dut/ss_idx_r_reg[1][0]/C (clocked by sys_clk_pin) and dut/AB_l_2_reg[3][10]/D (clocked by sys_clk_pin). Large setup violations at the end of those stages might be difficult to fix during the post-placement implementation flow and could be the result of non-optimal XDC constraints or non-optimal design architecture
Related violations: <none>

TIMING-16#571 Warning
Large setup violation  
There is a large setup violation of -1.596 ns between dut/A0_m_reg[0][10]/C (clocked by sys_clk_pin) and dut/SS_00/idx_p_reg[0][7][0]/D (clocked by sys_clk_pin). Large setup violations at the end of those stages might be difficult to fix during the post-placement implementation flow and could be the result of non-optimal XDC constraints or non-optimal design architecture
Related violations: <none>

TIMING-16#572 Warning
Large setup violation  
There is a large setup violation of -1.596 ns between dut/SS_11/sig_summ_r_reg[6][7]/C (clocked by sys_clk_pin) and dut/SS_11/l_slots_r_reg[2][1]/D (clocked by sys_clk_pin). Large setup violations at the end of those stages might be difficult to fix during the post-placement implementation flow and could be the result of non-optimal XDC constraints or non-optimal design architecture
Related violations: <none>

TIMING-16#573 Warning
Large setup violation  
There is a large setup violation of -1.597 ns between dut/ss_idx_r_reg[1][0]/C (clocked by sys_clk_pin) and dut/AB_l_2_reg[3][1]/D (clocked by sys_clk_pin). Large setup violations at the end of those stages might be difficult to fix during the post-placement implementation flow and could be the result of non-optimal XDC constraints or non-optimal design architecture
Related violations: <none>

TIMING-16#574 Warning
Large setup violation  
There is a large setup violation of -1.599 ns between dut/SS_00/m_p_reg[4][2][2]/C (clocked by sys_clk_pin) and dut/SS_00/idx_p_reg[5][1][2]/D (clocked by sys_clk_pin). Large setup violations at the end of those stages might be difficult to fix during the post-placement implementation flow and could be the result of non-optimal XDC constraints or non-optimal design architecture
Related violations: <none>

TIMING-16#575 Warning
Large setup violation  
There is a large setup violation of -1.602 ns between dut/ss_idx_r_reg[1][0]/C (clocked by sys_clk_pin) and dut/AB_l_2_reg[0][2]/D (clocked by sys_clk_pin). Large setup violations at the end of those stages might be difficult to fix during the post-placement implementation flow and could be the result of non-optimal XDC constraints or non-optimal design architecture
Related violations: <none>

TIMING-16#576 Warning
Large setup violation  
There is a large setup violation of -1.603 ns between dut/ss_idx_r_reg[0][1]/C (clocked by sys_clk_pin) and dut/AB_l_1_reg[1][10]/D (clocked by sys_clk_pin). Large setup violations at the end of those stages might be difficult to fix during the post-placement implementation flow and could be the result of non-optimal XDC constraints or non-optimal design architecture
Related violations: <none>

TIMING-16#577 Warning
Large setup violation  
There is a large setup violation of -1.603 ns between dut/ss_idx_r_reg[1][0]/C (clocked by sys_clk_pin) and dut/AB_l_2_reg[0][14]/D (clocked by sys_clk_pin). Large setup violations at the end of those stages might be difficult to fix during the post-placement implementation flow and could be the result of non-optimal XDC constraints or non-optimal design architecture
Related violations: <none>

TIMING-16#578 Warning
Large setup violation  
There is a large setup violation of -1.605 ns between dut/ss_idx_r_reg[1][1]/C (clocked by sys_clk_pin) and dut/AB_l_2_reg[1][0]/CE (clocked by sys_clk_pin). Large setup violations at the end of those stages might be difficult to fix during the post-placement implementation flow and could be the result of non-optimal XDC constraints or non-optimal design architecture
Related violations: <none>

TIMING-16#579 Warning
Large setup violation  
There is a large setup violation of -1.612 ns between dut/ss_idx_r_reg[1][1]/C (clocked by sys_clk_pin) and dut/AB_l_2_reg[0][12]/D (clocked by sys_clk_pin). Large setup violations at the end of those stages might be difficult to fix during the post-placement implementation flow and could be the result of non-optimal XDC constraints or non-optimal design architecture
Related violations: <none>

TIMING-16#580 Warning
Large setup violation  
There is a large setup violation of -1.613 ns between dut/SS_00/idx_p_reg[5][2][1]/C (clocked by sys_clk_pin) and dut/AB_l_00_r_reg[2][13]/D (clocked by sys_clk_pin). Large setup violations at the end of those stages might be difficult to fix during the post-placement implementation flow and could be the result of non-optimal XDC constraints or non-optimal design architecture
Related violations: <none>

TIMING-16#581 Warning
Large setup violation  
There is a large setup violation of -1.613 ns between dut/ss_idx_r_reg[1][0]/C (clocked by sys_clk_pin) and dut/AB_l_2_reg[2][8]/D (clocked by sys_clk_pin). Large setup violations at the end of those stages might be difficult to fix during the post-placement implementation flow and could be the result of non-optimal XDC constraints or non-optimal design architecture
Related violations: <none>

TIMING-16#582 Warning
Large setup violation  
There is a large setup violation of -1.616 ns between dut/AaB0[2].SS/sig_summ_r_reg[4][5]/C (clocked by sys_clk_pin) and dut/AaB0[2].SS/c_slots_r_reg[0][6]/D (clocked by sys_clk_pin). Large setup violations at the end of those stages might be difficult to fix during the post-placement implementation flow and could be the result of non-optimal XDC constraints or non-optimal design architecture
Related violations: <none>

TIMING-16#583 Warning
Large setup violation  
There is a large setup violation of -1.618 ns between dut/AaB0[2].SS/sig_summ_r_reg[2][5]/C (clocked by sys_clk_pin) and dut/AaB0[2].SS/c_slots_r_reg[2][8]/D (clocked by sys_clk_pin). Large setup violations at the end of those stages might be difficult to fix during the post-placement implementation flow and could be the result of non-optimal XDC constraints or non-optimal design architecture
Related violations: <none>

TIMING-16#584 Warning
Large setup violation  
There is a large setup violation of -1.626 ns between dut/AaB0[1].SS/c_m1_r_reg[1][6]/C (clocked by sys_clk_pin) and dut/AB_m_a0_r_reg[0][1][5]/S (clocked by sys_clk_pin). Large setup violations at the end of those stages might be difficult to fix during the post-placement implementation flow and could be the result of non-optimal XDC constraints or non-optimal design architecture
Related violations: <none>

TIMING-16#585 Warning
Large setup violation  
There is a large setup violation of -1.629 ns between dut/AaB0[1].SS/c_m1_r_reg[1][6]/C (clocked by sys_clk_pin) and dut/AB_m_a0_r_reg[0][1][0]/S (clocked by sys_clk_pin). Large setup violations at the end of those stages might be difficult to fix during the post-placement implementation flow and could be the result of non-optimal XDC constraints or non-optimal design architecture
Related violations: <none>

TIMING-16#586 Warning
Large setup violation  
There is a large setup violation of -1.629 ns between dut/ss_idx_r_reg[1][0]/C (clocked by sys_clk_pin) and dut/AB_l_2_reg[2][10]/D (clocked by sys_clk_pin). Large setup violations at the end of those stages might be difficult to fix during the post-placement implementation flow and could be the result of non-optimal XDC constraints or non-optimal design architecture
Related violations: <none>

TIMING-16#587 Warning
Large setup violation  
There is a large setup violation of -1.629 ns between dut/ss_idx_r_reg[1][1]/C (clocked by sys_clk_pin) and dut/AB_l_2_reg[1][4]/CE (clocked by sys_clk_pin). Large setup violations at the end of those stages might be difficult to fix during the post-placement implementation flow and could be the result of non-optimal XDC constraints or non-optimal design architecture
Related violations: <none>

TIMING-16#588 Warning
Large setup violation  
There is a large setup violation of -1.629 ns between dut/ss_idx_r_reg[1][1]/C (clocked by sys_clk_pin) and dut/AB_l_2_reg[1][5]/CE (clocked by sys_clk_pin). Large setup violations at the end of those stages might be difficult to fix during the post-placement implementation flow and could be the result of non-optimal XDC constraints or non-optimal design architecture
Related violations: <none>

TIMING-16#589 Warning
Large setup violation  
There is a large setup violation of -1.630 ns between dut/ss_idx_r_reg[0][1]/C (clocked by sys_clk_pin) and dut/AB_l_1_reg[0][15]/D (clocked by sys_clk_pin). Large setup violations at the end of those stages might be difficult to fix during the post-placement implementation flow and could be the result of non-optimal XDC constraints or non-optimal design architecture
Related violations: <none>

TIMING-16#590 Warning
Large setup violation  
There is a large setup violation of -1.631 ns between dut/ss_idx_r_reg[1][1]/C (clocked by sys_clk_pin) and dut/AB_l_2_reg[0][0]/CE (clocked by sys_clk_pin). Large setup violations at the end of those stages might be difficult to fix during the post-placement implementation flow and could be the result of non-optimal XDC constraints or non-optimal design architecture
Related violations: <none>

TIMING-16#591 Warning
Large setup violation  
There is a large setup violation of -1.639 ns between dut/SS_00/m_p_reg[2][3][6]/C (clocked by sys_clk_pin) and dut/SS_00/idx_p_reg[4][7][1]_srl2/D (clocked by sys_clk_pin). Large setup violations at the end of those stages might be difficult to fix during the post-placement implementation flow and could be the result of non-optimal XDC constraints or non-optimal design architecture
Related violations: <none>

TIMING-16#592 Warning
Large setup violation  
There is a large setup violation of -1.642 ns between dut/ss_idx_r_reg[1][1]/C (clocked by sys_clk_pin) and dut/AB_l_2_reg[3][7]/CE (clocked by sys_clk_pin). Large setup violations at the end of those stages might be difficult to fix during the post-placement implementation flow and could be the result of non-optimal XDC constraints or non-optimal design architecture
Related violations: <none>

TIMING-16#593 Warning
Large setup violation  
There is a large setup violation of -1.643 ns between dut/ss_idx_r_reg[1][1]/C (clocked by sys_clk_pin) and dut/AB_l_2_reg[2][3]/CE (clocked by sys_clk_pin). Large setup violations at the end of those stages might be difficult to fix during the post-placement implementation flow and could be the result of non-optimal XDC constraints or non-optimal design architecture
Related violations: <none>

TIMING-16#594 Warning
Large setup violation  
There is a large setup violation of -1.643 ns between dut/ss_idx_r_reg[1][1]/C (clocked by sys_clk_pin) and dut/AB_l_2_reg[3][3]/CE (clocked by sys_clk_pin). Large setup violations at the end of those stages might be difficult to fix during the post-placement implementation flow and could be the result of non-optimal XDC constraints or non-optimal design architecture
Related violations: <none>

TIMING-16#595 Warning
Large setup violation  
There is a large setup violation of -1.644 ns between dut/SS_11/c_slots_r_reg[1][1]/C (clocked by sys_clk_pin) and dut/SS_11/c_m1_r_reg[1][0]/D (clocked by sys_clk_pin). Large setup violations at the end of those stages might be difficult to fix during the post-placement implementation flow and could be the result of non-optimal XDC constraints or non-optimal design architecture
Related violations: <none>

TIMING-16#596 Warning
Large setup violation  
There is a large setup violation of -1.644 ns between dut/ss_idx_r_reg[1][1]/C (clocked by sys_clk_pin) and dut/AB_l_2_reg[2][5]/CE (clocked by sys_clk_pin). Large setup violations at the end of those stages might be difficult to fix during the post-placement implementation flow and could be the result of non-optimal XDC constraints or non-optimal design architecture
Related violations: <none>

TIMING-16#597 Warning
Large setup violation  
There is a large setup violation of -1.647 ns between dut/ss_idx_r_reg[1][1]/C (clocked by sys_clk_pin) and dut/AB_l_2_reg[0][1]/D (clocked by sys_clk_pin). Large setup violations at the end of those stages might be difficult to fix during the post-placement implementation flow and could be the result of non-optimal XDC constraints or non-optimal design architecture
Related violations: <none>

TIMING-16#598 Warning
Large setup violation  
There is a large setup violation of -1.653 ns between dut/AaB0[1].SS/sig_summ_r_reg[3][7]/C (clocked by sys_clk_pin) and dut/AaB0[1].SS/c_slots_r_reg[0][5]/D (clocked by sys_clk_pin). Large setup violations at the end of those stages might be difficult to fix during the post-placement implementation flow and could be the result of non-optimal XDC constraints or non-optimal design architecture
Related violations: <none>

TIMING-16#599 Warning
Large setup violation  
There is a large setup violation of -1.662 ns between dut/SS_00/m_p_reg[3][5][7]/C (clocked by sys_clk_pin) and dut/SS_00/idx_p_reg[4][5][1]/D (clocked by sys_clk_pin). Large setup violations at the end of those stages might be difficult to fix during the post-placement implementation flow and could be the result of non-optimal XDC constraints or non-optimal design architecture
Related violations: <none>

TIMING-16#600 Warning
Large setup violation  
There is a large setup violation of -1.665 ns between dut/SS_00/m_p_reg[3][5][7]/C (clocked by sys_clk_pin) and dut/SS_00/idx_p_reg[4][3][1]/D (clocked by sys_clk_pin). Large setup violations at the end of those stages might be difficult to fix during the post-placement implementation flow and could be the result of non-optimal XDC constraints or non-optimal design architecture
Related violations: <none>

TIMING-16#601 Warning
Large setup violation  
There is a large setup violation of -1.667 ns between dut/AaB0[1].SS/sig_summ_r_reg[3][7]/C (clocked by sys_clk_pin) and dut/AaB0[1].SS/c_slots_r_reg[0][0]/D (clocked by sys_clk_pin). Large setup violations at the end of those stages might be difficult to fix during the post-placement implementation flow and could be the result of non-optimal XDC constraints or non-optimal design architecture
Related violations: <none>

TIMING-16#602 Warning
Large setup violation  
There is a large setup violation of -1.672 ns between dut/ss_idx_r_reg[1][1]/C (clocked by sys_clk_pin) and dut/AB_l_2_reg[3][9]/D (clocked by sys_clk_pin). Large setup violations at the end of those stages might be difficult to fix during the post-placement implementation flow and could be the result of non-optimal XDC constraints or non-optimal design architecture
Related violations: <none>

TIMING-16#603 Warning
Large setup violation  
There is a large setup violation of -1.674 ns between dut/ss_idx_r_reg[1][1]/C (clocked by sys_clk_pin) and dut/AB_l_2_reg[1][9]/D (clocked by sys_clk_pin). Large setup violations at the end of those stages might be difficult to fix during the post-placement implementation flow and could be the result of non-optimal XDC constraints or non-optimal design architecture
Related violations: <none>

TIMING-16#604 Warning
Large setup violation  
There is a large setup violation of -1.675 ns between dut/B0_m_reg[0][25]/C (clocked by sys_clk_pin) and dut/AaB0[2].SS/sig_summ_r_reg[2][8]/D (clocked by sys_clk_pin). Large setup violations at the end of those stages might be difficult to fix during the post-placement implementation flow and could be the result of non-optimal XDC constraints or non-optimal design architecture
Related violations: <none>

TIMING-16#605 Warning
Large setup violation  
There is a large setup violation of -1.678 ns between dut/A0Bb[2].SS/sig_summ_r_reg[5][1]/C (clocked by sys_clk_pin) and dut/A0Bb[2].SS/c_slots_r_reg[2][6]/D (clocked by sys_clk_pin). Large setup violations at the end of those stages might be difficult to fix during the post-placement implementation flow and could be the result of non-optimal XDC constraints or non-optimal design architecture
Related violations: <none>

TIMING-16#606 Warning
Large setup violation  
There is a large setup violation of -1.690 ns between dut/ss_idx_r_reg[1][1]/C (clocked by sys_clk_pin) and dut/AB_l_2_reg[1][11]/D (clocked by sys_clk_pin). Large setup violations at the end of those stages might be difficult to fix during the post-placement implementation flow and could be the result of non-optimal XDC constraints or non-optimal design architecture
Related violations: <none>

TIMING-16#607 Warning
Large setup violation  
There is a large setup violation of -1.691 ns between dut/AaB0[1].SS/sig_summ_r_reg[3][7]/C (clocked by sys_clk_pin) and dut/AaB0[1].SS/c_slots_r_reg[0][1]/D (clocked by sys_clk_pin). Large setup violations at the end of those stages might be difficult to fix during the post-placement implementation flow and could be the result of non-optimal XDC constraints or non-optimal design architecture
Related violations: <none>

TIMING-16#608 Warning
Large setup violation  
There is a large setup violation of -1.691 ns between dut/ss_idx_r_reg[1][1]/C (clocked by sys_clk_pin) and dut/AB_l_2_reg[1][1]/CE (clocked by sys_clk_pin). Large setup violations at the end of those stages might be difficult to fix during the post-placement implementation flow and could be the result of non-optimal XDC constraints or non-optimal design architecture
Related violations: <none>

TIMING-16#609 Warning
Large setup violation  
There is a large setup violation of -1.693 ns between dut/ss_idx_r_reg[0][1]/C (clocked by sys_clk_pin) and dut/AB_l_1_reg[2][14]/D (clocked by sys_clk_pin). Large setup violations at the end of those stages might be difficult to fix during the post-placement implementation flow and could be the result of non-optimal XDC constraints or non-optimal design architecture
Related violations: <none>

TIMING-16#610 Warning
Large setup violation  
There is a large setup violation of -1.694 ns between dut/AaB0[2].SS/sig_summ_r_reg[4][5]/C (clocked by sys_clk_pin) and dut/AaB0[2].SS/c_slots_r_reg[0][7]/D (clocked by sys_clk_pin). Large setup violations at the end of those stages might be difficult to fix during the post-placement implementation flow and could be the result of non-optimal XDC constraints or non-optimal design architecture
Related violations: <none>

TIMING-16#611 Warning
Large setup violation  
There is a large setup violation of -1.694 ns between dut/ss_idx_r_reg[1][0]/C (clocked by sys_clk_pin) and dut/AB_l_2_reg[1][0]/D (clocked by sys_clk_pin). Large setup violations at the end of those stages might be difficult to fix during the post-placement implementation flow and could be the result of non-optimal XDC constraints or non-optimal design architecture
Related violations: <none>

TIMING-16#612 Warning
Large setup violation  
There is a large setup violation of -1.695 ns between dut/SS_11/sig_summ_r_reg[7][5]/C (clocked by sys_clk_pin) and dut/SS_11/c_slots_r_reg[2][6]/D (clocked by sys_clk_pin). Large setup violations at the end of those stages might be difficult to fix during the post-placement implementation flow and could be the result of non-optimal XDC constraints or non-optimal design architecture
Related violations: <none>

TIMING-16#613 Warning
Large setup violation  
There is a large setup violation of -1.697 ns between dut/ss_idx_r_reg[1][1]/C (clocked by sys_clk_pin) and dut/AB_l_2_reg[1][1]/D (clocked by sys_clk_pin). Large setup violations at the end of those stages might be difficult to fix during the post-placement implementation flow and could be the result of non-optimal XDC constraints or non-optimal design architecture
Related violations: <none>

TIMING-16#614 Warning
Large setup violation  
There is a large setup violation of -1.708 ns between dut/SS_11/sig_summ_r_reg[3][2]/C (clocked by sys_clk_pin) and dut/SS_11/l_slots_r_reg[2][0]/D (clocked by sys_clk_pin). Large setup violations at the end of those stages might be difficult to fix during the post-placement implementation flow and could be the result of non-optimal XDC constraints or non-optimal design architecture
Related violations: <none>

TIMING-16#615 Warning
Large setup violation  
There is a large setup violation of -1.710 ns between dut/ss_idx_r_reg[0][1]/C (clocked by sys_clk_pin) and dut/AB_l_1_reg[2][11]/D (clocked by sys_clk_pin). Large setup violations at the end of those stages might be difficult to fix during the post-placement implementation flow and could be the result of non-optimal XDC constraints or non-optimal design architecture
Related violations: <none>

TIMING-16#616 Warning
Large setup violation  
There is a large setup violation of -1.717 ns between dut/ss_idx_r_reg[1][1]/C (clocked by sys_clk_pin) and dut/AB_l_2_reg[0][5]/CE (clocked by sys_clk_pin). Large setup violations at the end of those stages might be difficult to fix during the post-placement implementation flow and could be the result of non-optimal XDC constraints or non-optimal design architecture
Related violations: <none>

TIMING-16#617 Warning
Large setup violation  
There is a large setup violation of -1.718 ns between dut/ss_idx_r_reg[0][1]/C (clocked by sys_clk_pin) and dut/AB_l_1_reg[2][12]/D (clocked by sys_clk_pin). Large setup violations at the end of those stages might be difficult to fix during the post-placement implementation flow and could be the result of non-optimal XDC constraints or non-optimal design architecture
Related violations: <none>

TIMING-16#618 Warning
Large setup violation  
There is a large setup violation of -1.720 ns between dut/SS_11/sig_summ_r_reg[7][5]/C (clocked by sys_clk_pin) and dut/SS_11/c_slots_r_reg[2][0]/D (clocked by sys_clk_pin). Large setup violations at the end of those stages might be difficult to fix during the post-placement implementation flow and could be the result of non-optimal XDC constraints or non-optimal design architecture
Related violations: <none>

TIMING-16#619 Warning
Large setup violation  
There is a large setup violation of -1.722 ns between dut/AaB0[2].SS/sig_summ_r_reg[4][5]/C (clocked by sys_clk_pin) and dut/AaB0[2].SS/c_slots_r_reg[2][3]/D (clocked by sys_clk_pin). Large setup violations at the end of those stages might be difficult to fix during the post-placement implementation flow and could be the result of non-optimal XDC constraints or non-optimal design architecture
Related violations: <none>

TIMING-16#620 Warning
Large setup violation  
There is a large setup violation of -1.724 ns between dut/ss_idx_r_reg[1][0]/C (clocked by sys_clk_pin) and dut/AB_l_2_reg[2][6]/D (clocked by sys_clk_pin). Large setup violations at the end of those stages might be difficult to fix during the post-placement implementation flow and could be the result of non-optimal XDC constraints or non-optimal design architecture
Related violations: <none>

TIMING-16#621 Warning
Large setup violation  
There is a large setup violation of -1.727 ns between dut/ss_idx_r_reg[1][1]/C (clocked by sys_clk_pin) and dut/AB_l_2_reg[1][5]/D (clocked by sys_clk_pin). Large setup violations at the end of those stages might be difficult to fix during the post-placement implementation flow and could be the result of non-optimal XDC constraints or non-optimal design architecture
Related violations: <none>

TIMING-16#622 Warning
Large setup violation  
There is a large setup violation of -1.732 ns between dut/SS_11/sig_summ_r_reg[3][2]/C (clocked by sys_clk_pin) and dut/SS_11/l_slots_r_reg[1][1]/D (clocked by sys_clk_pin). Large setup violations at the end of those stages might be difficult to fix during the post-placement implementation flow and could be the result of non-optimal XDC constraints or non-optimal design architecture
Related violations: <none>

TIMING-16#623 Warning
Large setup violation  
There is a large setup violation of -1.732 ns between dut/ss_idx_r_reg[0][1]/C (clocked by sys_clk_pin) and dut/AB_l_1_reg[3][12]/D (clocked by sys_clk_pin). Large setup violations at the end of those stages might be difficult to fix during the post-placement implementation flow and could be the result of non-optimal XDC constraints or non-optimal design architecture
Related violations: <none>

TIMING-16#624 Warning
Large setup violation  
There is a large setup violation of -1.733 ns between dut/AaB0[1].SS/c_slots_r_reg[1][1]/C (clocked by sys_clk_pin) and dut/AaB0[1].SS/l_m1_r_reg[2][2]/D (clocked by sys_clk_pin). Large setup violations at the end of those stages might be difficult to fix during the post-placement implementation flow and could be the result of non-optimal XDC constraints or non-optimal design architecture
Related violations: <none>

TIMING-16#625 Warning
Large setup violation  
There is a large setup violation of -1.734 ns between dut/SS_11/sig_summ_r_reg[3][2]/C (clocked by sys_clk_pin) and dut/SS_11/l_slots_r_reg[0][0]/D (clocked by sys_clk_pin). Large setup violations at the end of those stages might be difficult to fix during the post-placement implementation flow and could be the result of non-optimal XDC constraints or non-optimal design architecture
Related violations: <none>

TIMING-16#626 Warning
Large setup violation  
There is a large setup violation of -1.735 ns between dut/AaB0[2].SS/sig_summ_r_reg[4][5]/C (clocked by sys_clk_pin) and dut/AaB0[2].SS/c_slots_r_reg[2][7]/D (clocked by sys_clk_pin). Large setup violations at the end of those stages might be difficult to fix during the post-placement implementation flow and could be the result of non-optimal XDC constraints or non-optimal design architecture
Related violations: <none>

TIMING-16#627 Warning
Large setup violation  
There is a large setup violation of -1.736 ns between dut/AaB0[1].SS/c_slots_r_reg[1][1]/C (clocked by sys_clk_pin) and dut/AaB0[1].SS/l_m1_r_reg[1][2]/D (clocked by sys_clk_pin). Large setup violations at the end of those stages might be difficult to fix during the post-placement implementation flow and could be the result of non-optimal XDC constraints or non-optimal design architecture
Related violations: <none>

TIMING-16#628 Warning
Large setup violation  
There is a large setup violation of -1.737 ns between dut/SS_11/sig_summ_r_reg[7][5]/C (clocked by sys_clk_pin) and dut/SS_11/c_slots_r_reg[2][1]/D (clocked by sys_clk_pin). Large setup violations at the end of those stages might be difficult to fix during the post-placement implementation flow and could be the result of non-optimal XDC constraints or non-optimal design architecture
Related violations: <none>

TIMING-16#629 Warning
Large setup violation  
There is a large setup violation of -1.738 ns between dut/ss_idx_r_reg[1][1]/C (clocked by sys_clk_pin) and dut/AB_l_2_reg[1][3]/CE (clocked by sys_clk_pin). Large setup violations at the end of those stages might be difficult to fix during the post-placement implementation flow and could be the result of non-optimal XDC constraints or non-optimal design architecture
Related violations: <none>

TIMING-16#630 Warning
Large setup violation  
There is a large setup violation of -1.739 ns between dut/SS_11/sig_summ_r_reg[3][2]/C (clocked by sys_clk_pin) and dut/SS_11/l_slots_r_reg[0][1]/D (clocked by sys_clk_pin). Large setup violations at the end of those stages might be difficult to fix during the post-placement implementation flow and could be the result of non-optimal XDC constraints or non-optimal design architecture
Related violations: <none>

TIMING-16#631 Warning
Large setup violation  
There is a large setup violation of -1.748 ns between dut/AaB0[1].SS/c_slots_r_reg[1][1]/C (clocked by sys_clk_pin) and dut/AaB0[1].SS/l_m1_r_reg[2][1]/D (clocked by sys_clk_pin). Large setup violations at the end of those stages might be difficult to fix during the post-placement implementation flow and could be the result of non-optimal XDC constraints or non-optimal design architecture
Related violations: <none>

TIMING-16#632 Warning
Large setup violation  
There is a large setup violation of -1.750 ns between dut/SS_11/sig_summ_r_reg[7][5]/C (clocked by sys_clk_pin) and dut/SS_11/c_slots_r_reg[2][5]/D (clocked by sys_clk_pin). Large setup violations at the end of those stages might be difficult to fix during the post-placement implementation flow and could be the result of non-optimal XDC constraints or non-optimal design architecture
Related violations: <none>

TIMING-16#633 Warning
Large setup violation  
There is a large setup violation of -1.751 ns between dut/AaB0[1].SS/c_slots_r_reg[1][1]/C (clocked by sys_clk_pin) and dut/AaB0[1].SS/l_m1_r_reg[1][1]/D (clocked by sys_clk_pin). Large setup violations at the end of those stages might be difficult to fix during the post-placement implementation flow and could be the result of non-optimal XDC constraints or non-optimal design architecture
Related violations: <none>

TIMING-16#634 Warning
Large setup violation  
There is a large setup violation of -1.752 ns between dut/ss_idx_r_reg[1][1]/C (clocked by sys_clk_pin) and dut/AB_l_2_reg[2][13]/D (clocked by sys_clk_pin). Large setup violations at the end of those stages might be difficult to fix during the post-placement implementation flow and could be the result of non-optimal XDC constraints or non-optimal design architecture
Related violations: <none>

TIMING-16#635 Warning
Large setup violation  
There is a large setup violation of -1.757 ns between dut/ss_idx_r_reg[1][0]/C (clocked by sys_clk_pin) and dut/AB_l_2_reg[3][2]/D (clocked by sys_clk_pin). Large setup violations at the end of those stages might be difficult to fix during the post-placement implementation flow and could be the result of non-optimal XDC constraints or non-optimal design architecture
Related violations: <none>

TIMING-16#636 Warning
Large setup violation  
There is a large setup violation of -1.761 ns between dut/A0_m_reg[0][26]/C (clocked by sys_clk_pin) and dut/SS_00/idx_p_reg[0][5][0]/D (clocked by sys_clk_pin). Large setup violations at the end of those stages might be difficult to fix during the post-placement implementation flow and could be the result of non-optimal XDC constraints or non-optimal design architecture
Related violations: <none>

TIMING-16#637 Warning
Large setup violation  
There is a large setup violation of -1.764 ns between dut/SS_00/m_p_reg[2][3][6]/C (clocked by sys_clk_pin) and dut/SS_00/idx_p_reg[4][7][0]_srl2/D (clocked by sys_clk_pin). Large setup violations at the end of those stages might be difficult to fix during the post-placement implementation flow and could be the result of non-optimal XDC constraints or non-optimal design architecture
Related violations: <none>

TIMING-16#638 Warning
Large setup violation  
There is a large setup violation of -1.775 ns between dut/AaB0[1].SS/c_slots_r_reg[1][1]/C (clocked by sys_clk_pin) and dut/AaB0[1].SS/l_m1_r_reg[1][0]/D (clocked by sys_clk_pin). Large setup violations at the end of those stages might be difficult to fix during the post-placement implementation flow and could be the result of non-optimal XDC constraints or non-optimal design architecture
Related violations: <none>

TIMING-16#639 Warning
Large setup violation  
There is a large setup violation of -1.776 ns between dut/ss_idx_r_reg[1][0]/C (clocked by sys_clk_pin) and dut/AB_l_2_reg[0][13]/D (clocked by sys_clk_pin). Large setup violations at the end of those stages might be difficult to fix during the post-placement implementation flow and could be the result of non-optimal XDC constraints or non-optimal design architecture
Related violations: <none>

TIMING-16#640 Warning
Large setup violation  
There is a large setup violation of -1.777 ns between dut/A0Bb[2].SS/c_slots_r_reg[2][5]/C (clocked by sys_clk_pin) and dut/A0Bb[2].SS/l_m1_r_reg[1][0]/D (clocked by sys_clk_pin). Large setup violations at the end of those stages might be difficult to fix during the post-placement implementation flow and could be the result of non-optimal XDC constraints or non-optimal design architecture
Related violations: <none>

TIMING-16#641 Warning
Large setup violation  
There is a large setup violation of -1.778 ns between dut/AaB0[1].SS/c_slots_r_reg[1][1]/C (clocked by sys_clk_pin) and dut/AaB0[1].SS/l_m1_r_reg[2][0]/D (clocked by sys_clk_pin). Large setup violations at the end of those stages might be difficult to fix during the post-placement implementation flow and could be the result of non-optimal XDC constraints or non-optimal design architecture
Related violations: <none>

TIMING-16#642 Warning
Large setup violation  
There is a large setup violation of -1.779 ns between dut/ss_idx_r_reg[1][0]/C (clocked by sys_clk_pin) and dut/AB_l_2_reg[3][11]/D (clocked by sys_clk_pin). Large setup violations at the end of those stages might be difficult to fix during the post-placement implementation flow and could be the result of non-optimal XDC constraints or non-optimal design architecture
Related violations: <none>

TIMING-16#643 Warning
Large setup violation  
There is a large setup violation of -1.782 ns between dut/AaB0[2].SS/sig_summ_r_reg[4][5]/C (clocked by sys_clk_pin) and dut/AaB0[2].SS/l_slots_r_reg[0][1]/D (clocked by sys_clk_pin). Large setup violations at the end of those stages might be difficult to fix during the post-placement implementation flow and could be the result of non-optimal XDC constraints or non-optimal design architecture
Related violations: <none>

TIMING-16#644 Warning
Large setup violation  
There is a large setup violation of -1.782 ns between dut/ss_idx_r_reg[1][0]/C (clocked by sys_clk_pin) and dut/AB_l_2_reg[1][15]/D (clocked by sys_clk_pin). Large setup violations at the end of those stages might be difficult to fix during the post-placement implementation flow and could be the result of non-optimal XDC constraints or non-optimal design architecture
Related violations: <none>

TIMING-16#645 Warning
Large setup violation  
There is a large setup violation of -1.783 ns between dut/SS_11/sig_summ_r_reg[3][2]/C (clocked by sys_clk_pin) and dut/SS_11/l_slots_r_reg[1][2]/D (clocked by sys_clk_pin). Large setup violations at the end of those stages might be difficult to fix during the post-placement implementation flow and could be the result of non-optimal XDC constraints or non-optimal design architecture
Related violations: <none>

TIMING-16#646 Warning
Large setup violation  
There is a large setup violation of -1.791 ns between dut/ss_idx_r_reg[1][0]/C (clocked by sys_clk_pin) and dut/AB_l_2_reg[2][0]/D (clocked by sys_clk_pin). Large setup violations at the end of those stages might be difficult to fix during the post-placement implementation flow and could be the result of non-optimal XDC constraints or non-optimal design architecture
Related violations: <none>

TIMING-16#647 Warning
Large setup violation  
There is a large setup violation of -1.792 ns between dut/A0_m_reg[0][10]/C (clocked by sys_clk_pin) and dut/SS_00/m_p_reg[0][7][8]/D (clocked by sys_clk_pin). Large setup violations at the end of those stages might be difficult to fix during the post-placement implementation flow and could be the result of non-optimal XDC constraints or non-optimal design architecture
Related violations: <none>

TIMING-16#648 Warning
Large setup violation  
There is a large setup violation of -1.801 ns between dut/ss_idx_r_reg[1][1]/C (clocked by sys_clk_pin) and dut/AB_l_2_reg[2][4]/D (clocked by sys_clk_pin). Large setup violations at the end of those stages might be difficult to fix during the post-placement implementation flow and could be the result of non-optimal XDC constraints or non-optimal design architecture
Related violations: <none>

TIMING-16#649 Warning
Large setup violation  
There is a large setup violation of -1.803 ns between dut/A0_m_reg[0][10]/C (clocked by sys_clk_pin) and dut/SS_00/m_p_reg[0][7][7]/D (clocked by sys_clk_pin). Large setup violations at the end of those stages might be difficult to fix during the post-placement implementation flow and could be the result of non-optimal XDC constraints or non-optimal design architecture
Related violations: <none>

TIMING-16#650 Warning
Large setup violation  
There is a large setup violation of -1.806 ns between dut/ss_idx_r_reg[1][1]/C (clocked by sys_clk_pin) and dut/AB_l_2_reg[3][8]/CE (clocked by sys_clk_pin). Large setup violations at the end of those stages might be difficult to fix during the post-placement implementation flow and could be the result of non-optimal XDC constraints or non-optimal design architecture
Related violations: <none>

TIMING-16#651 Warning
Large setup violation  
There is a large setup violation of -1.809 ns between dut/ss_idx_r_reg[1][0]/C (clocked by sys_clk_pin) and dut/AB_l_2_reg[0][3]/D (clocked by sys_clk_pin). Large setup violations at the end of those stages might be difficult to fix during the post-placement implementation flow and could be the result of non-optimal XDC constraints or non-optimal design architecture
Related violations: <none>

TIMING-16#652 Warning
Large setup violation  
There is a large setup violation of -1.810 ns between dut/ss_idx_r_reg[1][1]/C (clocked by sys_clk_pin) and dut/AB_l_2_reg[2][8]/CE (clocked by sys_clk_pin). Large setup violations at the end of those stages might be difficult to fix during the post-placement implementation flow and could be the result of non-optimal XDC constraints or non-optimal design architecture
Related violations: <none>

TIMING-16#653 Warning
Large setup violation  
There is a large setup violation of -1.824 ns between dut/ss_idx_r_reg[1][1]/C (clocked by sys_clk_pin) and dut/AB_l_2_reg[0][1]/CE (clocked by sys_clk_pin). Large setup violations at the end of those stages might be difficult to fix during the post-placement implementation flow and could be the result of non-optimal XDC constraints or non-optimal design architecture
Related violations: <none>

TIMING-16#654 Warning
Large setup violation  
There is a large setup violation of -1.824 ns between dut/ss_idx_r_reg[1][1]/C (clocked by sys_clk_pin) and dut/AB_l_2_reg[1][2]/CE (clocked by sys_clk_pin). Large setup violations at the end of those stages might be difficult to fix during the post-placement implementation flow and could be the result of non-optimal XDC constraints or non-optimal design architecture
Related violations: <none>

TIMING-16#655 Warning
Large setup violation  
There is a large setup violation of -1.826 ns between dut/A0Bb[2].SS/sig_summ_r_reg[3][2]/C (clocked by sys_clk_pin) and dut/A0Bb[2].SS/l_slots_r_reg[2][0]/D (clocked by sys_clk_pin). Large setup violations at the end of those stages might be difficult to fix during the post-placement implementation flow and could be the result of non-optimal XDC constraints or non-optimal design architecture
Related violations: <none>

TIMING-16#656 Warning
Large setup violation  
There is a large setup violation of -1.829 ns between dut/AaB0[2].SS/c_slots_r_reg[1][4]/C (clocked by sys_clk_pin) and dut/AaB0[2].SS/l_m1_r_reg[2][2]/D (clocked by sys_clk_pin). Large setup violations at the end of those stages might be difficult to fix during the post-placement implementation flow and could be the result of non-optimal XDC constraints or non-optimal design architecture
Related violations: <none>

TIMING-16#657 Warning
Large setup violation  
There is a large setup violation of -1.835 ns between dut/A0_m_reg[0][24]/C (clocked by sys_clk_pin) and dut/SS_00/idx_p_reg[0][1][0]/D (clocked by sys_clk_pin). Large setup violations at the end of those stages might be difficult to fix during the post-placement implementation flow and could be the result of non-optimal XDC constraints or non-optimal design architecture
Related violations: <none>

TIMING-16#658 Warning
Large setup violation  
There is a large setup violation of -1.841 ns between dut/A0Bb[1].SS/c_slots_r_reg[2][0]/C (clocked by sys_clk_pin) and dut/A0Bb[1].SS/l_m1_r_reg[1][1]/D (clocked by sys_clk_pin). Large setup violations at the end of those stages might be difficult to fix during the post-placement implementation flow and could be the result of non-optimal XDC constraints or non-optimal design architecture
Related violations: <none>

TIMING-16#659 Warning
Large setup violation  
There is a large setup violation of -1.841 ns between dut/A0Bb[1].SS/c_slots_r_reg[2][0]/C (clocked by sys_clk_pin) and dut/A0Bb[1].SS/l_m1_r_reg[2][1]/D (clocked by sys_clk_pin). Large setup violations at the end of those stages might be difficult to fix during the post-placement implementation flow and could be the result of non-optimal XDC constraints or non-optimal design architecture
Related violations: <none>

TIMING-16#660 Warning
Large setup violation  
There is a large setup violation of -1.841 ns between dut/AaB0[2].SS/c_slots_r_reg[1][4]/C (clocked by sys_clk_pin) and dut/AaB0[2].SS/l_m1_r_reg[1][2]/D (clocked by sys_clk_pin). Large setup violations at the end of those stages might be difficult to fix during the post-placement implementation flow and could be the result of non-optimal XDC constraints or non-optimal design architecture
Related violations: <none>

TIMING-16#661 Warning
Large setup violation  
There is a large setup violation of -1.841 ns between dut/AaB0[2].SS/sig_summ_r_reg[6][0]/C (clocked by sys_clk_pin) and dut/AaB0[2].SS/l_slots_r_reg[1][1]/D (clocked by sys_clk_pin). Large setup violations at the end of those stages might be difficult to fix during the post-placement implementation flow and could be the result of non-optimal XDC constraints or non-optimal design architecture
Related violations: <none>

TIMING-16#662 Warning
Large setup violation  
There is a large setup violation of -1.844 ns between dut/A0Bb[2].SS/c_slots_r_reg[2][5]/C (clocked by sys_clk_pin) and dut/A0Bb[2].SS/l_m1_r_reg[2][0]/D (clocked by sys_clk_pin). Large setup violations at the end of those stages might be difficult to fix during the post-placement implementation flow and could be the result of non-optimal XDC constraints or non-optimal design architecture
Related violations: <none>

TIMING-16#663 Warning
Large setup violation  
There is a large setup violation of -1.847 ns between dut/ss_idx_r_reg[1][1]/C (clocked by sys_clk_pin) and dut/AB_l_2_reg[2][0]/CE (clocked by sys_clk_pin). Large setup violations at the end of those stages might be difficult to fix during the post-placement implementation flow and could be the result of non-optimal XDC constraints or non-optimal design architecture
Related violations: <none>

TIMING-16#664 Warning
Large setup violation  
There is a large setup violation of -1.847 ns between dut/ss_idx_r_reg[1][1]/C (clocked by sys_clk_pin) and dut/AB_l_2_reg[2][6]/CE (clocked by sys_clk_pin). Large setup violations at the end of those stages might be difficult to fix during the post-placement implementation flow and could be the result of non-optimal XDC constraints or non-optimal design architecture
Related violations: <none>

TIMING-16#665 Warning
Large setup violation  
There is a large setup violation of -1.847 ns between dut/ss_idx_r_reg[1][1]/C (clocked by sys_clk_pin) and dut/AB_l_2_reg[3][9]/CE (clocked by sys_clk_pin). Large setup violations at the end of those stages might be difficult to fix during the post-placement implementation flow and could be the result of non-optimal XDC constraints or non-optimal design architecture
Related violations: <none>

TIMING-16#666 Warning
Large setup violation  
There is a large setup violation of -1.848 ns between dut/ss_idx_r_reg[1][0]/C (clocked by sys_clk_pin) and dut/AB_l_2_reg[2][5]/D (clocked by sys_clk_pin). Large setup violations at the end of those stages might be difficult to fix during the post-placement implementation flow and could be the result of non-optimal XDC constraints or non-optimal design architecture
Related violations: <none>

TIMING-16#667 Warning
Large setup violation  
There is a large setup violation of -1.851 ns between dut/ss_idx_r_reg[1][0]/C (clocked by sys_clk_pin) and dut/AB_l_2_reg[0][5]/D (clocked by sys_clk_pin). Large setup violations at the end of those stages might be difficult to fix during the post-placement implementation flow and could be the result of non-optimal XDC constraints or non-optimal design architecture
Related violations: <none>

TIMING-16#668 Warning
Large setup violation  
There is a large setup violation of -1.852 ns between dut/AaB0[2].SS/sig_summ_r_reg[6][0]/C (clocked by sys_clk_pin) and dut/AaB0[2].SS/l_slots_r_reg[0][0]/D (clocked by sys_clk_pin). Large setup violations at the end of those stages might be difficult to fix during the post-placement implementation flow and could be the result of non-optimal XDC constraints or non-optimal design architecture
Related violations: <none>

TIMING-16#669 Warning
Large setup violation  
There is a large setup violation of -1.857 ns between dut/ss_idx_r_reg[1][2]/C (clocked by sys_clk_pin) and dut/AB_l_2_reg[0][7]/D (clocked by sys_clk_pin). Large setup violations at the end of those stages might be difficult to fix during the post-placement implementation flow and could be the result of non-optimal XDC constraints or non-optimal design architecture
Related violations: <none>

TIMING-16#670 Warning
Large setup violation  
There is a large setup violation of -1.858 ns between dut/A0Bb[1].SS/c_slots_r_reg[2][0]/C (clocked by sys_clk_pin) and dut/A0Bb[1].SS/l_m1_r_reg[2][2]/D (clocked by sys_clk_pin). Large setup violations at the end of those stages might be difficult to fix during the post-placement implementation flow and could be the result of non-optimal XDC constraints or non-optimal design architecture
Related violations: <none>

TIMING-16#671 Warning
Large setup violation  
There is a large setup violation of -1.858 ns between dut/B0_m_reg[0][18]/C (clocked by sys_clk_pin) and dut/SS_00/idx_p_reg[0][3][0]/D (clocked by sys_clk_pin). Large setup violations at the end of those stages might be difficult to fix during the post-placement implementation flow and could be the result of non-optimal XDC constraints or non-optimal design architecture
Related violations: <none>

TIMING-16#672 Warning
Large setup violation  
There is a large setup violation of -1.859 ns between dut/A0Bb[1].SS/sig_summ_r_reg[6][1]/C (clocked by sys_clk_pin) and dut/A0Bb[1].SS/l_slots_r_reg[1][1]/D (clocked by sys_clk_pin). Large setup violations at the end of those stages might be difficult to fix during the post-placement implementation flow and could be the result of non-optimal XDC constraints or non-optimal design architecture
Related violations: <none>

TIMING-16#673 Warning
Large setup violation  
There is a large setup violation of -1.860 ns between dut/A0Bb[1].SS/sig_summ_r_reg[6][1]/C (clocked by sys_clk_pin) and dut/A0Bb[1].SS/l_slots_r_reg[0][1]/D (clocked by sys_clk_pin). Large setup violations at the end of those stages might be difficult to fix during the post-placement implementation flow and could be the result of non-optimal XDC constraints or non-optimal design architecture
Related violations: <none>

TIMING-16#674 Warning
Large setup violation  
There is a large setup violation of -1.865 ns between dut/A0Bb[1].SS/c_slots_r_reg[2][0]/C (clocked by sys_clk_pin) and dut/A0Bb[1].SS/l_m1_r_reg[1][2]/D (clocked by sys_clk_pin). Large setup violations at the end of those stages might be difficult to fix during the post-placement implementation flow and could be the result of non-optimal XDC constraints or non-optimal design architecture
Related violations: <none>

TIMING-16#675 Warning
Large setup violation  
There is a large setup violation of -1.867 ns between dut/ss_idx_r_reg[1][1]/C (clocked by sys_clk_pin) and dut/AB_l_2_reg[3][15]/CE (clocked by sys_clk_pin). Large setup violations at the end of those stages might be difficult to fix during the post-placement implementation flow and could be the result of non-optimal XDC constraints or non-optimal design architecture
Related violations: <none>

TIMING-16#676 Warning
Large setup violation  
There is a large setup violation of -1.868 ns between dut/ss_idx_r_reg[1][0]/C (clocked by sys_clk_pin) and dut/AB_l_2_reg[1][10]/D (clocked by sys_clk_pin). Large setup violations at the end of those stages might be difficult to fix during the post-placement implementation flow and could be the result of non-optimal XDC constraints or non-optimal design architecture
Related violations: <none>

TIMING-16#677 Warning
Large setup violation  
There is a large setup violation of -1.869 ns between dut/A0Bb[2].SS/sig_summ_r_reg[3][2]/C (clocked by sys_clk_pin) and dut/A0Bb[2].SS/l_slots_r_reg[1][1]/D (clocked by sys_clk_pin). Large setup violations at the end of those stages might be difficult to fix during the post-placement implementation flow and could be the result of non-optimal XDC constraints or non-optimal design architecture
Related violations: <none>

TIMING-16#678 Warning
Large setup violation  
There is a large setup violation of -1.869 ns between dut/ss_idx_r_reg[1][1]/C (clocked by sys_clk_pin) and dut/AB_l_2_reg[3][14]/D (clocked by sys_clk_pin). Large setup violations at the end of those stages might be difficult to fix during the post-placement implementation flow and could be the result of non-optimal XDC constraints or non-optimal design architecture
Related violations: <none>

TIMING-16#679 Warning
Large setup violation  
There is a large setup violation of -1.875 ns between dut/SS_11/c_slots_r_reg[1][1]/C (clocked by sys_clk_pin) and dut/SS_11/l_m1_r_reg[2][2]/D (clocked by sys_clk_pin). Large setup violations at the end of those stages might be difficult to fix during the post-placement implementation flow and could be the result of non-optimal XDC constraints or non-optimal design architecture
Related violations: <none>

TIMING-16#680 Warning
Large setup violation  
There is a large setup violation of -1.878 ns between dut/ss_idx_r_reg[1][0]/C (clocked by sys_clk_pin) and dut/AB_l_2_reg[3][6]/D (clocked by sys_clk_pin). Large setup violations at the end of those stages might be difficult to fix during the post-placement implementation flow and could be the result of non-optimal XDC constraints or non-optimal design architecture
Related violations: <none>

TIMING-16#681 Warning
Large setup violation  
There is a large setup violation of -1.879 ns between dut/AaB0[1].SS/sig_summ_r_reg[3][6]/C (clocked by sys_clk_pin) and dut/AaB0[1].SS/l_slots_r_reg[2][0]/D (clocked by sys_clk_pin). Large setup violations at the end of those stages might be difficult to fix during the post-placement implementation flow and could be the result of non-optimal XDC constraints or non-optimal design architecture
Related violations: <none>

TIMING-16#682 Warning
Large setup violation  
There is a large setup violation of -1.881 ns between dut/AaB0[1].SS/sig_summ_r_reg[3][6]/C (clocked by sys_clk_pin) and dut/AaB0[1].SS/l_slots_r_reg[1][1]/D (clocked by sys_clk_pin). Large setup violations at the end of those stages might be difficult to fix during the post-placement implementation flow and could be the result of non-optimal XDC constraints or non-optimal design architecture
Related violations: <none>

TIMING-16#683 Warning
Large setup violation  
There is a large setup violation of -1.884 ns between dut/A0Bb[2].SS/c_slots_r_reg[2][5]/C (clocked by sys_clk_pin) and dut/A0Bb[2].SS/l_m1_r_reg[1][2]/D (clocked by sys_clk_pin). Large setup violations at the end of those stages might be difficult to fix during the post-placement implementation flow and could be the result of non-optimal XDC constraints or non-optimal design architecture
Related violations: <none>

TIMING-16#684 Warning
Large setup violation  
There is a large setup violation of -1.884 ns between dut/A0Bb[2].SS/c_slots_r_reg[2][5]/C (clocked by sys_clk_pin) and dut/A0Bb[2].SS/l_m1_r_reg[2][2]/D (clocked by sys_clk_pin). Large setup violations at the end of those stages might be difficult to fix during the post-placement implementation flow and could be the result of non-optimal XDC constraints or non-optimal design architecture
Related violations: <none>

TIMING-16#685 Warning
Large setup violation  
There is a large setup violation of -1.886 ns between dut/ss_idx_r_reg[1][1]/C (clocked by sys_clk_pin) and dut/AB_l_2_reg[0][8]/CE (clocked by sys_clk_pin). Large setup violations at the end of those stages might be difficult to fix during the post-placement implementation flow and could be the result of non-optimal XDC constraints or non-optimal design architecture
Related violations: <none>

TIMING-16#686 Warning
Large setup violation  
There is a large setup violation of -1.887 ns between dut/SS_11/c_slots_r_reg[1][1]/C (clocked by sys_clk_pin) and dut/SS_11/l_m1_r_reg[1][2]/D (clocked by sys_clk_pin). Large setup violations at the end of those stages might be difficult to fix during the post-placement implementation flow and could be the result of non-optimal XDC constraints or non-optimal design architecture
Related violations: <none>

TIMING-16#687 Warning
Large setup violation  
There is a large setup violation of -1.889 ns between dut/A0Bb[1].SS/sig_summ_r_reg[6][1]/C (clocked by sys_clk_pin) and dut/A0Bb[1].SS/l_slots_r_reg[1][2]/D (clocked by sys_clk_pin). Large setup violations at the end of those stages might be difficult to fix during the post-placement implementation flow and could be the result of non-optimal XDC constraints or non-optimal design architecture
Related violations: <none>

TIMING-16#688 Warning
Large setup violation  
There is a large setup violation of -1.898 ns between dut/ss_idx_r_reg[1][1]/C (clocked by sys_clk_pin) and dut/AB_l_2_reg[2][7]/D (clocked by sys_clk_pin). Large setup violations at the end of those stages might be difficult to fix during the post-placement implementation flow and could be the result of non-optimal XDC constraints or non-optimal design architecture
Related violations: <none>

TIMING-16#689 Warning
Large setup violation  
There is a large setup violation of -1.901 ns between dut/SS_11/c_m1_r_reg[0][2]/C (clocked by sys_clk_pin) and dut/AB_m_11_r_reg[3][4]/D (clocked by sys_clk_pin). Large setup violations at the end of those stages might be difficult to fix during the post-placement implementation flow and could be the result of non-optimal XDC constraints or non-optimal design architecture
Related violations: <none>

TIMING-16#690 Warning
Large setup violation  
There is a large setup violation of -1.903 ns between dut/ss_idx_r_reg[1][1]/C (clocked by sys_clk_pin) and dut/AB_l_2_reg[2][2]/D (clocked by sys_clk_pin). Large setup violations at the end of those stages might be difficult to fix during the post-placement implementation flow and could be the result of non-optimal XDC constraints or non-optimal design architecture
Related violations: <none>

TIMING-16#691 Warning
Large setup violation  
There is a large setup violation of -1.907 ns between dut/SS_11/c_m1_r_reg[0][2]/C (clocked by sys_clk_pin) and dut/AB_m_11_r_reg[3][3]/D (clocked by sys_clk_pin). Large setup violations at the end of those stages might be difficult to fix during the post-placement implementation flow and could be the result of non-optimal XDC constraints or non-optimal design architecture
Related violations: <none>

TIMING-16#692 Warning
Large setup violation  
There is a large setup violation of -1.910 ns between dut/A0_m_reg[0][10]/C (clocked by sys_clk_pin) and dut/SS_00/m_p_reg[0][6][6]/D (clocked by sys_clk_pin). Large setup violations at the end of those stages might be difficult to fix during the post-placement implementation flow and could be the result of non-optimal XDC constraints or non-optimal design architecture
Related violations: <none>

TIMING-16#693 Warning
Large setup violation  
There is a large setup violation of -1.910 ns between dut/ss_idx_r_reg[1][1]/C (clocked by sys_clk_pin) and dut/AB_l_2_reg[1][12]/D (clocked by sys_clk_pin). Large setup violations at the end of those stages might be difficult to fix during the post-placement implementation flow and could be the result of non-optimal XDC constraints or non-optimal design architecture
Related violations: <none>

TIMING-16#694 Warning
Large setup violation  
There is a large setup violation of -1.915 ns between dut/A0_m_reg[0][10]/C (clocked by sys_clk_pin) and dut/SS_00/m_p_reg[0][7][3]/D (clocked by sys_clk_pin). Large setup violations at the end of those stages might be difficult to fix during the post-placement implementation flow and could be the result of non-optimal XDC constraints or non-optimal design architecture
Related violations: <none>

TIMING-16#695 Warning
Large setup violation  
There is a large setup violation of -1.920 ns between dut/SS_11/c_slots_r_reg[1][1]/C (clocked by sys_clk_pin) and dut/SS_11/l_m1_r_reg[1][0]/D (clocked by sys_clk_pin). Large setup violations at the end of those stages might be difficult to fix during the post-placement implementation flow and could be the result of non-optimal XDC constraints or non-optimal design architecture
Related violations: <none>

TIMING-16#696 Warning
Large setup violation  
There is a large setup violation of -1.921 ns between dut/A0_m_reg[0][10]/C (clocked by sys_clk_pin) and dut/SS_00/m_p_reg[0][6][5]/D (clocked by sys_clk_pin). Large setup violations at the end of those stages might be difficult to fix during the post-placement implementation flow and could be the result of non-optimal XDC constraints or non-optimal design architecture
Related violations: <none>

TIMING-16#697 Warning
Large setup violation  
There is a large setup violation of -1.921 ns between dut/A0_m_reg[0][10]/C (clocked by sys_clk_pin) and dut/SS_00/m_p_reg[0][7][2]/D (clocked by sys_clk_pin). Large setup violations at the end of those stages might be difficult to fix during the post-placement implementation flow and could be the result of non-optimal XDC constraints or non-optimal design architecture
Related violations: <none>

TIMING-16#698 Warning
Large setup violation  
There is a large setup violation of -1.921 ns between dut/SS_11/c_slots_r_reg[1][1]/C (clocked by sys_clk_pin) and dut/SS_11/l_m1_r_reg[2][0]/D (clocked by sys_clk_pin). Large setup violations at the end of those stages might be difficult to fix during the post-placement implementation flow and could be the result of non-optimal XDC constraints or non-optimal design architecture
Related violations: <none>

TIMING-16#699 Warning
Large setup violation  
There is a large setup violation of -1.922 ns between dut/A0Bb[1].SS/c_slots_r_reg[2][0]/C (clocked by sys_clk_pin) and dut/A0Bb[1].SS/l_m1_r_reg[2][0]/D (clocked by sys_clk_pin). Large setup violations at the end of those stages might be difficult to fix during the post-placement implementation flow and could be the result of non-optimal XDC constraints or non-optimal design architecture
Related violations: <none>

TIMING-16#700 Warning
Large setup violation  
There is a large setup violation of -1.922 ns between dut/A0Bb[2].SS/sig_summ_r_reg[3][2]/C (clocked by sys_clk_pin) and dut/A0Bb[2].SS/l_slots_r_reg[1][2]/D (clocked by sys_clk_pin). Large setup violations at the end of those stages might be difficult to fix during the post-placement implementation flow and could be the result of non-optimal XDC constraints or non-optimal design architecture
Related violations: <none>

TIMING-16#701 Warning
Large setup violation  
There is a large setup violation of -1.922 ns between dut/AaB0[1].SS/sig_summ_r_reg[3][6]/C (clocked by sys_clk_pin) and dut/AaB0[1].SS/l_slots_r_reg[1][2]/D (clocked by sys_clk_pin). Large setup violations at the end of those stages might be difficult to fix during the post-placement implementation flow and could be the result of non-optimal XDC constraints or non-optimal design architecture
Related violations: <none>

TIMING-16#702 Warning
Large setup violation  
There is a large setup violation of -1.926 ns between dut/ss_idx_r_reg[1][1]/C (clocked by sys_clk_pin) and dut/AB_l_2_reg[3][0]/CE (clocked by sys_clk_pin). Large setup violations at the end of those stages might be difficult to fix during the post-placement implementation flow and could be the result of non-optimal XDC constraints or non-optimal design architecture
Related violations: <none>

TIMING-16#703 Warning
Large setup violation  
There is a large setup violation of -1.926 ns between dut/ss_idx_r_reg[1][1]/C (clocked by sys_clk_pin) and dut/AB_l_2_reg[3][1]/CE (clocked by sys_clk_pin). Large setup violations at the end of those stages might be difficult to fix during the post-placement implementation flow and could be the result of non-optimal XDC constraints or non-optimal design architecture
Related violations: <none>

TIMING-16#704 Warning
Large setup violation  
There is a large setup violation of -1.926 ns between dut/ss_idx_r_reg[1][1]/C (clocked by sys_clk_pin) and dut/AB_l_2_reg[3][2]/CE (clocked by sys_clk_pin). Large setup violations at the end of those stages might be difficult to fix during the post-placement implementation flow and could be the result of non-optimal XDC constraints or non-optimal design architecture
Related violations: <none>

TIMING-16#705 Warning
Large setup violation  
There is a large setup violation of -1.928 ns between dut/ss_idx_r_reg[0][1]/C (clocked by sys_clk_pin) and dut/AB_l_1_reg[1][15]/D (clocked by sys_clk_pin). Large setup violations at the end of those stages might be difficult to fix during the post-placement implementation flow and could be the result of non-optimal XDC constraints or non-optimal design architecture
Related violations: <none>

TIMING-16#706 Warning
Large setup violation  
There is a large setup violation of -1.929 ns between dut/ss_idx_r_reg[1][0]/C (clocked by sys_clk_pin) and dut/AB_l_2_reg[3][0]/D (clocked by sys_clk_pin). Large setup violations at the end of those stages might be difficult to fix during the post-placement implementation flow and could be the result of non-optimal XDC constraints or non-optimal design architecture
Related violations: <none>

TIMING-16#707 Warning
Large setup violation  
There is a large setup violation of -1.930 ns between dut/ss_idx_r_reg[0][1]/C (clocked by sys_clk_pin) and dut/AB_l_1_reg[2][10]/D (clocked by sys_clk_pin). Large setup violations at the end of those stages might be difficult to fix during the post-placement implementation flow and could be the result of non-optimal XDC constraints or non-optimal design architecture
Related violations: <none>

TIMING-16#708 Warning
Large setup violation  
There is a large setup violation of -1.932 ns between dut/SS_11/c_slots_r_reg[1][1]/C (clocked by sys_clk_pin) and dut/SS_11/l_m1_r_reg[1][1]/D (clocked by sys_clk_pin). Large setup violations at the end of those stages might be difficult to fix during the post-placement implementation flow and could be the result of non-optimal XDC constraints or non-optimal design architecture
Related violations: <none>

TIMING-16#709 Warning
Large setup violation  
There is a large setup violation of -1.932 ns between dut/SS_11/c_slots_r_reg[1][1]/C (clocked by sys_clk_pin) and dut/SS_11/l_m1_r_reg[2][1]/D (clocked by sys_clk_pin). Large setup violations at the end of those stages might be difficult to fix during the post-placement implementation flow and could be the result of non-optimal XDC constraints or non-optimal design architecture
Related violations: <none>

TIMING-16#710 Warning
Large setup violation  
There is a large setup violation of -1.937 ns between dut/ss_idx_r_reg[1][1]/C (clocked by sys_clk_pin) and dut/AB_l_2_reg[0][3]/CE (clocked by sys_clk_pin). Large setup violations at the end of those stages might be difficult to fix during the post-placement implementation flow and could be the result of non-optimal XDC constraints or non-optimal design architecture
Related violations: <none>

TIMING-16#711 Warning
Large setup violation  
There is a large setup violation of -1.939 ns between dut/A0_m_reg[0][26]/C (clocked by sys_clk_pin) and dut/SS_00/m_p_reg[0][5][2]/D (clocked by sys_clk_pin). Large setup violations at the end of those stages might be difficult to fix during the post-placement implementation flow and could be the result of non-optimal XDC constraints or non-optimal design architecture
Related violations: <none>

TIMING-16#712 Warning
Large setup violation  
There is a large setup violation of -1.939 ns between dut/AaB0[1].SS/sig_summ_r_reg[3][7]/C (clocked by sys_clk_pin) and dut/AaB0[1].SS/l_slots_r_reg[2][2]/D (clocked by sys_clk_pin). Large setup violations at the end of those stages might be difficult to fix during the post-placement implementation flow and could be the result of non-optimal XDC constraints or non-optimal design architecture
Related violations: <none>

TIMING-16#713 Warning
Large setup violation  
There is a large setup violation of -1.939 ns between dut/ss_idx_r_reg[1][0]/C (clocked by sys_clk_pin) and dut/AB_l_2_reg[1][8]/D (clocked by sys_clk_pin). Large setup violations at the end of those stages might be difficult to fix during the post-placement implementation flow and could be the result of non-optimal XDC constraints or non-optimal design architecture
Related violations: <none>

TIMING-16#714 Warning
Large setup violation  
There is a large setup violation of -1.945 ns between dut/A0_m_reg[0][26]/C (clocked by sys_clk_pin) and dut/SS_00/m_p_reg[0][4][2]/D (clocked by sys_clk_pin). Large setup violations at the end of those stages might be difficult to fix during the post-placement implementation flow and could be the result of non-optimal XDC constraints or non-optimal design architecture
Related violations: <none>

TIMING-16#715 Warning
Large setup violation  
There is a large setup violation of -1.945 ns between dut/ss_idx_r_reg[0][1]/C (clocked by sys_clk_pin) and dut/AB_l_1_reg[3][9]/D (clocked by sys_clk_pin). Large setup violations at the end of those stages might be difficult to fix during the post-placement implementation flow and could be the result of non-optimal XDC constraints or non-optimal design architecture
Related violations: <none>

TIMING-16#716 Warning
Large setup violation  
There is a large setup violation of -1.947 ns between dut/A0_m_reg[0][10]/C (clocked by sys_clk_pin) and dut/SS_00/idx_p_reg[0][6][0]/D (clocked by sys_clk_pin). Large setup violations at the end of those stages might be difficult to fix during the post-placement implementation flow and could be the result of non-optimal XDC constraints or non-optimal design architecture
Related violations: <none>

TIMING-16#717 Warning
Large setup violation  
There is a large setup violation of -1.951 ns between dut/A0Bb[1].SS/c_slots_r_reg[2][0]/C (clocked by sys_clk_pin) and dut/A0Bb[1].SS/l_m1_r_reg[1][0]/D (clocked by sys_clk_pin). Large setup violations at the end of those stages might be difficult to fix during the post-placement implementation flow and could be the result of non-optimal XDC constraints or non-optimal design architecture
Related violations: <none>

TIMING-16#718 Warning
Large setup violation  
There is a large setup violation of -1.952 ns between dut/A0_m_reg[0][10]/C (clocked by sys_clk_pin) and dut/SS_00/m_p_reg[0][7][6]/D (clocked by sys_clk_pin). Large setup violations at the end of those stages might be difficult to fix during the post-placement implementation flow and could be the result of non-optimal XDC constraints or non-optimal design architecture
Related violations: <none>

TIMING-16#719 Warning
Large setup violation  
There is a large setup violation of -1.956 ns between dut/ss_idx_r_reg[0][1]/C (clocked by sys_clk_pin) and dut/AB_l_1_reg[1][8]/D (clocked by sys_clk_pin). Large setup violations at the end of those stages might be difficult to fix during the post-placement implementation flow and could be the result of non-optimal XDC constraints or non-optimal design architecture
Related violations: <none>

TIMING-16#720 Warning
Large setup violation  
There is a large setup violation of -1.956 ns between dut/ss_idx_r_reg[1][0]/C (clocked by sys_clk_pin) and dut/AB_l_2_reg[3][7]/D (clocked by sys_clk_pin). Large setup violations at the end of those stages might be difficult to fix during the post-placement implementation flow and could be the result of non-optimal XDC constraints or non-optimal design architecture
Related violations: <none>

TIMING-16#721 Warning
Large setup violation  
There is a large setup violation of -1.958 ns between dut/ss_idx_r_reg[1][1]/C (clocked by sys_clk_pin) and dut/AB_l_2_reg[3][13]/D (clocked by sys_clk_pin). Large setup violations at the end of those stages might be difficult to fix during the post-placement implementation flow and could be the result of non-optimal XDC constraints or non-optimal design architecture
Related violations: <none>

TIMING-16#722 Warning
Large setup violation  
There is a large setup violation of -1.959 ns between dut/A0_m_reg[0][10]/C (clocked by sys_clk_pin) and dut/SS_00/m_p_reg[0][6][8]/D (clocked by sys_clk_pin). Large setup violations at the end of those stages might be difficult to fix during the post-placement implementation flow and could be the result of non-optimal XDC constraints or non-optimal design architecture
Related violations: <none>

TIMING-16#723 Warning
Large setup violation  
There is a large setup violation of -1.961 ns between dut/ss_idx_r_reg[0][1]/C (clocked by sys_clk_pin) and dut/AB_l_1_reg[3][15]/D (clocked by sys_clk_pin). Large setup violations at the end of those stages might be difficult to fix during the post-placement implementation flow and could be the result of non-optimal XDC constraints or non-optimal design architecture
Related violations: <none>

TIMING-16#724 Warning
Large setup violation  
There is a large setup violation of -1.961 ns between dut/ss_idx_r_reg[1][1]/C (clocked by sys_clk_pin) and dut/AB_l_2_reg[0][7]/CE (clocked by sys_clk_pin). Large setup violations at the end of those stages might be difficult to fix during the post-placement implementation flow and could be the result of non-optimal XDC constraints or non-optimal design architecture
Related violations: <none>

TIMING-16#725 Warning
Large setup violation  
There is a large setup violation of -1.961 ns between dut/ss_idx_r_reg[1][1]/C (clocked by sys_clk_pin) and dut/AB_l_2_reg[1][7]/CE (clocked by sys_clk_pin). Large setup violations at the end of those stages might be difficult to fix during the post-placement implementation flow and could be the result of non-optimal XDC constraints or non-optimal design architecture
Related violations: <none>

TIMING-16#726 Warning
Large setup violation  
There is a large setup violation of -1.966 ns between dut/AaB0[2].SS/sig_summ_r_reg[6][0]/C (clocked by sys_clk_pin) and dut/AaB0[2].SS/l_slots_r_reg[1][2]/D (clocked by sys_clk_pin). Large setup violations at the end of those stages might be difficult to fix during the post-placement implementation flow and could be the result of non-optimal XDC constraints or non-optimal design architecture
Related violations: <none>

TIMING-16#727 Warning
Large setup violation  
There is a large setup violation of -1.967 ns between dut/ss_idx_r_reg[1][0]/C (clocked by sys_clk_pin) and dut/AB_l_2_reg[1][6]/D (clocked by sys_clk_pin). Large setup violations at the end of those stages might be difficult to fix during the post-placement implementation flow and could be the result of non-optimal XDC constraints or non-optimal design architecture
Related violations: <none>

TIMING-16#728 Warning
Large setup violation  
There is a large setup violation of -1.967 ns between dut/ss_idx_r_reg[1][1]/C (clocked by sys_clk_pin) and dut/AB_l_2_reg[2][15]/CE (clocked by sys_clk_pin). Large setup violations at the end of those stages might be difficult to fix during the post-placement implementation flow and could be the result of non-optimal XDC constraints or non-optimal design architecture
Related violations: <none>

TIMING-16#729 Warning
Large setup violation  
There is a large setup violation of -1.967 ns between dut/ss_idx_r_reg[1][1]/C (clocked by sys_clk_pin) and dut/AB_l_2_reg[3][10]/CE (clocked by sys_clk_pin). Large setup violations at the end of those stages might be difficult to fix during the post-placement implementation flow and could be the result of non-optimal XDC constraints or non-optimal design architecture
Related violations: <none>

TIMING-16#730 Warning
Large setup violation  
There is a large setup violation of -1.969 ns between dut/ss_idx_r_reg[1][2]/C (clocked by sys_clk_pin) and dut/AB_l_2_reg[1][7]/D (clocked by sys_clk_pin). Large setup violations at the end of those stages might be difficult to fix during the post-placement implementation flow and could be the result of non-optimal XDC constraints or non-optimal design architecture
Related violations: <none>

TIMING-16#731 Warning
Large setup violation  
There is a large setup violation of -1.975 ns between dut/ss_idx_r_reg[0][1]/C (clocked by sys_clk_pin) and dut/AB_l_1_reg[3][8]/D (clocked by sys_clk_pin). Large setup violations at the end of those stages might be difficult to fix during the post-placement implementation flow and could be the result of non-optimal XDC constraints or non-optimal design architecture
Related violations: <none>

TIMING-16#732 Warning
Large setup violation  
There is a large setup violation of -1.981 ns between dut/A0Bb[1].SS/c_m1_r_reg[1][1]/C (clocked by sys_clk_pin) and dut/AB_m_0b_r_reg[0][3][5]/D (clocked by sys_clk_pin). Large setup violations at the end of those stages might be difficult to fix during the post-placement implementation flow and could be the result of non-optimal XDC constraints or non-optimal design architecture
Related violations: <none>

TIMING-16#733 Warning
Large setup violation  
There is a large setup violation of -1.992 ns between dut/A0_m_reg[0][24]/C (clocked by sys_clk_pin) and dut/SS_00/m_p_reg[0][1][3]/D (clocked by sys_clk_pin). Large setup violations at the end of those stages might be difficult to fix during the post-placement implementation flow and could be the result of non-optimal XDC constraints or non-optimal design architecture
Related violations: <none>

TIMING-16#734 Warning
Large setup violation  
There is a large setup violation of -1.997 ns between dut/AaB0[1].SS/sig_summ_r_reg[3][6]/C (clocked by sys_clk_pin) and dut/AaB0[1].SS/l_slots_r_reg[0][1]/D (clocked by sys_clk_pin). Large setup violations at the end of those stages might be difficult to fix during the post-placement implementation flow and could be the result of non-optimal XDC constraints or non-optimal design architecture
Related violations: <none>

TIMING-16#735 Warning
Large setup violation  
There is a large setup violation of -1.998 ns between dut/A0_m_reg[0][24]/C (clocked by sys_clk_pin) and dut/SS_00/m_p_reg[0][1][0]/D (clocked by sys_clk_pin). Large setup violations at the end of those stages might be difficult to fix during the post-placement implementation flow and could be the result of non-optimal XDC constraints or non-optimal design architecture
Related violations: <none>

TIMING-16#736 Warning
Large setup violation  
There is a large setup violation of -2.000 ns between dut/AaB0[1].SS/sig_summ_r_reg[3][6]/C (clocked by sys_clk_pin) and dut/AaB0[1].SS/l_slots_r_reg[0][0]/D (clocked by sys_clk_pin). Large setup violations at the end of those stages might be difficult to fix during the post-placement implementation flow and could be the result of non-optimal XDC constraints or non-optimal design architecture
Related violations: <none>

TIMING-16#737 Warning
Large setup violation  
There is a large setup violation of -2.007 ns between dut/A0Bb[1].SS/c_m1_r_reg[1][7]/C (clocked by sys_clk_pin) and dut/AB_m_0b_r_reg[0][3][7]/D (clocked by sys_clk_pin). Large setup violations at the end of those stages might be difficult to fix during the post-placement implementation flow and could be the result of non-optimal XDC constraints or non-optimal design architecture
Related violations: <none>

TIMING-16#738 Warning
Large setup violation  
There is a large setup violation of -2.015 ns between dut/ss_idx_r_reg[0][1]/C (clocked by sys_clk_pin) and dut/AB_l_1_reg[2][15]/D (clocked by sys_clk_pin). Large setup violations at the end of those stages might be difficult to fix during the post-placement implementation flow and could be the result of non-optimal XDC constraints or non-optimal design architecture
Related violations: <none>

TIMING-16#739 Warning
Large setup violation  
There is a large setup violation of -2.016 ns between dut/A0_m_reg[0][10]/C (clocked by sys_clk_pin) and dut/SS_00/m_p_reg[0][6][2]/D (clocked by sys_clk_pin). Large setup violations at the end of those stages might be difficult to fix during the post-placement implementation flow and could be the result of non-optimal XDC constraints or non-optimal design architecture
Related violations: <none>

TIMING-16#740 Warning
Large setup violation  
There is a large setup violation of -2.018 ns between dut/ss_idx_r_reg[1][1]/C (clocked by sys_clk_pin) and dut/AB_l_2_reg[1][2]/D (clocked by sys_clk_pin). Large setup violations at the end of those stages might be difficult to fix during the post-placement implementation flow and could be the result of non-optimal XDC constraints or non-optimal design architecture
Related violations: <none>

TIMING-16#741 Warning
Large setup violation  
There is a large setup violation of -2.019 ns between dut/A0_m_reg[0][10]/C (clocked by sys_clk_pin) and dut/SS_00/m_p_reg[0][6][7]/D (clocked by sys_clk_pin). Large setup violations at the end of those stages might be difficult to fix during the post-placement implementation flow and could be the result of non-optimal XDC constraints or non-optimal design architecture
Related violations: <none>

TIMING-16#742 Warning
Large setup violation  
There is a large setup violation of -2.022 ns between dut/ss_idx_r_reg[1][0]/C (clocked by sys_clk_pin) and dut/AB_l_2_reg[3][4]/D (clocked by sys_clk_pin). Large setup violations at the end of those stages might be difficult to fix during the post-placement implementation flow and could be the result of non-optimal XDC constraints or non-optimal design architecture
Related violations: <none>

TIMING-16#743 Warning
Large setup violation  
There is a large setup violation of -2.023 ns between dut/A0Bb[1].SS/c_m1_r_reg[1][7]/C (clocked by sys_clk_pin) and dut/AB_m_0b_r_reg[0][2][5]/D (clocked by sys_clk_pin). Large setup violations at the end of those stages might be difficult to fix during the post-placement implementation flow and could be the result of non-optimal XDC constraints or non-optimal design architecture
Related violations: <none>

TIMING-16#744 Warning
Large setup violation  
There is a large setup violation of -2.024 ns between dut/A0Bb[1].SS/c_m1_r_reg[1][7]/C (clocked by sys_clk_pin) and dut/AB_m_0b_r_reg[0][2][4]/D (clocked by sys_clk_pin). Large setup violations at the end of those stages might be difficult to fix during the post-placement implementation flow and could be the result of non-optimal XDC constraints or non-optimal design architecture
Related violations: <none>

TIMING-16#745 Warning
Large setup violation  
There is a large setup violation of -2.024 ns between dut/A0_m_reg[0][10]/C (clocked by sys_clk_pin) and dut/SS_00/m_p_reg[0][7][4]/D (clocked by sys_clk_pin). Large setup violations at the end of those stages might be difficult to fix during the post-placement implementation flow and could be the result of non-optimal XDC constraints or non-optimal design architecture
Related violations: <none>

TIMING-16#746 Warning
Large setup violation  
There is a large setup violation of -2.025 ns between dut/A0_m_reg[0][10]/C (clocked by sys_clk_pin) and dut/SS_00/m_p_reg[0][6][4]/D (clocked by sys_clk_pin). Large setup violations at the end of those stages might be difficult to fix during the post-placement implementation flow and could be the result of non-optimal XDC constraints or non-optimal design architecture
Related violations: <none>

TIMING-16#747 Warning
Large setup violation  
There is a large setup violation of -2.027 ns between dut/ss_idx_r_reg[1][0]/C (clocked by sys_clk_pin) and dut/AB_l_2_reg[3][12]/D (clocked by sys_clk_pin). Large setup violations at the end of those stages might be difficult to fix during the post-placement implementation flow and could be the result of non-optimal XDC constraints or non-optimal design architecture
Related violations: <none>

TIMING-16#748 Warning
Large setup violation  
There is a large setup violation of -2.029 ns between dut/A0Bb[2].SS/sig_summ_r_reg[3][2]/C (clocked by sys_clk_pin) and dut/A0Bb[2].SS/l_slots_r_reg[0][1]/D (clocked by sys_clk_pin). Large setup violations at the end of those stages might be difficult to fix during the post-placement implementation flow and could be the result of non-optimal XDC constraints or non-optimal design architecture
Related violations: <none>

TIMING-16#749 Warning
Large setup violation  
There is a large setup violation of -2.029 ns between dut/A0_m_reg[0][10]/C (clocked by sys_clk_pin) and dut/SS_00/m_p_reg[0][6][3]/D (clocked by sys_clk_pin). Large setup violations at the end of those stages might be difficult to fix during the post-placement implementation flow and could be the result of non-optimal XDC constraints or non-optimal design architecture
Related violations: <none>

TIMING-16#750 Warning
Large setup violation  
There is a large setup violation of -2.030 ns between dut/A0Bb[2].SS/sig_summ_r_reg[3][2]/C (clocked by sys_clk_pin) and dut/A0Bb[2].SS/l_slots_r_reg[0][0]/D (clocked by sys_clk_pin). Large setup violations at the end of those stages might be difficult to fix during the post-placement implementation flow and could be the result of non-optimal XDC constraints or non-optimal design architecture
Related violations: <none>

TIMING-16#751 Warning
Large setup violation  
There is a large setup violation of -2.033 ns between dut/ss_idx_r_reg[1][0]/C (clocked by sys_clk_pin) and dut/AB_l_2_reg[3][5]/D (clocked by sys_clk_pin). Large setup violations at the end of those stages might be difficult to fix during the post-placement implementation flow and could be the result of non-optimal XDC constraints or non-optimal design architecture
Related violations: <none>

TIMING-16#752 Warning
Large setup violation  
There is a large setup violation of -2.038 ns between dut/A0Bb[1].SS/c_m1_r_reg[1][7]/C (clocked by sys_clk_pin) and dut/AB_m_0b_r_reg[0][3][6]/D (clocked by sys_clk_pin). Large setup violations at the end of those stages might be difficult to fix during the post-placement implementation flow and could be the result of non-optimal XDC constraints or non-optimal design architecture
Related violations: <none>

TIMING-16#753 Warning
Large setup violation  
There is a large setup violation of -2.039 ns between dut/A0Bb[1].SS/c_m1_r_reg[1][7]/C (clocked by sys_clk_pin) and dut/AB_m_0b_r_reg[0][3][3]/D (clocked by sys_clk_pin). Large setup violations at the end of those stages might be difficult to fix during the post-placement implementation flow and could be the result of non-optimal XDC constraints or non-optimal design architecture
Related violations: <none>

TIMING-16#754 Warning
Large setup violation  
There is a large setup violation of -2.042 ns between dut/A0_m_reg[0][10]/C (clocked by sys_clk_pin) and dut/SS_00/m_p_reg[0][6][0]/D (clocked by sys_clk_pin). Large setup violations at the end of those stages might be difficult to fix during the post-placement implementation flow and could be the result of non-optimal XDC constraints or non-optimal design architecture
Related violations: <none>

TIMING-16#755 Warning
Large setup violation  
There is a large setup violation of -2.064 ns between dut/ss_idx_r_reg[1][1]/C (clocked by sys_clk_pin) and dut/AB_l_2_reg[1][13]/D (clocked by sys_clk_pin). Large setup violations at the end of those stages might be difficult to fix during the post-placement implementation flow and could be the result of non-optimal XDC constraints or non-optimal design architecture
Related violations: <none>

TIMING-16#756 Warning
Large setup violation  
There is a large setup violation of -2.068 ns between dut/A0Bb[2].SS/c_slots_r_reg[2][5]/C (clocked by sys_clk_pin) and dut/A0Bb[2].SS/l_m1_r_reg[2][1]/D (clocked by sys_clk_pin). Large setup violations at the end of those stages might be difficult to fix during the post-placement implementation flow and could be the result of non-optimal XDC constraints or non-optimal design architecture
Related violations: <none>

TIMING-16#757 Warning
Large setup violation  
There is a large setup violation of -2.073 ns between dut/A0Bb[2].SS/c_slots_r_reg[2][5]/C (clocked by sys_clk_pin) and dut/A0Bb[2].SS/l_m1_r_reg[1][1]/D (clocked by sys_clk_pin). Large setup violations at the end of those stages might be difficult to fix during the post-placement implementation flow and could be the result of non-optimal XDC constraints or non-optimal design architecture
Related violations: <none>

TIMING-16#758 Warning
Large setup violation  
There is a large setup violation of -2.077 ns between dut/A0Bb[1].SS/sig_summ_r_reg[6][1]/C (clocked by sys_clk_pin) and dut/A0Bb[1].SS/l_slots_r_reg[0][0]/D (clocked by sys_clk_pin). Large setup violations at the end of those stages might be difficult to fix during the post-placement implementation flow and could be the result of non-optimal XDC constraints or non-optimal design architecture
Related violations: <none>

TIMING-16#759 Warning
Large setup violation  
There is a large setup violation of -2.084 ns between dut/AB_m_2_reg[2][1]/C (clocked by sys_clk_pin) and dut/merge1/idx_l2_reg[3][2]/D (clocked by sys_clk_pin). Large setup violations at the end of those stages might be difficult to fix during the post-placement implementation flow and could be the result of non-optimal XDC constraints or non-optimal design architecture
Related violations: <none>

TIMING-16#760 Warning
Large setup violation  
There is a large setup violation of -2.084 ns between dut/AaB0[2].SS/c_m1_r_reg[1][7]/C (clocked by sys_clk_pin) and dut/AB_m_a0_r_reg[1][3][0]/D (clocked by sys_clk_pin). Large setup violations at the end of those stages might be difficult to fix during the post-placement implementation flow and could be the result of non-optimal XDC constraints or non-optimal design architecture
Related violations: <none>

TIMING-16#761 Warning
Large setup violation  
There is a large setup violation of -2.085 ns between dut/ss_idx_r_reg[1][0]/C (clocked by sys_clk_pin) and dut/AB_l_2_reg[1][14]/D (clocked by sys_clk_pin). Large setup violations at the end of those stages might be difficult to fix during the post-placement implementation flow and could be the result of non-optimal XDC constraints or non-optimal design architecture
Related violations: <none>

TIMING-16#762 Warning
Large setup violation  
There is a large setup violation of -2.088 ns between dut/A0Bb[1].SS/sig_summ_r_reg[6][1]/C (clocked by sys_clk_pin) and dut/A0Bb[1].SS/l_slots_r_reg[2][0]/D (clocked by sys_clk_pin). Large setup violations at the end of those stages might be difficult to fix during the post-placement implementation flow and could be the result of non-optimal XDC constraints or non-optimal design architecture
Related violations: <none>

TIMING-16#763 Warning
Large setup violation  
There is a large setup violation of -2.088 ns between dut/A0_m_reg[0][10]/C (clocked by sys_clk_pin) and dut/SS_00/m_p_reg[0][6][1]/D (clocked by sys_clk_pin). Large setup violations at the end of those stages might be difficult to fix during the post-placement implementation flow and could be the result of non-optimal XDC constraints or non-optimal design architecture
Related violations: <none>

TIMING-16#764 Warning
Large setup violation  
There is a large setup violation of -2.088 ns between dut/A0_m_reg[0][10]/C (clocked by sys_clk_pin) and dut/SS_00/m_p_reg[0][7][0]/D (clocked by sys_clk_pin). Large setup violations at the end of those stages might be difficult to fix during the post-placement implementation flow and could be the result of non-optimal XDC constraints or non-optimal design architecture
Related violations: <none>

TIMING-16#765 Warning
Large setup violation  
There is a large setup violation of -2.095 ns between dut/AB_m_2_reg[2][1]/C (clocked by sys_clk_pin) and dut/merge1/idx_l2_reg[3][1]/D (clocked by sys_clk_pin). Large setup violations at the end of those stages might be difficult to fix during the post-placement implementation flow and could be the result of non-optimal XDC constraints or non-optimal design architecture
Related violations: <none>

TIMING-16#766 Warning
Large setup violation  
There is a large setup violation of -2.098 ns between dut/A0_m_reg[0][10]/C (clocked by sys_clk_pin) and dut/SS_00/m_p_reg[0][7][1]/D (clocked by sys_clk_pin). Large setup violations at the end of those stages might be difficult to fix during the post-placement implementation flow and could be the result of non-optimal XDC constraints or non-optimal design architecture
Related violations: <none>

TIMING-16#767 Warning
Large setup violation  
There is a large setup violation of -2.104 ns between dut/AaB0[2].SS/sig_summ_r_reg[2][5]/C (clocked by sys_clk_pin) and dut/AaB0[2].SS/l_slots_r_reg[2][0]/D (clocked by sys_clk_pin). Large setup violations at the end of those stages might be difficult to fix during the post-placement implementation flow and could be the result of non-optimal XDC constraints or non-optimal design architecture
Related violations: <none>

TIMING-16#768 Warning
Large setup violation  
There is a large setup violation of -2.104 ns between dut/ss_idx_r_reg[1][0]/C (clocked by sys_clk_pin) and dut/AB_l_2_reg[2][11]/D (clocked by sys_clk_pin). Large setup violations at the end of those stages might be difficult to fix during the post-placement implementation flow and could be the result of non-optimal XDC constraints or non-optimal design architecture
Related violations: <none>

TIMING-16#769 Warning
Large setup violation  
There is a large setup violation of -2.106 ns between dut/AaB0[2].SS/c_m1_r_reg[1][7]/C (clocked by sys_clk_pin) and dut/AB_m_a0_r_reg[1][3][2]/D (clocked by sys_clk_pin). Large setup violations at the end of those stages might be difficult to fix during the post-placement implementation flow and could be the result of non-optimal XDC constraints or non-optimal design architecture
Related violations: <none>

TIMING-16#770 Warning
Large setup violation  
There is a large setup violation of -2.108 ns between dut/AaB0[2].SS/c_m1_r_reg[1][7]/C (clocked by sys_clk_pin) and dut/AB_m_a0_r_reg[1][3][1]/D (clocked by sys_clk_pin). Large setup violations at the end of those stages might be difficult to fix during the post-placement implementation flow and could be the result of non-optimal XDC constraints or non-optimal design architecture
Related violations: <none>

TIMING-16#771 Warning
Large setup violation  
There is a large setup violation of -2.109 ns between dut/A0_m_reg[0][10]/C (clocked by sys_clk_pin) and dut/SS_00/m_p_reg[0][7][5]/D (clocked by sys_clk_pin). Large setup violations at the end of those stages might be difficult to fix during the post-placement implementation flow and could be the result of non-optimal XDC constraints or non-optimal design architecture
Related violations: <none>

TIMING-16#772 Warning
Large setup violation  
There is a large setup violation of -2.119 ns between dut/A0Bb[1].SS/c_m1_r_reg[1][7]/C (clocked by sys_clk_pin) and dut/AB_m_0b_r_reg[0][3][4]/D (clocked by sys_clk_pin). Large setup violations at the end of those stages might be difficult to fix during the post-placement implementation flow and could be the result of non-optimal XDC constraints or non-optimal design architecture
Related violations: <none>

TIMING-16#773 Warning
Large setup violation  
There is a large setup violation of -2.121 ns between dut/AaB0[2].SS/c_slots_r_reg[1][4]/C (clocked by sys_clk_pin) and dut/AaB0[2].SS/l_m1_r_reg[2][1]/D (clocked by sys_clk_pin). Large setup violations at the end of those stages might be difficult to fix during the post-placement implementation flow and could be the result of non-optimal XDC constraints or non-optimal design architecture
Related violations: <none>

TIMING-16#774 Warning
Large setup violation  
There is a large setup violation of -2.121 ns between dut/ss_idx_r_reg[1][1]/C (clocked by sys_clk_pin) and dut/AB_l_2_reg[2][14]/D (clocked by sys_clk_pin). Large setup violations at the end of those stages might be difficult to fix during the post-placement implementation flow and could be the result of non-optimal XDC constraints or non-optimal design architecture
Related violations: <none>

TIMING-16#775 Warning
Large setup violation  
There is a large setup violation of -2.122 ns between dut/AaB0[2].SS/c_slots_r_reg[1][4]/C (clocked by sys_clk_pin) and dut/AaB0[2].SS/l_m1_r_reg[1][1]/D (clocked by sys_clk_pin). Large setup violations at the end of those stages might be difficult to fix during the post-placement implementation flow and could be the result of non-optimal XDC constraints or non-optimal design architecture
Related violations: <none>

TIMING-16#776 Warning
Large setup violation  
There is a large setup violation of -2.125 ns between dut/AaB0[2].SS/c_slots_r_reg[1][4]/C (clocked by sys_clk_pin) and dut/AaB0[2].SS/l_m1_r_reg[1][0]/D (clocked by sys_clk_pin). Large setup violations at the end of those stages might be difficult to fix during the post-placement implementation flow and could be the result of non-optimal XDC constraints or non-optimal design architecture
Related violations: <none>

TIMING-16#777 Warning
Large setup violation  
There is a large setup violation of -2.127 ns between dut/AaB0[2].SS/c_slots_r_reg[1][4]/C (clocked by sys_clk_pin) and dut/AaB0[2].SS/l_m1_r_reg[2][0]/D (clocked by sys_clk_pin). Large setup violations at the end of those stages might be difficult to fix during the post-placement implementation flow and could be the result of non-optimal XDC constraints or non-optimal design architecture
Related violations: <none>

TIMING-16#778 Warning
Large setup violation  
There is a large setup violation of -2.129 ns between dut/A0_m_reg[0][24]/C (clocked by sys_clk_pin) and dut/SS_00/m_p_reg[0][1][8]/D (clocked by sys_clk_pin). Large setup violations at the end of those stages might be difficult to fix during the post-placement implementation flow and could be the result of non-optimal XDC constraints or non-optimal design architecture
Related violations: <none>

TIMING-16#779 Warning
Large setup violation  
There is a large setup violation of -2.137 ns between dut/A0Bb[1].SS/c_m1_r_reg[1][7]/C (clocked by sys_clk_pin) and dut/AB_m_0b_r_reg[0][3][2]/D (clocked by sys_clk_pin). Large setup violations at the end of those stages might be difficult to fix during the post-placement implementation flow and could be the result of non-optimal XDC constraints or non-optimal design architecture
Related violations: <none>

TIMING-16#780 Warning
Large setup violation  
There is a large setup violation of -2.140 ns between dut/A0_m_reg[0][24]/C (clocked by sys_clk_pin) and dut/SS_00/m_p_reg[0][1][7]/D (clocked by sys_clk_pin). Large setup violations at the end of those stages might be difficult to fix during the post-placement implementation flow and could be the result of non-optimal XDC constraints or non-optimal design architecture
Related violations: <none>

TIMING-16#781 Warning
Large setup violation  
There is a large setup violation of -2.140 ns between dut/B0_m_reg[0][18]/C (clocked by sys_clk_pin) and dut/SS_00/idx_p_reg[0][2][0]/D (clocked by sys_clk_pin). Large setup violations at the end of those stages might be difficult to fix during the post-placement implementation flow and could be the result of non-optimal XDC constraints or non-optimal design architecture
Related violations: <none>

TIMING-16#782 Warning
Large setup violation  
There is a large setup violation of -2.143 ns between dut/A0_m_reg[0][24]/C (clocked by sys_clk_pin) and dut/SS_00/m_p_reg[0][1][5]/D (clocked by sys_clk_pin). Large setup violations at the end of those stages might be difficult to fix during the post-placement implementation flow and could be the result of non-optimal XDC constraints or non-optimal design architecture
Related violations: <none>

TIMING-16#783 Warning
Large setup violation  
There is a large setup violation of -2.144 ns between dut/A0Bb[1].SS/c_m1_r_reg[1][7]/C (clocked by sys_clk_pin) and dut/AB_m_0b_r_reg[0][3][1]/D (clocked by sys_clk_pin). Large setup violations at the end of those stages might be difficult to fix during the post-placement implementation flow and could be the result of non-optimal XDC constraints or non-optimal design architecture
Related violations: <none>

TIMING-16#784 Warning
Large setup violation  
There is a large setup violation of -2.146 ns between dut/A0_m_reg[0][24]/C (clocked by sys_clk_pin) and dut/SS_00/m_p_reg[0][1][2]/D (clocked by sys_clk_pin). Large setup violations at the end of those stages might be difficult to fix during the post-placement implementation flow and could be the result of non-optimal XDC constraints or non-optimal design architecture
Related violations: <none>

TIMING-16#785 Warning
Large setup violation  
There is a large setup violation of -2.149 ns between dut/SS_11/c_m1_r_reg[1][0]/C (clocked by sys_clk_pin) and dut/AB_m_11_r_reg[2][4]/D (clocked by sys_clk_pin). Large setup violations at the end of those stages might be difficult to fix during the post-placement implementation flow and could be the result of non-optimal XDC constraints or non-optimal design architecture
Related violations: <none>

TIMING-16#786 Warning
Large setup violation  
There is a large setup violation of -2.156 ns between dut/A0_m_reg[0][26]/C (clocked by sys_clk_pin) and dut/SS_00/m_p_reg[0][5][8]/D (clocked by sys_clk_pin). Large setup violations at the end of those stages might be difficult to fix during the post-placement implementation flow and could be the result of non-optimal XDC constraints or non-optimal design architecture
Related violations: <none>

TIMING-16#787 Warning
Large setup violation  
There is a large setup violation of -2.158 ns between dut/AB_m_2_reg[2][1]/C (clocked by sys_clk_pin) and dut/merge1/idx_l2_reg[1][2]/D (clocked by sys_clk_pin). Large setup violations at the end of those stages might be difficult to fix during the post-placement implementation flow and could be the result of non-optimal XDC constraints or non-optimal design architecture
Related violations: <none>

TIMING-16#788 Warning
Large setup violation  
There is a large setup violation of -2.158 ns between dut/AB_m_2_reg[2][1]/C (clocked by sys_clk_pin) and dut/merge1/m2_reg[1][1]/D (clocked by sys_clk_pin). Large setup violations at the end of those stages might be difficult to fix during the post-placement implementation flow and could be the result of non-optimal XDC constraints or non-optimal design architecture
Related violations: <none>

TIMING-16#789 Warning
Large setup violation  
There is a large setup violation of -2.162 ns between dut/A0_m_reg[0][26]/C (clocked by sys_clk_pin) and dut/SS_00/m_p_reg[0][5][4]/D (clocked by sys_clk_pin). Large setup violations at the end of those stages might be difficult to fix during the post-placement implementation flow and could be the result of non-optimal XDC constraints or non-optimal design architecture
Related violations: <none>

TIMING-16#790 Warning
Large setup violation  
There is a large setup violation of -2.166 ns between dut/A0Bb[1].SS/c_m1_r_reg[1][7]/C (clocked by sys_clk_pin) and dut/AB_m_0b_r_reg[0][2][3]/D (clocked by sys_clk_pin). Large setup violations at the end of those stages might be difficult to fix during the post-placement implementation flow and could be the result of non-optimal XDC constraints or non-optimal design architecture
Related violations: <none>

TIMING-16#791 Warning
Large setup violation  
There is a large setup violation of -2.167 ns between dut/B0_m_reg[0][18]/C (clocked by sys_clk_pin) and dut/SS_00/m_p_reg[0][3][4]/D (clocked by sys_clk_pin). Large setup violations at the end of those stages might be difficult to fix during the post-placement implementation flow and could be the result of non-optimal XDC constraints or non-optimal design architecture
Related violations: <none>

TIMING-16#792 Warning
Large setup violation  
There is a large setup violation of -2.171 ns between dut/A0_m_reg[0][26]/C (clocked by sys_clk_pin) and dut/SS_00/m_p_reg[0][5][7]/D (clocked by sys_clk_pin). Large setup violations at the end of those stages might be difficult to fix during the post-placement implementation flow and could be the result of non-optimal XDC constraints or non-optimal design architecture
Related violations: <none>

TIMING-16#793 Warning
Large setup violation  
There is a large setup violation of -2.173 ns between dut/AB_m_2_reg[2][1]/C (clocked by sys_clk_pin) and dut/merge1/m2_reg[1][2]/D (clocked by sys_clk_pin). Large setup violations at the end of those stages might be difficult to fix during the post-placement implementation flow and could be the result of non-optimal XDC constraints or non-optimal design architecture
Related violations: <none>

TIMING-16#794 Warning
Large setup violation  
There is a large setup violation of -2.176 ns between dut/AaB0[2].SS/c_m1_r_reg[1][1]/C (clocked by sys_clk_pin) and dut/AB_m_a0_r_reg[1][2][5]/D (clocked by sys_clk_pin). Large setup violations at the end of those stages might be difficult to fix during the post-placement implementation flow and could be the result of non-optimal XDC constraints or non-optimal design architecture
Related violations: <none>

TIMING-16#795 Warning
Large setup violation  
There is a large setup violation of -2.178 ns between dut/A0_m_reg[0][24]/C (clocked by sys_clk_pin) and dut/SS_00/m_p_reg[0][0][8]/D (clocked by sys_clk_pin). Large setup violations at the end of those stages might be difficult to fix during the post-placement implementation flow and could be the result of non-optimal XDC constraints or non-optimal design architecture
Related violations: <none>

TIMING-16#796 Warning
Large setup violation  
There is a large setup violation of -2.182 ns between dut/AaB0[1].SS/c_m1_r_reg[1][6]/C (clocked by sys_clk_pin) and dut/AB_m_a0_r_reg[0][3][6]/D (clocked by sys_clk_pin). Large setup violations at the end of those stages might be difficult to fix during the post-placement implementation flow and could be the result of non-optimal XDC constraints or non-optimal design architecture
Related violations: <none>

TIMING-16#797 Warning
Large setup violation  
There is a large setup violation of -2.182 ns between dut/SS_11/c_m1_r_reg[0][2]/C (clocked by sys_clk_pin) and dut/AB_m_11_r_reg[2][1]/D (clocked by sys_clk_pin). Large setup violations at the end of those stages might be difficult to fix during the post-placement implementation flow and could be the result of non-optimal XDC constraints or non-optimal design architecture
Related violations: <none>

TIMING-16#798 Warning
Large setup violation  
There is a large setup violation of -2.183 ns between dut/SS_11/c_m1_r_reg[0][2]/C (clocked by sys_clk_pin) and dut/AB_m_11_r_reg[2][0]/D (clocked by sys_clk_pin). Large setup violations at the end of those stages might be difficult to fix during the post-placement implementation flow and could be the result of non-optimal XDC constraints or non-optimal design architecture
Related violations: <none>

TIMING-16#799 Warning
Large setup violation  
There is a large setup violation of -2.188 ns between dut/AaB0[2].SS/c_m1_r_reg[1][1]/C (clocked by sys_clk_pin) and dut/AB_m_a0_r_reg[1][3][3]/D (clocked by sys_clk_pin). Large setup violations at the end of those stages might be difficult to fix during the post-placement implementation flow and could be the result of non-optimal XDC constraints or non-optimal design architecture
Related violations: <none>

TIMING-16#800 Warning
Large setup violation  
There is a large setup violation of -2.189 ns between dut/A0_m_reg[0][24]/C (clocked by sys_clk_pin) and dut/SS_00/m_p_reg[0][0][2]/D (clocked by sys_clk_pin). Large setup violations at the end of those stages might be difficult to fix during the post-placement implementation flow and could be the result of non-optimal XDC constraints or non-optimal design architecture
Related violations: <none>

TIMING-16#801 Warning
Large setup violation  
There is a large setup violation of -2.191 ns between dut/SS_11/c_m1_r_reg[0][2]/C (clocked by sys_clk_pin) and dut/AB_m_11_r_reg[2][6]/D (clocked by sys_clk_pin). Large setup violations at the end of those stages might be difficult to fix during the post-placement implementation flow and could be the result of non-optimal XDC constraints or non-optimal design architecture
Related violations: <none>

TIMING-16#802 Warning
Large setup violation  
There is a large setup violation of -2.193 ns between dut/AaB0[1].SS/c_m1_r_reg[1][6]/C (clocked by sys_clk_pin) and dut/AB_m_a0_r_reg[0][3][2]/D (clocked by sys_clk_pin). Large setup violations at the end of those stages might be difficult to fix during the post-placement implementation flow and could be the result of non-optimal XDC constraints or non-optimal design architecture
Related violations: <none>

TIMING-16#803 Warning
Large setup violation  
There is a large setup violation of -2.200 ns between dut/A0_m_reg[0][26]/C (clocked by sys_clk_pin) and dut/SS_00/m_p_reg[0][4][4]/D (clocked by sys_clk_pin). Large setup violations at the end of those stages might be difficult to fix during the post-placement implementation flow and could be the result of non-optimal XDC constraints or non-optimal design architecture
Related violations: <none>

TIMING-16#804 Warning
Large setup violation  
There is a large setup violation of -2.200 ns between dut/AaB0[2].SS/c_m1_r_reg[1][1]/C (clocked by sys_clk_pin) and dut/AB_m_a0_r_reg[1][2][7]/D (clocked by sys_clk_pin). Large setup violations at the end of those stages might be difficult to fix during the post-placement implementation flow and could be the result of non-optimal XDC constraints or non-optimal design architecture
Related violations: <none>

TIMING-16#805 Warning
Large setup violation  
There is a large setup violation of -2.202 ns between dut/A0_m_reg[0][24]/C (clocked by sys_clk_pin) and dut/SS_00/m_p_reg[0][0][5]/D (clocked by sys_clk_pin). Large setup violations at the end of those stages might be difficult to fix during the post-placement implementation flow and could be the result of non-optimal XDC constraints or non-optimal design architecture
Related violations: <none>

TIMING-16#806 Warning
Large setup violation  
There is a large setup violation of -2.203 ns between dut/A0_m_reg[0][26]/C (clocked by sys_clk_pin) and dut/SS_00/m_p_reg[0][4][0]/D (clocked by sys_clk_pin). Large setup violations at the end of those stages might be difficult to fix during the post-placement implementation flow and could be the result of non-optimal XDC constraints or non-optimal design architecture
Related violations: <none>

TIMING-16#807 Warning
Large setup violation  
There is a large setup violation of -2.206 ns between dut/AaB0[1].SS/c_m1_r_reg[1][6]/C (clocked by sys_clk_pin) and dut/AB_m_a0_r_reg[0][3][5]/D (clocked by sys_clk_pin). Large setup violations at the end of those stages might be difficult to fix during the post-placement implementation flow and could be the result of non-optimal XDC constraints or non-optimal design architecture
Related violations: <none>

TIMING-16#808 Warning
Large setup violation  
There is a large setup violation of -2.207 ns between dut/B0_m_reg[0][16]/C (clocked by sys_clk_pin) and dut/SS_00/m_p_reg[0][3][5]/D (clocked by sys_clk_pin). Large setup violations at the end of those stages might be difficult to fix during the post-placement implementation flow and could be the result of non-optimal XDC constraints or non-optimal design architecture
Related violations: <none>

TIMING-16#809 Warning
Large setup violation  
There is a large setup violation of -2.208 ns between dut/A0_m_reg[0][24]/C (clocked by sys_clk_pin) and dut/SS_00/m_p_reg[0][0][7]/D (clocked by sys_clk_pin). Large setup violations at the end of those stages might be difficult to fix during the post-placement implementation flow and could be the result of non-optimal XDC constraints or non-optimal design architecture
Related violations: <none>

TIMING-16#810 Warning
Large setup violation  
There is a large setup violation of -2.209 ns between dut/AaB0[1].SS/c_m1_r_reg[1][6]/C (clocked by sys_clk_pin) and dut/AB_m_a0_r_reg[0][3][3]/D (clocked by sys_clk_pin). Large setup violations at the end of those stages might be difficult to fix during the post-placement implementation flow and could be the result of non-optimal XDC constraints or non-optimal design architecture
Related violations: <none>

TIMING-16#811 Warning
Large setup violation  
There is a large setup violation of -2.213 ns between dut/A0Bb[1].SS/c_m1_r_reg[1][7]/C (clocked by sys_clk_pin) and dut/AB_m_0b_r_reg[0][3][0]/D (clocked by sys_clk_pin). Large setup violations at the end of those stages might be difficult to fix during the post-placement implementation flow and could be the result of non-optimal XDC constraints or non-optimal design architecture
Related violations: <none>

TIMING-16#812 Warning
Large setup violation  
There is a large setup violation of -2.213 ns between dut/B0_m_reg[0][16]/C (clocked by sys_clk_pin) and dut/SS_00/m_p_reg[0][2][4]/D (clocked by sys_clk_pin). Large setup violations at the end of those stages might be difficult to fix during the post-placement implementation flow and could be the result of non-optimal XDC constraints or non-optimal design architecture
Related violations: <none>

TIMING-16#813 Warning
Large setup violation  
There is a large setup violation of -2.215 ns between dut/AaB0[1].SS/c_m1_r_reg[1][6]/C (clocked by sys_clk_pin) and dut/AB_m_a0_r_reg[0][3][4]/D (clocked by sys_clk_pin). Large setup violations at the end of those stages might be difficult to fix during the post-placement implementation flow and could be the result of non-optimal XDC constraints or non-optimal design architecture
Related violations: <none>

TIMING-16#814 Warning
Large setup violation  
There is a large setup violation of -2.216 ns between dut/AaB0[1].SS/c_m1_r_reg[1][6]/C (clocked by sys_clk_pin) and dut/AB_m_a0_r_reg[0][3][1]/D (clocked by sys_clk_pin). Large setup violations at the end of those stages might be difficult to fix during the post-placement implementation flow and could be the result of non-optimal XDC constraints or non-optimal design architecture
Related violations: <none>

TIMING-16#815 Warning
Large setup violation  
There is a large setup violation of -2.216 ns between dut/SS_11/c_m1_r_reg[0][2]/C (clocked by sys_clk_pin) and dut/AB_m_11_r_reg[2][3]/D (clocked by sys_clk_pin). Large setup violations at the end of those stages might be difficult to fix during the post-placement implementation flow and could be the result of non-optimal XDC constraints or non-optimal design architecture
Related violations: <none>

TIMING-16#816 Warning
Large setup violation  
There is a large setup violation of -2.219 ns between dut/ss_idx_r_reg[1][0]/C (clocked by sys_clk_pin) and dut/AB_l_2_reg[3][3]/D (clocked by sys_clk_pin). Large setup violations at the end of those stages might be difficult to fix during the post-placement implementation flow and could be the result of non-optimal XDC constraints or non-optimal design architecture
Related violations: <none>

TIMING-16#817 Warning
Large setup violation  
There is a large setup violation of -2.230 ns between dut/B0_m_reg[0][0]/C (clocked by sys_clk_pin) and dut/SS_00/m_p_reg[0][4][5]/D (clocked by sys_clk_pin). Large setup violations at the end of those stages might be difficult to fix during the post-placement implementation flow and could be the result of non-optimal XDC constraints or non-optimal design architecture
Related violations: <none>

TIMING-16#818 Warning
Large setup violation  
There is a large setup violation of -2.230 ns between dut/B0_m_reg[0][0]/C (clocked by sys_clk_pin) and dut/SS_00/m_p_reg[0][5][5]/D (clocked by sys_clk_pin). Large setup violations at the end of those stages might be difficult to fix during the post-placement implementation flow and could be the result of non-optimal XDC constraints or non-optimal design architecture
Related violations: <none>

TIMING-16#819 Warning
Large setup violation  
There is a large setup violation of -2.230 ns between dut/SS_11/c_m1_r_reg[0][2]/C (clocked by sys_clk_pin) and dut/AB_m_11_r_reg[3][7]/D (clocked by sys_clk_pin). Large setup violations at the end of those stages might be difficult to fix during the post-placement implementation flow and could be the result of non-optimal XDC constraints or non-optimal design architecture
Related violations: <none>

TIMING-16#820 Warning
Large setup violation  
There is a large setup violation of -2.234 ns between dut/A0_m_reg[0][24]/C (clocked by sys_clk_pin) and dut/SS_00/m_p_reg[0][0][6]/D (clocked by sys_clk_pin). Large setup violations at the end of those stages might be difficult to fix during the post-placement implementation flow and could be the result of non-optimal XDC constraints or non-optimal design architecture
Related violations: <none>

TIMING-16#821 Warning
Large setup violation  
There is a large setup violation of -2.237 ns between dut/SS_11/c_m1_r_reg[0][2]/C (clocked by sys_clk_pin) and dut/AB_m_11_r_reg[3][5]/D (clocked by sys_clk_pin). Large setup violations at the end of those stages might be difficult to fix during the post-placement implementation flow and could be the result of non-optimal XDC constraints or non-optimal design architecture
Related violations: <none>

TIMING-16#822 Warning
Large setup violation  
There is a large setup violation of -2.240 ns between dut/B0_m_reg[0][16]/C (clocked by sys_clk_pin) and dut/SS_00/m_p_reg[0][3][8]/D (clocked by sys_clk_pin). Large setup violations at the end of those stages might be difficult to fix during the post-placement implementation flow and could be the result of non-optimal XDC constraints or non-optimal design architecture
Related violations: <none>

TIMING-16#823 Warning
Large setup violation  
There is a large setup violation of -2.245 ns between dut/B0_m_reg[0][16]/C (clocked by sys_clk_pin) and dut/SS_00/m_p_reg[0][3][7]/D (clocked by sys_clk_pin). Large setup violations at the end of those stages might be difficult to fix during the post-placement implementation flow and could be the result of non-optimal XDC constraints or non-optimal design architecture
Related violations: <none>

TIMING-16#824 Warning
Large setup violation  
There is a large setup violation of -2.247 ns between dut/AB_m_2_reg[2][1]/C (clocked by sys_clk_pin) and dut/merge1/m2_reg[1][0]/D (clocked by sys_clk_pin). Large setup violations at the end of those stages might be difficult to fix during the post-placement implementation flow and could be the result of non-optimal XDC constraints or non-optimal design architecture
Related violations: <none>

TIMING-16#825 Warning
Large setup violation  
There is a large setup violation of -2.249 ns between dut/AB_m_1_reg[0][5]/C (clocked by sys_clk_pin) and dut/merge1/idx_l2_reg[2][1]/D (clocked by sys_clk_pin). Large setup violations at the end of those stages might be difficult to fix during the post-placement implementation flow and could be the result of non-optimal XDC constraints or non-optimal design architecture
Related violations: <none>

TIMING-16#826 Warning
Large setup violation  
There is a large setup violation of -2.253 ns between dut/AaB0[2].SS/c_m1_r_reg[1][1]/C (clocked by sys_clk_pin) and dut/AB_m_a0_r_reg[1][2][4]/D (clocked by sys_clk_pin). Large setup violations at the end of those stages might be difficult to fix during the post-placement implementation flow and could be the result of non-optimal XDC constraints or non-optimal design architecture
Related violations: <none>

TIMING-16#827 Warning
Large setup violation  
There is a large setup violation of -2.256 ns between dut/A0_m_reg[0][26]/C (clocked by sys_clk_pin) and dut/SS_00/m_p_reg[0][4][7]/D (clocked by sys_clk_pin). Large setup violations at the end of those stages might be difficult to fix during the post-placement implementation flow and could be the result of non-optimal XDC constraints or non-optimal design architecture
Related violations: <none>

TIMING-16#828 Warning
Large setup violation  
There is a large setup violation of -2.256 ns between dut/A0_m_reg[0][26]/C (clocked by sys_clk_pin) and dut/SS_00/m_p_reg[0][4][8]/D (clocked by sys_clk_pin). Large setup violations at the end of those stages might be difficult to fix during the post-placement implementation flow and could be the result of non-optimal XDC constraints or non-optimal design architecture
Related violations: <none>

TIMING-16#829 Warning
Large setup violation  
There is a large setup violation of -2.258 ns between dut/A0_m_reg[0][24]/C (clocked by sys_clk_pin) and dut/SS_00/m_p_reg[0][0][1]/D (clocked by sys_clk_pin). Large setup violations at the end of those stages might be difficult to fix during the post-placement implementation flow and could be the result of non-optimal XDC constraints or non-optimal design architecture
Related violations: <none>

TIMING-16#830 Warning
Large setup violation  
There is a large setup violation of -2.269 ns between dut/AaB0[2].SS/c_m1_r_reg[1][1]/C (clocked by sys_clk_pin) and dut/AB_m_a0_r_reg[1][2][3]/D (clocked by sys_clk_pin). Large setup violations at the end of those stages might be difficult to fix during the post-placement implementation flow and could be the result of non-optimal XDC constraints or non-optimal design architecture
Related violations: <none>

TIMING-16#831 Warning
Large setup violation  
There is a large setup violation of -2.271 ns between dut/AaB0[1].SS/c_m1_r_reg[1][6]/C (clocked by sys_clk_pin) and dut/AB_m_a0_r_reg[0][3][7]/D (clocked by sys_clk_pin). Large setup violations at the end of those stages might be difficult to fix during the post-placement implementation flow and could be the result of non-optimal XDC constraints or non-optimal design architecture
Related violations: <none>

TIMING-16#832 Warning
Large setup violation  
There is a large setup violation of -2.272 ns between dut/A0Bb[2].SS/c_m1_r_reg[1][4]/C (clocked by sys_clk_pin) and dut/AB_m_0b_r_reg[1][2][7]/D (clocked by sys_clk_pin). Large setup violations at the end of those stages might be difficult to fix during the post-placement implementation flow and could be the result of non-optimal XDC constraints or non-optimal design architecture
Related violations: <none>

TIMING-16#833 Warning
Large setup violation  
There is a large setup violation of -2.272 ns between dut/B0_m_reg[0][18]/C (clocked by sys_clk_pin) and dut/SS_00/m_p_reg[0][2][0]/D (clocked by sys_clk_pin). Large setup violations at the end of those stages might be difficult to fix during the post-placement implementation flow and could be the result of non-optimal XDC constraints or non-optimal design architecture
Related violations: <none>

TIMING-16#834 Warning
Large setup violation  
There is a large setup violation of -2.272 ns between dut/SS_11/c_m1_r_reg[0][2]/C (clocked by sys_clk_pin) and dut/AB_m_11_r_reg[3][1]/D (clocked by sys_clk_pin). Large setup violations at the end of those stages might be difficult to fix during the post-placement implementation flow and could be the result of non-optimal XDC constraints or non-optimal design architecture
Related violations: <none>

TIMING-16#835 Warning
Large setup violation  
There is a large setup violation of -2.273 ns between dut/AB_m_2_reg[2][1]/C (clocked by sys_clk_pin) and dut/merge1/idx_l2_reg[1][1]/D (clocked by sys_clk_pin). Large setup violations at the end of those stages might be difficult to fix during the post-placement implementation flow and could be the result of non-optimal XDC constraints or non-optimal design architecture
Related violations: <none>

TIMING-16#836 Warning
Large setup violation  
There is a large setup violation of -2.274 ns between dut/A0_m_reg[0][24]/C (clocked by sys_clk_pin) and dut/SS_00/m_p_reg[0][0][0]/D (clocked by sys_clk_pin). Large setup violations at the end of those stages might be difficult to fix during the post-placement implementation flow and could be the result of non-optimal XDC constraints or non-optimal design architecture
Related violations: <none>

TIMING-16#837 Warning
Large setup violation  
There is a large setup violation of -2.276 ns between dut/A0_m_reg[0][26]/C (clocked by sys_clk_pin) and dut/SS_00/m_p_reg[0][5][1]/D (clocked by sys_clk_pin). Large setup violations at the end of those stages might be difficult to fix during the post-placement implementation flow and could be the result of non-optimal XDC constraints or non-optimal design architecture
Related violations: <none>

TIMING-16#838 Warning
Large setup violation  
There is a large setup violation of -2.277 ns between dut/B0_m_reg[0][18]/C (clocked by sys_clk_pin) and dut/SS_00/m_p_reg[0][3][0]/D (clocked by sys_clk_pin). Large setup violations at the end of those stages might be difficult to fix during the post-placement implementation flow and could be the result of non-optimal XDC constraints or non-optimal design architecture
Related violations: <none>

TIMING-16#839 Warning
Large setup violation  
There is a large setup violation of -2.279 ns between dut/B0_m_reg[0][16]/C (clocked by sys_clk_pin) and dut/SS_00/m_p_reg[0][2][7]/D (clocked by sys_clk_pin). Large setup violations at the end of those stages might be difficult to fix during the post-placement implementation flow and could be the result of non-optimal XDC constraints or non-optimal design architecture
Related violations: <none>

TIMING-16#840 Warning
Large setup violation  
There is a large setup violation of -2.281 ns between dut/A0_m_reg[0][26]/C (clocked by sys_clk_pin) and dut/SS_00/m_p_reg[0][4][6]/D (clocked by sys_clk_pin). Large setup violations at the end of those stages might be difficult to fix during the post-placement implementation flow and could be the result of non-optimal XDC constraints or non-optimal design architecture
Related violations: <none>

TIMING-16#841 Warning
Large setup violation  
There is a large setup violation of -2.284 ns between dut/B0_m_reg[0][16]/C (clocked by sys_clk_pin) and dut/SS_00/m_p_reg[0][3][6]/D (clocked by sys_clk_pin). Large setup violations at the end of those stages might be difficult to fix during the post-placement implementation flow and could be the result of non-optimal XDC constraints or non-optimal design architecture
Related violations: <none>

TIMING-16#842 Warning
Large setup violation  
There is a large setup violation of -2.285 ns between dut/AaB0[1].SS/c_m1_r_reg[1][6]/C (clocked by sys_clk_pin) and dut/AB_m_a0_r_reg[0][2][1]/D (clocked by sys_clk_pin). Large setup violations at the end of those stages might be difficult to fix during the post-placement implementation flow and could be the result of non-optimal XDC constraints or non-optimal design architecture
Related violations: <none>

TIMING-16#843 Warning
Large setup violation  
There is a large setup violation of -2.287 ns between dut/A0Bb[2].SS/c_m1_r_reg[0][4]/C (clocked by sys_clk_pin) and dut/AB_m_0b_r_reg[1][2][0]/D (clocked by sys_clk_pin). Large setup violations at the end of those stages might be difficult to fix during the post-placement implementation flow and could be the result of non-optimal XDC constraints or non-optimal design architecture
Related violations: <none>

TIMING-16#844 Warning
Large setup violation  
There is a large setup violation of -2.287 ns between dut/A0_m_reg[0][24]/C (clocked by sys_clk_pin) and dut/SS_00/m_p_reg[0][0][3]/D (clocked by sys_clk_pin). Large setup violations at the end of those stages might be difficult to fix during the post-placement implementation flow and could be the result of non-optimal XDC constraints or non-optimal design architecture
Related violations: <none>

TIMING-16#845 Warning
Large setup violation  
There is a large setup violation of -2.289 ns between dut/B0_m_reg[0][16]/C (clocked by sys_clk_pin) and dut/SS_00/m_p_reg[0][3][1]/D (clocked by sys_clk_pin). Large setup violations at the end of those stages might be difficult to fix during the post-placement implementation flow and could be the result of non-optimal XDC constraints or non-optimal design architecture
Related violations: <none>

TIMING-16#846 Warning
Large setup violation  
There is a large setup violation of -2.290 ns between dut/AaB0[1].SS/c_m1_r_reg[1][6]/C (clocked by sys_clk_pin) and dut/AB_m_a0_r_reg[0][2][4]/D (clocked by sys_clk_pin). Large setup violations at the end of those stages might be difficult to fix during the post-placement implementation flow and could be the result of non-optimal XDC constraints or non-optimal design architecture
Related violations: <none>

TIMING-16#847 Warning
Large setup violation  
There is a large setup violation of -2.290 ns between dut/B0_m_reg[0][16]/C (clocked by sys_clk_pin) and dut/SS_00/m_p_reg[0][2][1]/D (clocked by sys_clk_pin). Large setup violations at the end of those stages might be difficult to fix during the post-placement implementation flow and could be the result of non-optimal XDC constraints or non-optimal design architecture
Related violations: <none>

TIMING-16#848 Warning
Large setup violation  
There is a large setup violation of -2.290 ns between dut/B0_m_reg[0][16]/C (clocked by sys_clk_pin) and dut/SS_00/m_p_reg[0][3][3]/D (clocked by sys_clk_pin). Large setup violations at the end of those stages might be difficult to fix during the post-placement implementation flow and could be the result of non-optimal XDC constraints or non-optimal design architecture
Related violations: <none>

TIMING-16#849 Warning
Large setup violation  
There is a large setup violation of -2.291 ns between dut/AB_m_1_reg[0][5]/C (clocked by sys_clk_pin) and dut/merge1/m2_reg[0][3]/D (clocked by sys_clk_pin). Large setup violations at the end of those stages might be difficult to fix during the post-placement implementation flow and could be the result of non-optimal XDC constraints or non-optimal design architecture
Related violations: <none>

TIMING-16#850 Warning
Large setup violation  
There is a large setup violation of -2.294 ns between dut/A0Bb[1].SS/c_m1_r_reg[1][7]/C (clocked by sys_clk_pin) and dut/AB_m_0b_r_reg[0][2][2]/D (clocked by sys_clk_pin). Large setup violations at the end of those stages might be difficult to fix during the post-placement implementation flow and could be the result of non-optimal XDC constraints or non-optimal design architecture
Related violations: <none>

TIMING-16#851 Warning
Large setup violation  
There is a large setup violation of -2.306 ns between dut/A0Bb[2].SS/c_m1_r_reg[0][4]/C (clocked by sys_clk_pin) and dut/AB_m_0b_r_reg[1][3][3]/D (clocked by sys_clk_pin). Large setup violations at the end of those stages might be difficult to fix during the post-placement implementation flow and could be the result of non-optimal XDC constraints or non-optimal design architecture
Related violations: <none>

TIMING-16#852 Warning
Large setup violation  
There is a large setup violation of -2.308 ns between dut/A0Bb[2].SS/c_m1_r_reg[0][4]/C (clocked by sys_clk_pin) and dut/AB_m_0b_r_reg[1][3][1]/D (clocked by sys_clk_pin). Large setup violations at the end of those stages might be difficult to fix during the post-placement implementation flow and could be the result of non-optimal XDC constraints or non-optimal design architecture
Related violations: <none>

TIMING-16#853 Warning
Large setup violation  
There is a large setup violation of -2.308 ns between dut/A0_m_reg[0][24]/C (clocked by sys_clk_pin) and dut/SS_00/idx_p_reg[0][0][0]/D (clocked by sys_clk_pin). Large setup violations at the end of those stages might be difficult to fix during the post-placement implementation flow and could be the result of non-optimal XDC constraints or non-optimal design architecture
Related violations: <none>

TIMING-16#854 Warning
Large setup violation  
There is a large setup violation of -2.309 ns between dut/B0_m_reg[0][16]/C (clocked by sys_clk_pin) and dut/SS_00/m_p_reg[0][2][8]/D (clocked by sys_clk_pin). Large setup violations at the end of those stages might be difficult to fix during the post-placement implementation flow and could be the result of non-optimal XDC constraints or non-optimal design architecture
Related violations: <none>

TIMING-16#855 Warning
Large setup violation  
There is a large setup violation of -2.311 ns between dut/A0_m_reg[0][24]/C (clocked by sys_clk_pin) and dut/SS_00/m_p_reg[0][0][4]/D (clocked by sys_clk_pin). Large setup violations at the end of those stages might be difficult to fix during the post-placement implementation flow and could be the result of non-optimal XDC constraints or non-optimal design architecture
Related violations: <none>

TIMING-16#856 Warning
Large setup violation  
There is a large setup violation of -2.313 ns between dut/A0_m_reg[0][24]/C (clocked by sys_clk_pin) and dut/SS_00/m_p_reg[0][1][6]/D (clocked by sys_clk_pin). Large setup violations at the end of those stages might be difficult to fix during the post-placement implementation flow and could be the result of non-optimal XDC constraints or non-optimal design architecture
Related violations: <none>

TIMING-16#857 Warning
Large setup violation  
There is a large setup violation of -2.315 ns between dut/A0_m_reg[0][24]/C (clocked by sys_clk_pin) and dut/SS_00/m_p_reg[0][1][1]/D (clocked by sys_clk_pin). Large setup violations at the end of those stages might be difficult to fix during the post-placement implementation flow and could be the result of non-optimal XDC constraints or non-optimal design architecture
Related violations: <none>

TIMING-16#858 Warning
Large setup violation  
There is a large setup violation of -2.316 ns between dut/AaB0[2].SS/c_m1_r_reg[1][1]/C (clocked by sys_clk_pin) and dut/AB_m_a0_r_reg[1][2][1]/D (clocked by sys_clk_pin). Large setup violations at the end of those stages might be difficult to fix during the post-placement implementation flow and could be the result of non-optimal XDC constraints or non-optimal design architecture
Related violations: <none>

TIMING-16#859 Warning
Large setup violation  
There is a large setup violation of -2.322 ns between dut/AB_m_1_reg[0][5]/C (clocked by sys_clk_pin) and dut/merge1/idx_l2_reg[2][2]/D (clocked by sys_clk_pin). Large setup violations at the end of those stages might be difficult to fix during the post-placement implementation flow and could be the result of non-optimal XDC constraints or non-optimal design architecture
Related violations: <none>

TIMING-16#860 Warning
Large setup violation  
There is a large setup violation of -2.322 ns between dut/AaB0[1].SS/c_m1_r_reg[1][6]/C (clocked by sys_clk_pin) and dut/AB_m_a0_r_reg[0][2][7]/D (clocked by sys_clk_pin). Large setup violations at the end of those stages might be difficult to fix during the post-placement implementation flow and could be the result of non-optimal XDC constraints or non-optimal design architecture
Related violations: <none>

TIMING-16#861 Warning
Large setup violation  
There is a large setup violation of -2.324 ns between dut/SS_11/c_m1_r_reg[0][2]/C (clocked by sys_clk_pin) and dut/AB_m_11_r_reg[3][0]/D (clocked by sys_clk_pin). Large setup violations at the end of those stages might be difficult to fix during the post-placement implementation flow and could be the result of non-optimal XDC constraints or non-optimal design architecture
Related violations: <none>

TIMING-16#862 Warning
Large setup violation  
There is a large setup violation of -2.326 ns between dut/A0_m_reg[0][26]/C (clocked by sys_clk_pin) and dut/SS_00/m_p_reg[0][5][6]/D (clocked by sys_clk_pin). Large setup violations at the end of those stages might be difficult to fix during the post-placement implementation flow and could be the result of non-optimal XDC constraints or non-optimal design architecture
Related violations: <none>

TIMING-16#863 Warning
Large setup violation  
There is a large setup violation of -2.330 ns between dut/AaB0[1].SS/c_m1_r_reg[1][6]/C (clocked by sys_clk_pin) and dut/AB_m_a0_r_reg[0][3][0]/D (clocked by sys_clk_pin). Large setup violations at the end of those stages might be difficult to fix during the post-placement implementation flow and could be the result of non-optimal XDC constraints or non-optimal design architecture
Related violations: <none>

TIMING-16#864 Warning
Large setup violation  
There is a large setup violation of -2.330 ns between dut/B0_m_reg[0][16]/C (clocked by sys_clk_pin) and dut/SS_00/m_p_reg[0][2][5]/D (clocked by sys_clk_pin). Large setup violations at the end of those stages might be difficult to fix during the post-placement implementation flow and could be the result of non-optimal XDC constraints or non-optimal design architecture
Related violations: <none>

TIMING-16#865 Warning
Large setup violation  
There is a large setup violation of -2.330 ns between dut/B0_m_reg[0][16]/C (clocked by sys_clk_pin) and dut/SS_00/m_p_reg[0][2][6]/D (clocked by sys_clk_pin). Large setup violations at the end of those stages might be difficult to fix during the post-placement implementation flow and could be the result of non-optimal XDC constraints or non-optimal design architecture
Related violations: <none>

TIMING-16#866 Warning
Large setup violation  
There is a large setup violation of -2.330 ns between dut/B0_m_reg[0][16]/C (clocked by sys_clk_pin) and dut/SS_00/m_p_reg[0][3][2]/D (clocked by sys_clk_pin). Large setup violations at the end of those stages might be difficult to fix during the post-placement implementation flow and could be the result of non-optimal XDC constraints or non-optimal design architecture
Related violations: <none>

TIMING-16#867 Warning
Large setup violation  
There is a large setup violation of -2.336 ns between dut/AB_m_1_reg[0][5]/C (clocked by sys_clk_pin) and dut/merge1/m2_reg[0][7]/D (clocked by sys_clk_pin). Large setup violations at the end of those stages might be difficult to fix during the post-placement implementation flow and could be the result of non-optimal XDC constraints or non-optimal design architecture
Related violations: <none>

TIMING-16#868 Warning
Large setup violation  
There is a large setup violation of -2.347 ns between dut/B0_m_reg[0][16]/C (clocked by sys_clk_pin) and dut/SS_00/m_p_reg[0][2][3]/D (clocked by sys_clk_pin). Large setup violations at the end of those stages might be difficult to fix during the post-placement implementation flow and could be the result of non-optimal XDC constraints or non-optimal design architecture
Related violations: <none>

TIMING-16#869 Warning
Large setup violation  
There is a large setup violation of -2.351 ns between dut/A0_m_reg[0][26]/C (clocked by sys_clk_pin) and dut/SS_00/m_p_reg[0][5][0]/D (clocked by sys_clk_pin). Large setup violations at the end of those stages might be difficult to fix during the post-placement implementation flow and could be the result of non-optimal XDC constraints or non-optimal design architecture
Related violations: <none>

TIMING-16#870 Warning
Large setup violation  
There is a large setup violation of -2.352 ns between dut/B0_m_reg[0][16]/C (clocked by sys_clk_pin) and dut/SS_00/m_p_reg[0][2][2]/D (clocked by sys_clk_pin). Large setup violations at the end of those stages might be difficult to fix during the post-placement implementation flow and could be the result of non-optimal XDC constraints or non-optimal design architecture
Related violations: <none>

TIMING-16#871 Warning
Large setup violation  
There is a large setup violation of -2.356 ns between dut/A0_m_reg[0][26]/C (clocked by sys_clk_pin) and dut/SS_00/m_p_reg[0][4][1]/D (clocked by sys_clk_pin). Large setup violations at the end of those stages might be difficult to fix during the post-placement implementation flow and could be the result of non-optimal XDC constraints or non-optimal design architecture
Related violations: <none>

TIMING-16#872 Warning
Large setup violation  
There is a large setup violation of -2.363 ns between dut/A0_m_reg[0][26]/C (clocked by sys_clk_pin) and dut/SS_00/idx_p_reg[0][4][0]/D (clocked by sys_clk_pin). Large setup violations at the end of those stages might be difficult to fix during the post-placement implementation flow and could be the result of non-optimal XDC constraints or non-optimal design architecture
Related violations: <none>

TIMING-16#873 Warning
Large setup violation  
There is a large setup violation of -2.365 ns between dut/AaB0[2].SS/c_m1_r_reg[1][1]/C (clocked by sys_clk_pin) and dut/AB_m_a0_r_reg[1][3][7]/D (clocked by sys_clk_pin). Large setup violations at the end of those stages might be difficult to fix during the post-placement implementation flow and could be the result of non-optimal XDC constraints or non-optimal design architecture
Related violations: <none>

TIMING-16#874 Warning
Large setup violation  
There is a large setup violation of -2.367 ns between dut/A0Bb[2].SS/c_m1_r_reg[0][4]/C (clocked by sys_clk_pin) and dut/AB_m_0b_r_reg[1][2][1]/D (clocked by sys_clk_pin). Large setup violations at the end of those stages might be difficult to fix during the post-placement implementation flow and could be the result of non-optimal XDC constraints or non-optimal design architecture
Related violations: <none>

TIMING-16#875 Warning
Large setup violation  
There is a large setup violation of -2.367 ns between dut/SS_11/c_m1_r_reg[0][2]/C (clocked by sys_clk_pin) and dut/AB_m_11_r_reg[3][2]/D (clocked by sys_clk_pin). Large setup violations at the end of those stages might be difficult to fix during the post-placement implementation flow and could be the result of non-optimal XDC constraints or non-optimal design architecture
Related violations: <none>

TIMING-16#876 Warning
Large setup violation  
There is a large setup violation of -2.370 ns between dut/A0Bb[1].SS/c_m1_r_reg[1][7]/C (clocked by sys_clk_pin) and dut/AB_m_0b_r_reg[0][2][6]/D (clocked by sys_clk_pin). Large setup violations at the end of those stages might be difficult to fix during the post-placement implementation flow and could be the result of non-optimal XDC constraints or non-optimal design architecture
Related violations: <none>

TIMING-16#877 Warning
Large setup violation  
There is a large setup violation of -2.370 ns between dut/AaB0[2].SS/c_m1_r_reg[1][1]/C (clocked by sys_clk_pin) and dut/AB_m_a0_r_reg[1][3][5]/D (clocked by sys_clk_pin). Large setup violations at the end of those stages might be difficult to fix during the post-placement implementation flow and could be the result of non-optimal XDC constraints or non-optimal design architecture
Related violations: <none>

TIMING-16#878 Warning
Large setup violation  
There is a large setup violation of -2.372 ns between dut/AB_m_1_reg[0][5]/C (clocked by sys_clk_pin) and dut/merge1/m2_reg[0][2]/D (clocked by sys_clk_pin). Large setup violations at the end of those stages might be difficult to fix during the post-placement implementation flow and could be the result of non-optimal XDC constraints or non-optimal design architecture
Related violations: <none>

TIMING-16#879 Warning
Large setup violation  
There is a large setup violation of -2.374 ns between dut/AB_m_1_reg[0][5]/C (clocked by sys_clk_pin) and dut/merge1/m2_reg[0][4]/D (clocked by sys_clk_pin). Large setup violations at the end of those stages might be difficult to fix during the post-placement implementation flow and could be the result of non-optimal XDC constraints or non-optimal design architecture
Related violations: <none>

TIMING-16#880 Warning
Large setup violation  
There is a large setup violation of -2.375 ns between dut/AaB0[2].SS/c_m1_r_reg[1][1]/C (clocked by sys_clk_pin) and dut/AB_m_a0_r_reg[1][3][4]/D (clocked by sys_clk_pin). Large setup violations at the end of those stages might be difficult to fix during the post-placement implementation flow and could be the result of non-optimal XDC constraints or non-optimal design architecture
Related violations: <none>

TIMING-16#881 Warning
Large setup violation  
There is a large setup violation of -2.376 ns between dut/AB_m_1_reg[0][5]/C (clocked by sys_clk_pin) and dut/merge1/m2_reg[0][6]/D (clocked by sys_clk_pin). Large setup violations at the end of those stages might be difficult to fix during the post-placement implementation flow and could be the result of non-optimal XDC constraints or non-optimal design architecture
Related violations: <none>

TIMING-16#882 Warning
Large setup violation  
There is a large setup violation of -2.377 ns between dut/AaB0[2].SS/c_m1_r_reg[1][1]/C (clocked by sys_clk_pin) and dut/AB_m_a0_r_reg[1][3][6]/D (clocked by sys_clk_pin). Large setup violations at the end of those stages might be difficult to fix during the post-placement implementation flow and could be the result of non-optimal XDC constraints or non-optimal design architecture
Related violations: <none>

TIMING-16#883 Warning
Large setup violation  
There is a large setup violation of -2.380 ns between dut/AB_m_1_reg[0][5]/C (clocked by sys_clk_pin) and dut/merge1/m2_reg[0][0]/D (clocked by sys_clk_pin). Large setup violations at the end of those stages might be difficult to fix during the post-placement implementation flow and could be the result of non-optimal XDC constraints or non-optimal design architecture
Related violations: <none>

TIMING-16#884 Warning
Large setup violation  
There is a large setup violation of -2.381 ns between dut/A0_m_reg[0][24]/C (clocked by sys_clk_pin) and dut/SS_00/m_p_reg[0][1][4]/D (clocked by sys_clk_pin). Large setup violations at the end of those stages might be difficult to fix during the post-placement implementation flow and could be the result of non-optimal XDC constraints or non-optimal design architecture
Related violations: <none>

TIMING-16#885 Warning
Large setup violation  
There is a large setup violation of -2.394 ns between dut/SS_11/c_m1_r_reg[0][2]/C (clocked by sys_clk_pin) and dut/AB_m_11_r_reg[2][7]/D (clocked by sys_clk_pin). Large setup violations at the end of those stages might be difficult to fix during the post-placement implementation flow and could be the result of non-optimal XDC constraints or non-optimal design architecture
Related violations: <none>

TIMING-16#886 Warning
Large setup violation  
There is a large setup violation of -2.396 ns between dut/A0Bb[2].SS/c_m1_r_reg[0][4]/C (clocked by sys_clk_pin) and dut/AB_m_0b_r_reg[1][2][3]/D (clocked by sys_clk_pin). Large setup violations at the end of those stages might be difficult to fix during the post-placement implementation flow and could be the result of non-optimal XDC constraints or non-optimal design architecture
Related violations: <none>

TIMING-16#887 Warning
Large setup violation  
There is a large setup violation of -2.401 ns between dut/A0_m_reg[0][26]/C (clocked by sys_clk_pin) and dut/SS_00/m_p_reg[0][5][3]/D (clocked by sys_clk_pin). Large setup violations at the end of those stages might be difficult to fix during the post-placement implementation flow and could be the result of non-optimal XDC constraints or non-optimal design architecture
Related violations: <none>

TIMING-16#888 Warning
Large setup violation  
There is a large setup violation of -2.403 ns between dut/A0_m_reg[0][26]/C (clocked by sys_clk_pin) and dut/SS_00/m_p_reg[0][4][3]/D (clocked by sys_clk_pin). Large setup violations at the end of those stages might be difficult to fix during the post-placement implementation flow and could be the result of non-optimal XDC constraints or non-optimal design architecture
Related violations: <none>

TIMING-16#889 Warning
Large setup violation  
There is a large setup violation of -2.422 ns between dut/A0Bb[1].SS/c_m1_r_reg[1][7]/C (clocked by sys_clk_pin) and dut/AB_m_0b_r_reg[0][2][7]/D (clocked by sys_clk_pin). Large setup violations at the end of those stages might be difficult to fix during the post-placement implementation flow and could be the result of non-optimal XDC constraints or non-optimal design architecture
Related violations: <none>

TIMING-16#890 Warning
Large setup violation  
There is a large setup violation of -2.428 ns between dut/A0Bb[1].SS/c_m1_r_reg[1][7]/C (clocked by sys_clk_pin) and dut/AB_m_0b_r_reg[0][2][0]/D (clocked by sys_clk_pin). Large setup violations at the end of those stages might be difficult to fix during the post-placement implementation flow and could be the result of non-optimal XDC constraints or non-optimal design architecture
Related violations: <none>

TIMING-16#891 Warning
Large setup violation  
There is a large setup violation of -2.432 ns between dut/A0Bb[2].SS/c_m1_r_reg[0][4]/C (clocked by sys_clk_pin) and dut/AB_m_0b_r_reg[1][3][4]/D (clocked by sys_clk_pin). Large setup violations at the end of those stages might be difficult to fix during the post-placement implementation flow and could be the result of non-optimal XDC constraints or non-optimal design architecture
Related violations: <none>

TIMING-16#892 Warning
Large setup violation  
There is a large setup violation of -2.433 ns between dut/A0Bb[2].SS/c_m1_r_reg[0][4]/C (clocked by sys_clk_pin) and dut/AB_m_0b_r_reg[1][3][2]/D (clocked by sys_clk_pin). Large setup violations at the end of those stages might be difficult to fix during the post-placement implementation flow and could be the result of non-optimal XDC constraints or non-optimal design architecture
Related violations: <none>

TIMING-16#893 Warning
Large setup violation  
There is a large setup violation of -2.433 ns between dut/A0Bb[2].SS/c_m1_r_reg[0][4]/C (clocked by sys_clk_pin) and dut/AB_m_0b_r_reg[1][3][5]/D (clocked by sys_clk_pin). Large setup violations at the end of those stages might be difficult to fix during the post-placement implementation flow and could be the result of non-optimal XDC constraints or non-optimal design architecture
Related violations: <none>

TIMING-16#894 Warning
Large setup violation  
There is a large setup violation of -2.435 ns between dut/AaB0[2].SS/c_m1_r_reg[1][1]/C (clocked by sys_clk_pin) and dut/AB_m_a0_r_reg[1][2][2]/D (clocked by sys_clk_pin). Large setup violations at the end of those stages might be difficult to fix during the post-placement implementation flow and could be the result of non-optimal XDC constraints or non-optimal design architecture
Related violations: <none>

TIMING-16#895 Warning
Large setup violation  
There is a large setup violation of -2.436 ns between dut/A0Bb[2].SS/c_m1_r_reg[0][4]/C (clocked by sys_clk_pin) and dut/AB_m_0b_r_reg[1][3][7]/D (clocked by sys_clk_pin). Large setup violations at the end of those stages might be difficult to fix during the post-placement implementation flow and could be the result of non-optimal XDC constraints or non-optimal design architecture
Related violations: <none>

TIMING-16#896 Warning
Large setup violation  
There is a large setup violation of -2.439 ns between dut/AB_m_2_reg[2][1]/C (clocked by sys_clk_pin) and dut/merge1/idx_l2_reg[1][0]/D (clocked by sys_clk_pin). Large setup violations at the end of those stages might be difficult to fix during the post-placement implementation flow and could be the result of non-optimal XDC constraints or non-optimal design architecture
Related violations: <none>

TIMING-16#897 Warning
Large setup violation  
There is a large setup violation of -2.440 ns between dut/AB_m_1_reg[0][5]/C (clocked by sys_clk_pin) and dut/merge1/idx_l2_reg[0][2]/D (clocked by sys_clk_pin). Large setup violations at the end of those stages might be difficult to fix during the post-placement implementation flow and could be the result of non-optimal XDC constraints or non-optimal design architecture
Related violations: <none>

TIMING-16#898 Warning
Large setup violation  
There is a large setup violation of -2.442 ns between dut/A0Bb[2].SS/c_m1_r_reg[0][4]/C (clocked by sys_clk_pin) and dut/AB_m_0b_r_reg[1][3][6]/D (clocked by sys_clk_pin). Large setup violations at the end of those stages might be difficult to fix during the post-placement implementation flow and could be the result of non-optimal XDC constraints or non-optimal design architecture
Related violations: <none>

TIMING-16#899 Warning
Large setup violation  
There is a large setup violation of -2.452 ns between dut/AB_m_2_reg[2][1]/C (clocked by sys_clk_pin) and dut/merge1/m2_reg[1][3]_replica/D (clocked by sys_clk_pin). Large setup violations at the end of those stages might be difficult to fix during the post-placement implementation flow and could be the result of non-optimal XDC constraints or non-optimal design architecture
Related violations: <none>

TIMING-16#900 Warning
Large setup violation  
There is a large setup violation of -2.453 ns between dut/SS_11/c_m1_r_reg[0][2]/C (clocked by sys_clk_pin) and dut/AB_m_11_r_reg[3][6]/D (clocked by sys_clk_pin). Large setup violations at the end of those stages might be difficult to fix during the post-placement implementation flow and could be the result of non-optimal XDC constraints or non-optimal design architecture
Related violations: <none>

TIMING-16#901 Warning
Large setup violation  
There is a large setup violation of -2.458 ns between dut/A0Bb[2].SS/c_m1_r_reg[0][4]/C (clocked by sys_clk_pin) and dut/AB_m_0b_r_reg[1][3][0]/D (clocked by sys_clk_pin). Large setup violations at the end of those stages might be difficult to fix during the post-placement implementation flow and could be the result of non-optimal XDC constraints or non-optimal design architecture
Related violations: <none>

TIMING-16#902 Warning
Large setup violation  
There is a large setup violation of -2.459 ns between dut/AB_m_1_reg[0][5]/C (clocked by sys_clk_pin) and dut/merge1/idx_l2_reg[0][1]/D (clocked by sys_clk_pin). Large setup violations at the end of those stages might be difficult to fix during the post-placement implementation flow and could be the result of non-optimal XDC constraints or non-optimal design architecture
Related violations: <none>

TIMING-16#903 Warning
Large setup violation  
There is a large setup violation of -2.470 ns between dut/A0Bb[1].SS/c_m1_r_reg[1][7]/C (clocked by sys_clk_pin) and dut/AB_m_0b_r_reg[0][2][0]/S (clocked by sys_clk_pin). Large setup violations at the end of those stages might be difficult to fix during the post-placement implementation flow and could be the result of non-optimal XDC constraints or non-optimal design architecture
Related violations: <none>

TIMING-16#904 Warning
Large setup violation  
There is a large setup violation of -2.470 ns between dut/A0Bb[1].SS/c_m1_r_reg[1][7]/C (clocked by sys_clk_pin) and dut/AB_m_0b_r_reg[0][2][1]/S (clocked by sys_clk_pin). Large setup violations at the end of those stages might be difficult to fix during the post-placement implementation flow and could be the result of non-optimal XDC constraints or non-optimal design architecture
Related violations: <none>

TIMING-16#905 Warning
Large setup violation  
There is a large setup violation of -2.470 ns between dut/A0Bb[1].SS/c_m1_r_reg[1][7]/C (clocked by sys_clk_pin) and dut/AB_m_0b_r_reg[0][2][2]/S (clocked by sys_clk_pin). Large setup violations at the end of those stages might be difficult to fix during the post-placement implementation flow and could be the result of non-optimal XDC constraints or non-optimal design architecture
Related violations: <none>

TIMING-16#906 Warning
Large setup violation  
There is a large setup violation of -2.470 ns between dut/A0Bb[1].SS/c_m1_r_reg[1][7]/C (clocked by sys_clk_pin) and dut/AB_m_0b_r_reg[0][2][4]/S (clocked by sys_clk_pin). Large setup violations at the end of those stages might be difficult to fix during the post-placement implementation flow and could be the result of non-optimal XDC constraints or non-optimal design architecture
Related violations: <none>

TIMING-16#907 Warning
Large setup violation  
There is a large setup violation of -2.470 ns between dut/A0Bb[1].SS/c_m1_r_reg[1][7]/C (clocked by sys_clk_pin) and dut/AB_m_0b_r_reg[0][2][5]/S (clocked by sys_clk_pin). Large setup violations at the end of those stages might be difficult to fix during the post-placement implementation flow and could be the result of non-optimal XDC constraints or non-optimal design architecture
Related violations: <none>

TIMING-16#908 Warning
Large setup violation  
There is a large setup violation of -2.470 ns between dut/A0Bb[1].SS/c_m1_r_reg[1][7]/C (clocked by sys_clk_pin) and dut/AB_m_0b_r_reg[0][2][6]/S (clocked by sys_clk_pin). Large setup violations at the end of those stages might be difficult to fix during the post-placement implementation flow and could be the result of non-optimal XDC constraints or non-optimal design architecture
Related violations: <none>

TIMING-16#909 Warning
Large setup violation  
There is a large setup violation of -2.470 ns between dut/A0Bb[1].SS/c_m1_r_reg[1][7]/C (clocked by sys_clk_pin) and dut/AB_m_0b_r_reg[0][2][7]/S (clocked by sys_clk_pin). Large setup violations at the end of those stages might be difficult to fix during the post-placement implementation flow and could be the result of non-optimal XDC constraints or non-optimal design architecture
Related violations: <none>

TIMING-16#910 Warning
Large setup violation  
There is a large setup violation of -2.472 ns between dut/AaB0[1].SS/c_m1_r_reg[1][6]/C (clocked by sys_clk_pin) and dut/AB_m_a0_r_reg[0][2][3]/D (clocked by sys_clk_pin). Large setup violations at the end of those stages might be difficult to fix during the post-placement implementation flow and could be the result of non-optimal XDC constraints or non-optimal design architecture
Related violations: <none>

TIMING-16#911 Warning
Large setup violation  
There is a large setup violation of -2.479 ns between dut/AaB0[2].SS/c_m1_r_reg[1][1]/C (clocked by sys_clk_pin) and dut/AB_m_a0_r_reg[1][2][0]/D (clocked by sys_clk_pin). Large setup violations at the end of those stages might be difficult to fix during the post-placement implementation flow and could be the result of non-optimal XDC constraints or non-optimal design architecture
Related violations: <none>

TIMING-16#912 Warning
Large setup violation  
There is a large setup violation of -2.480 ns between dut/A0Bb[1].SS/c_m1_r_reg[1][7]/C (clocked by sys_clk_pin) and dut/AB_m_0b_r_reg[0][2][1]/D (clocked by sys_clk_pin). Large setup violations at the end of those stages might be difficult to fix during the post-placement implementation flow and could be the result of non-optimal XDC constraints or non-optimal design architecture
Related violations: <none>

TIMING-16#913 Warning
Large setup violation  
There is a large setup violation of -2.491 ns between dut/AB_m_2_reg[2][1]/C (clocked by sys_clk_pin) and dut/merge1/idx_l2_reg[3][0]/D (clocked by sys_clk_pin). Large setup violations at the end of those stages might be difficult to fix during the post-placement implementation flow and could be the result of non-optimal XDC constraints or non-optimal design architecture
Related violations: <none>

TIMING-16#914 Warning
Large setup violation  
There is a large setup violation of -2.503 ns between dut/AaB0[2].SS/c_m1_r_reg[1][1]/C (clocked by sys_clk_pin) and dut/AB_m_a0_r_reg[1][2][6]/D (clocked by sys_clk_pin). Large setup violations at the end of those stages might be difficult to fix during the post-placement implementation flow and could be the result of non-optimal XDC constraints or non-optimal design architecture
Related violations: <none>

TIMING-16#915 Warning
Large setup violation  
There is a large setup violation of -2.504 ns between dut/SS_11/c_m1_r_reg[0][2]/C (clocked by sys_clk_pin) and dut/AB_m_11_r_reg[2][2]/D (clocked by sys_clk_pin). Large setup violations at the end of those stages might be difficult to fix during the post-placement implementation flow and could be the result of non-optimal XDC constraints or non-optimal design architecture
Related violations: <none>

TIMING-16#916 Warning
Large setup violation  
There is a large setup violation of -2.507 ns between dut/AB_m_2_reg[2][1]/C (clocked by sys_clk_pin) and dut/merge1/m2_reg[1][3]/D (clocked by sys_clk_pin). Large setup violations at the end of those stages might be difficult to fix during the post-placement implementation flow and could be the result of non-optimal XDC constraints or non-optimal design architecture
Related violations: <none>

TIMING-16#917 Warning
Large setup violation  
There is a large setup violation of -2.525 ns between dut/AaB0[2].SS/c_m1_r_reg[1][1]/C (clocked by sys_clk_pin) and dut/AB_m_a0_r_reg[1][2][0]/S (clocked by sys_clk_pin). Large setup violations at the end of those stages might be difficult to fix during the post-placement implementation flow and could be the result of non-optimal XDC constraints or non-optimal design architecture
Related violations: <none>

TIMING-16#918 Warning
Large setup violation  
There is a large setup violation of -2.525 ns between dut/AaB0[2].SS/c_m1_r_reg[1][1]/C (clocked by sys_clk_pin) and dut/AB_m_a0_r_reg[1][2][1]/S (clocked by sys_clk_pin). Large setup violations at the end of those stages might be difficult to fix during the post-placement implementation flow and could be the result of non-optimal XDC constraints or non-optimal design architecture
Related violations: <none>

TIMING-16#919 Warning
Large setup violation  
There is a large setup violation of -2.539 ns between dut/A0Bb[1].SS/c_m1_r_reg[1][7]/C (clocked by sys_clk_pin) and dut/AB_m_0b_r_reg[0][3][0]/S (clocked by sys_clk_pin). Large setup violations at the end of those stages might be difficult to fix during the post-placement implementation flow and could be the result of non-optimal XDC constraints or non-optimal design architecture
Related violations: <none>

TIMING-16#920 Warning
Large setup violation  
There is a large setup violation of -2.539 ns between dut/A0Bb[1].SS/c_m1_r_reg[1][7]/C (clocked by sys_clk_pin) and dut/AB_m_0b_r_reg[0][3][1]/S (clocked by sys_clk_pin). Large setup violations at the end of those stages might be difficult to fix during the post-placement implementation flow and could be the result of non-optimal XDC constraints or non-optimal design architecture
Related violations: <none>

TIMING-16#921 Warning
Large setup violation  
There is a large setup violation of -2.539 ns between dut/A0Bb[1].SS/c_m1_r_reg[1][7]/C (clocked by sys_clk_pin) and dut/AB_m_0b_r_reg[0][3][2]/S (clocked by sys_clk_pin). Large setup violations at the end of those stages might be difficult to fix during the post-placement implementation flow and could be the result of non-optimal XDC constraints or non-optimal design architecture
Related violations: <none>

TIMING-16#922 Warning
Large setup violation  
There is a large setup violation of -2.548 ns between dut/A0Bb[1].SS/c_m1_r_reg[1][7]/C (clocked by sys_clk_pin) and dut/AB_m_0b_r_reg[0][3][3]/S (clocked by sys_clk_pin). Large setup violations at the end of those stages might be difficult to fix during the post-placement implementation flow and could be the result of non-optimal XDC constraints or non-optimal design architecture
Related violations: <none>

TIMING-16#923 Warning
Large setup violation  
There is a large setup violation of -2.548 ns between dut/A0Bb[1].SS/c_m1_r_reg[1][7]/C (clocked by sys_clk_pin) and dut/AB_m_0b_r_reg[0][3][6]/S (clocked by sys_clk_pin). Large setup violations at the end of those stages might be difficult to fix during the post-placement implementation flow and could be the result of non-optimal XDC constraints or non-optimal design architecture
Related violations: <none>

TIMING-16#924 Warning
Large setup violation  
There is a large setup violation of -2.548 ns between dut/A0Bb[1].SS/c_m1_r_reg[1][7]/C (clocked by sys_clk_pin) and dut/AB_m_0b_r_reg[0][3][7]/S (clocked by sys_clk_pin). Large setup violations at the end of those stages might be difficult to fix during the post-placement implementation flow and could be the result of non-optimal XDC constraints or non-optimal design architecture
Related violations: <none>

TIMING-16#925 Warning
Large setup violation  
There is a large setup violation of -2.550 ns between dut/AaB0[1].SS/c_m1_r_reg[1][6]/C (clocked by sys_clk_pin) and dut/AB_m_a0_r_reg[0][2][5]/D (clocked by sys_clk_pin). Large setup violations at the end of those stages might be difficult to fix during the post-placement implementation flow and could be the result of non-optimal XDC constraints or non-optimal design architecture
Related violations: <none>

TIMING-16#926 Warning
Large setup violation  
There is a large setup violation of -2.572 ns between dut/A0Bb[1].SS/c_m1_r_reg[1][7]/C (clocked by sys_clk_pin) and dut/AB_m_0b_r_reg[0][2][3]/S (clocked by sys_clk_pin). Large setup violations at the end of those stages might be difficult to fix during the post-placement implementation flow and could be the result of non-optimal XDC constraints or non-optimal design architecture
Related violations: <none>

TIMING-16#927 Warning
Large setup violation  
There is a large setup violation of -2.575 ns between dut/AB_m_1_reg[0][5]/C (clocked by sys_clk_pin) and dut/merge1/m2_reg[0][5]/D (clocked by sys_clk_pin). Large setup violations at the end of those stages might be difficult to fix during the post-placement implementation flow and could be the result of non-optimal XDC constraints or non-optimal design architecture
Related violations: <none>

TIMING-16#928 Warning
Large setup violation  
There is a large setup violation of -2.582 ns between dut/AaB0[2].SS/c_m1_r_reg[1][1]/C (clocked by sys_clk_pin) and dut/AB_m_a0_r_reg[1][2][2]/S (clocked by sys_clk_pin). Large setup violations at the end of those stages might be difficult to fix during the post-placement implementation flow and could be the result of non-optimal XDC constraints or non-optimal design architecture
Related violations: <none>

TIMING-16#929 Warning
Large setup violation  
There is a large setup violation of -2.582 ns between dut/AaB0[2].SS/c_m1_r_reg[1][1]/C (clocked by sys_clk_pin) and dut/AB_m_a0_r_reg[1][2][3]/S (clocked by sys_clk_pin). Large setup violations at the end of those stages might be difficult to fix during the post-placement implementation flow and could be the result of non-optimal XDC constraints or non-optimal design architecture
Related violations: <none>

TIMING-16#930 Warning
Large setup violation  
There is a large setup violation of -2.582 ns between dut/AaB0[2].SS/c_m1_r_reg[1][1]/C (clocked by sys_clk_pin) and dut/AB_m_a0_r_reg[1][2][4]/S (clocked by sys_clk_pin). Large setup violations at the end of those stages might be difficult to fix during the post-placement implementation flow and could be the result of non-optimal XDC constraints or non-optimal design architecture
Related violations: <none>

TIMING-16#931 Warning
Large setup violation  
There is a large setup violation of -2.582 ns between dut/AaB0[2].SS/c_m1_r_reg[1][1]/C (clocked by sys_clk_pin) and dut/AB_m_a0_r_reg[1][2][5]/S (clocked by sys_clk_pin). Large setup violations at the end of those stages might be difficult to fix during the post-placement implementation flow and could be the result of non-optimal XDC constraints or non-optimal design architecture
Related violations: <none>

TIMING-16#932 Warning
Large setup violation  
There is a large setup violation of -2.582 ns between dut/AaB0[2].SS/c_m1_r_reg[1][1]/C (clocked by sys_clk_pin) and dut/AB_m_a0_r_reg[1][2][6]/S (clocked by sys_clk_pin). Large setup violations at the end of those stages might be difficult to fix during the post-placement implementation flow and could be the result of non-optimal XDC constraints or non-optimal design architecture
Related violations: <none>

TIMING-16#933 Warning
Large setup violation  
There is a large setup violation of -2.595 ns between dut/AaB0[1].SS/c_m1_r_reg[1][6]/C (clocked by sys_clk_pin) and dut/AB_m_a0_r_reg[0][2][2]/D (clocked by sys_clk_pin). Large setup violations at the end of those stages might be difficult to fix during the post-placement implementation flow and could be the result of non-optimal XDC constraints or non-optimal design architecture
Related violations: <none>

TIMING-16#934 Warning
Large setup violation  
There is a large setup violation of -2.606 ns between dut/AaB0[1].SS/c_m1_r_reg[1][6]/C (clocked by sys_clk_pin) and dut/AB_m_a0_r_reg[0][2][0]/D (clocked by sys_clk_pin). Large setup violations at the end of those stages might be difficult to fix during the post-placement implementation flow and could be the result of non-optimal XDC constraints or non-optimal design architecture
Related violations: <none>

TIMING-16#935 Warning
Large setup violation  
There is a large setup violation of -2.616 ns between dut/A0Bb[1].SS/c_m1_r_reg[1][7]/C (clocked by sys_clk_pin) and dut/AB_m_0b_r_reg[0][3][4]/S (clocked by sys_clk_pin). Large setup violations at the end of those stages might be difficult to fix during the post-placement implementation flow and could be the result of non-optimal XDC constraints or non-optimal design architecture
Related violations: <none>

TIMING-16#936 Warning
Large setup violation  
There is a large setup violation of -2.618 ns between dut/AaB0[1].SS/c_m1_r_reg[1][6]/C (clocked by sys_clk_pin) and dut/AB_m_a0_r_reg[0][2][6]/D (clocked by sys_clk_pin). Large setup violations at the end of those stages might be difficult to fix during the post-placement implementation flow and could be the result of non-optimal XDC constraints or non-optimal design architecture
Related violations: <none>

TIMING-16#937 Warning
Large setup violation  
There is a large setup violation of -2.628 ns between dut/AaB0[2].SS/c_m1_r_reg[1][1]/C (clocked by sys_clk_pin) and dut/AB_m_a0_r_reg[1][3][3]/S (clocked by sys_clk_pin). Large setup violations at the end of those stages might be difficult to fix during the post-placement implementation flow and could be the result of non-optimal XDC constraints or non-optimal design architecture
Related violations: <none>

TIMING-16#938 Warning
Large setup violation  
There is a large setup violation of -2.637 ns between dut/SS_11/c_m1_r_reg[0][2]/C (clocked by sys_clk_pin) and dut/AB_m_11_r_reg[2][5]/D (clocked by sys_clk_pin). Large setup violations at the end of those stages might be difficult to fix during the post-placement implementation flow and could be the result of non-optimal XDC constraints or non-optimal design architecture
Related violations: <none>

TIMING-16#939 Warning
Large setup violation  
There is a large setup violation of -2.639 ns between dut/AaB0[2].SS/c_m1_r_reg[1][7]/C (clocked by sys_clk_pin) and dut/AB_m_a0_r_reg[1][3][0]/S (clocked by sys_clk_pin). Large setup violations at the end of those stages might be difficult to fix during the post-placement implementation flow and could be the result of non-optimal XDC constraints or non-optimal design architecture
Related violations: <none>

TIMING-16#940 Warning
Large setup violation  
There is a large setup violation of -2.643 ns between dut/AaB0[2].SS/c_m1_r_reg[1][7]/C (clocked by sys_clk_pin) and dut/AB_m_a0_r_reg[1][3][1]/S (clocked by sys_clk_pin). Large setup violations at the end of those stages might be difficult to fix during the post-placement implementation flow and could be the result of non-optimal XDC constraints or non-optimal design architecture
Related violations: <none>

TIMING-16#941 Warning
Large setup violation  
There is a large setup violation of -2.643 ns between dut/AaB0[2].SS/c_m1_r_reg[1][7]/C (clocked by sys_clk_pin) and dut/AB_m_a0_r_reg[1][3][2]/S (clocked by sys_clk_pin). Large setup violations at the end of those stages might be difficult to fix during the post-placement implementation flow and could be the result of non-optimal XDC constraints or non-optimal design architecture
Related violations: <none>

TIMING-16#942 Warning
Large setup violation  
There is a large setup violation of -2.649 ns between dut/AaB0[2].SS/c_m1_r_reg[1][1]/C (clocked by sys_clk_pin) and dut/AB_m_a0_r_reg[1][2][7]/S (clocked by sys_clk_pin). Large setup violations at the end of those stages might be difficult to fix during the post-placement implementation flow and could be the result of non-optimal XDC constraints or non-optimal design architecture
Related violations: <none>

TIMING-16#943 Warning
Large setup violation  
There is a large setup violation of -2.657 ns between dut/AB_m_1_reg[0][5]/C (clocked by sys_clk_pin) and dut/merge1/m2_reg[0][1]/D (clocked by sys_clk_pin). Large setup violations at the end of those stages might be difficult to fix during the post-placement implementation flow and could be the result of non-optimal XDC constraints or non-optimal design architecture
Related violations: <none>

TIMING-16#944 Warning
Large setup violation  
There is a large setup violation of -2.670 ns between dut/A0Bb[1].SS/c_m1_r_reg[1][1]/C (clocked by sys_clk_pin) and dut/AB_m_0b_r_reg[0][3][5]/S (clocked by sys_clk_pin). Large setup violations at the end of those stages might be difficult to fix during the post-placement implementation flow and could be the result of non-optimal XDC constraints or non-optimal design architecture
Related violations: <none>

TIMING-16#945 Warning
Large setup violation  
There is a large setup violation of -2.671 ns between dut/SS_11/c_m1_r_reg[0][2]/C (clocked by sys_clk_pin) and dut/AB_m_11_r_reg[2][0]/S (clocked by sys_clk_pin). Large setup violations at the end of those stages might be difficult to fix during the post-placement implementation flow and could be the result of non-optimal XDC constraints or non-optimal design architecture
Related violations: <none>

TIMING-16#946 Warning
Large setup violation  
There is a large setup violation of -2.671 ns between dut/SS_11/c_m1_r_reg[0][2]/C (clocked by sys_clk_pin) and dut/AB_m_11_r_reg[2][1]/S (clocked by sys_clk_pin). Large setup violations at the end of those stages might be difficult to fix during the post-placement implementation flow and could be the result of non-optimal XDC constraints or non-optimal design architecture
Related violations: <none>

TIMING-16#947 Warning
Large setup violation  
There is a large setup violation of -2.671 ns between dut/SS_11/c_m1_r_reg[0][2]/C (clocked by sys_clk_pin) and dut/AB_m_11_r_reg[2][2]/S (clocked by sys_clk_pin). Large setup violations at the end of those stages might be difficult to fix during the post-placement implementation flow and could be the result of non-optimal XDC constraints or non-optimal design architecture
Related violations: <none>

TIMING-16#948 Warning
Large setup violation  
There is a large setup violation of -2.671 ns between dut/SS_11/c_m1_r_reg[0][2]/C (clocked by sys_clk_pin) and dut/AB_m_11_r_reg[2][3]/S (clocked by sys_clk_pin). Large setup violations at the end of those stages might be difficult to fix during the post-placement implementation flow and could be the result of non-optimal XDC constraints or non-optimal design architecture
Related violations: <none>

TIMING-16#949 Warning
Large setup violation  
There is a large setup violation of -2.671 ns between dut/SS_11/c_m1_r_reg[0][2]/C (clocked by sys_clk_pin) and dut/AB_m_11_r_reg[2][5]/S (clocked by sys_clk_pin). Large setup violations at the end of those stages might be difficult to fix during the post-placement implementation flow and could be the result of non-optimal XDC constraints or non-optimal design architecture
Related violations: <none>

TIMING-16#950 Warning
Large setup violation  
There is a large setup violation of -2.671 ns between dut/SS_11/c_m1_r_reg[0][2]/C (clocked by sys_clk_pin) and dut/AB_m_11_r_reg[2][6]/S (clocked by sys_clk_pin). Large setup violations at the end of those stages might be difficult to fix during the post-placement implementation flow and could be the result of non-optimal XDC constraints or non-optimal design architecture
Related violations: <none>

TIMING-16#951 Warning
Large setup violation  
There is a large setup violation of -2.671 ns between dut/SS_11/c_m1_r_reg[0][2]/C (clocked by sys_clk_pin) and dut/AB_m_11_r_reg[2][7]/S (clocked by sys_clk_pin). Large setup violations at the end of those stages might be difficult to fix during the post-placement implementation flow and could be the result of non-optimal XDC constraints or non-optimal design architecture
Related violations: <none>

TIMING-16#952 Warning
Large setup violation  
There is a large setup violation of -2.677 ns between dut/A0Bb[2].SS/c_m1_r_reg[0][4]/C (clocked by sys_clk_pin) and dut/AB_m_0b_r_reg[1][2][6]/D (clocked by sys_clk_pin). Large setup violations at the end of those stages might be difficult to fix during the post-placement implementation flow and could be the result of non-optimal XDC constraints or non-optimal design architecture
Related violations: <none>

TIMING-16#953 Warning
Large setup violation  
There is a large setup violation of -2.679 ns between dut/SS_11/c_m1_r_reg[0][2]/C (clocked by sys_clk_pin) and dut/AB_m_11_r_reg[3][2]/S (clocked by sys_clk_pin). Large setup violations at the end of those stages might be difficult to fix during the post-placement implementation flow and could be the result of non-optimal XDC constraints or non-optimal design architecture
Related violations: <none>

TIMING-16#954 Warning
Large setup violation  
There is a large setup violation of -2.679 ns between dut/SS_11/c_m1_r_reg[0][2]/C (clocked by sys_clk_pin) and dut/AB_m_11_r_reg[3][6]/S (clocked by sys_clk_pin). Large setup violations at the end of those stages might be difficult to fix during the post-placement implementation flow and could be the result of non-optimal XDC constraints or non-optimal design architecture
Related violations: <none>

TIMING-16#955 Warning
Large setup violation  
There is a large setup violation of -2.685 ns between dut/A0Bb[2].SS/c_m1_r_reg[0][4]/C (clocked by sys_clk_pin) and dut/AB_m_0b_r_reg[1][3][0]/S (clocked by sys_clk_pin). Large setup violations at the end of those stages might be difficult to fix during the post-placement implementation flow and could be the result of non-optimal XDC constraints or non-optimal design architecture
Related violations: <none>

TIMING-16#956 Warning
Large setup violation  
There is a large setup violation of -2.685 ns between dut/SS_11/c_m1_r_reg[0][2]/C (clocked by sys_clk_pin) and dut/AB_m_11_r_reg[3][0]/S (clocked by sys_clk_pin). Large setup violations at the end of those stages might be difficult to fix during the post-placement implementation flow and could be the result of non-optimal XDC constraints or non-optimal design architecture
Related violations: <none>

TIMING-16#957 Warning
Large setup violation  
There is a large setup violation of -2.688 ns between dut/A0Bb[2].SS/c_m1_r_reg[0][4]/C (clocked by sys_clk_pin) and dut/AB_m_0b_r_reg[1][3][5]/S (clocked by sys_clk_pin). Large setup violations at the end of those stages might be difficult to fix during the post-placement implementation flow and could be the result of non-optimal XDC constraints or non-optimal design architecture
Related violations: <none>

TIMING-16#958 Warning
Large setup violation  
There is a large setup violation of -2.688 ns between dut/SS_11/c_m1_r_reg[0][2]/C (clocked by sys_clk_pin) and dut/AB_m_11_r_reg[3][1]/S (clocked by sys_clk_pin). Large setup violations at the end of those stages might be difficult to fix during the post-placement implementation flow and could be the result of non-optimal XDC constraints or non-optimal design architecture
Related violations: <none>

TIMING-16#959 Warning
Large setup violation  
There is a large setup violation of -2.688 ns between dut/SS_11/c_m1_r_reg[0][2]/C (clocked by sys_clk_pin) and dut/AB_m_11_r_reg[3][3]/S (clocked by sys_clk_pin). Large setup violations at the end of those stages might be difficult to fix during the post-placement implementation flow and could be the result of non-optimal XDC constraints or non-optimal design architecture
Related violations: <none>

TIMING-16#960 Warning
Large setup violation  
There is a large setup violation of -2.688 ns between dut/SS_11/c_m1_r_reg[0][2]/C (clocked by sys_clk_pin) and dut/AB_m_11_r_reg[3][4]/S (clocked by sys_clk_pin). Large setup violations at the end of those stages might be difficult to fix during the post-placement implementation flow and could be the result of non-optimal XDC constraints or non-optimal design architecture
Related violations: <none>

TIMING-16#961 Warning
Large setup violation  
There is a large setup violation of -2.726 ns between dut/SS_11/c_m1_r_reg[1][0]/C (clocked by sys_clk_pin) and dut/AB_m_11_r_reg[2][4]/S (clocked by sys_clk_pin). Large setup violations at the end of those stages might be difficult to fix during the post-placement implementation flow and could be the result of non-optimal XDC constraints or non-optimal design architecture
Related violations: <none>

TIMING-16#962 Warning
Large setup violation  
There is a large setup violation of -2.738 ns between dut/A0Bb[2].SS/c_m1_r_reg[1][4]/C (clocked by sys_clk_pin) and dut/AB_m_0b_r_reg[1][2][4]/D (clocked by sys_clk_pin). Large setup violations at the end of those stages might be difficult to fix during the post-placement implementation flow and could be the result of non-optimal XDC constraints or non-optimal design architecture
Related violations: <none>

TIMING-16#963 Warning
Large setup violation  
There is a large setup violation of -2.746 ns between dut/AaB0[2].SS/c_m1_r_reg[1][1]/C (clocked by sys_clk_pin) and dut/AB_m_a0_r_reg[1][3][4]/S (clocked by sys_clk_pin). Large setup violations at the end of those stages might be difficult to fix during the post-placement implementation flow and could be the result of non-optimal XDC constraints or non-optimal design architecture
Related violations: <none>

TIMING-16#964 Warning
Large setup violation  
There is a large setup violation of -2.746 ns between dut/AaB0[2].SS/c_m1_r_reg[1][1]/C (clocked by sys_clk_pin) and dut/AB_m_a0_r_reg[1][3][5]/S (clocked by sys_clk_pin). Large setup violations at the end of those stages might be difficult to fix during the post-placement implementation flow and could be the result of non-optimal XDC constraints or non-optimal design architecture
Related violations: <none>

TIMING-16#965 Warning
Large setup violation  
There is a large setup violation of -2.746 ns between dut/AaB0[2].SS/c_m1_r_reg[1][1]/C (clocked by sys_clk_pin) and dut/AB_m_a0_r_reg[1][3][6]/S (clocked by sys_clk_pin). Large setup violations at the end of those stages might be difficult to fix during the post-placement implementation flow and could be the result of non-optimal XDC constraints or non-optimal design architecture
Related violations: <none>

TIMING-16#966 Warning
Large setup violation  
There is a large setup violation of -2.746 ns between dut/AaB0[2].SS/c_m1_r_reg[1][1]/C (clocked by sys_clk_pin) and dut/AB_m_a0_r_reg[1][3][7]/S (clocked by sys_clk_pin). Large setup violations at the end of those stages might be difficult to fix during the post-placement implementation flow and could be the result of non-optimal XDC constraints or non-optimal design architecture
Related violations: <none>

TIMING-16#967 Warning
Large setup violation  
There is a large setup violation of -2.769 ns between dut/AaB0[1].SS/c_m1_r_reg[1][6]/C (clocked by sys_clk_pin) and dut/AB_m_a0_r_reg[0][3][2]/S (clocked by sys_clk_pin). Large setup violations at the end of those stages might be difficult to fix during the post-placement implementation flow and could be the result of non-optimal XDC constraints or non-optimal design architecture
Related violations: <none>

TIMING-16#968 Warning
Large setup violation  
There is a large setup violation of -2.769 ns between dut/AaB0[1].SS/c_m1_r_reg[1][6]/C (clocked by sys_clk_pin) and dut/AB_m_a0_r_reg[0][3][6]/S (clocked by sys_clk_pin). Large setup violations at the end of those stages might be difficult to fix during the post-placement implementation flow and could be the result of non-optimal XDC constraints or non-optimal design architecture
Related violations: <none>

TIMING-16#969 Warning
Large setup violation  
There is a large setup violation of -2.775 ns between dut/A0Bb[2].SS/c_m1_r_reg[0][4]/C (clocked by sys_clk_pin) and dut/AB_m_0b_r_reg[1][3][1]/S (clocked by sys_clk_pin). Large setup violations at the end of those stages might be difficult to fix during the post-placement implementation flow and could be the result of non-optimal XDC constraints or non-optimal design architecture
Related violations: <none>

TIMING-16#970 Warning
Large setup violation  
There is a large setup violation of -2.775 ns between dut/A0Bb[2].SS/c_m1_r_reg[0][4]/C (clocked by sys_clk_pin) and dut/AB_m_0b_r_reg[1][3][3]/S (clocked by sys_clk_pin). Large setup violations at the end of those stages might be difficult to fix during the post-placement implementation flow and could be the result of non-optimal XDC constraints or non-optimal design architecture
Related violations: <none>

TIMING-16#971 Warning
Large setup violation  
There is a large setup violation of -2.787 ns between dut/SS_11/c_m1_r_reg[0][2]/C (clocked by sys_clk_pin) and dut/AB_m_11_r_reg[3][5]/S (clocked by sys_clk_pin). Large setup violations at the end of those stages might be difficult to fix during the post-placement implementation flow and could be the result of non-optimal XDC constraints or non-optimal design architecture
Related violations: <none>

TIMING-16#972 Warning
Large setup violation  
There is a large setup violation of -2.787 ns between dut/SS_11/c_m1_r_reg[0][2]/C (clocked by sys_clk_pin) and dut/AB_m_11_r_reg[3][7]/S (clocked by sys_clk_pin). Large setup violations at the end of those stages might be difficult to fix during the post-placement implementation flow and could be the result of non-optimal XDC constraints or non-optimal design architecture
Related violations: <none>

TIMING-16#973 Warning
Large setup violation  
There is a large setup violation of -2.806 ns between dut/A0Bb[2].SS/c_m1_r_reg[1][4]/C (clocked by sys_clk_pin) and dut/AB_m_0b_r_reg[1][2][2]/D (clocked by sys_clk_pin). Large setup violations at the end of those stages might be difficult to fix during the post-placement implementation flow and could be the result of non-optimal XDC constraints or non-optimal design architecture
Related violations: <none>

TIMING-16#974 Warning
Large setup violation  
There is a large setup violation of -2.825 ns between dut/A0Bb[2].SS/c_m1_r_reg[0][4]/C (clocked by sys_clk_pin) and dut/AB_m_0b_r_reg[1][2][5]/D (clocked by sys_clk_pin). Large setup violations at the end of those stages might be difficult to fix during the post-placement implementation flow and could be the result of non-optimal XDC constraints or non-optimal design architecture
Related violations: <none>

TIMING-16#975 Warning
Large setup violation  
There is a large setup violation of -2.834 ns between dut/A0Bb[2].SS/c_m1_r_reg[1][4]/C (clocked by sys_clk_pin) and dut/AB_m_0b_r_reg[1][2][7]/S (clocked by sys_clk_pin). Large setup violations at the end of those stages might be difficult to fix during the post-placement implementation flow and could be the result of non-optimal XDC constraints or non-optimal design architecture
Related violations: <none>

TIMING-16#976 Warning
Large setup violation  
There is a large setup violation of -2.859 ns between dut/A0Bb[2].SS/c_m1_r_reg[0][4]/C (clocked by sys_clk_pin) and dut/AB_m_0b_r_reg[1][3][2]/S (clocked by sys_clk_pin). Large setup violations at the end of those stages might be difficult to fix during the post-placement implementation flow and could be the result of non-optimal XDC constraints or non-optimal design architecture
Related violations: <none>

TIMING-16#977 Warning
Large setup violation  
There is a large setup violation of -2.859 ns between dut/A0Bb[2].SS/c_m1_r_reg[0][4]/C (clocked by sys_clk_pin) and dut/AB_m_0b_r_reg[1][3][4]/S (clocked by sys_clk_pin). Large setup violations at the end of those stages might be difficult to fix during the post-placement implementation flow and could be the result of non-optimal XDC constraints or non-optimal design architecture
Related violations: <none>

TIMING-16#978 Warning
Large setup violation  
There is a large setup violation of -2.859 ns between dut/A0Bb[2].SS/c_m1_r_reg[0][4]/C (clocked by sys_clk_pin) and dut/AB_m_0b_r_reg[1][3][6]/S (clocked by sys_clk_pin). Large setup violations at the end of those stages might be difficult to fix during the post-placement implementation flow and could be the result of non-optimal XDC constraints or non-optimal design architecture
Related violations: <none>

TIMING-16#979 Warning
Large setup violation  
There is a large setup violation of -2.859 ns between dut/A0Bb[2].SS/c_m1_r_reg[0][4]/C (clocked by sys_clk_pin) and dut/AB_m_0b_r_reg[1][3][7]/S (clocked by sys_clk_pin). Large setup violations at the end of those stages might be difficult to fix during the post-placement implementation flow and could be the result of non-optimal XDC constraints or non-optimal design architecture
Related violations: <none>

TIMING-16#980 Warning
Large setup violation  
There is a large setup violation of -2.870 ns between dut/A0Bb[2].SS/c_m1_r_reg[0][4]/C (clocked by sys_clk_pin) and dut/AB_m_0b_r_reg[1][2][0]/S (clocked by sys_clk_pin). Large setup violations at the end of those stages might be difficult to fix during the post-placement implementation flow and could be the result of non-optimal XDC constraints or non-optimal design architecture
Related violations: <none>

TIMING-16#981 Warning
Large setup violation  
There is a large setup violation of -2.870 ns between dut/A0Bb[2].SS/c_m1_r_reg[0][4]/C (clocked by sys_clk_pin) and dut/AB_m_0b_r_reg[1][2][1]/S (clocked by sys_clk_pin). Large setup violations at the end of those stages might be difficult to fix during the post-placement implementation flow and could be the result of non-optimal XDC constraints or non-optimal design architecture
Related violations: <none>

TIMING-16#982 Warning
Large setup violation  
There is a large setup violation of -2.870 ns between dut/A0Bb[2].SS/c_m1_r_reg[0][4]/C (clocked by sys_clk_pin) and dut/AB_m_0b_r_reg[1][2][3]/S (clocked by sys_clk_pin). Large setup violations at the end of those stages might be difficult to fix during the post-placement implementation flow and could be the result of non-optimal XDC constraints or non-optimal design architecture
Related violations: <none>

TIMING-16#983 Warning
Large setup violation  
There is a large setup violation of -2.870 ns between dut/AaB0[1].SS/c_m1_r_reg[1][6]/C (clocked by sys_clk_pin) and dut/AB_m_a0_r_reg[0][3][1]/S (clocked by sys_clk_pin). Large setup violations at the end of those stages might be difficult to fix during the post-placement implementation flow and could be the result of non-optimal XDC constraints or non-optimal design architecture
Related violations: <none>

TIMING-16#984 Warning
Large setup violation  
There is a large setup violation of -2.870 ns between dut/AaB0[1].SS/c_m1_r_reg[1][6]/C (clocked by sys_clk_pin) and dut/AB_m_a0_r_reg[0][3][3]/S (clocked by sys_clk_pin). Large setup violations at the end of those stages might be difficult to fix during the post-placement implementation flow and could be the result of non-optimal XDC constraints or non-optimal design architecture
Related violations: <none>

TIMING-16#985 Warning
Large setup violation  
There is a large setup violation of -2.870 ns between dut/AaB0[1].SS/c_m1_r_reg[1][6]/C (clocked by sys_clk_pin) and dut/AB_m_a0_r_reg[0][3][4]/S (clocked by sys_clk_pin). Large setup violations at the end of those stages might be difficult to fix during the post-placement implementation flow and could be the result of non-optimal XDC constraints or non-optimal design architecture
Related violations: <none>

TIMING-16#986 Warning
Large setup violation  
There is a large setup violation of -2.870 ns between dut/AaB0[1].SS/c_m1_r_reg[1][6]/C (clocked by sys_clk_pin) and dut/AB_m_a0_r_reg[0][3][5]/S (clocked by sys_clk_pin). Large setup violations at the end of those stages might be difficult to fix during the post-placement implementation flow and could be the result of non-optimal XDC constraints or non-optimal design architecture
Related violations: <none>

TIMING-16#987 Warning
Large setup violation  
There is a large setup violation of -2.873 ns between dut/AaB0[1].SS/c_m1_r_reg[1][6]/C (clocked by sys_clk_pin) and dut/AB_m_a0_r_reg[0][3][0]/S (clocked by sys_clk_pin). Large setup violations at the end of those stages might be difficult to fix during the post-placement implementation flow and could be the result of non-optimal XDC constraints or non-optimal design architecture
Related violations: <none>

TIMING-16#988 Warning
Large setup violation  
There is a large setup violation of -2.874 ns between dut/A0Bb[2].SS/c_m1_r_reg[0][4]/C (clocked by sys_clk_pin) and dut/AB_m_0b_r_reg[1][2][6]/S (clocked by sys_clk_pin). Large setup violations at the end of those stages might be difficult to fix during the post-placement implementation flow and could be the result of non-optimal XDC constraints or non-optimal design architecture
Related violations: <none>

TIMING-16#989 Warning
Large setup violation  
There is a large setup violation of -2.876 ns between dut/AaB0[1].SS/c_m1_r_reg[1][6]/C (clocked by sys_clk_pin) and dut/AB_m_a0_r_reg[0][3][7]/S (clocked by sys_clk_pin). Large setup violations at the end of those stages might be difficult to fix during the post-placement implementation flow and could be the result of non-optimal XDC constraints or non-optimal design architecture
Related violations: <none>

TIMING-16#990 Warning
Large setup violation  
There is a large setup violation of -2.877 ns between dut/A0Bb[2].SS/c_m1_r_reg[0][4]/C (clocked by sys_clk_pin) and dut/AB_m_0b_r_reg[1][2][5]/S (clocked by sys_clk_pin). Large setup violations at the end of those stages might be difficult to fix during the post-placement implementation flow and could be the result of non-optimal XDC constraints or non-optimal design architecture
Related violations: <none>

TIMING-16#991 Warning
Large setup violation  
There is a large setup violation of -2.942 ns between dut/AaB0[1].SS/c_m1_r_reg[1][6]/C (clocked by sys_clk_pin) and dut/AB_m_a0_r_reg[0][2][6]/S (clocked by sys_clk_pin). Large setup violations at the end of those stages might be difficult to fix during the post-placement implementation flow and could be the result of non-optimal XDC constraints or non-optimal design architecture
Related violations: <none>

TIMING-16#992 Warning
Large setup violation  
There is a large setup violation of -2.981 ns between dut/AaB0[1].SS/c_m1_r_reg[1][6]/C (clocked by sys_clk_pin) and dut/AB_m_a0_r_reg[0][2][3]/S (clocked by sys_clk_pin). Large setup violations at the end of those stages might be difficult to fix during the post-placement implementation flow and could be the result of non-optimal XDC constraints or non-optimal design architecture
Related violations: <none>

TIMING-16#993 Warning
Large setup violation  
There is a large setup violation of -2.984 ns between dut/AaB0[1].SS/c_m1_r_reg[1][6]/C (clocked by sys_clk_pin) and dut/AB_m_a0_r_reg[0][2][0]/S (clocked by sys_clk_pin). Large setup violations at the end of those stages might be difficult to fix during the post-placement implementation flow and could be the result of non-optimal XDC constraints or non-optimal design architecture
Related violations: <none>

TIMING-16#994 Warning
Large setup violation  
There is a large setup violation of -3.058 ns between dut/AaB0[1].SS/c_m1_r_reg[1][6]/C (clocked by sys_clk_pin) and dut/AB_m_a0_r_reg[0][2][1]/S (clocked by sys_clk_pin). Large setup violations at the end of those stages might be difficult to fix during the post-placement implementation flow and could be the result of non-optimal XDC constraints or non-optimal design architecture
Related violations: <none>

TIMING-16#995 Warning
Large setup violation  
There is a large setup violation of -3.058 ns between dut/AaB0[1].SS/c_m1_r_reg[1][6]/C (clocked by sys_clk_pin) and dut/AB_m_a0_r_reg[0][2][2]/S (clocked by sys_clk_pin). Large setup violations at the end of those stages might be difficult to fix during the post-placement implementation flow and could be the result of non-optimal XDC constraints or non-optimal design architecture
Related violations: <none>

TIMING-16#996 Warning
Large setup violation  
There is a large setup violation of -3.058 ns between dut/AaB0[1].SS/c_m1_r_reg[1][6]/C (clocked by sys_clk_pin) and dut/AB_m_a0_r_reg[0][2][4]/S (clocked by sys_clk_pin). Large setup violations at the end of those stages might be difficult to fix during the post-placement implementation flow and could be the result of non-optimal XDC constraints or non-optimal design architecture
Related violations: <none>

TIMING-16#997 Warning
Large setup violation  
There is a large setup violation of -3.058 ns between dut/AaB0[1].SS/c_m1_r_reg[1][6]/C (clocked by sys_clk_pin) and dut/AB_m_a0_r_reg[0][2][5]/S (clocked by sys_clk_pin). Large setup violations at the end of those stages might be difficult to fix during the post-placement implementation flow and could be the result of non-optimal XDC constraints or non-optimal design architecture
Related violations: <none>

TIMING-16#998 Warning
Large setup violation  
There is a large setup violation of -3.058 ns between dut/AaB0[1].SS/c_m1_r_reg[1][6]/C (clocked by sys_clk_pin) and dut/AB_m_a0_r_reg[0][2][7]/S (clocked by sys_clk_pin). Large setup violations at the end of those stages might be difficult to fix during the post-placement implementation flow and could be the result of non-optimal XDC constraints or non-optimal design architecture
Related violations: <none>

TIMING-16#999 Warning
Large setup violation  
There is a large setup violation of -3.064 ns between dut/A0Bb[2].SS/c_m1_r_reg[1][4]/C (clocked by sys_clk_pin) and dut/AB_m_0b_r_reg[1][2][2]/S (clocked by sys_clk_pin). Large setup violations at the end of those stages might be difficult to fix during the post-placement implementation flow and could be the result of non-optimal XDC constraints or non-optimal design architecture
Related violations: <none>

TIMING-16#1000 Warning
Large setup violation  
There is a large setup violation of -3.064 ns between dut/A0Bb[2].SS/c_m1_r_reg[1][4]/C (clocked by sys_clk_pin) and dut/AB_m_0b_r_reg[1][2][4]/S (clocked by sys_clk_pin). Large setup violations at the end of those stages might be difficult to fix during the post-placement implementation flow and could be the result of non-optimal XDC constraints or non-optimal design architecture
Related violations: <none>

TIMING-18#1 Warning
Missing input or output delay  
An input delay is missing on i_label1[0] relative to clock(s) sys_clk_pin
Related violations: <none>

TIMING-18#2 Warning
Missing input or output delay  
An input delay is missing on i_label1[1] relative to clock(s) sys_clk_pin
Related violations: <none>

TIMING-18#3 Warning
Missing input or output delay  
An input delay is missing on i_label1[2] relative to clock(s) sys_clk_pin
Related violations: <none>

TIMING-18#4 Warning
Missing input or output delay  
An input delay is missing on i_label1[3] relative to clock(s) sys_clk_pin
Related violations: <none>

TIMING-18#5 Warning
Missing input or output delay  
An input delay is missing on i_label1[4] relative to clock(s) sys_clk_pin
Related violations: <none>

TIMING-18#6 Warning
Missing input or output delay  
An input delay is missing on i_label1[5] relative to clock(s) sys_clk_pin
Related violations: <none>

TIMING-18#7 Warning
Missing input or output delay  
An input delay is missing on i_label1[6] relative to clock(s) sys_clk_pin
Related violations: <none>

TIMING-18#8 Warning
Missing input or output delay  
An input delay is missing on i_label1[7] relative to clock(s) sys_clk_pin
Related violations: <none>

TIMING-18#9 Warning
Missing input or output delay  
An input delay is missing on i_label[0] relative to clock(s) sys_clk_pin
Related violations: <none>

TIMING-18#10 Warning
Missing input or output delay  
An input delay is missing on i_label[1] relative to clock(s) sys_clk_pin
Related violations: <none>

TIMING-18#11 Warning
Missing input or output delay  
An input delay is missing on i_label[2] relative to clock(s) sys_clk_pin
Related violations: <none>

TIMING-18#12 Warning
Missing input or output delay  
An input delay is missing on i_label[3] relative to clock(s) sys_clk_pin
Related violations: <none>

TIMING-18#13 Warning
Missing input or output delay  
An input delay is missing on i_label[4] relative to clock(s) sys_clk_pin
Related violations: <none>

TIMING-18#14 Warning
Missing input or output delay  
An input delay is missing on i_label[5] relative to clock(s) sys_clk_pin
Related violations: <none>

TIMING-18#15 Warning
Missing input or output delay  
An input delay is missing on i_label[6] relative to clock(s) sys_clk_pin
Related violations: <none>

TIMING-18#16 Warning
Missing input or output delay  
An input delay is missing on i_label[7] relative to clock(s) sys_clk_pin
Related violations: <none>

TIMING-18#17 Warning
Missing input or output delay  
An input delay is missing on i_metric1[0] relative to clock(s) sys_clk_pin
Related violations: <none>

TIMING-18#18 Warning
Missing input or output delay  
An input delay is missing on i_metric1[1] relative to clock(s) sys_clk_pin
Related violations: <none>

TIMING-18#19 Warning
Missing input or output delay  
An input delay is missing on i_metric1[2] relative to clock(s) sys_clk_pin
Related violations: <none>

TIMING-18#20 Warning
Missing input or output delay  
An input delay is missing on i_metric1[3] relative to clock(s) sys_clk_pin
Related violations: <none>

TIMING-18#21 Warning
Missing input or output delay  
An input delay is missing on i_metric1[4] relative to clock(s) sys_clk_pin
Related violations: <none>

TIMING-18#22 Warning
Missing input or output delay  
An input delay is missing on i_metric1[5] relative to clock(s) sys_clk_pin
Related violations: <none>

TIMING-18#23 Warning
Missing input or output delay  
An input delay is missing on i_metric1[6] relative to clock(s) sys_clk_pin
Related violations: <none>

TIMING-18#24 Warning
Missing input or output delay  
An input delay is missing on i_metric1[7] relative to clock(s) sys_clk_pin
Related violations: <none>

TIMING-18#25 Warning
Missing input or output delay  
An input delay is missing on i_metric[0] relative to clock(s) sys_clk_pin
Related violations: <none>

TIMING-18#26 Warning
Missing input or output delay  
An input delay is missing on i_metric[1] relative to clock(s) sys_clk_pin
Related violations: <none>

TIMING-18#27 Warning
Missing input or output delay  
An input delay is missing on i_metric[2] relative to clock(s) sys_clk_pin
Related violations: <none>

TIMING-18#28 Warning
Missing input or output delay  
An input delay is missing on i_metric[3] relative to clock(s) sys_clk_pin
Related violations: <none>

TIMING-18#29 Warning
Missing input or output delay  
An input delay is missing on i_metric[4] relative to clock(s) sys_clk_pin
Related violations: <none>

TIMING-18#30 Warning
Missing input or output delay  
An input delay is missing on i_metric[5] relative to clock(s) sys_clk_pin
Related violations: <none>

TIMING-18#31 Warning
Missing input or output delay  
An input delay is missing on i_metric[6] relative to clock(s) sys_clk_pin
Related violations: <none>

TIMING-18#32 Warning
Missing input or output delay  
An input delay is missing on i_metric[7] relative to clock(s) sys_clk_pin
Related violations: <none>

TIMING-18#33 Warning
Missing input or output delay  
An input delay is missing on i_valid relative to clock(s) sys_clk_pin
Related violations: <none>

TIMING-18#34 Warning
Missing input or output delay  
An input delay is missing on rst relative to clock(s) sys_clk_pin
Related violations: <none>

TIMING-18#35 Warning
Missing input or output delay  
An output delay is missing on o_label[0] relative to clock(s) sys_clk_pin
Related violations: <none>

TIMING-18#36 Warning
Missing input or output delay  
An output delay is missing on o_label[10] relative to clock(s) sys_clk_pin
Related violations: <none>

TIMING-18#37 Warning
Missing input or output delay  
An output delay is missing on o_label[11] relative to clock(s) sys_clk_pin
Related violations: <none>

TIMING-18#38 Warning
Missing input or output delay  
An output delay is missing on o_label[12] relative to clock(s) sys_clk_pin
Related violations: <none>

TIMING-18#39 Warning
Missing input or output delay  
An output delay is missing on o_label[13] relative to clock(s) sys_clk_pin
Related violations: <none>

TIMING-18#40 Warning
Missing input or output delay  
An output delay is missing on o_label[14] relative to clock(s) sys_clk_pin
Related violations: <none>

TIMING-18#41 Warning
Missing input or output delay  
An output delay is missing on o_label[15] relative to clock(s) sys_clk_pin
Related violations: <none>

TIMING-18#42 Warning
Missing input or output delay  
An output delay is missing on o_label[1] relative to clock(s) sys_clk_pin
Related violations: <none>

TIMING-18#43 Warning
Missing input or output delay  
An output delay is missing on o_label[2] relative to clock(s) sys_clk_pin
Related violations: <none>

TIMING-18#44 Warning
Missing input or output delay  
An output delay is missing on o_label[3] relative to clock(s) sys_clk_pin
Related violations: <none>

TIMING-18#45 Warning
Missing input or output delay  
An output delay is missing on o_label[4] relative to clock(s) sys_clk_pin
Related violations: <none>

TIMING-18#46 Warning
Missing input or output delay  
An output delay is missing on o_label[5] relative to clock(s) sys_clk_pin
Related violations: <none>

TIMING-18#47 Warning
Missing input or output delay  
An output delay is missing on o_label[6] relative to clock(s) sys_clk_pin
Related violations: <none>

TIMING-18#48 Warning
Missing input or output delay  
An output delay is missing on o_label[7] relative to clock(s) sys_clk_pin
Related violations: <none>

TIMING-18#49 Warning
Missing input or output delay  
An output delay is missing on o_label[8] relative to clock(s) sys_clk_pin
Related violations: <none>

TIMING-18#50 Warning
Missing input or output delay  
An output delay is missing on o_label[9] relative to clock(s) sys_clk_pin
Related violations: <none>

TIMING-18#51 Warning
Missing input or output delay  
An output delay is missing on o_metric[0] relative to clock(s) sys_clk_pin
Related violations: <none>

TIMING-18#52 Warning
Missing input or output delay  
An output delay is missing on o_metric[1] relative to clock(s) sys_clk_pin
Related violations: <none>

TIMING-18#53 Warning
Missing input or output delay  
An output delay is missing on o_metric[2] relative to clock(s) sys_clk_pin
Related violations: <none>

TIMING-18#54 Warning
Missing input or output delay  
An output delay is missing on o_metric[3] relative to clock(s) sys_clk_pin
Related violations: <none>

TIMING-18#55 Warning
Missing input or output delay  
An output delay is missing on o_metric[4] relative to clock(s) sys_clk_pin
Related violations: <none>

TIMING-18#56 Warning
Missing input or output delay  
An output delay is missing on o_metric[5] relative to clock(s) sys_clk_pin
Related violations: <none>

TIMING-18#57 Warning
Missing input or output delay  
An output delay is missing on o_metric[6] relative to clock(s) sys_clk_pin
Related violations: <none>

TIMING-18#58 Warning
Missing input or output delay  
An output delay is missing on o_metric[7] relative to clock(s) sys_clk_pin
Related violations: <none>

TIMING-18#59 Warning
Missing input or output delay  
An output delay is missing on o_valid relative to clock(s) sys_clk_pin
Related violations: <none>

TIMING-20#1 Warning
Non-clocked latch  
The latch dut/A0Bb[1].SS/o_labels_reg[1][0] cannot be properly analyzed as its control pin dut/A0Bb[1].SS/o_labels_reg[1][0]/G is not reached by a timing clock
Related violations: <none>

TIMING-20#2 Warning
Non-clocked latch  
The latch dut/A0Bb[1].SS/o_labels_reg[1][10] cannot be properly analyzed as its control pin dut/A0Bb[1].SS/o_labels_reg[1][10]/G is not reached by a timing clock
Related violations: <none>

TIMING-20#3 Warning
Non-clocked latch  
The latch dut/A0Bb[1].SS/o_labels_reg[1][11] cannot be properly analyzed as its control pin dut/A0Bb[1].SS/o_labels_reg[1][11]/G is not reached by a timing clock
Related violations: <none>

TIMING-20#4 Warning
Non-clocked latch  
The latch dut/A0Bb[1].SS/o_labels_reg[1][12] cannot be properly analyzed as its control pin dut/A0Bb[1].SS/o_labels_reg[1][12]/G is not reached by a timing clock
Related violations: <none>

TIMING-20#5 Warning
Non-clocked latch  
The latch dut/A0Bb[1].SS/o_labels_reg[1][13] cannot be properly analyzed as its control pin dut/A0Bb[1].SS/o_labels_reg[1][13]/G is not reached by a timing clock
Related violations: <none>

TIMING-20#6 Warning
Non-clocked latch  
The latch dut/A0Bb[1].SS/o_labels_reg[1][14] cannot be properly analyzed as its control pin dut/A0Bb[1].SS/o_labels_reg[1][14]/G is not reached by a timing clock
Related violations: <none>

TIMING-20#7 Warning
Non-clocked latch  
The latch dut/A0Bb[1].SS/o_labels_reg[1][15] cannot be properly analyzed as its control pin dut/A0Bb[1].SS/o_labels_reg[1][15]/G is not reached by a timing clock
Related violations: <none>

TIMING-20#8 Warning
Non-clocked latch  
The latch dut/A0Bb[1].SS/o_labels_reg[1][1] cannot be properly analyzed as its control pin dut/A0Bb[1].SS/o_labels_reg[1][1]/G is not reached by a timing clock
Related violations: <none>

TIMING-20#9 Warning
Non-clocked latch  
The latch dut/A0Bb[1].SS/o_labels_reg[1][2] cannot be properly analyzed as its control pin dut/A0Bb[1].SS/o_labels_reg[1][2]/G is not reached by a timing clock
Related violations: <none>

TIMING-20#10 Warning
Non-clocked latch  
The latch dut/A0Bb[1].SS/o_labels_reg[1][3] cannot be properly analyzed as its control pin dut/A0Bb[1].SS/o_labels_reg[1][3]/G is not reached by a timing clock
Related violations: <none>

TIMING-20#11 Warning
Non-clocked latch  
The latch dut/A0Bb[1].SS/o_labels_reg[1][4] cannot be properly analyzed as its control pin dut/A0Bb[1].SS/o_labels_reg[1][4]/G is not reached by a timing clock
Related violations: <none>

TIMING-20#12 Warning
Non-clocked latch  
The latch dut/A0Bb[1].SS/o_labels_reg[1][5] cannot be properly analyzed as its control pin dut/A0Bb[1].SS/o_labels_reg[1][5]/G is not reached by a timing clock
Related violations: <none>

TIMING-20#13 Warning
Non-clocked latch  
The latch dut/A0Bb[1].SS/o_labels_reg[1][6] cannot be properly analyzed as its control pin dut/A0Bb[1].SS/o_labels_reg[1][6]/G is not reached by a timing clock
Related violations: <none>

TIMING-20#14 Warning
Non-clocked latch  
The latch dut/A0Bb[1].SS/o_labels_reg[1][7] cannot be properly analyzed as its control pin dut/A0Bb[1].SS/o_labels_reg[1][7]/G is not reached by a timing clock
Related violations: <none>

TIMING-20#15 Warning
Non-clocked latch  
The latch dut/A0Bb[1].SS/o_labels_reg[1][8] cannot be properly analyzed as its control pin dut/A0Bb[1].SS/o_labels_reg[1][8]/G is not reached by a timing clock
Related violations: <none>

TIMING-20#16 Warning
Non-clocked latch  
The latch dut/A0Bb[1].SS/o_labels_reg[1][9] cannot be properly analyzed as its control pin dut/A0Bb[1].SS/o_labels_reg[1][9]/G is not reached by a timing clock
Related violations: <none>

TIMING-20#17 Warning
Non-clocked latch  
The latch dut/A0Bb[1].SS/o_labels_reg[2][0] cannot be properly analyzed as its control pin dut/A0Bb[1].SS/o_labels_reg[2][0]/G is not reached by a timing clock
Related violations: <none>

TIMING-20#18 Warning
Non-clocked latch  
The latch dut/A0Bb[1].SS/o_labels_reg[2][10] cannot be properly analyzed as its control pin dut/A0Bb[1].SS/o_labels_reg[2][10]/G is not reached by a timing clock
Related violations: <none>

TIMING-20#19 Warning
Non-clocked latch  
The latch dut/A0Bb[1].SS/o_labels_reg[2][11] cannot be properly analyzed as its control pin dut/A0Bb[1].SS/o_labels_reg[2][11]/G is not reached by a timing clock
Related violations: <none>

TIMING-20#20 Warning
Non-clocked latch  
The latch dut/A0Bb[1].SS/o_labels_reg[2][12] cannot be properly analyzed as its control pin dut/A0Bb[1].SS/o_labels_reg[2][12]/G is not reached by a timing clock
Related violations: <none>

TIMING-20#21 Warning
Non-clocked latch  
The latch dut/A0Bb[1].SS/o_labels_reg[2][13] cannot be properly analyzed as its control pin dut/A0Bb[1].SS/o_labels_reg[2][13]/G is not reached by a timing clock
Related violations: <none>

TIMING-20#22 Warning
Non-clocked latch  
The latch dut/A0Bb[1].SS/o_labels_reg[2][14] cannot be properly analyzed as its control pin dut/A0Bb[1].SS/o_labels_reg[2][14]/G is not reached by a timing clock
Related violations: <none>

TIMING-20#23 Warning
Non-clocked latch  
The latch dut/A0Bb[1].SS/o_labels_reg[2][15] cannot be properly analyzed as its control pin dut/A0Bb[1].SS/o_labels_reg[2][15]/G is not reached by a timing clock
Related violations: <none>

TIMING-20#24 Warning
Non-clocked latch  
The latch dut/A0Bb[1].SS/o_labels_reg[2][1] cannot be properly analyzed as its control pin dut/A0Bb[1].SS/o_labels_reg[2][1]/G is not reached by a timing clock
Related violations: <none>

TIMING-20#25 Warning
Non-clocked latch  
The latch dut/A0Bb[1].SS/o_labels_reg[2][2] cannot be properly analyzed as its control pin dut/A0Bb[1].SS/o_labels_reg[2][2]/G is not reached by a timing clock
Related violations: <none>

TIMING-20#26 Warning
Non-clocked latch  
The latch dut/A0Bb[1].SS/o_labels_reg[2][3] cannot be properly analyzed as its control pin dut/A0Bb[1].SS/o_labels_reg[2][3]/G is not reached by a timing clock
Related violations: <none>

TIMING-20#27 Warning
Non-clocked latch  
The latch dut/A0Bb[1].SS/o_labels_reg[2][4] cannot be properly analyzed as its control pin dut/A0Bb[1].SS/o_labels_reg[2][4]/G is not reached by a timing clock
Related violations: <none>

TIMING-20#28 Warning
Non-clocked latch  
The latch dut/A0Bb[1].SS/o_labels_reg[2][5] cannot be properly analyzed as its control pin dut/A0Bb[1].SS/o_labels_reg[2][5]/G is not reached by a timing clock
Related violations: <none>

TIMING-20#29 Warning
Non-clocked latch  
The latch dut/A0Bb[1].SS/o_labels_reg[2][6] cannot be properly analyzed as its control pin dut/A0Bb[1].SS/o_labels_reg[2][6]/G is not reached by a timing clock
Related violations: <none>

TIMING-20#30 Warning
Non-clocked latch  
The latch dut/A0Bb[1].SS/o_labels_reg[2][7] cannot be properly analyzed as its control pin dut/A0Bb[1].SS/o_labels_reg[2][7]/G is not reached by a timing clock
Related violations: <none>

TIMING-20#31 Warning
Non-clocked latch  
The latch dut/A0Bb[1].SS/o_labels_reg[2][8] cannot be properly analyzed as its control pin dut/A0Bb[1].SS/o_labels_reg[2][8]/G is not reached by a timing clock
Related violations: <none>

TIMING-20#32 Warning
Non-clocked latch  
The latch dut/A0Bb[1].SS/o_labels_reg[2][9] cannot be properly analyzed as its control pin dut/A0Bb[1].SS/o_labels_reg[2][9]/G is not reached by a timing clock
Related violations: <none>

TIMING-20#33 Warning
Non-clocked latch  
The latch dut/A0Bb[1].SS/o_labels_reg[3][0] cannot be properly analyzed as its control pin dut/A0Bb[1].SS/o_labels_reg[3][0]/G is not reached by a timing clock
Related violations: <none>

TIMING-20#34 Warning
Non-clocked latch  
The latch dut/A0Bb[1].SS/o_labels_reg[3][10] cannot be properly analyzed as its control pin dut/A0Bb[1].SS/o_labels_reg[3][10]/G is not reached by a timing clock
Related violations: <none>

TIMING-20#35 Warning
Non-clocked latch  
The latch dut/A0Bb[1].SS/o_labels_reg[3][11] cannot be properly analyzed as its control pin dut/A0Bb[1].SS/o_labels_reg[3][11]/G is not reached by a timing clock
Related violations: <none>

TIMING-20#36 Warning
Non-clocked latch  
The latch dut/A0Bb[1].SS/o_labels_reg[3][12] cannot be properly analyzed as its control pin dut/A0Bb[1].SS/o_labels_reg[3][12]/G is not reached by a timing clock
Related violations: <none>

TIMING-20#37 Warning
Non-clocked latch  
The latch dut/A0Bb[1].SS/o_labels_reg[3][13] cannot be properly analyzed as its control pin dut/A0Bb[1].SS/o_labels_reg[3][13]/G is not reached by a timing clock
Related violations: <none>

TIMING-20#38 Warning
Non-clocked latch  
The latch dut/A0Bb[1].SS/o_labels_reg[3][14] cannot be properly analyzed as its control pin dut/A0Bb[1].SS/o_labels_reg[3][14]/G is not reached by a timing clock
Related violations: <none>

TIMING-20#39 Warning
Non-clocked latch  
The latch dut/A0Bb[1].SS/o_labels_reg[3][15] cannot be properly analyzed as its control pin dut/A0Bb[1].SS/o_labels_reg[3][15]/G is not reached by a timing clock
Related violations: <none>

TIMING-20#40 Warning
Non-clocked latch  
The latch dut/A0Bb[1].SS/o_labels_reg[3][1] cannot be properly analyzed as its control pin dut/A0Bb[1].SS/o_labels_reg[3][1]/G is not reached by a timing clock
Related violations: <none>

TIMING-20#41 Warning
Non-clocked latch  
The latch dut/A0Bb[1].SS/o_labels_reg[3][2] cannot be properly analyzed as its control pin dut/A0Bb[1].SS/o_labels_reg[3][2]/G is not reached by a timing clock
Related violations: <none>

TIMING-20#42 Warning
Non-clocked latch  
The latch dut/A0Bb[1].SS/o_labels_reg[3][3] cannot be properly analyzed as its control pin dut/A0Bb[1].SS/o_labels_reg[3][3]/G is not reached by a timing clock
Related violations: <none>

TIMING-20#43 Warning
Non-clocked latch  
The latch dut/A0Bb[1].SS/o_labels_reg[3][4] cannot be properly analyzed as its control pin dut/A0Bb[1].SS/o_labels_reg[3][4]/G is not reached by a timing clock
Related violations: <none>

TIMING-20#44 Warning
Non-clocked latch  
The latch dut/A0Bb[1].SS/o_labels_reg[3][5] cannot be properly analyzed as its control pin dut/A0Bb[1].SS/o_labels_reg[3][5]/G is not reached by a timing clock
Related violations: <none>

TIMING-20#45 Warning
Non-clocked latch  
The latch dut/A0Bb[1].SS/o_labels_reg[3][6] cannot be properly analyzed as its control pin dut/A0Bb[1].SS/o_labels_reg[3][6]/G is not reached by a timing clock
Related violations: <none>

TIMING-20#46 Warning
Non-clocked latch  
The latch dut/A0Bb[1].SS/o_labels_reg[3][7] cannot be properly analyzed as its control pin dut/A0Bb[1].SS/o_labels_reg[3][7]/G is not reached by a timing clock
Related violations: <none>

TIMING-20#47 Warning
Non-clocked latch  
The latch dut/A0Bb[1].SS/o_labels_reg[3][8] cannot be properly analyzed as its control pin dut/A0Bb[1].SS/o_labels_reg[3][8]/G is not reached by a timing clock
Related violations: <none>

TIMING-20#48 Warning
Non-clocked latch  
The latch dut/A0Bb[1].SS/o_labels_reg[3][9] cannot be properly analyzed as its control pin dut/A0Bb[1].SS/o_labels_reg[3][9]/G is not reached by a timing clock
Related violations: <none>

TIMING-20#49 Warning
Non-clocked latch  
The latch dut/A0Bb[2].SS/o_labels_reg[1][0] cannot be properly analyzed as its control pin dut/A0Bb[2].SS/o_labels_reg[1][0]/G is not reached by a timing clock
Related violations: <none>

TIMING-20#50 Warning
Non-clocked latch  
The latch dut/A0Bb[2].SS/o_labels_reg[1][10] cannot be properly analyzed as its control pin dut/A0Bb[2].SS/o_labels_reg[1][10]/G is not reached by a timing clock
Related violations: <none>

TIMING-20#51 Warning
Non-clocked latch  
The latch dut/A0Bb[2].SS/o_labels_reg[1][11] cannot be properly analyzed as its control pin dut/A0Bb[2].SS/o_labels_reg[1][11]/G is not reached by a timing clock
Related violations: <none>

TIMING-20#52 Warning
Non-clocked latch  
The latch dut/A0Bb[2].SS/o_labels_reg[1][12] cannot be properly analyzed as its control pin dut/A0Bb[2].SS/o_labels_reg[1][12]/G is not reached by a timing clock
Related violations: <none>

TIMING-20#53 Warning
Non-clocked latch  
The latch dut/A0Bb[2].SS/o_labels_reg[1][13] cannot be properly analyzed as its control pin dut/A0Bb[2].SS/o_labels_reg[1][13]/G is not reached by a timing clock
Related violations: <none>

TIMING-20#54 Warning
Non-clocked latch  
The latch dut/A0Bb[2].SS/o_labels_reg[1][14] cannot be properly analyzed as its control pin dut/A0Bb[2].SS/o_labels_reg[1][14]/G is not reached by a timing clock
Related violations: <none>

TIMING-20#55 Warning
Non-clocked latch  
The latch dut/A0Bb[2].SS/o_labels_reg[1][15] cannot be properly analyzed as its control pin dut/A0Bb[2].SS/o_labels_reg[1][15]/G is not reached by a timing clock
Related violations: <none>

TIMING-20#56 Warning
Non-clocked latch  
The latch dut/A0Bb[2].SS/o_labels_reg[1][1] cannot be properly analyzed as its control pin dut/A0Bb[2].SS/o_labels_reg[1][1]/G is not reached by a timing clock
Related violations: <none>

TIMING-20#57 Warning
Non-clocked latch  
The latch dut/A0Bb[2].SS/o_labels_reg[1][2] cannot be properly analyzed as its control pin dut/A0Bb[2].SS/o_labels_reg[1][2]/G is not reached by a timing clock
Related violations: <none>

TIMING-20#58 Warning
Non-clocked latch  
The latch dut/A0Bb[2].SS/o_labels_reg[1][3] cannot be properly analyzed as its control pin dut/A0Bb[2].SS/o_labels_reg[1][3]/G is not reached by a timing clock
Related violations: <none>

TIMING-20#59 Warning
Non-clocked latch  
The latch dut/A0Bb[2].SS/o_labels_reg[1][4] cannot be properly analyzed as its control pin dut/A0Bb[2].SS/o_labels_reg[1][4]/G is not reached by a timing clock
Related violations: <none>

TIMING-20#60 Warning
Non-clocked latch  
The latch dut/A0Bb[2].SS/o_labels_reg[1][5] cannot be properly analyzed as its control pin dut/A0Bb[2].SS/o_labels_reg[1][5]/G is not reached by a timing clock
Related violations: <none>

TIMING-20#61 Warning
Non-clocked latch  
The latch dut/A0Bb[2].SS/o_labels_reg[1][6] cannot be properly analyzed as its control pin dut/A0Bb[2].SS/o_labels_reg[1][6]/G is not reached by a timing clock
Related violations: <none>

TIMING-20#62 Warning
Non-clocked latch  
The latch dut/A0Bb[2].SS/o_labels_reg[1][7] cannot be properly analyzed as its control pin dut/A0Bb[2].SS/o_labels_reg[1][7]/G is not reached by a timing clock
Related violations: <none>

TIMING-20#63 Warning
Non-clocked latch  
The latch dut/A0Bb[2].SS/o_labels_reg[1][8] cannot be properly analyzed as its control pin dut/A0Bb[2].SS/o_labels_reg[1][8]/G is not reached by a timing clock
Related violations: <none>

TIMING-20#64 Warning
Non-clocked latch  
The latch dut/A0Bb[2].SS/o_labels_reg[1][9] cannot be properly analyzed as its control pin dut/A0Bb[2].SS/o_labels_reg[1][9]/G is not reached by a timing clock
Related violations: <none>

TIMING-20#65 Warning
Non-clocked latch  
The latch dut/A0Bb[2].SS/o_labels_reg[2][0] cannot be properly analyzed as its control pin dut/A0Bb[2].SS/o_labels_reg[2][0]/G is not reached by a timing clock
Related violations: <none>

TIMING-20#66 Warning
Non-clocked latch  
The latch dut/A0Bb[2].SS/o_labels_reg[2][10] cannot be properly analyzed as its control pin dut/A0Bb[2].SS/o_labels_reg[2][10]/G is not reached by a timing clock
Related violations: <none>

TIMING-20#67 Warning
Non-clocked latch  
The latch dut/A0Bb[2].SS/o_labels_reg[2][11] cannot be properly analyzed as its control pin dut/A0Bb[2].SS/o_labels_reg[2][11]/G is not reached by a timing clock
Related violations: <none>

TIMING-20#68 Warning
Non-clocked latch  
The latch dut/A0Bb[2].SS/o_labels_reg[2][12] cannot be properly analyzed as its control pin dut/A0Bb[2].SS/o_labels_reg[2][12]/G is not reached by a timing clock
Related violations: <none>

TIMING-20#69 Warning
Non-clocked latch  
The latch dut/A0Bb[2].SS/o_labels_reg[2][13] cannot be properly analyzed as its control pin dut/A0Bb[2].SS/o_labels_reg[2][13]/G is not reached by a timing clock
Related violations: <none>

TIMING-20#70 Warning
Non-clocked latch  
The latch dut/A0Bb[2].SS/o_labels_reg[2][14] cannot be properly analyzed as its control pin dut/A0Bb[2].SS/o_labels_reg[2][14]/G is not reached by a timing clock
Related violations: <none>

TIMING-20#71 Warning
Non-clocked latch  
The latch dut/A0Bb[2].SS/o_labels_reg[2][15] cannot be properly analyzed as its control pin dut/A0Bb[2].SS/o_labels_reg[2][15]/G is not reached by a timing clock
Related violations: <none>

TIMING-20#72 Warning
Non-clocked latch  
The latch dut/A0Bb[2].SS/o_labels_reg[2][1] cannot be properly analyzed as its control pin dut/A0Bb[2].SS/o_labels_reg[2][1]/G is not reached by a timing clock
Related violations: <none>

TIMING-20#73 Warning
Non-clocked latch  
The latch dut/A0Bb[2].SS/o_labels_reg[2][2] cannot be properly analyzed as its control pin dut/A0Bb[2].SS/o_labels_reg[2][2]/G is not reached by a timing clock
Related violations: <none>

TIMING-20#74 Warning
Non-clocked latch  
The latch dut/A0Bb[2].SS/o_labels_reg[2][3] cannot be properly analyzed as its control pin dut/A0Bb[2].SS/o_labels_reg[2][3]/G is not reached by a timing clock
Related violations: <none>

TIMING-20#75 Warning
Non-clocked latch  
The latch dut/A0Bb[2].SS/o_labels_reg[2][4] cannot be properly analyzed as its control pin dut/A0Bb[2].SS/o_labels_reg[2][4]/G is not reached by a timing clock
Related violations: <none>

TIMING-20#76 Warning
Non-clocked latch  
The latch dut/A0Bb[2].SS/o_labels_reg[2][5] cannot be properly analyzed as its control pin dut/A0Bb[2].SS/o_labels_reg[2][5]/G is not reached by a timing clock
Related violations: <none>

TIMING-20#77 Warning
Non-clocked latch  
The latch dut/A0Bb[2].SS/o_labels_reg[2][6] cannot be properly analyzed as its control pin dut/A0Bb[2].SS/o_labels_reg[2][6]/G is not reached by a timing clock
Related violations: <none>

TIMING-20#78 Warning
Non-clocked latch  
The latch dut/A0Bb[2].SS/o_labels_reg[2][7] cannot be properly analyzed as its control pin dut/A0Bb[2].SS/o_labels_reg[2][7]/G is not reached by a timing clock
Related violations: <none>

TIMING-20#79 Warning
Non-clocked latch  
The latch dut/A0Bb[2].SS/o_labels_reg[2][8] cannot be properly analyzed as its control pin dut/A0Bb[2].SS/o_labels_reg[2][8]/G is not reached by a timing clock
Related violations: <none>

TIMING-20#80 Warning
Non-clocked latch  
The latch dut/A0Bb[2].SS/o_labels_reg[2][9] cannot be properly analyzed as its control pin dut/A0Bb[2].SS/o_labels_reg[2][9]/G is not reached by a timing clock
Related violations: <none>

TIMING-20#81 Warning
Non-clocked latch  
The latch dut/A0Bb[2].SS/o_labels_reg[3][0] cannot be properly analyzed as its control pin dut/A0Bb[2].SS/o_labels_reg[3][0]/G is not reached by a timing clock
Related violations: <none>

TIMING-20#82 Warning
Non-clocked latch  
The latch dut/A0Bb[2].SS/o_labels_reg[3][10] cannot be properly analyzed as its control pin dut/A0Bb[2].SS/o_labels_reg[3][10]/G is not reached by a timing clock
Related violations: <none>

TIMING-20#83 Warning
Non-clocked latch  
The latch dut/A0Bb[2].SS/o_labels_reg[3][11] cannot be properly analyzed as its control pin dut/A0Bb[2].SS/o_labels_reg[3][11]/G is not reached by a timing clock
Related violations: <none>

TIMING-20#84 Warning
Non-clocked latch  
The latch dut/A0Bb[2].SS/o_labels_reg[3][12] cannot be properly analyzed as its control pin dut/A0Bb[2].SS/o_labels_reg[3][12]/G is not reached by a timing clock
Related violations: <none>

TIMING-20#85 Warning
Non-clocked latch  
The latch dut/A0Bb[2].SS/o_labels_reg[3][13] cannot be properly analyzed as its control pin dut/A0Bb[2].SS/o_labels_reg[3][13]/G is not reached by a timing clock
Related violations: <none>

TIMING-20#86 Warning
Non-clocked latch  
The latch dut/A0Bb[2].SS/o_labels_reg[3][14] cannot be properly analyzed as its control pin dut/A0Bb[2].SS/o_labels_reg[3][14]/G is not reached by a timing clock
Related violations: <none>

TIMING-20#87 Warning
Non-clocked latch  
The latch dut/A0Bb[2].SS/o_labels_reg[3][15] cannot be properly analyzed as its control pin dut/A0Bb[2].SS/o_labels_reg[3][15]/G is not reached by a timing clock
Related violations: <none>

TIMING-20#88 Warning
Non-clocked latch  
The latch dut/A0Bb[2].SS/o_labels_reg[3][1] cannot be properly analyzed as its control pin dut/A0Bb[2].SS/o_labels_reg[3][1]/G is not reached by a timing clock
Related violations: <none>

TIMING-20#89 Warning
Non-clocked latch  
The latch dut/A0Bb[2].SS/o_labels_reg[3][2] cannot be properly analyzed as its control pin dut/A0Bb[2].SS/o_labels_reg[3][2]/G is not reached by a timing clock
Related violations: <none>

TIMING-20#90 Warning
Non-clocked latch  
The latch dut/A0Bb[2].SS/o_labels_reg[3][3] cannot be properly analyzed as its control pin dut/A0Bb[2].SS/o_labels_reg[3][3]/G is not reached by a timing clock
Related violations: <none>

TIMING-20#91 Warning
Non-clocked latch  
The latch dut/A0Bb[2].SS/o_labels_reg[3][4] cannot be properly analyzed as its control pin dut/A0Bb[2].SS/o_labels_reg[3][4]/G is not reached by a timing clock
Related violations: <none>

TIMING-20#92 Warning
Non-clocked latch  
The latch dut/A0Bb[2].SS/o_labels_reg[3][5] cannot be properly analyzed as its control pin dut/A0Bb[2].SS/o_labels_reg[3][5]/G is not reached by a timing clock
Related violations: <none>

TIMING-20#93 Warning
Non-clocked latch  
The latch dut/A0Bb[2].SS/o_labels_reg[3][6] cannot be properly analyzed as its control pin dut/A0Bb[2].SS/o_labels_reg[3][6]/G is not reached by a timing clock
Related violations: <none>

TIMING-20#94 Warning
Non-clocked latch  
The latch dut/A0Bb[2].SS/o_labels_reg[3][7] cannot be properly analyzed as its control pin dut/A0Bb[2].SS/o_labels_reg[3][7]/G is not reached by a timing clock
Related violations: <none>

TIMING-20#95 Warning
Non-clocked latch  
The latch dut/A0Bb[2].SS/o_labels_reg[3][8] cannot be properly analyzed as its control pin dut/A0Bb[2].SS/o_labels_reg[3][8]/G is not reached by a timing clock
Related violations: <none>

TIMING-20#96 Warning
Non-clocked latch  
The latch dut/A0Bb[2].SS/o_labels_reg[3][9] cannot be properly analyzed as its control pin dut/A0Bb[2].SS/o_labels_reg[3][9]/G is not reached by a timing clock
Related violations: <none>

TIMING-20#97 Warning
Non-clocked latch  
The latch dut/AaB0[1].SS/o_labels_reg[1][0] cannot be properly analyzed as its control pin dut/AaB0[1].SS/o_labels_reg[1][0]/G is not reached by a timing clock
Related violations: <none>

TIMING-20#98 Warning
Non-clocked latch  
The latch dut/AaB0[1].SS/o_labels_reg[1][10] cannot be properly analyzed as its control pin dut/AaB0[1].SS/o_labels_reg[1][10]/G is not reached by a timing clock
Related violations: <none>

TIMING-20#99 Warning
Non-clocked latch  
The latch dut/AaB0[1].SS/o_labels_reg[1][11] cannot be properly analyzed as its control pin dut/AaB0[1].SS/o_labels_reg[1][11]/G is not reached by a timing clock
Related violations: <none>

TIMING-20#100 Warning
Non-clocked latch  
The latch dut/AaB0[1].SS/o_labels_reg[1][12] cannot be properly analyzed as its control pin dut/AaB0[1].SS/o_labels_reg[1][12]/G is not reached by a timing clock
Related violations: <none>

TIMING-20#101 Warning
Non-clocked latch  
The latch dut/AaB0[1].SS/o_labels_reg[1][13] cannot be properly analyzed as its control pin dut/AaB0[1].SS/o_labels_reg[1][13]/G is not reached by a timing clock
Related violations: <none>

TIMING-20#102 Warning
Non-clocked latch  
The latch dut/AaB0[1].SS/o_labels_reg[1][14] cannot be properly analyzed as its control pin dut/AaB0[1].SS/o_labels_reg[1][14]/G is not reached by a timing clock
Related violations: <none>

TIMING-20#103 Warning
Non-clocked latch  
The latch dut/AaB0[1].SS/o_labels_reg[1][15] cannot be properly analyzed as its control pin dut/AaB0[1].SS/o_labels_reg[1][15]/G is not reached by a timing clock
Related violations: <none>

TIMING-20#104 Warning
Non-clocked latch  
The latch dut/AaB0[1].SS/o_labels_reg[1][1] cannot be properly analyzed as its control pin dut/AaB0[1].SS/o_labels_reg[1][1]/G is not reached by a timing clock
Related violations: <none>

TIMING-20#105 Warning
Non-clocked latch  
The latch dut/AaB0[1].SS/o_labels_reg[1][2] cannot be properly analyzed as its control pin dut/AaB0[1].SS/o_labels_reg[1][2]/G is not reached by a timing clock
Related violations: <none>

TIMING-20#106 Warning
Non-clocked latch  
The latch dut/AaB0[1].SS/o_labels_reg[1][3] cannot be properly analyzed as its control pin dut/AaB0[1].SS/o_labels_reg[1][3]/G is not reached by a timing clock
Related violations: <none>

TIMING-20#107 Warning
Non-clocked latch  
The latch dut/AaB0[1].SS/o_labels_reg[1][4] cannot be properly analyzed as its control pin dut/AaB0[1].SS/o_labels_reg[1][4]/G is not reached by a timing clock
Related violations: <none>

TIMING-20#108 Warning
Non-clocked latch  
The latch dut/AaB0[1].SS/o_labels_reg[1][5] cannot be properly analyzed as its control pin dut/AaB0[1].SS/o_labels_reg[1][5]/G is not reached by a timing clock
Related violations: <none>

TIMING-20#109 Warning
Non-clocked latch  
The latch dut/AaB0[1].SS/o_labels_reg[1][6] cannot be properly analyzed as its control pin dut/AaB0[1].SS/o_labels_reg[1][6]/G is not reached by a timing clock
Related violations: <none>

TIMING-20#110 Warning
Non-clocked latch  
The latch dut/AaB0[1].SS/o_labels_reg[1][7] cannot be properly analyzed as its control pin dut/AaB0[1].SS/o_labels_reg[1][7]/G is not reached by a timing clock
Related violations: <none>

TIMING-20#111 Warning
Non-clocked latch  
The latch dut/AaB0[1].SS/o_labels_reg[1][8] cannot be properly analyzed as its control pin dut/AaB0[1].SS/o_labels_reg[1][8]/G is not reached by a timing clock
Related violations: <none>

TIMING-20#112 Warning
Non-clocked latch  
The latch dut/AaB0[1].SS/o_labels_reg[1][9] cannot be properly analyzed as its control pin dut/AaB0[1].SS/o_labels_reg[1][9]/G is not reached by a timing clock
Related violations: <none>

TIMING-20#113 Warning
Non-clocked latch  
The latch dut/AaB0[1].SS/o_labels_reg[2][0] cannot be properly analyzed as its control pin dut/AaB0[1].SS/o_labels_reg[2][0]/G is not reached by a timing clock
Related violations: <none>

TIMING-20#114 Warning
Non-clocked latch  
The latch dut/AaB0[1].SS/o_labels_reg[2][10] cannot be properly analyzed as its control pin dut/AaB0[1].SS/o_labels_reg[2][10]/G is not reached by a timing clock
Related violations: <none>

TIMING-20#115 Warning
Non-clocked latch  
The latch dut/AaB0[1].SS/o_labels_reg[2][11] cannot be properly analyzed as its control pin dut/AaB0[1].SS/o_labels_reg[2][11]/G is not reached by a timing clock
Related violations: <none>

TIMING-20#116 Warning
Non-clocked latch  
The latch dut/AaB0[1].SS/o_labels_reg[2][12] cannot be properly analyzed as its control pin dut/AaB0[1].SS/o_labels_reg[2][12]/G is not reached by a timing clock
Related violations: <none>

TIMING-20#117 Warning
Non-clocked latch  
The latch dut/AaB0[1].SS/o_labels_reg[2][13] cannot be properly analyzed as its control pin dut/AaB0[1].SS/o_labels_reg[2][13]/G is not reached by a timing clock
Related violations: <none>

TIMING-20#118 Warning
Non-clocked latch  
The latch dut/AaB0[1].SS/o_labels_reg[2][14] cannot be properly analyzed as its control pin dut/AaB0[1].SS/o_labels_reg[2][14]/G is not reached by a timing clock
Related violations: <none>

TIMING-20#119 Warning
Non-clocked latch  
The latch dut/AaB0[1].SS/o_labels_reg[2][15] cannot be properly analyzed as its control pin dut/AaB0[1].SS/o_labels_reg[2][15]/G is not reached by a timing clock
Related violations: <none>

TIMING-20#120 Warning
Non-clocked latch  
The latch dut/AaB0[1].SS/o_labels_reg[2][1] cannot be properly analyzed as its control pin dut/AaB0[1].SS/o_labels_reg[2][1]/G is not reached by a timing clock
Related violations: <none>

TIMING-20#121 Warning
Non-clocked latch  
The latch dut/AaB0[1].SS/o_labels_reg[2][2] cannot be properly analyzed as its control pin dut/AaB0[1].SS/o_labels_reg[2][2]/G is not reached by a timing clock
Related violations: <none>

TIMING-20#122 Warning
Non-clocked latch  
The latch dut/AaB0[1].SS/o_labels_reg[2][3] cannot be properly analyzed as its control pin dut/AaB0[1].SS/o_labels_reg[2][3]/G is not reached by a timing clock
Related violations: <none>

TIMING-20#123 Warning
Non-clocked latch  
The latch dut/AaB0[1].SS/o_labels_reg[2][4] cannot be properly analyzed as its control pin dut/AaB0[1].SS/o_labels_reg[2][4]/G is not reached by a timing clock
Related violations: <none>

TIMING-20#124 Warning
Non-clocked latch  
The latch dut/AaB0[1].SS/o_labels_reg[2][5] cannot be properly analyzed as its control pin dut/AaB0[1].SS/o_labels_reg[2][5]/G is not reached by a timing clock
Related violations: <none>

TIMING-20#125 Warning
Non-clocked latch  
The latch dut/AaB0[1].SS/o_labels_reg[2][6] cannot be properly analyzed as its control pin dut/AaB0[1].SS/o_labels_reg[2][6]/G is not reached by a timing clock
Related violations: <none>

TIMING-20#126 Warning
Non-clocked latch  
The latch dut/AaB0[1].SS/o_labels_reg[2][7] cannot be properly analyzed as its control pin dut/AaB0[1].SS/o_labels_reg[2][7]/G is not reached by a timing clock
Related violations: <none>

TIMING-20#127 Warning
Non-clocked latch  
The latch dut/AaB0[1].SS/o_labels_reg[2][8] cannot be properly analyzed as its control pin dut/AaB0[1].SS/o_labels_reg[2][8]/G is not reached by a timing clock
Related violations: <none>

TIMING-20#128 Warning
Non-clocked latch  
The latch dut/AaB0[1].SS/o_labels_reg[2][9] cannot be properly analyzed as its control pin dut/AaB0[1].SS/o_labels_reg[2][9]/G is not reached by a timing clock
Related violations: <none>

TIMING-20#129 Warning
Non-clocked latch  
The latch dut/AaB0[1].SS/o_labels_reg[3][0] cannot be properly analyzed as its control pin dut/AaB0[1].SS/o_labels_reg[3][0]/G is not reached by a timing clock
Related violations: <none>

TIMING-20#130 Warning
Non-clocked latch  
The latch dut/AaB0[1].SS/o_labels_reg[3][10] cannot be properly analyzed as its control pin dut/AaB0[1].SS/o_labels_reg[3][10]/G is not reached by a timing clock
Related violations: <none>

TIMING-20#131 Warning
Non-clocked latch  
The latch dut/AaB0[1].SS/o_labels_reg[3][11] cannot be properly analyzed as its control pin dut/AaB0[1].SS/o_labels_reg[3][11]/G is not reached by a timing clock
Related violations: <none>

TIMING-20#132 Warning
Non-clocked latch  
The latch dut/AaB0[1].SS/o_labels_reg[3][12] cannot be properly analyzed as its control pin dut/AaB0[1].SS/o_labels_reg[3][12]/G is not reached by a timing clock
Related violations: <none>

TIMING-20#133 Warning
Non-clocked latch  
The latch dut/AaB0[1].SS/o_labels_reg[3][13] cannot be properly analyzed as its control pin dut/AaB0[1].SS/o_labels_reg[3][13]/G is not reached by a timing clock
Related violations: <none>

TIMING-20#134 Warning
Non-clocked latch  
The latch dut/AaB0[1].SS/o_labels_reg[3][14] cannot be properly analyzed as its control pin dut/AaB0[1].SS/o_labels_reg[3][14]/G is not reached by a timing clock
Related violations: <none>

TIMING-20#135 Warning
Non-clocked latch  
The latch dut/AaB0[1].SS/o_labels_reg[3][15] cannot be properly analyzed as its control pin dut/AaB0[1].SS/o_labels_reg[3][15]/G is not reached by a timing clock
Related violations: <none>

TIMING-20#136 Warning
Non-clocked latch  
The latch dut/AaB0[1].SS/o_labels_reg[3][1] cannot be properly analyzed as its control pin dut/AaB0[1].SS/o_labels_reg[3][1]/G is not reached by a timing clock
Related violations: <none>

TIMING-20#137 Warning
Non-clocked latch  
The latch dut/AaB0[1].SS/o_labels_reg[3][2] cannot be properly analyzed as its control pin dut/AaB0[1].SS/o_labels_reg[3][2]/G is not reached by a timing clock
Related violations: <none>

TIMING-20#138 Warning
Non-clocked latch  
The latch dut/AaB0[1].SS/o_labels_reg[3][3] cannot be properly analyzed as its control pin dut/AaB0[1].SS/o_labels_reg[3][3]/G is not reached by a timing clock
Related violations: <none>

TIMING-20#139 Warning
Non-clocked latch  
The latch dut/AaB0[1].SS/o_labels_reg[3][4] cannot be properly analyzed as its control pin dut/AaB0[1].SS/o_labels_reg[3][4]/G is not reached by a timing clock
Related violations: <none>

TIMING-20#140 Warning
Non-clocked latch  
The latch dut/AaB0[1].SS/o_labels_reg[3][5] cannot be properly analyzed as its control pin dut/AaB0[1].SS/o_labels_reg[3][5]/G is not reached by a timing clock
Related violations: <none>

TIMING-20#141 Warning
Non-clocked latch  
The latch dut/AaB0[1].SS/o_labels_reg[3][6] cannot be properly analyzed as its control pin dut/AaB0[1].SS/o_labels_reg[3][6]/G is not reached by a timing clock
Related violations: <none>

TIMING-20#142 Warning
Non-clocked latch  
The latch dut/AaB0[1].SS/o_labels_reg[3][7] cannot be properly analyzed as its control pin dut/AaB0[1].SS/o_labels_reg[3][7]/G is not reached by a timing clock
Related violations: <none>

TIMING-20#143 Warning
Non-clocked latch  
The latch dut/AaB0[1].SS/o_labels_reg[3][8] cannot be properly analyzed as its control pin dut/AaB0[1].SS/o_labels_reg[3][8]/G is not reached by a timing clock
Related violations: <none>

TIMING-20#144 Warning
Non-clocked latch  
The latch dut/AaB0[1].SS/o_labels_reg[3][9] cannot be properly analyzed as its control pin dut/AaB0[1].SS/o_labels_reg[3][9]/G is not reached by a timing clock
Related violations: <none>

TIMING-20#145 Warning
Non-clocked latch  
The latch dut/AaB0[2].SS/o_labels_reg[1][0] cannot be properly analyzed as its control pin dut/AaB0[2].SS/o_labels_reg[1][0]/G is not reached by a timing clock
Related violations: <none>

TIMING-20#146 Warning
Non-clocked latch  
The latch dut/AaB0[2].SS/o_labels_reg[1][10] cannot be properly analyzed as its control pin dut/AaB0[2].SS/o_labels_reg[1][10]/G is not reached by a timing clock
Related violations: <none>

TIMING-20#147 Warning
Non-clocked latch  
The latch dut/AaB0[2].SS/o_labels_reg[1][11] cannot be properly analyzed as its control pin dut/AaB0[2].SS/o_labels_reg[1][11]/G is not reached by a timing clock
Related violations: <none>

TIMING-20#148 Warning
Non-clocked latch  
The latch dut/AaB0[2].SS/o_labels_reg[1][12] cannot be properly analyzed as its control pin dut/AaB0[2].SS/o_labels_reg[1][12]/G is not reached by a timing clock
Related violations: <none>

TIMING-20#149 Warning
Non-clocked latch  
The latch dut/AaB0[2].SS/o_labels_reg[1][13] cannot be properly analyzed as its control pin dut/AaB0[2].SS/o_labels_reg[1][13]/G is not reached by a timing clock
Related violations: <none>

TIMING-20#150 Warning
Non-clocked latch  
The latch dut/AaB0[2].SS/o_labels_reg[1][14] cannot be properly analyzed as its control pin dut/AaB0[2].SS/o_labels_reg[1][14]/G is not reached by a timing clock
Related violations: <none>

TIMING-20#151 Warning
Non-clocked latch  
The latch dut/AaB0[2].SS/o_labels_reg[1][15] cannot be properly analyzed as its control pin dut/AaB0[2].SS/o_labels_reg[1][15]/G is not reached by a timing clock
Related violations: <none>

TIMING-20#152 Warning
Non-clocked latch  
The latch dut/AaB0[2].SS/o_labels_reg[1][1] cannot be properly analyzed as its control pin dut/AaB0[2].SS/o_labels_reg[1][1]/G is not reached by a timing clock
Related violations: <none>

TIMING-20#153 Warning
Non-clocked latch  
The latch dut/AaB0[2].SS/o_labels_reg[1][2] cannot be properly analyzed as its control pin dut/AaB0[2].SS/o_labels_reg[1][2]/G is not reached by a timing clock
Related violations: <none>

TIMING-20#154 Warning
Non-clocked latch  
The latch dut/AaB0[2].SS/o_labels_reg[1][3] cannot be properly analyzed as its control pin dut/AaB0[2].SS/o_labels_reg[1][3]/G is not reached by a timing clock
Related violations: <none>

TIMING-20#155 Warning
Non-clocked latch  
The latch dut/AaB0[2].SS/o_labels_reg[1][4] cannot be properly analyzed as its control pin dut/AaB0[2].SS/o_labels_reg[1][4]/G is not reached by a timing clock
Related violations: <none>

TIMING-20#156 Warning
Non-clocked latch  
The latch dut/AaB0[2].SS/o_labels_reg[1][5] cannot be properly analyzed as its control pin dut/AaB0[2].SS/o_labels_reg[1][5]/G is not reached by a timing clock
Related violations: <none>

TIMING-20#157 Warning
Non-clocked latch  
The latch dut/AaB0[2].SS/o_labels_reg[1][6] cannot be properly analyzed as its control pin dut/AaB0[2].SS/o_labels_reg[1][6]/G is not reached by a timing clock
Related violations: <none>

TIMING-20#158 Warning
Non-clocked latch  
The latch dut/AaB0[2].SS/o_labels_reg[1][7] cannot be properly analyzed as its control pin dut/AaB0[2].SS/o_labels_reg[1][7]/G is not reached by a timing clock
Related violations: <none>

TIMING-20#159 Warning
Non-clocked latch  
The latch dut/AaB0[2].SS/o_labels_reg[1][8] cannot be properly analyzed as its control pin dut/AaB0[2].SS/o_labels_reg[1][8]/G is not reached by a timing clock
Related violations: <none>

TIMING-20#160 Warning
Non-clocked latch  
The latch dut/AaB0[2].SS/o_labels_reg[1][9] cannot be properly analyzed as its control pin dut/AaB0[2].SS/o_labels_reg[1][9]/G is not reached by a timing clock
Related violations: <none>

TIMING-20#161 Warning
Non-clocked latch  
The latch dut/AaB0[2].SS/o_labels_reg[2][0] cannot be properly analyzed as its control pin dut/AaB0[2].SS/o_labels_reg[2][0]/G is not reached by a timing clock
Related violations: <none>

TIMING-20#162 Warning
Non-clocked latch  
The latch dut/AaB0[2].SS/o_labels_reg[2][10] cannot be properly analyzed as its control pin dut/AaB0[2].SS/o_labels_reg[2][10]/G is not reached by a timing clock
Related violations: <none>

TIMING-20#163 Warning
Non-clocked latch  
The latch dut/AaB0[2].SS/o_labels_reg[2][11] cannot be properly analyzed as its control pin dut/AaB0[2].SS/o_labels_reg[2][11]/G is not reached by a timing clock
Related violations: <none>

TIMING-20#164 Warning
Non-clocked latch  
The latch dut/AaB0[2].SS/o_labels_reg[2][12] cannot be properly analyzed as its control pin dut/AaB0[2].SS/o_labels_reg[2][12]/G is not reached by a timing clock
Related violations: <none>

TIMING-20#165 Warning
Non-clocked latch  
The latch dut/AaB0[2].SS/o_labels_reg[2][13] cannot be properly analyzed as its control pin dut/AaB0[2].SS/o_labels_reg[2][13]/G is not reached by a timing clock
Related violations: <none>

TIMING-20#166 Warning
Non-clocked latch  
The latch dut/AaB0[2].SS/o_labels_reg[2][14] cannot be properly analyzed as its control pin dut/AaB0[2].SS/o_labels_reg[2][14]/G is not reached by a timing clock
Related violations: <none>

TIMING-20#167 Warning
Non-clocked latch  
The latch dut/AaB0[2].SS/o_labels_reg[2][15] cannot be properly analyzed as its control pin dut/AaB0[2].SS/o_labels_reg[2][15]/G is not reached by a timing clock
Related violations: <none>

TIMING-20#168 Warning
Non-clocked latch  
The latch dut/AaB0[2].SS/o_labels_reg[2][1] cannot be properly analyzed as its control pin dut/AaB0[2].SS/o_labels_reg[2][1]/G is not reached by a timing clock
Related violations: <none>

TIMING-20#169 Warning
Non-clocked latch  
The latch dut/AaB0[2].SS/o_labels_reg[2][2] cannot be properly analyzed as its control pin dut/AaB0[2].SS/o_labels_reg[2][2]/G is not reached by a timing clock
Related violations: <none>

TIMING-20#170 Warning
Non-clocked latch  
The latch dut/AaB0[2].SS/o_labels_reg[2][3] cannot be properly analyzed as its control pin dut/AaB0[2].SS/o_labels_reg[2][3]/G is not reached by a timing clock
Related violations: <none>

TIMING-20#171 Warning
Non-clocked latch  
The latch dut/AaB0[2].SS/o_labels_reg[2][4] cannot be properly analyzed as its control pin dut/AaB0[2].SS/o_labels_reg[2][4]/G is not reached by a timing clock
Related violations: <none>

TIMING-20#172 Warning
Non-clocked latch  
The latch dut/AaB0[2].SS/o_labels_reg[2][5] cannot be properly analyzed as its control pin dut/AaB0[2].SS/o_labels_reg[2][5]/G is not reached by a timing clock
Related violations: <none>

TIMING-20#173 Warning
Non-clocked latch  
The latch dut/AaB0[2].SS/o_labels_reg[2][6] cannot be properly analyzed as its control pin dut/AaB0[2].SS/o_labels_reg[2][6]/G is not reached by a timing clock
Related violations: <none>

TIMING-20#174 Warning
Non-clocked latch  
The latch dut/AaB0[2].SS/o_labels_reg[2][7] cannot be properly analyzed as its control pin dut/AaB0[2].SS/o_labels_reg[2][7]/G is not reached by a timing clock
Related violations: <none>

TIMING-20#175 Warning
Non-clocked latch  
The latch dut/AaB0[2].SS/o_labels_reg[2][8] cannot be properly analyzed as its control pin dut/AaB0[2].SS/o_labels_reg[2][8]/G is not reached by a timing clock
Related violations: <none>

TIMING-20#176 Warning
Non-clocked latch  
The latch dut/AaB0[2].SS/o_labels_reg[2][9] cannot be properly analyzed as its control pin dut/AaB0[2].SS/o_labels_reg[2][9]/G is not reached by a timing clock
Related violations: <none>

TIMING-20#177 Warning
Non-clocked latch  
The latch dut/AaB0[2].SS/o_labels_reg[3][0] cannot be properly analyzed as its control pin dut/AaB0[2].SS/o_labels_reg[3][0]/G is not reached by a timing clock
Related violations: <none>

TIMING-20#178 Warning
Non-clocked latch  
The latch dut/AaB0[2].SS/o_labels_reg[3][10] cannot be properly analyzed as its control pin dut/AaB0[2].SS/o_labels_reg[3][10]/G is not reached by a timing clock
Related violations: <none>

TIMING-20#179 Warning
Non-clocked latch  
The latch dut/AaB0[2].SS/o_labels_reg[3][11] cannot be properly analyzed as its control pin dut/AaB0[2].SS/o_labels_reg[3][11]/G is not reached by a timing clock
Related violations: <none>

TIMING-20#180 Warning
Non-clocked latch  
The latch dut/AaB0[2].SS/o_labels_reg[3][12] cannot be properly analyzed as its control pin dut/AaB0[2].SS/o_labels_reg[3][12]/G is not reached by a timing clock
Related violations: <none>

TIMING-20#181 Warning
Non-clocked latch  
The latch dut/AaB0[2].SS/o_labels_reg[3][13] cannot be properly analyzed as its control pin dut/AaB0[2].SS/o_labels_reg[3][13]/G is not reached by a timing clock
Related violations: <none>

TIMING-20#182 Warning
Non-clocked latch  
The latch dut/AaB0[2].SS/o_labels_reg[3][14] cannot be properly analyzed as its control pin dut/AaB0[2].SS/o_labels_reg[3][14]/G is not reached by a timing clock
Related violations: <none>

TIMING-20#183 Warning
Non-clocked latch  
The latch dut/AaB0[2].SS/o_labels_reg[3][15] cannot be properly analyzed as its control pin dut/AaB0[2].SS/o_labels_reg[3][15]/G is not reached by a timing clock
Related violations: <none>

TIMING-20#184 Warning
Non-clocked latch  
The latch dut/AaB0[2].SS/o_labels_reg[3][1] cannot be properly analyzed as its control pin dut/AaB0[2].SS/o_labels_reg[3][1]/G is not reached by a timing clock
Related violations: <none>

TIMING-20#185 Warning
Non-clocked latch  
The latch dut/AaB0[2].SS/o_labels_reg[3][2] cannot be properly analyzed as its control pin dut/AaB0[2].SS/o_labels_reg[3][2]/G is not reached by a timing clock
Related violations: <none>

TIMING-20#186 Warning
Non-clocked latch  
The latch dut/AaB0[2].SS/o_labels_reg[3][3] cannot be properly analyzed as its control pin dut/AaB0[2].SS/o_labels_reg[3][3]/G is not reached by a timing clock
Related violations: <none>

TIMING-20#187 Warning
Non-clocked latch  
The latch dut/AaB0[2].SS/o_labels_reg[3][4] cannot be properly analyzed as its control pin dut/AaB0[2].SS/o_labels_reg[3][4]/G is not reached by a timing clock
Related violations: <none>

TIMING-20#188 Warning
Non-clocked latch  
The latch dut/AaB0[2].SS/o_labels_reg[3][5] cannot be properly analyzed as its control pin dut/AaB0[2].SS/o_labels_reg[3][5]/G is not reached by a timing clock
Related violations: <none>

TIMING-20#189 Warning
Non-clocked latch  
The latch dut/AaB0[2].SS/o_labels_reg[3][6] cannot be properly analyzed as its control pin dut/AaB0[2].SS/o_labels_reg[3][6]/G is not reached by a timing clock
Related violations: <none>

TIMING-20#190 Warning
Non-clocked latch  
The latch dut/AaB0[2].SS/o_labels_reg[3][7] cannot be properly analyzed as its control pin dut/AaB0[2].SS/o_labels_reg[3][7]/G is not reached by a timing clock
Related violations: <none>

TIMING-20#191 Warning
Non-clocked latch  
The latch dut/AaB0[2].SS/o_labels_reg[3][8] cannot be properly analyzed as its control pin dut/AaB0[2].SS/o_labels_reg[3][8]/G is not reached by a timing clock
Related violations: <none>

TIMING-20#192 Warning
Non-clocked latch  
The latch dut/AaB0[2].SS/o_labels_reg[3][9] cannot be properly analyzed as its control pin dut/AaB0[2].SS/o_labels_reg[3][9]/G is not reached by a timing clock
Related violations: <none>

TIMING-20#193 Warning
Non-clocked latch  
The latch dut/SS_11/o_labels_reg[1][0] cannot be properly analyzed as its control pin dut/SS_11/o_labels_reg[1][0]/G is not reached by a timing clock
Related violations: <none>

TIMING-20#194 Warning
Non-clocked latch  
The latch dut/SS_11/o_labels_reg[1][10] cannot be properly analyzed as its control pin dut/SS_11/o_labels_reg[1][10]/G is not reached by a timing clock
Related violations: <none>

TIMING-20#195 Warning
Non-clocked latch  
The latch dut/SS_11/o_labels_reg[1][11] cannot be properly analyzed as its control pin dut/SS_11/o_labels_reg[1][11]/G is not reached by a timing clock
Related violations: <none>

TIMING-20#196 Warning
Non-clocked latch  
The latch dut/SS_11/o_labels_reg[1][12] cannot be properly analyzed as its control pin dut/SS_11/o_labels_reg[1][12]/G is not reached by a timing clock
Related violations: <none>

TIMING-20#197 Warning
Non-clocked latch  
The latch dut/SS_11/o_labels_reg[1][13] cannot be properly analyzed as its control pin dut/SS_11/o_labels_reg[1][13]/G is not reached by a timing clock
Related violations: <none>

TIMING-20#198 Warning
Non-clocked latch  
The latch dut/SS_11/o_labels_reg[1][14] cannot be properly analyzed as its control pin dut/SS_11/o_labels_reg[1][14]/G is not reached by a timing clock
Related violations: <none>

TIMING-20#199 Warning
Non-clocked latch  
The latch dut/SS_11/o_labels_reg[1][15] cannot be properly analyzed as its control pin dut/SS_11/o_labels_reg[1][15]/G is not reached by a timing clock
Related violations: <none>

TIMING-20#200 Warning
Non-clocked latch  
The latch dut/SS_11/o_labels_reg[1][1] cannot be properly analyzed as its control pin dut/SS_11/o_labels_reg[1][1]/G is not reached by a timing clock
Related violations: <none>

TIMING-20#201 Warning
Non-clocked latch  
The latch dut/SS_11/o_labels_reg[1][2] cannot be properly analyzed as its control pin dut/SS_11/o_labels_reg[1][2]/G is not reached by a timing clock
Related violations: <none>

TIMING-20#202 Warning
Non-clocked latch  
The latch dut/SS_11/o_labels_reg[1][3] cannot be properly analyzed as its control pin dut/SS_11/o_labels_reg[1][3]/G is not reached by a timing clock
Related violations: <none>

TIMING-20#203 Warning
Non-clocked latch  
The latch dut/SS_11/o_labels_reg[1][4] cannot be properly analyzed as its control pin dut/SS_11/o_labels_reg[1][4]/G is not reached by a timing clock
Related violations: <none>

TIMING-20#204 Warning
Non-clocked latch  
The latch dut/SS_11/o_labels_reg[1][5] cannot be properly analyzed as its control pin dut/SS_11/o_labels_reg[1][5]/G is not reached by a timing clock
Related violations: <none>

TIMING-20#205 Warning
Non-clocked latch  
The latch dut/SS_11/o_labels_reg[1][6] cannot be properly analyzed as its control pin dut/SS_11/o_labels_reg[1][6]/G is not reached by a timing clock
Related violations: <none>

TIMING-20#206 Warning
Non-clocked latch  
The latch dut/SS_11/o_labels_reg[1][7] cannot be properly analyzed as its control pin dut/SS_11/o_labels_reg[1][7]/G is not reached by a timing clock
Related violations: <none>

TIMING-20#207 Warning
Non-clocked latch  
The latch dut/SS_11/o_labels_reg[1][8] cannot be properly analyzed as its control pin dut/SS_11/o_labels_reg[1][8]/G is not reached by a timing clock
Related violations: <none>

TIMING-20#208 Warning
Non-clocked latch  
The latch dut/SS_11/o_labels_reg[1][9] cannot be properly analyzed as its control pin dut/SS_11/o_labels_reg[1][9]/G is not reached by a timing clock
Related violations: <none>

TIMING-20#209 Warning
Non-clocked latch  
The latch dut/SS_11/o_labels_reg[2][0] cannot be properly analyzed as its control pin dut/SS_11/o_labels_reg[2][0]/G is not reached by a timing clock
Related violations: <none>

TIMING-20#210 Warning
Non-clocked latch  
The latch dut/SS_11/o_labels_reg[2][10] cannot be properly analyzed as its control pin dut/SS_11/o_labels_reg[2][10]/G is not reached by a timing clock
Related violations: <none>

TIMING-20#211 Warning
Non-clocked latch  
The latch dut/SS_11/o_labels_reg[2][11] cannot be properly analyzed as its control pin dut/SS_11/o_labels_reg[2][11]/G is not reached by a timing clock
Related violations: <none>

TIMING-20#212 Warning
Non-clocked latch  
The latch dut/SS_11/o_labels_reg[2][12] cannot be properly analyzed as its control pin dut/SS_11/o_labels_reg[2][12]/G is not reached by a timing clock
Related violations: <none>

TIMING-20#213 Warning
Non-clocked latch  
The latch dut/SS_11/o_labels_reg[2][13] cannot be properly analyzed as its control pin dut/SS_11/o_labels_reg[2][13]/G is not reached by a timing clock
Related violations: <none>

TIMING-20#214 Warning
Non-clocked latch  
The latch dut/SS_11/o_labels_reg[2][14] cannot be properly analyzed as its control pin dut/SS_11/o_labels_reg[2][14]/G is not reached by a timing clock
Related violations: <none>

TIMING-20#215 Warning
Non-clocked latch  
The latch dut/SS_11/o_labels_reg[2][15] cannot be properly analyzed as its control pin dut/SS_11/o_labels_reg[2][15]/G is not reached by a timing clock
Related violations: <none>

TIMING-20#216 Warning
Non-clocked latch  
The latch dut/SS_11/o_labels_reg[2][1] cannot be properly analyzed as its control pin dut/SS_11/o_labels_reg[2][1]/G is not reached by a timing clock
Related violations: <none>

TIMING-20#217 Warning
Non-clocked latch  
The latch dut/SS_11/o_labels_reg[2][2] cannot be properly analyzed as its control pin dut/SS_11/o_labels_reg[2][2]/G is not reached by a timing clock
Related violations: <none>

TIMING-20#218 Warning
Non-clocked latch  
The latch dut/SS_11/o_labels_reg[2][3] cannot be properly analyzed as its control pin dut/SS_11/o_labels_reg[2][3]/G is not reached by a timing clock
Related violations: <none>

TIMING-20#219 Warning
Non-clocked latch  
The latch dut/SS_11/o_labels_reg[2][4] cannot be properly analyzed as its control pin dut/SS_11/o_labels_reg[2][4]/G is not reached by a timing clock
Related violations: <none>

TIMING-20#220 Warning
Non-clocked latch  
The latch dut/SS_11/o_labels_reg[2][5] cannot be properly analyzed as its control pin dut/SS_11/o_labels_reg[2][5]/G is not reached by a timing clock
Related violations: <none>

TIMING-20#221 Warning
Non-clocked latch  
The latch dut/SS_11/o_labels_reg[2][6] cannot be properly analyzed as its control pin dut/SS_11/o_labels_reg[2][6]/G is not reached by a timing clock
Related violations: <none>

TIMING-20#222 Warning
Non-clocked latch  
The latch dut/SS_11/o_labels_reg[2][7] cannot be properly analyzed as its control pin dut/SS_11/o_labels_reg[2][7]/G is not reached by a timing clock
Related violations: <none>

TIMING-20#223 Warning
Non-clocked latch  
The latch dut/SS_11/o_labels_reg[2][8] cannot be properly analyzed as its control pin dut/SS_11/o_labels_reg[2][8]/G is not reached by a timing clock
Related violations: <none>

TIMING-20#224 Warning
Non-clocked latch  
The latch dut/SS_11/o_labels_reg[2][9] cannot be properly analyzed as its control pin dut/SS_11/o_labels_reg[2][9]/G is not reached by a timing clock
Related violations: <none>

TIMING-20#225 Warning
Non-clocked latch  
The latch dut/SS_11/o_labels_reg[3][0] cannot be properly analyzed as its control pin dut/SS_11/o_labels_reg[3][0]/G is not reached by a timing clock
Related violations: <none>

TIMING-20#226 Warning
Non-clocked latch  
The latch dut/SS_11/o_labels_reg[3][10] cannot be properly analyzed as its control pin dut/SS_11/o_labels_reg[3][10]/G is not reached by a timing clock
Related violations: <none>

TIMING-20#227 Warning
Non-clocked latch  
The latch dut/SS_11/o_labels_reg[3][11] cannot be properly analyzed as its control pin dut/SS_11/o_labels_reg[3][11]/G is not reached by a timing clock
Related violations: <none>

TIMING-20#228 Warning
Non-clocked latch  
The latch dut/SS_11/o_labels_reg[3][12] cannot be properly analyzed as its control pin dut/SS_11/o_labels_reg[3][12]/G is not reached by a timing clock
Related violations: <none>

TIMING-20#229 Warning
Non-clocked latch  
The latch dut/SS_11/o_labels_reg[3][13] cannot be properly analyzed as its control pin dut/SS_11/o_labels_reg[3][13]/G is not reached by a timing clock
Related violations: <none>

TIMING-20#230 Warning
Non-clocked latch  
The latch dut/SS_11/o_labels_reg[3][14] cannot be properly analyzed as its control pin dut/SS_11/o_labels_reg[3][14]/G is not reached by a timing clock
Related violations: <none>

TIMING-20#231 Warning
Non-clocked latch  
The latch dut/SS_11/o_labels_reg[3][15] cannot be properly analyzed as its control pin dut/SS_11/o_labels_reg[3][15]/G is not reached by a timing clock
Related violations: <none>

TIMING-20#232 Warning
Non-clocked latch  
The latch dut/SS_11/o_labels_reg[3][1] cannot be properly analyzed as its control pin dut/SS_11/o_labels_reg[3][1]/G is not reached by a timing clock
Related violations: <none>

TIMING-20#233 Warning
Non-clocked latch  
The latch dut/SS_11/o_labels_reg[3][2] cannot be properly analyzed as its control pin dut/SS_11/o_labels_reg[3][2]/G is not reached by a timing clock
Related violations: <none>

TIMING-20#234 Warning
Non-clocked latch  
The latch dut/SS_11/o_labels_reg[3][3] cannot be properly analyzed as its control pin dut/SS_11/o_labels_reg[3][3]/G is not reached by a timing clock
Related violations: <none>

TIMING-20#235 Warning
Non-clocked latch  
The latch dut/SS_11/o_labels_reg[3][4] cannot be properly analyzed as its control pin dut/SS_11/o_labels_reg[3][4]/G is not reached by a timing clock
Related violations: <none>

TIMING-20#236 Warning
Non-clocked latch  
The latch dut/SS_11/o_labels_reg[3][5] cannot be properly analyzed as its control pin dut/SS_11/o_labels_reg[3][5]/G is not reached by a timing clock
Related violations: <none>

TIMING-20#237 Warning
Non-clocked latch  
The latch dut/SS_11/o_labels_reg[3][6] cannot be properly analyzed as its control pin dut/SS_11/o_labels_reg[3][6]/G is not reached by a timing clock
Related violations: <none>

TIMING-20#238 Warning
Non-clocked latch  
The latch dut/SS_11/o_labels_reg[3][7] cannot be properly analyzed as its control pin dut/SS_11/o_labels_reg[3][7]/G is not reached by a timing clock
Related violations: <none>

TIMING-20#239 Warning
Non-clocked latch  
The latch dut/SS_11/o_labels_reg[3][8] cannot be properly analyzed as its control pin dut/SS_11/o_labels_reg[3][8]/G is not reached by a timing clock
Related violations: <none>

TIMING-20#240 Warning
Non-clocked latch  
The latch dut/SS_11/o_labels_reg[3][9] cannot be properly analyzed as its control pin dut/SS_11/o_labels_reg[3][9]/G is not reached by a timing clock
Related violations: <none>

LATCH-1#1 Advisory
Existing latches in the design  
There are 240 latches found in the design. Inferred latches are often the result of HDL coding mistakes, such as incomplete if or case statements.
Related violations: <none>


