Copyright 1986-2022 Xilinx, Inc. All Rights Reserved.
--------------------------------------------------------------------------------------------------------------------------------------------------------------------------------------------------------------------
| Tool Version      : Vivado v.2022.1 (win64) Build 3526262 Mon Apr 18 15:48:16 MDT 2022
| Date              : Sun Apr 26 00:25:43 2026
| Host              : feduuk running 64-bit major release  (build 9200)
| Command           : report_timing_summary -max_paths 10 -report_unconstrained -file wp_SS8_timing_summary_routed.rpt -pb wp_SS8_timing_summary_routed.pb -rpx wp_SS8_timing_summary_routed.rpx -warn_on_violation
| Design            : wp_SS8
| Device            : xcku035-fbva676
| Speed File        : -1  PRODUCTION 1.25 12-04-2018
| Temperature Grade : I
--------------------------------------------------------------------------------------------------------------------------------------------------------------------------------------------------------------------

Timing Summary Report

------------------------------------------------------------------------------------------------
| Timer Settings
| --------------
------------------------------------------------------------------------------------------------

  Enable Multi Corner Analysis               :  Yes
  Enable Pessimism Removal                   :  Yes
  Pessimism Removal Resolution               :  Nearest Common Node
  Enable Input Delay Default Clock           :  No
  Enable Preset / Clear Arcs                 :  No
  Disable Flight Delays                      :  No
  Ignore I/O Paths                           :  No
  Timing Early Launch at Borrowing Latches   :  No
  Borrow Time for Max Delay Exceptions       :  Yes
  Merge Timing Exceptions                    :  Yes

  Corner  Analyze    Analyze    
  Name    Max Paths  Min Paths  
  ------  ---------  ---------  
  Slow    Yes        Yes        
  Fast    Yes        Yes        


------------------------------------------------------------------------------------------------
| Report Methodology
| ------------------
------------------------------------------------------------------------------------------------

Rule       Severity  Description                    Violations  
---------  --------  -----------------------------  ----------  
TIMING-16  Warning   Large setup violation          983         
TIMING-18  Warning   Missing input or output delay  160         

Note: This report is based on the most recent report_methodology run and may not be up-to-date. Run report_methodology on the current design for the latest report.



check_timing report

Table of Contents
-----------------
1. checking no_clock (0)
2. checking constant_clock (0)
3. checking pulse_width_clock (0)
4. checking unconstrained_internal_endpoints (0)
5. checking no_input_delay (85)
6. checking no_output_delay (75)
7. checking multiple_clock (0)
8. checking generated_clocks (0)
9. checking loops (0)
10. checking partial_input_delay (0)
11. checking partial_output_delay (0)
12. checking latch_loops (0)

1. checking no_clock (0)
------------------------
 There are 0 register/latch pins with no clock.


2. checking constant_clock (0)
------------------------------
 There are 0 register/latch pins with constant_clock.


3. checking pulse_width_clock (0)
---------------------------------
 There are 0 register/latch pins which need pulse_width check


4. checking unconstrained_internal_endpoints (0)
------------------------------------------------
 There are 0 pins that are not constrained for maximum delay.

 There are 0 pins that are not constrained for maximum delay due to constant clock.


5. checking no_input_delay (85)
-------------------------------
 There are 85 input ports with no input delay specified. (HIGH)

 There are 0 input ports with no input delay but user has a false path constraint.


6. checking no_output_delay (75)
--------------------------------
 There are 75 ports with no output delay specified. (HIGH)

 There are 0 ports with no output delay but user has a false path constraint

 There are 0 ports with no output delay but with a timing clock defined on it or propagating through it


7. checking multiple_clock (0)
------------------------------
 There are 0 register/latch pins with multiple clocks.


8. checking generated_clocks (0)
--------------------------------
 There are 0 generated clocks that are not connected to a clock source.


9. checking loops (0)
---------------------
 There are 0 combinational loops in the design.


10. checking partial_input_delay (0)
------------------------------------
 There are 0 input ports with partial input delay specified.


11. checking partial_output_delay (0)
-------------------------------------
 There are 0 ports with partial output delay specified.


12. checking latch_loops (0)
----------------------------
 There are 0 combinational latch loops in the design through latch input



------------------------------------------------------------------------------------------------
| Design Timing Summary
| ---------------------
------------------------------------------------------------------------------------------------

    WNS(ns)      TNS(ns)  TNS Failing Endpoints  TNS Total Endpoints      WHS(ns)      THS(ns)  THS Failing Endpoints  THS Total Endpoints     WPWS(ns)     TPWS(ns)  TPWS Failing Endpoints  TPWS Total Endpoints  
    -------      -------  ---------------------  -------------------      -------      -------  ---------------------  -------------------     --------     --------  ----------------------  --------------------  
     -1.749    -2034.883                   2236                 2804        0.014        0.000                      0                 2804       -0.587     -100.623                     282                  2049  


Timing constraints are not met.


------------------------------------------------------------------------------------------------
| Clock Summary
| -------------
------------------------------------------------------------------------------------------------

Clock        Waveform(ns)         Period(ns)      Frequency(MHz)
-----        ------------         ----------      --------------
sys_clk_pin  {0.000 0.500}        1.000           1000.000        


------------------------------------------------------------------------------------------------
| Intra Clock Table
| -----------------
------------------------------------------------------------------------------------------------

Clock             WNS(ns)      TNS(ns)  TNS Failing Endpoints  TNS Total Endpoints      WHS(ns)      THS(ns)  THS Failing Endpoints  THS Total Endpoints     WPWS(ns)     TPWS(ns)  TPWS Failing Endpoints  TPWS Total Endpoints  
-----             -------      -------  ---------------------  -------------------      -------      -------  ---------------------  -------------------     --------     --------  ----------------------  --------------------  
sys_clk_pin        -1.749    -2034.883                   2236                 2804        0.014        0.000                      0                 2804       -0.587     -100.623                     282                  2049  


------------------------------------------------------------------------------------------------
| Inter Clock Table
| -----------------
------------------------------------------------------------------------------------------------

From Clock    To Clock          WNS(ns)      TNS(ns)  TNS Failing Endpoints  TNS Total Endpoints      WHS(ns)      THS(ns)  THS Failing Endpoints  THS Total Endpoints  
----------    --------          -------      -------  ---------------------  -------------------      -------      -------  ---------------------  -------------------  


------------------------------------------------------------------------------------------------
| Other Path Groups Table
| -----------------------
------------------------------------------------------------------------------------------------

Path Group    From Clock    To Clock          WNS(ns)      TNS(ns)  TNS Failing Endpoints  TNS Total Endpoints      WHS(ns)      THS(ns)  THS Failing Endpoints  THS Total Endpoints  
----------    ----------    --------          -------      -------  ---------------------  -------------------      -------      -------  ---------------------  -------------------  


------------------------------------------------------------------------------------------------
| User Ignored Path Table
| -----------------------
------------------------------------------------------------------------------------------------

Path Group    From Clock    To Clock    
----------    ----------    --------    


------------------------------------------------------------------------------------------------
| Unconstrained Path Table
| ------------------------
------------------------------------------------------------------------------------------------

Path Group    From Clock    To Clock    
----------    ----------    --------    
(none)        sys_clk_pin                 
(none)                      sys_clk_pin   


------------------------------------------------------------------------------------------------
| Timing Details
| --------------
------------------------------------------------------------------------------------------------


---------------------------------------------------------------------------------------------------
From Clock:  sys_clk_pin
  To Clock:  sys_clk_pin

Setup :         2236  Failing Endpoints,  Worst Slack       -1.749ns,  Total Violation    -2034.883ns
Hold  :            0  Failing Endpoints,  Worst Slack        0.014ns,  Total Violation        0.000ns
PW    :          282  Failing Endpoints,  Worst Slack       -0.587ns,  Total Violation     -100.623ns
---------------------------------------------------------------------------------------------------


Max Delay Paths
--------------------------------------------------------------------------------------
Slack (VIOLATED) :        -1.749ns  (required time - arrival time)
  Source:                 buf_metrics0_reg[32]/C
                            (rising edge-triggered cell FDRE clocked by sys_clk_pin  {rise@0.000ns fall@0.500ns period=1.000ns})
  Destination:            dut/m_p_reg[0][5][0]/D
                            (rising edge-triggered cell FDRE clocked by sys_clk_pin  {rise@0.000ns fall@0.500ns period=1.000ns})
  Path Group:             sys_clk_pin
  Path Type:              Setup (Max at Slow Process Corner)
  Requirement:            1.000ns  (sys_clk_pin rise@1.000ns - sys_clk_pin rise@0.000ns)
  Data Path Delay:        2.588ns  (logic 1.356ns (52.396%)  route 1.232ns (47.604%))
  Logic Levels:           5  (CARRY8=3 LUT3=1 LUT4=1)
  Clock Path Skew:        -0.188ns (DCD - SCD + CPR)
    Destination Clock Delay (DCD):    3.547ns = ( 4.547 - 1.000 ) 
    Source Clock Delay      (SCD):    4.345ns
    Clock Pessimism Removal (CPR):    0.610ns
  Clock Uncertainty:      0.035ns  ((TSJ^2 + TIJ^2)^1/2 + DJ) / 2 + PE
    Total System Jitter     (TSJ):    0.071ns
    Total Input Jitter      (TIJ):    0.000ns
    Discrete Jitter          (DJ):    0.000ns
    Phase Error              (PE):    0.000ns
  Clock Net Delay (Source):      2.296ns (routing 0.756ns, distribution 1.540ns)
  Clock Net Delay (Destination): 1.972ns (routing 0.696ns, distribution 1.276ns)

    Location             Delay type                Incr(ns)  Path(ns)    Netlist Resource(s)
  -------------------------------------------------------------------    -------------------
                         (clock sys_clk_pin rise edge)
                                                      0.000     0.000 r  
    AA13                                              0.000     0.000 r  clk (IN)
                         net (fo=0)                   0.000     0.000    clk_IBUF_inst/I
    AA13                 INBUF (Prop_INBUF_HRIO_PAD_O)
                                                      0.955     0.955 r  clk_IBUF_inst/INBUF_INST/O
                         net (fo=1, routed)           0.105     1.060    clk_IBUF_inst/OUT
    AA13                 IBUFCTRL (Prop_IBUFCTRL_HRIO_I_O)
                                                      0.049     1.109 r  clk_IBUF_inst/IBUFCTRL_INST/O
                         net (fo=1, routed)           0.839     1.948    clk_IBUF
    BUFGCE_X1Y0          BUFGCE (Prop_BUFCE_BUFGCE_I_O)
                                                      0.101     2.049 r  clk_IBUF_BUFG_inst/O
    X2Y1 (CLOCK_ROOT)    net (fo=2048, routed)        2.296     4.345    clk_IBUF_BUFG
    SLICE_X55Y149        FDRE                                         r  buf_metrics0_reg[32]/C
  -------------------------------------------------------------------    -------------------
    SLICE_X55Y149        FDRE (Prop_FFF2_SLICEM_C_Q)
                                                      0.138     4.483 r  buf_metrics0_reg[32]/Q
                         net (fo=8, routed)           0.573     5.056    dut/s0_d_reg[5][10]_0[24]
    SLICE_X55Y150        CARRY8 (Prop_CARRY8_SLICEM_DI[2]_CO[7])
                                                      0.424     5.480 r  dut/m_p_reg[0][5][7]_i_3/CO[7]
                         net (fo=1, routed)           0.030     5.510    dut/m_p_reg[0][5][7]_i_3_n_0
    SLICE_X55Y151        CARRY8 (Prop_CARRY8_SLICEM_CI_O[1])
                                                      0.163     5.673 r  dut/m_p_reg[0][5][10]_i_3/O[1]
                         net (fo=4, routed)           0.314     5.987    dut/s_raw[4]_111[9]
    SLICE_X56Y152        LUT4 (Prop_E6LUT_SLICEL_I3_O)
                                                      0.166     6.153 r  dut/idx_p[0][5][0]_i_9/O
                         net (fo=1, routed)           0.000     6.153    dut/idx_p[0][5][0]_i_9_n_0
    SLICE_X56Y152        CARRY8 (Prop_CARRY8_SLICEL_S[4]_CO[5])
                                                      0.299     6.452 r  dut/idx_p_reg[0][5][0]_i_1/CO[5]
                         net (fo=24, routed)          0.282     6.734    dut/idx_w[1][5]_17[0]
    SLICE_X56Y153        LUT3 (Prop_B6LUT_SLICEL_I2_O)
                                                      0.166     6.900 r  dut/m_p[0][5][0]_i_1/O
                         net (fo=1, routed)           0.033     6.933    dut/m_w[1][5]_19[0]
    SLICE_X56Y153        FDRE                                         r  dut/m_p_reg[0][5][0]/D
  -------------------------------------------------------------------    -------------------

                         (clock sys_clk_pin rise edge)
                                                      1.000     1.000 r  
    AA13                                              0.000     1.000 r  clk (IN)
                         net (fo=0)                   0.000     1.000    clk_IBUF_inst/I
    AA13                 INBUF (Prop_INBUF_HRIO_PAD_O)
                                                      0.662     1.662 r  clk_IBUF_inst/INBUF_INST/O
                         net (fo=1, routed)           0.066     1.728    clk_IBUF_inst/OUT
    AA13                 IBUFCTRL (Prop_IBUFCTRL_HRIO_I_O)
                                                      0.034     1.762 r  clk_IBUF_inst/IBUFCTRL_INST/O
                         net (fo=1, routed)           0.722     2.484    clk_IBUF
    BUFGCE_X1Y0          BUFGCE (Prop_BUFCE_BUFGCE_I_O)
                                                      0.091     2.575 r  clk_IBUF_BUFG_inst/O
    X2Y1 (CLOCK_ROOT)    net (fo=2048, routed)        1.972     4.547    dut/clk_IBUF_BUFG
    SLICE_X56Y153        FDRE                                         r  dut/m_p_reg[0][5][0]/C
                         clock pessimism              0.610     5.157    
                         clock uncertainty           -0.035     5.122    
    SLICE_X56Y153        FDRE (Setup_BFF_SLICEL_C_D)
                                                      0.062     5.184    dut/m_p_reg[0][5][0]
  -------------------------------------------------------------------
                         required time                          5.184    
                         arrival time                          -6.933    
  -------------------------------------------------------------------
                         slack                                 -1.749    

Slack (VIOLATED) :        -1.743ns  (required time - arrival time)
  Source:                 buf_metrics0_reg[32]/C
                            (rising edge-triggered cell FDRE clocked by sys_clk_pin  {rise@0.000ns fall@0.500ns period=1.000ns})
  Destination:            dut/m_p_reg[0][5][3]/D
                            (rising edge-triggered cell FDRE clocked by sys_clk_pin  {rise@0.000ns fall@0.500ns period=1.000ns})
  Path Group:             sys_clk_pin
  Path Type:              Setup (Max at Slow Process Corner)
  Requirement:            1.000ns  (sys_clk_pin rise@1.000ns - sys_clk_pin rise@0.000ns)
  Data Path Delay:        2.583ns  (logic 1.356ns (52.497%)  route 1.227ns (47.503%))
  Logic Levels:           5  (CARRY8=3 LUT3=1 LUT4=1)
  Clock Path Skew:        -0.188ns (DCD - SCD + CPR)
    Destination Clock Delay (DCD):    3.547ns = ( 4.547 - 1.000 ) 
    Source Clock Delay      (SCD):    4.345ns
    Clock Pessimism Removal (CPR):    0.610ns
  Clock Uncertainty:      0.035ns  ((TSJ^2 + TIJ^2)^1/2 + DJ) / 2 + PE
    Total System Jitter     (TSJ):    0.071ns
    Total Input Jitter      (TIJ):    0.000ns
    Discrete Jitter          (DJ):    0.000ns
    Phase Error              (PE):    0.000ns
  Clock Net Delay (Source):      2.296ns (routing 0.756ns, distribution 1.540ns)
  Clock Net Delay (Destination): 1.972ns (routing 0.696ns, distribution 1.276ns)

    Location             Delay type                Incr(ns)  Path(ns)    Netlist Resource(s)
  -------------------------------------------------------------------    -------------------
                         (clock sys_clk_pin rise edge)
                                                      0.000     0.000 r  
    AA13                                              0.000     0.000 r  clk (IN)
                         net (fo=0)                   0.000     0.000    clk_IBUF_inst/I
    AA13                 INBUF (Prop_INBUF_HRIO_PAD_O)
                                                      0.955     0.955 r  clk_IBUF_inst/INBUF_INST/O
                         net (fo=1, routed)           0.105     1.060    clk_IBUF_inst/OUT
    AA13                 IBUFCTRL (Prop_IBUFCTRL_HRIO_I_O)
                                                      0.049     1.109 r  clk_IBUF_inst/IBUFCTRL_INST/O
                         net (fo=1, routed)           0.839     1.948    clk_IBUF
    BUFGCE_X1Y0          BUFGCE (Prop_BUFCE_BUFGCE_I_O)
                                                      0.101     2.049 r  clk_IBUF_BUFG_inst/O
    X2Y1 (CLOCK_ROOT)    net (fo=2048, routed)        2.296     4.345    clk_IBUF_BUFG
    SLICE_X55Y149        FDRE                                         r  buf_metrics0_reg[32]/C
  -------------------------------------------------------------------    -------------------
    SLICE_X55Y149        FDRE (Prop_FFF2_SLICEM_C_Q)
                                                      0.138     4.483 r  buf_metrics0_reg[32]/Q
                         net (fo=8, routed)           0.573     5.056    dut/s0_d_reg[5][10]_0[24]
    SLICE_X55Y150        CARRY8 (Prop_CARRY8_SLICEM_DI[2]_CO[7])
                                                      0.424     5.480 r  dut/m_p_reg[0][5][7]_i_3/CO[7]
                         net (fo=1, routed)           0.030     5.510    dut/m_p_reg[0][5][7]_i_3_n_0
    SLICE_X55Y151        CARRY8 (Prop_CARRY8_SLICEM_CI_O[1])
                                                      0.163     5.673 r  dut/m_p_reg[0][5][10]_i_3/O[1]
                         net (fo=4, routed)           0.314     5.987    dut/s_raw[4]_111[9]
    SLICE_X56Y152        LUT4 (Prop_E6LUT_SLICEL_I3_O)
                                                      0.166     6.153 r  dut/idx_p[0][5][0]_i_9/O
                         net (fo=1, routed)           0.000     6.153    dut/idx_p[0][5][0]_i_9_n_0
    SLICE_X56Y152        CARRY8 (Prop_CARRY8_SLICEL_S[4]_CO[5])
                                                      0.299     6.452 r  dut/idx_p_reg[0][5][0]_i_1/CO[5]
                         net (fo=24, routed)          0.280     6.732    dut/idx_w[1][5]_17[0]
    SLICE_X56Y153        LUT3 (Prop_A6LUT_SLICEL_I2_O)
                                                      0.166     6.898 r  dut/m_p[0][5][3]_i_1/O
                         net (fo=1, routed)           0.030     6.928    dut/m_w[1][5]_19[3]
    SLICE_X56Y153        FDRE                                         r  dut/m_p_reg[0][5][3]/D
  -------------------------------------------------------------------    -------------------

                         (clock sys_clk_pin rise edge)
                                                      1.000     1.000 r  
    AA13                                              0.000     1.000 r  clk (IN)
                         net (fo=0)                   0.000     1.000    clk_IBUF_inst/I
    AA13                 INBUF (Prop_INBUF_HRIO_PAD_O)
                                                      0.662     1.662 r  clk_IBUF_inst/INBUF_INST/O
                         net (fo=1, routed)           0.066     1.728    clk_IBUF_inst/OUT
    AA13                 IBUFCTRL (Prop_IBUFCTRL_HRIO_I_O)
                                                      0.034     1.762 r  clk_IBUF_inst/IBUFCTRL_INST/O
                         net (fo=1, routed)           0.722     2.484    clk_IBUF
    BUFGCE_X1Y0          BUFGCE (Prop_BUFCE_BUFGCE_I_O)
                                                      0.091     2.575 r  clk_IBUF_BUFG_inst/O
    X2Y1 (CLOCK_ROOT)    net (fo=2048, routed)        1.972     4.547    dut/clk_IBUF_BUFG
    SLICE_X56Y153        FDRE                                         r  dut/m_p_reg[0][5][3]/C
                         clock pessimism              0.610     5.157    
                         clock uncertainty           -0.035     5.122    
    SLICE_X56Y153        FDRE (Setup_AFF_SLICEL_C_D)
                                                      0.063     5.185    dut/m_p_reg[0][5][3]
  -------------------------------------------------------------------
                         required time                          5.185    
                         arrival time                          -6.928    
  -------------------------------------------------------------------
                         slack                                 -1.743    

Slack (VIOLATED) :        -1.725ns  (required time - arrival time)
  Source:                 buf_metrics0_reg[32]/C
                            (rising edge-triggered cell FDRE clocked by sys_clk_pin  {rise@0.000ns fall@0.500ns period=1.000ns})
  Destination:            dut/m_p_reg[0][4][1]/D
                            (rising edge-triggered cell FDRE clocked by sys_clk_pin  {rise@0.000ns fall@0.500ns period=1.000ns})
  Path Group:             sys_clk_pin
  Path Type:              Setup (Max at Slow Process Corner)
  Requirement:            1.000ns  (sys_clk_pin rise@1.000ns - sys_clk_pin rise@0.000ns)
  Data Path Delay:        2.565ns  (logic 1.336ns (52.086%)  route 1.229ns (47.914%))
  Logic Levels:           5  (CARRY8=3 LUT3=1 LUT4=1)
  Clock Path Skew:        -0.188ns (DCD - SCD + CPR)
    Destination Clock Delay (DCD):    3.547ns = ( 4.547 - 1.000 ) 
    Source Clock Delay      (SCD):    4.345ns
    Clock Pessimism Removal (CPR):    0.610ns
  Clock Uncertainty:      0.035ns  ((TSJ^2 + TIJ^2)^1/2 + DJ) / 2 + PE
    Total System Jitter     (TSJ):    0.071ns
    Total Input Jitter      (TIJ):    0.000ns
    Discrete Jitter          (DJ):    0.000ns
    Phase Error              (PE):    0.000ns
  Clock Net Delay (Source):      2.296ns (routing 0.756ns, distribution 1.540ns)
  Clock Net Delay (Destination): 1.972ns (routing 0.696ns, distribution 1.276ns)

    Location             Delay type                Incr(ns)  Path(ns)    Netlist Resource(s)
  -------------------------------------------------------------------    -------------------
                         (clock sys_clk_pin rise edge)
                                                      0.000     0.000 r  
    AA13                                              0.000     0.000 r  clk (IN)
                         net (fo=0)                   0.000     0.000    clk_IBUF_inst/I
    AA13                 INBUF (Prop_INBUF_HRIO_PAD_O)
                                                      0.955     0.955 r  clk_IBUF_inst/INBUF_INST/O
                         net (fo=1, routed)           0.105     1.060    clk_IBUF_inst/OUT
    AA13                 IBUFCTRL (Prop_IBUFCTRL_HRIO_I_O)
                                                      0.049     1.109 r  clk_IBUF_inst/IBUFCTRL_INST/O
                         net (fo=1, routed)           0.839     1.948    clk_IBUF
    BUFGCE_X1Y0          BUFGCE (Prop_BUFCE_BUFGCE_I_O)
                                                      0.101     2.049 r  clk_IBUF_BUFG_inst/O
    X2Y1 (CLOCK_ROOT)    net (fo=2048, routed)        2.296     4.345    clk_IBUF_BUFG
    SLICE_X55Y149        FDRE                                         r  buf_metrics0_reg[32]/C
  -------------------------------------------------------------------    -------------------
    SLICE_X55Y149        FDRE (Prop_FFF2_SLICEM_C_Q)
                                                      0.138     4.483 r  buf_metrics0_reg[32]/Q
                         net (fo=8, routed)           0.573     5.056    dut/s0_d_reg[5][10]_0[24]
    SLICE_X55Y150        CARRY8 (Prop_CARRY8_SLICEM_DI[2]_CO[7])
                                                      0.424     5.480 r  dut/m_p_reg[0][5][7]_i_3/CO[7]
                         net (fo=1, routed)           0.030     5.510    dut/m_p_reg[0][5][7]_i_3_n_0
    SLICE_X55Y151        CARRY8 (Prop_CARRY8_SLICEM_CI_O[1])
                                                      0.163     5.673 r  dut/m_p_reg[0][5][10]_i_3/O[1]
                         net (fo=4, routed)           0.314     5.987    dut/s_raw[4]_111[9]
    SLICE_X56Y152        LUT4 (Prop_E6LUT_SLICEL_I3_O)
                                                      0.166     6.153 r  dut/idx_p[0][5][0]_i_9/O
                         net (fo=1, routed)           0.000     6.153    dut/idx_p[0][5][0]_i_9_n_0
    SLICE_X56Y152        CARRY8 (Prop_CARRY8_SLICEL_S[4]_CO[5])
                                                      0.299     6.452 r  dut/idx_p_reg[0][5][0]_i_1/CO[5]
                         net (fo=24, routed)          0.277     6.729    dut/idx_w[1][5]_17[0]
    SLICE_X56Y153        LUT3 (Prop_D6LUT_SLICEL_I2_O)
                                                      0.146     6.875 r  dut/m_p[0][4][1]_i_1/O
                         net (fo=1, routed)           0.035     6.910    dut/m_w[1][4]_18[1]
    SLICE_X56Y153        FDRE                                         r  dut/m_p_reg[0][4][1]/D
  -------------------------------------------------------------------    -------------------

                         (clock sys_clk_pin rise edge)
                                                      1.000     1.000 r  
    AA13                                              0.000     1.000 r  clk (IN)
                         net (fo=0)                   0.000     1.000    clk_IBUF_inst/I
    AA13                 INBUF (Prop_INBUF_HRIO_PAD_O)
                                                      0.662     1.662 r  clk_IBUF_inst/INBUF_INST/O
                         net (fo=1, routed)           0.066     1.728    clk_IBUF_inst/OUT
    AA13                 IBUFCTRL (Prop_IBUFCTRL_HRIO_I_O)
                                                      0.034     1.762 r  clk_IBUF_inst/IBUFCTRL_INST/O
                         net (fo=1, routed)           0.722     2.484    clk_IBUF
    BUFGCE_X1Y0          BUFGCE (Prop_BUFCE_BUFGCE_I_O)
                                                      0.091     2.575 r  clk_IBUF_BUFG_inst/O
    X2Y1 (CLOCK_ROOT)    net (fo=2048, routed)        1.972     4.547    dut/clk_IBUF_BUFG
    SLICE_X56Y153        FDRE                                         r  dut/m_p_reg[0][4][1]/C
                         clock pessimism              0.610     5.157    
                         clock uncertainty           -0.035     5.122    
    SLICE_X56Y153        FDRE (Setup_DFF_SLICEL_C_D)
                                                      0.063     5.185    dut/m_p_reg[0][4][1]
  -------------------------------------------------------------------
                         required time                          5.185    
                         arrival time                          -6.910    
  -------------------------------------------------------------------
                         slack                                 -1.725    

Slack (VIOLATED) :        -1.725ns  (required time - arrival time)
  Source:                 buf_metrics0_reg[32]/C
                            (rising edge-triggered cell FDRE clocked by sys_clk_pin  {rise@0.000ns fall@0.500ns period=1.000ns})
  Destination:            dut/m_p_reg[0][4][9]/D
                            (rising edge-triggered cell FDRE clocked by sys_clk_pin  {rise@0.000ns fall@0.500ns period=1.000ns})
  Path Group:             sys_clk_pin
  Path Type:              Setup (Max at Slow Process Corner)
  Requirement:            1.000ns  (sys_clk_pin rise@1.000ns - sys_clk_pin rise@0.000ns)
  Data Path Delay:        2.565ns  (logic 1.336ns (52.086%)  route 1.229ns (47.914%))
  Logic Levels:           5  (CARRY8=3 LUT3=1 LUT4=1)
  Clock Path Skew:        -0.188ns (DCD - SCD + CPR)
    Destination Clock Delay (DCD):    3.547ns = ( 4.547 - 1.000 ) 
    Source Clock Delay      (SCD):    4.345ns
    Clock Pessimism Removal (CPR):    0.610ns
  Clock Uncertainty:      0.035ns  ((TSJ^2 + TIJ^2)^1/2 + DJ) / 2 + PE
    Total System Jitter     (TSJ):    0.071ns
    Total Input Jitter      (TIJ):    0.000ns
    Discrete Jitter          (DJ):    0.000ns
    Phase Error              (PE):    0.000ns
  Clock Net Delay (Source):      2.296ns (routing 0.756ns, distribution 1.540ns)
  Clock Net Delay (Destination): 1.972ns (routing 0.696ns, distribution 1.276ns)

    Location             Delay type                Incr(ns)  Path(ns)    Netlist Resource(s)
  -------------------------------------------------------------------    -------------------
                         (clock sys_clk_pin rise edge)
                                                      0.000     0.000 r  
    AA13                                              0.000     0.000 r  clk (IN)
                         net (fo=0)                   0.000     0.000    clk_IBUF_inst/I
    AA13                 INBUF (Prop_INBUF_HRIO_PAD_O)
                                                      0.955     0.955 r  clk_IBUF_inst/INBUF_INST/O
                         net (fo=1, routed)           0.105     1.060    clk_IBUF_inst/OUT
    AA13                 IBUFCTRL (Prop_IBUFCTRL_HRIO_I_O)
                                                      0.049     1.109 r  clk_IBUF_inst/IBUFCTRL_INST/O
                         net (fo=1, routed)           0.839     1.948    clk_IBUF
    BUFGCE_X1Y0          BUFGCE (Prop_BUFCE_BUFGCE_I_O)
                                                      0.101     2.049 r  clk_IBUF_BUFG_inst/O
    X2Y1 (CLOCK_ROOT)    net (fo=2048, routed)        2.296     4.345    clk_IBUF_BUFG
    SLICE_X55Y149        FDRE                                         r  buf_metrics0_reg[32]/C
  -------------------------------------------------------------------    -------------------
    SLICE_X55Y149        FDRE (Prop_FFF2_SLICEM_C_Q)
                                                      0.138     4.483 r  buf_metrics0_reg[32]/Q
                         net (fo=8, routed)           0.573     5.056    dut/s0_d_reg[5][10]_0[24]
    SLICE_X55Y150        CARRY8 (Prop_CARRY8_SLICEM_DI[2]_CO[7])
                                                      0.424     5.480 r  dut/m_p_reg[0][5][7]_i_3/CO[7]
                         net (fo=1, routed)           0.030     5.510    dut/m_p_reg[0][5][7]_i_3_n_0
    SLICE_X55Y151        CARRY8 (Prop_CARRY8_SLICEM_CI_O[1])
                                                      0.163     5.673 r  dut/m_p_reg[0][5][10]_i_3/O[1]
                         net (fo=4, routed)           0.314     5.987    dut/s_raw[4]_111[9]
    SLICE_X56Y152        LUT4 (Prop_E6LUT_SLICEL_I3_O)
                                                      0.166     6.153 r  dut/idx_p[0][5][0]_i_9/O
                         net (fo=1, routed)           0.000     6.153    dut/idx_p[0][5][0]_i_9_n_0
    SLICE_X56Y152        CARRY8 (Prop_CARRY8_SLICEL_S[4]_CO[5])
                                                      0.299     6.452 r  dut/idx_p_reg[0][5][0]_i_1/CO[5]
                         net (fo=24, routed)          0.275     6.727    dut/idx_w[1][5]_17[0]
    SLICE_X56Y153        LUT3 (Prop_C6LUT_SLICEL_I2_O)
                                                      0.146     6.873 r  dut/m_p[0][4][9]_i_1/O
                         net (fo=1, routed)           0.037     6.910    dut/m_w[1][4]_18[9]
    SLICE_X56Y153        FDRE                                         r  dut/m_p_reg[0][4][9]/D
  -------------------------------------------------------------------    -------------------

                         (clock sys_clk_pin rise edge)
                                                      1.000     1.000 r  
    AA13                                              0.000     1.000 r  clk (IN)
                         net (fo=0)                   0.000     1.000    clk_IBUF_inst/I
    AA13                 INBUF (Prop_INBUF_HRIO_PAD_O)
                                                      0.662     1.662 r  clk_IBUF_inst/INBUF_INST/O
                         net (fo=1, routed)           0.066     1.728    clk_IBUF_inst/OUT
    AA13                 IBUFCTRL (Prop_IBUFCTRL_HRIO_I_O)
                                                      0.034     1.762 r  clk_IBUF_inst/IBUFCTRL_INST/O
                         net (fo=1, routed)           0.722     2.484    clk_IBUF
    BUFGCE_X1Y0          BUFGCE (Prop_BUFCE_BUFGCE_I_O)
                                                      0.091     2.575 r  clk_IBUF_BUFG_inst/O
    X2Y1 (CLOCK_ROOT)    net (fo=2048, routed)        1.972     4.547    dut/clk_IBUF_BUFG
    SLICE_X56Y153        FDRE                                         r  dut/m_p_reg[0][4][9]/C
                         clock pessimism              0.610     5.157    
                         clock uncertainty           -0.035     5.122    
    SLICE_X56Y153        FDRE (Setup_CFF_SLICEL_C_D)
                                                      0.063     5.185    dut/m_p_reg[0][4][9]
  -------------------------------------------------------------------
                         required time                          5.185    
                         arrival time                          -6.910    
  -------------------------------------------------------------------
                         slack                                 -1.725    

Slack (VIOLATED) :        -1.712ns  (required time - arrival time)
  Source:                 buf_metrics0_reg[32]/C
                            (rising edge-triggered cell FDRE clocked by sys_clk_pin  {rise@0.000ns fall@0.500ns period=1.000ns})
  Destination:            dut/m_p_reg[0][5][8]/D
                            (rising edge-triggered cell FDRE clocked by sys_clk_pin  {rise@0.000ns fall@0.500ns period=1.000ns})
  Path Group:             sys_clk_pin
  Path Type:              Setup (Max at Slow Process Corner)
  Requirement:            1.000ns  (sys_clk_pin rise@1.000ns - sys_clk_pin rise@0.000ns)
  Data Path Delay:        2.560ns  (logic 1.245ns (48.633%)  route 1.315ns (51.367%))
  Logic Levels:           5  (CARRY8=3 LUT3=1 LUT4=1)
  Clock Path Skew:        -0.179ns (DCD - SCD + CPR)
    Destination Clock Delay (DCD):    3.556ns = ( 4.556 - 1.000 ) 
    Source Clock Delay      (SCD):    4.345ns
    Clock Pessimism Removal (CPR):    0.610ns
  Clock Uncertainty:      0.035ns  ((TSJ^2 + TIJ^2)^1/2 + DJ) / 2 + PE
    Total System Jitter     (TSJ):    0.071ns
    Total Input Jitter      (TIJ):    0.000ns
    Discrete Jitter          (DJ):    0.000ns
    Phase Error              (PE):    0.000ns
  Clock Net Delay (Source):      2.296ns (routing 0.756ns, distribution 1.540ns)
  Clock Net Delay (Destination): 1.981ns (routing 0.696ns, distribution 1.285ns)

    Location             Delay type                Incr(ns)  Path(ns)    Netlist Resource(s)
  -------------------------------------------------------------------    -------------------
                         (clock sys_clk_pin rise edge)
                                                      0.000     0.000 r  
    AA13                                              0.000     0.000 r  clk (IN)
                         net (fo=0)                   0.000     0.000    clk_IBUF_inst/I
    AA13                 INBUF (Prop_INBUF_HRIO_PAD_O)
                                                      0.955     0.955 r  clk_IBUF_inst/INBUF_INST/O
                         net (fo=1, routed)           0.105     1.060    clk_IBUF_inst/OUT
    AA13                 IBUFCTRL (Prop_IBUFCTRL_HRIO_I_O)
                                                      0.049     1.109 r  clk_IBUF_inst/IBUFCTRL_INST/O
                         net (fo=1, routed)           0.839     1.948    clk_IBUF
    BUFGCE_X1Y0          BUFGCE (Prop_BUFCE_BUFGCE_I_O)
                                                      0.101     2.049 r  clk_IBUF_BUFG_inst/O
    X2Y1 (CLOCK_ROOT)    net (fo=2048, routed)        2.296     4.345    clk_IBUF_BUFG
    SLICE_X55Y149        FDRE                                         r  buf_metrics0_reg[32]/C
  -------------------------------------------------------------------    -------------------
    SLICE_X55Y149        FDRE (Prop_FFF2_SLICEM_C_Q)
                                                      0.138     4.483 r  buf_metrics0_reg[32]/Q
                         net (fo=8, routed)           0.573     5.056    dut/s0_d_reg[5][10]_0[24]
    SLICE_X55Y150        CARRY8 (Prop_CARRY8_SLICEM_DI[2]_CO[7])
                                                      0.424     5.480 r  dut/m_p_reg[0][5][7]_i_3/CO[7]
                         net (fo=1, routed)           0.030     5.510    dut/m_p_reg[0][5][7]_i_3_n_0
    SLICE_X55Y151        CARRY8 (Prop_CARRY8_SLICEM_CI_O[1])
                                                      0.163     5.673 r  dut/m_p_reg[0][5][10]_i_3/O[1]
                         net (fo=4, routed)           0.314     5.987    dut/s_raw[4]_111[9]
    SLICE_X56Y152        LUT4 (Prop_E6LUT_SLICEL_I3_O)
                                                      0.166     6.153 r  dut/idx_p[0][5][0]_i_9/O
                         net (fo=1, routed)           0.000     6.153    dut/idx_p[0][5][0]_i_9_n_0
    SLICE_X56Y152        CARRY8 (Prop_CARRY8_SLICEL_S[4]_CO[5])
                                                      0.299     6.452 r  dut/idx_p_reg[0][5][0]_i_1/CO[5]
                         net (fo=24, routed)          0.364     6.816    dut/idx_w[1][5]_17[0]
    SLICE_X57Y151        LUT3 (Prop_B6LUT_SLICEM_I2_O)
                                                      0.055     6.871 r  dut/m_p[0][5][8]_i_1/O
                         net (fo=1, routed)           0.034     6.905    dut/m_w[1][5]_19[8]
    SLICE_X57Y151        FDRE                                         r  dut/m_p_reg[0][5][8]/D
  -------------------------------------------------------------------    -------------------

                         (clock sys_clk_pin rise edge)
                                                      1.000     1.000 r  
    AA13                                              0.000     1.000 r  clk (IN)
                         net (fo=0)                   0.000     1.000    clk_IBUF_inst/I
    AA13                 INBUF (Prop_INBUF_HRIO_PAD_O)
                                                      0.662     1.662 r  clk_IBUF_inst/INBUF_INST/O
                         net (fo=1, routed)           0.066     1.728    clk_IBUF_inst/OUT
    AA13                 IBUFCTRL (Prop_IBUFCTRL_HRIO_I_O)
                                                      0.034     1.762 r  clk_IBUF_inst/IBUFCTRL_INST/O
                         net (fo=1, routed)           0.722     2.484    clk_IBUF
    BUFGCE_X1Y0          BUFGCE (Prop_BUFCE_BUFGCE_I_O)
                                                      0.091     2.575 r  clk_IBUF_BUFG_inst/O
    X2Y1 (CLOCK_ROOT)    net (fo=2048, routed)        1.981     4.556    dut/clk_IBUF_BUFG
    SLICE_X57Y151        FDRE                                         r  dut/m_p_reg[0][5][8]/C
                         clock pessimism              0.610     5.166    
                         clock uncertainty           -0.035     5.131    
    SLICE_X57Y151        FDRE (Setup_BFF_SLICEM_C_D)
                                                      0.062     5.193    dut/m_p_reg[0][5][8]
  -------------------------------------------------------------------
                         required time                          5.193    
                         arrival time                          -6.905    
  -------------------------------------------------------------------
                         slack                                 -1.712    

Slack (VIOLATED) :        -1.709ns  (required time - arrival time)
  Source:                 buf_metrics0_reg[32]/C
                            (rising edge-triggered cell FDRE clocked by sys_clk_pin  {rise@0.000ns fall@0.500ns period=1.000ns})
  Destination:            dut/m_p_reg[0][4][4]/D
                            (rising edge-triggered cell FDRE clocked by sys_clk_pin  {rise@0.000ns fall@0.500ns period=1.000ns})
  Path Group:             sys_clk_pin
  Path Type:              Setup (Max at Slow Process Corner)
  Requirement:            1.000ns  (sys_clk_pin rise@1.000ns - sys_clk_pin rise@0.000ns)
  Data Path Delay:        2.562ns  (logic 1.320ns (51.522%)  route 1.242ns (48.478%))
  Logic Levels:           5  (CARRY8=3 LUT3=1 LUT4=1)
  Clock Path Skew:        -0.176ns (DCD - SCD + CPR)
    Destination Clock Delay (DCD):    3.559ns = ( 4.559 - 1.000 ) 
    Source Clock Delay      (SCD):    4.345ns
    Clock Pessimism Removal (CPR):    0.610ns
  Clock Uncertainty:      0.035ns  ((TSJ^2 + TIJ^2)^1/2 + DJ) / 2 + PE
    Total System Jitter     (TSJ):    0.071ns
    Total Input Jitter      (TIJ):    0.000ns
    Discrete Jitter          (DJ):    0.000ns
    Phase Error              (PE):    0.000ns
  Clock Net Delay (Source):      2.296ns (routing 0.756ns, distribution 1.540ns)
  Clock Net Delay (Destination): 1.984ns (routing 0.696ns, distribution 1.288ns)

    Location             Delay type                Incr(ns)  Path(ns)    Netlist Resource(s)
  -------------------------------------------------------------------    -------------------
                         (clock sys_clk_pin rise edge)
                                                      0.000     0.000 r  
    AA13                                              0.000     0.000 r  clk (IN)
                         net (fo=0)                   0.000     0.000    clk_IBUF_inst/I
    AA13                 INBUF (Prop_INBUF_HRIO_PAD_O)
                                                      0.955     0.955 r  clk_IBUF_inst/INBUF_INST/O
                         net (fo=1, routed)           0.105     1.060    clk_IBUF_inst/OUT
    AA13                 IBUFCTRL (Prop_IBUFCTRL_HRIO_I_O)
                                                      0.049     1.109 r  clk_IBUF_inst/IBUFCTRL_INST/O
                         net (fo=1, routed)           0.839     1.948    clk_IBUF
    BUFGCE_X1Y0          BUFGCE (Prop_BUFCE_BUFGCE_I_O)
                                                      0.101     2.049 r  clk_IBUF_BUFG_inst/O
    X2Y1 (CLOCK_ROOT)    net (fo=2048, routed)        2.296     4.345    clk_IBUF_BUFG
    SLICE_X55Y149        FDRE                                         r  buf_metrics0_reg[32]/C
  -------------------------------------------------------------------    -------------------
    SLICE_X55Y149        FDRE (Prop_FFF2_SLICEM_C_Q)
                                                      0.138     4.483 r  buf_metrics0_reg[32]/Q
                         net (fo=8, routed)           0.573     5.056    dut/s0_d_reg[5][10]_0[24]
    SLICE_X55Y150        CARRY8 (Prop_CARRY8_SLICEM_DI[2]_CO[7])
                                                      0.424     5.480 r  dut/m_p_reg[0][5][7]_i_3/CO[7]
                         net (fo=1, routed)           0.030     5.510    dut/m_p_reg[0][5][7]_i_3_n_0
    SLICE_X55Y151        CARRY8 (Prop_CARRY8_SLICEM_CI_O[1])
                                                      0.163     5.673 r  dut/m_p_reg[0][5][10]_i_3/O[1]
                         net (fo=4, routed)           0.314     5.987    dut/s_raw[4]_111[9]
    SLICE_X56Y152        LUT4 (Prop_E6LUT_SLICEL_I3_O)
                                                      0.166     6.153 r  dut/idx_p[0][5][0]_i_9/O
                         net (fo=1, routed)           0.000     6.153    dut/idx_p[0][5][0]_i_9_n_0
    SLICE_X56Y152        CARRY8 (Prop_CARRY8_SLICEL_S[4]_CO[5])
                                                      0.299     6.452 r  dut/idx_p_reg[0][5][0]_i_1/CO[5]
                         net (fo=24, routed)          0.260     6.712    dut/idx_w[1][5]_17[0]
    SLICE_X55Y152        LUT3 (Prop_F5LUT_SLICEM_I2_O)
                                                      0.130     6.842 r  dut/m_p[0][4][4]_i_1/O
                         net (fo=1, routed)           0.065     6.907    dut/m_w[1][4]_18[4]
    SLICE_X55Y152        FDRE                                         r  dut/m_p_reg[0][4][4]/D
  -------------------------------------------------------------------    -------------------

                         (clock sys_clk_pin rise edge)
                                                      1.000     1.000 r  
    AA13                                              0.000     1.000 r  clk (IN)
                         net (fo=0)                   0.000     1.000    clk_IBUF_inst/I
    AA13                 INBUF (Prop_INBUF_HRIO_PAD_O)
                                                      0.662     1.662 r  clk_IBUF_inst/INBUF_INST/O
                         net (fo=1, routed)           0.066     1.728    clk_IBUF_inst/OUT
    AA13                 IBUFCTRL (Prop_IBUFCTRL_HRIO_I_O)
                                                      0.034     1.762 r  clk_IBUF_inst/IBUFCTRL_INST/O
                         net (fo=1, routed)           0.722     2.484    clk_IBUF
    BUFGCE_X1Y0          BUFGCE (Prop_BUFCE_BUFGCE_I_O)
                                                      0.091     2.575 r  clk_IBUF_BUFG_inst/O
    X2Y1 (CLOCK_ROOT)    net (fo=2048, routed)        1.984     4.559    dut/clk_IBUF_BUFG
    SLICE_X55Y152        FDRE                                         r  dut/m_p_reg[0][4][4]/C
                         clock pessimism              0.610     5.169    
                         clock uncertainty           -0.035     5.134    
    SLICE_X55Y152        FDRE (Setup_FFF2_SLICEM_C_D)
                                                      0.064     5.198    dut/m_p_reg[0][4][4]
  -------------------------------------------------------------------
                         required time                          5.198    
                         arrival time                          -6.907    
  -------------------------------------------------------------------
                         slack                                 -1.709    

Slack (VIOLATED) :        -1.708ns  (required time - arrival time)
  Source:                 buf_metrics0_reg[32]/C
                            (rising edge-triggered cell FDRE clocked by sys_clk_pin  {rise@0.000ns fall@0.500ns period=1.000ns})
  Destination:            dut/m_p_reg[0][5][5]/D
                            (rising edge-triggered cell FDRE clocked by sys_clk_pin  {rise@0.000ns fall@0.500ns period=1.000ns})
  Path Group:             sys_clk_pin
  Path Type:              Setup (Max at Slow Process Corner)
  Requirement:            1.000ns  (sys_clk_pin rise@1.000ns - sys_clk_pin rise@0.000ns)
  Data Path Delay:        2.555ns  (logic 1.245ns (48.728%)  route 1.310ns (51.272%))
  Logic Levels:           5  (CARRY8=3 LUT3=1 LUT4=1)
  Clock Path Skew:        -0.181ns (DCD - SCD + CPR)
    Destination Clock Delay (DCD):    3.554ns = ( 4.554 - 1.000 ) 
    Source Clock Delay      (SCD):    4.345ns
    Clock Pessimism Removal (CPR):    0.610ns
  Clock Uncertainty:      0.035ns  ((TSJ^2 + TIJ^2)^1/2 + DJ) / 2 + PE
    Total System Jitter     (TSJ):    0.071ns
    Total Input Jitter      (TIJ):    0.000ns
    Discrete Jitter          (DJ):    0.000ns
    Phase Error              (PE):    0.000ns
  Clock Net Delay (Source):      2.296ns (routing 0.756ns, distribution 1.540ns)
  Clock Net Delay (Destination): 1.979ns (routing 0.696ns, distribution 1.283ns)

    Location             Delay type                Incr(ns)  Path(ns)    Netlist Resource(s)
  -------------------------------------------------------------------    -------------------
                         (clock sys_clk_pin rise edge)
                                                      0.000     0.000 r  
    AA13                                              0.000     0.000 r  clk (IN)
                         net (fo=0)                   0.000     0.000    clk_IBUF_inst/I
    AA13                 INBUF (Prop_INBUF_HRIO_PAD_O)
                                                      0.955     0.955 r  clk_IBUF_inst/INBUF_INST/O
                         net (fo=1, routed)           0.105     1.060    clk_IBUF_inst/OUT
    AA13                 IBUFCTRL (Prop_IBUFCTRL_HRIO_I_O)
                                                      0.049     1.109 r  clk_IBUF_inst/IBUFCTRL_INST/O
                         net (fo=1, routed)           0.839     1.948    clk_IBUF
    BUFGCE_X1Y0          BUFGCE (Prop_BUFCE_BUFGCE_I_O)
                                                      0.101     2.049 r  clk_IBUF_BUFG_inst/O
    X2Y1 (CLOCK_ROOT)    net (fo=2048, routed)        2.296     4.345    clk_IBUF_BUFG
    SLICE_X55Y149        FDRE                                         r  buf_metrics0_reg[32]/C
  -------------------------------------------------------------------    -------------------
    SLICE_X55Y149        FDRE (Prop_FFF2_SLICEM_C_Q)
                                                      0.138     4.483 r  buf_metrics0_reg[32]/Q
                         net (fo=8, routed)           0.573     5.056    dut/s0_d_reg[5][10]_0[24]
    SLICE_X55Y150        CARRY8 (Prop_CARRY8_SLICEM_DI[2]_CO[7])
                                                      0.424     5.480 r  dut/m_p_reg[0][5][7]_i_3/CO[7]
                         net (fo=1, routed)           0.030     5.510    dut/m_p_reg[0][5][7]_i_3_n_0
    SLICE_X55Y151        CARRY8 (Prop_CARRY8_SLICEM_CI_O[1])
                                                      0.163     5.673 r  dut/m_p_reg[0][5][10]_i_3/O[1]
                         net (fo=4, routed)           0.314     5.987    dut/s_raw[4]_111[9]
    SLICE_X56Y152        LUT4 (Prop_E6LUT_SLICEL_I3_O)
                                                      0.166     6.153 r  dut/idx_p[0][5][0]_i_9/O
                         net (fo=1, routed)           0.000     6.153    dut/idx_p[0][5][0]_i_9_n_0
    SLICE_X56Y152        CARRY8 (Prop_CARRY8_SLICEL_S[4]_CO[5])
                                                      0.299     6.452 r  dut/idx_p_reg[0][5][0]_i_1/CO[5]
                         net (fo=24, routed)          0.362     6.814    dut/idx_w[1][5]_17[0]
    SLICE_X57Y151        LUT3 (Prop_F6LUT_SLICEM_I2_O)
                                                      0.055     6.869 r  dut/m_p[0][5][5]_i_1/O
                         net (fo=1, routed)           0.031     6.900    dut/m_w[1][5]_19[5]
    SLICE_X57Y151        FDRE                                         r  dut/m_p_reg[0][5][5]/D
  -------------------------------------------------------------------    -------------------

                         (clock sys_clk_pin rise edge)
                                                      1.000     1.000 r  
    AA13                                              0.000     1.000 r  clk (IN)
                         net (fo=0)                   0.000     1.000    clk_IBUF_inst/I
    AA13                 INBUF (Prop_INBUF_HRIO_PAD_O)
                                                      0.662     1.662 r  clk_IBUF_inst/INBUF_INST/O
                         net (fo=1, routed)           0.066     1.728    clk_IBUF_inst/OUT
    AA13                 IBUFCTRL (Prop_IBUFCTRL_HRIO_I_O)
                                                      0.034     1.762 r  clk_IBUF_inst/IBUFCTRL_INST/O
                         net (fo=1, routed)           0.722     2.484    clk_IBUF
    BUFGCE_X1Y0          BUFGCE (Prop_BUFCE_BUFGCE_I_O)
                                                      0.091     2.575 r  clk_IBUF_BUFG_inst/O
    X2Y1 (CLOCK_ROOT)    net (fo=2048, routed)        1.979     4.554    dut/clk_IBUF_BUFG
    SLICE_X57Y151        FDRE                                         r  dut/m_p_reg[0][5][5]/C
                         clock pessimism              0.610     5.164    
                         clock uncertainty           -0.035     5.129    
    SLICE_X57Y151        FDRE (Setup_FFF_SLICEM_C_D)
                                                      0.063     5.192    dut/m_p_reg[0][5][5]
  -------------------------------------------------------------------
                         required time                          5.192    
                         arrival time                          -6.900    
  -------------------------------------------------------------------
                         slack                                 -1.708    

Slack (VIOLATED) :        -1.701ns  (required time - arrival time)
  Source:                 buf_metrics0_reg[32]/C
                            (rising edge-triggered cell FDRE clocked by sys_clk_pin  {rise@0.000ns fall@0.500ns period=1.000ns})
  Destination:            dut/m_p_reg[0][5][9]/D
                            (rising edge-triggered cell FDRE clocked by sys_clk_pin  {rise@0.000ns fall@0.500ns period=1.000ns})
  Path Group:             sys_clk_pin
  Path Type:              Setup (Max at Slow Process Corner)
  Requirement:            1.000ns  (sys_clk_pin rise@1.000ns - sys_clk_pin rise@0.000ns)
  Data Path Delay:        2.550ns  (logic 1.240ns (48.627%)  route 1.310ns (51.373%))
  Logic Levels:           5  (CARRY8=3 LUT3=1 LUT4=1)
  Clock Path Skew:        -0.179ns (DCD - SCD + CPR)
    Destination Clock Delay (DCD):    3.556ns = ( 4.556 - 1.000 ) 
    Source Clock Delay      (SCD):    4.345ns
    Clock Pessimism Removal (CPR):    0.610ns
  Clock Uncertainty:      0.035ns  ((TSJ^2 + TIJ^2)^1/2 + DJ) / 2 + PE
    Total System Jitter     (TSJ):    0.071ns
    Total Input Jitter      (TIJ):    0.000ns
    Discrete Jitter          (DJ):    0.000ns
    Phase Error              (PE):    0.000ns
  Clock Net Delay (Source):      2.296ns (routing 0.756ns, distribution 1.540ns)
  Clock Net Delay (Destination): 1.981ns (routing 0.696ns, distribution 1.285ns)

    Location             Delay type                Incr(ns)  Path(ns)    Netlist Resource(s)
  -------------------------------------------------------------------    -------------------
                         (clock sys_clk_pin rise edge)
                                                      0.000     0.000 r  
    AA13                                              0.000     0.000 r  clk (IN)
                         net (fo=0)                   0.000     0.000    clk_IBUF_inst/I
    AA13                 INBUF (Prop_INBUF_HRIO_PAD_O)
                                                      0.955     0.955 r  clk_IBUF_inst/INBUF_INST/O
                         net (fo=1, routed)           0.105     1.060    clk_IBUF_inst/OUT
    AA13                 IBUFCTRL (Prop_IBUFCTRL_HRIO_I_O)
                                                      0.049     1.109 r  clk_IBUF_inst/IBUFCTRL_INST/O
                         net (fo=1, routed)           0.839     1.948    clk_IBUF
    BUFGCE_X1Y0          BUFGCE (Prop_BUFCE_BUFGCE_I_O)
                                                      0.101     2.049 r  clk_IBUF_BUFG_inst/O
    X2Y1 (CLOCK_ROOT)    net (fo=2048, routed)        2.296     4.345    clk_IBUF_BUFG
    SLICE_X55Y149        FDRE                                         r  buf_metrics0_reg[32]/C
  -------------------------------------------------------------------    -------------------
    SLICE_X55Y149        FDRE (Prop_FFF2_SLICEM_C_Q)
                                                      0.138     4.483 r  buf_metrics0_reg[32]/Q
                         net (fo=8, routed)           0.573     5.056    dut/s0_d_reg[5][10]_0[24]
    SLICE_X55Y150        CARRY8 (Prop_CARRY8_SLICEM_DI[2]_CO[7])
                                                      0.424     5.480 r  dut/m_p_reg[0][5][7]_i_3/CO[7]
                         net (fo=1, routed)           0.030     5.510    dut/m_p_reg[0][5][7]_i_3_n_0
    SLICE_X55Y151        CARRY8 (Prop_CARRY8_SLICEM_CI_O[1])
                                                      0.163     5.673 r  dut/m_p_reg[0][5][10]_i_3/O[1]
                         net (fo=4, routed)           0.314     5.987    dut/s_raw[4]_111[9]
    SLICE_X56Y152        LUT4 (Prop_E6LUT_SLICEL_I3_O)
                                                      0.166     6.153 r  dut/idx_p[0][5][0]_i_9/O
                         net (fo=1, routed)           0.000     6.153    dut/idx_p[0][5][0]_i_9_n_0
    SLICE_X56Y152        CARRY8 (Prop_CARRY8_SLICEL_S[4]_CO[5])
                                                      0.299     6.452 r  dut/idx_p_reg[0][5][0]_i_1/CO[5]
                         net (fo=24, routed)          0.362     6.814    dut/idx_w[1][5]_17[0]
    SLICE_X57Y151        LUT3 (Prop_A6LUT_SLICEM_I2_O)
                                                      0.050     6.864 r  dut/m_p[0][5][9]_i_1/O
                         net (fo=1, routed)           0.031     6.895    dut/m_w[1][5]_19[9]
    SLICE_X57Y151        FDRE                                         r  dut/m_p_reg[0][5][9]/D
  -------------------------------------------------------------------    -------------------

                         (clock sys_clk_pin rise edge)
                                                      1.000     1.000 r  
    AA13                                              0.000     1.000 r  clk (IN)
                         net (fo=0)                   0.000     1.000    clk_IBUF_inst/I
    AA13                 INBUF (Prop_INBUF_HRIO_PAD_O)
                                                      0.662     1.662 r  clk_IBUF_inst/INBUF_INST/O
                         net (fo=1, routed)           0.066     1.728    clk_IBUF_inst/OUT
    AA13                 IBUFCTRL (Prop_IBUFCTRL_HRIO_I_O)
                                                      0.034     1.762 r  clk_IBUF_inst/IBUFCTRL_INST/O
                         net (fo=1, routed)           0.722     2.484    clk_IBUF
    BUFGCE_X1Y0          BUFGCE (Prop_BUFCE_BUFGCE_I_O)
                                                      0.091     2.575 r  clk_IBUF_BUFG_inst/O
    X2Y1 (CLOCK_ROOT)    net (fo=2048, routed)        1.981     4.556    dut/clk_IBUF_BUFG
    SLICE_X57Y151        FDRE                                         r  dut/m_p_reg[0][5][9]/C
                         clock pessimism              0.610     5.166    
                         clock uncertainty           -0.035     5.131    
    SLICE_X57Y151        FDRE (Setup_AFF_SLICEM_C_D)
                                                      0.063     5.194    dut/m_p_reg[0][5][9]
  -------------------------------------------------------------------
                         required time                          5.194    
                         arrival time                          -6.895    
  -------------------------------------------------------------------
                         slack                                 -1.701    

Slack (VIOLATED) :        -1.699ns  (required time - arrival time)
  Source:                 buf_metrics0_reg[32]/C
                            (rising edge-triggered cell FDRE clocked by sys_clk_pin  {rise@0.000ns fall@0.500ns period=1.000ns})
  Destination:            dut/m_p_reg[0][5][7]/D
                            (rising edge-triggered cell FDRE clocked by sys_clk_pin  {rise@0.000ns fall@0.500ns period=1.000ns})
  Path Group:             sys_clk_pin
  Path Type:              Setup (Max at Slow Process Corner)
  Requirement:            1.000ns  (sys_clk_pin rise@1.000ns - sys_clk_pin rise@0.000ns)
  Data Path Delay:        2.547ns  (logic 1.241ns (48.724%)  route 1.306ns (51.276%))
  Logic Levels:           5  (CARRY8=3 LUT3=1 LUT4=1)
  Clock Path Skew:        -0.181ns (DCD - SCD + CPR)
    Destination Clock Delay (DCD):    3.554ns = ( 4.554 - 1.000 ) 
    Source Clock Delay      (SCD):    4.345ns
    Clock Pessimism Removal (CPR):    0.610ns
  Clock Uncertainty:      0.035ns  ((TSJ^2 + TIJ^2)^1/2 + DJ) / 2 + PE
    Total System Jitter     (TSJ):    0.071ns
    Total Input Jitter      (TIJ):    0.000ns
    Discrete Jitter          (DJ):    0.000ns
    Phase Error              (PE):    0.000ns
  Clock Net Delay (Source):      2.296ns (routing 0.756ns, distribution 1.540ns)
  Clock Net Delay (Destination): 1.979ns (routing 0.696ns, distribution 1.283ns)

    Location             Delay type                Incr(ns)  Path(ns)    Netlist Resource(s)
  -------------------------------------------------------------------    -------------------
                         (clock sys_clk_pin rise edge)
                                                      0.000     0.000 r  
    AA13                                              0.000     0.000 r  clk (IN)
                         net (fo=0)                   0.000     0.000    clk_IBUF_inst/I
    AA13                 INBUF (Prop_INBUF_HRIO_PAD_O)
                                                      0.955     0.955 r  clk_IBUF_inst/INBUF_INST/O
                         net (fo=1, routed)           0.105     1.060    clk_IBUF_inst/OUT
    AA13                 IBUFCTRL (Prop_IBUFCTRL_HRIO_I_O)
                                                      0.049     1.109 r  clk_IBUF_inst/IBUFCTRL_INST/O
                         net (fo=1, routed)           0.839     1.948    clk_IBUF
    BUFGCE_X1Y0          BUFGCE (Prop_BUFCE_BUFGCE_I_O)
                                                      0.101     2.049 r  clk_IBUF_BUFG_inst/O
    X2Y1 (CLOCK_ROOT)    net (fo=2048, routed)        2.296     4.345    clk_IBUF_BUFG
    SLICE_X55Y149        FDRE                                         r  buf_metrics0_reg[32]/C
  -------------------------------------------------------------------    -------------------
    SLICE_X55Y149        FDRE (Prop_FFF2_SLICEM_C_Q)
                                                      0.138     4.483 r  buf_metrics0_reg[32]/Q
                         net (fo=8, routed)           0.573     5.056    dut/s0_d_reg[5][10]_0[24]
    SLICE_X55Y150        CARRY8 (Prop_CARRY8_SLICEM_DI[2]_CO[7])
                                                      0.424     5.480 r  dut/m_p_reg[0][5][7]_i_3/CO[7]
                         net (fo=1, routed)           0.030     5.510    dut/m_p_reg[0][5][7]_i_3_n_0
    SLICE_X55Y151        CARRY8 (Prop_CARRY8_SLICEM_CI_O[1])
                                                      0.163     5.673 r  dut/m_p_reg[0][5][10]_i_3/O[1]
                         net (fo=4, routed)           0.314     5.987    dut/s_raw[4]_111[9]
    SLICE_X56Y152        LUT4 (Prop_E6LUT_SLICEL_I3_O)
                                                      0.166     6.153 r  dut/idx_p[0][5][0]_i_9/O
                         net (fo=1, routed)           0.000     6.153    dut/idx_p[0][5][0]_i_9_n_0
    SLICE_X56Y152        CARRY8 (Prop_CARRY8_SLICEL_S[4]_CO[5])
                                                      0.299     6.452 r  dut/idx_p_reg[0][5][0]_i_1/CO[5]
                         net (fo=24, routed)          0.359     6.811    dut/idx_w[1][5]_17[0]
    SLICE_X57Y151        LUT3 (Prop_E6LUT_SLICEM_I2_O)
                                                      0.051     6.862 r  dut/m_p[0][5][7]_i_1/O
                         net (fo=1, routed)           0.030     6.892    dut/m_w[1][5]_19[7]
    SLICE_X57Y151        FDRE                                         r  dut/m_p_reg[0][5][7]/D
  -------------------------------------------------------------------    -------------------

                         (clock sys_clk_pin rise edge)
                                                      1.000     1.000 r  
    AA13                                              0.000     1.000 r  clk (IN)
                         net (fo=0)                   0.000     1.000    clk_IBUF_inst/I
    AA13                 INBUF (Prop_INBUF_HRIO_PAD_O)
                                                      0.662     1.662 r  clk_IBUF_inst/INBUF_INST/O
                         net (fo=1, routed)           0.066     1.728    clk_IBUF_inst/OUT
    AA13                 IBUFCTRL (Prop_IBUFCTRL_HRIO_I_O)
                                                      0.034     1.762 r  clk_IBUF_inst/IBUFCTRL_INST/O
                         net (fo=1, routed)           0.722     2.484    clk_IBUF
    BUFGCE_X1Y0          BUFGCE (Prop_BUFCE_BUFGCE_I_O)
                                                      0.091     2.575 r  clk_IBUF_BUFG_inst/O
    X2Y1 (CLOCK_ROOT)    net (fo=2048, routed)        1.979     4.554    dut/clk_IBUF_BUFG
    SLICE_X57Y151        FDRE                                         r  dut/m_p_reg[0][5][7]/C
                         clock pessimism              0.610     5.164    
                         clock uncertainty           -0.035     5.129    
    SLICE_X57Y151        FDRE (Setup_EFF_SLICEM_C_D)
                                                      0.064     5.193    dut/m_p_reg[0][5][7]
  -------------------------------------------------------------------
                         required time                          5.193    
                         arrival time                          -6.892    
  -------------------------------------------------------------------
                         slack                                 -1.699    

Slack (VIOLATED) :        -1.687ns  (required time - arrival time)
  Source:                 buf_metrics0_reg[32]/C
                            (rising edge-triggered cell FDRE clocked by sys_clk_pin  {rise@0.000ns fall@0.500ns period=1.000ns})
  Destination:            dut/m_p_reg[0][4][10]/D
                            (rising edge-triggered cell FDRE clocked by sys_clk_pin  {rise@0.000ns fall@0.500ns period=1.000ns})
  Path Group:             sys_clk_pin
  Path Type:              Setup (Max at Slow Process Corner)
  Requirement:            1.000ns  (sys_clk_pin rise@1.000ns - sys_clk_pin rise@0.000ns)
  Data Path Delay:        2.537ns  (logic 1.240ns (48.877%)  route 1.297ns (51.123%))
  Logic Levels:           5  (CARRY8=3 LUT3=1 LUT4=1)
  Clock Path Skew:        -0.178ns (DCD - SCD + CPR)
    Destination Clock Delay (DCD):    3.557ns = ( 4.557 - 1.000 ) 
    Source Clock Delay      (SCD):    4.345ns
    Clock Pessimism Removal (CPR):    0.610ns
  Clock Uncertainty:      0.035ns  ((TSJ^2 + TIJ^2)^1/2 + DJ) / 2 + PE
    Total System Jitter     (TSJ):    0.071ns
    Total Input Jitter      (TIJ):    0.000ns
    Discrete Jitter          (DJ):    0.000ns
    Phase Error              (PE):    0.000ns
  Clock Net Delay (Source):      2.296ns (routing 0.756ns, distribution 1.540ns)
  Clock Net Delay (Destination): 1.982ns (routing 0.696ns, distribution 1.286ns)

    Location             Delay type                Incr(ns)  Path(ns)    Netlist Resource(s)
  -------------------------------------------------------------------    -------------------
                         (clock sys_clk_pin rise edge)
                                                      0.000     0.000 r  
    AA13                                              0.000     0.000 r  clk (IN)
                         net (fo=0)                   0.000     0.000    clk_IBUF_inst/I
    AA13                 INBUF (Prop_INBUF_HRIO_PAD_O)
                                                      0.955     0.955 r  clk_IBUF_inst/INBUF_INST/O
                         net (fo=1, routed)           0.105     1.060    clk_IBUF_inst/OUT
    AA13                 IBUFCTRL (Prop_IBUFCTRL_HRIO_I_O)
                                                      0.049     1.109 r  clk_IBUF_inst/IBUFCTRL_INST/O
                         net (fo=1, routed)           0.839     1.948    clk_IBUF
    BUFGCE_X1Y0          BUFGCE (Prop_BUFCE_BUFGCE_I_O)
                                                      0.101     2.049 r  clk_IBUF_BUFG_inst/O
    X2Y1 (CLOCK_ROOT)    net (fo=2048, routed)        2.296     4.345    clk_IBUF_BUFG
    SLICE_X55Y149        FDRE                                         r  buf_metrics0_reg[32]/C
  -------------------------------------------------------------------    -------------------
    SLICE_X55Y149        FDRE (Prop_FFF2_SLICEM_C_Q)
                                                      0.138     4.483 r  buf_metrics0_reg[32]/Q
                         net (fo=8, routed)           0.573     5.056    dut/s0_d_reg[5][10]_0[24]
    SLICE_X55Y150        CARRY8 (Prop_CARRY8_SLICEM_DI[2]_CO[7])
                                                      0.424     5.480 r  dut/m_p_reg[0][5][7]_i_3/CO[7]
                         net (fo=1, routed)           0.030     5.510    dut/m_p_reg[0][5][7]_i_3_n_0
    SLICE_X55Y151        CARRY8 (Prop_CARRY8_SLICEM_CI_O[1])
                                                      0.163     5.673 r  dut/m_p_reg[0][5][10]_i_3/O[1]
                         net (fo=4, routed)           0.314     5.987    dut/s_raw[4]_111[9]
    SLICE_X56Y152        LUT4 (Prop_E6LUT_SLICEL_I3_O)
                                                      0.166     6.153 r  dut/idx_p[0][5][0]_i_9/O
                         net (fo=1, routed)           0.000     6.153    dut/idx_p[0][5][0]_i_9_n_0
    SLICE_X56Y152        CARRY8 (Prop_CARRY8_SLICEL_S[4]_CO[5])
                                                      0.299     6.452 r  dut/idx_p_reg[0][5][0]_i_1/CO[5]
                         net (fo=24, routed)          0.349     6.801    dut/idx_w[1][5]_17[0]
    SLICE_X58Y153        LUT3 (Prop_A6LUT_SLICEM_I2_O)
                                                      0.050     6.851 r  dut/m_p[0][4][10]_i_1/O
                         net (fo=1, routed)           0.031     6.882    dut/m_w[1][4]_18[10]
    SLICE_X58Y153        FDRE                                         r  dut/m_p_reg[0][4][10]/D
  -------------------------------------------------------------------    -------------------

                         (clock sys_clk_pin rise edge)
                                                      1.000     1.000 r  
    AA13                                              0.000     1.000 r  clk (IN)
                         net (fo=0)                   0.000     1.000    clk_IBUF_inst/I
    AA13                 INBUF (Prop_INBUF_HRIO_PAD_O)
                                                      0.662     1.662 r  clk_IBUF_inst/INBUF_INST/O
                         net (fo=1, routed)           0.066     1.728    clk_IBUF_inst/OUT
    AA13                 IBUFCTRL (Prop_IBUFCTRL_HRIO_I_O)
                                                      0.034     1.762 r  clk_IBUF_inst/IBUFCTRL_INST/O
                         net (fo=1, routed)           0.722     2.484    clk_IBUF
    BUFGCE_X1Y0          BUFGCE (Prop_BUFCE_BUFGCE_I_O)
                                                      0.091     2.575 r  clk_IBUF_BUFG_inst/O
    X2Y1 (CLOCK_ROOT)    net (fo=2048, routed)        1.982     4.557    dut/clk_IBUF_BUFG
    SLICE_X58Y153        FDRE                                         r  dut/m_p_reg[0][4][10]/C
                         clock pessimism              0.610     5.167    
                         clock uncertainty           -0.035     5.132    
    SLICE_X58Y153        FDRE (Setup_AFF_SLICEM_C_D)
                                                      0.063     5.195    dut/m_p_reg[0][4][10]
  -------------------------------------------------------------------
                         required time                          5.195    
                         arrival time                          -6.882    
  -------------------------------------------------------------------
                         slack                                 -1.687    





Min Delay Paths
--------------------------------------------------------------------------------------
Slack (MET) :             0.014ns  (arrival time - required time)
  Source:                 buf_labels0_reg[50]/C
                            (rising edge-triggered cell FDRE clocked by sys_clk_pin  {rise@0.000ns fall@0.500ns period=1.000ns})
  Destination:            dut/conc_d_reg[4][6][50]_srl5/D
                            (rising edge-triggered cell SRL16E clocked by sys_clk_pin  {rise@0.000ns fall@0.500ns period=1.000ns})
  Path Group:             sys_clk_pin
  Path Type:              Hold (Min at Slow Process Corner)
  Requirement:            0.000ns  (sys_clk_pin rise@0.000ns - sys_clk_pin rise@0.000ns)
  Data Path Delay:        0.435ns  (logic 0.123ns (28.276%)  route 0.312ns (71.724%))
  Logic Levels:           0  
  Clock Path Skew:        0.167ns (DCD - SCD - CPR)
    Destination Clock Delay (DCD):    4.308ns
    Source Clock Delay      (SCD):    3.534ns
    Clock Pessimism Removal (CPR):    0.607ns
  Clock Net Delay (Source):      1.959ns (routing 0.696ns, distribution 1.263ns)
  Clock Net Delay (Destination): 2.259ns (routing 0.756ns, distribution 1.503ns)

    Location             Delay type                Incr(ns)  Path(ns)    Netlist Resource(s)
  -------------------------------------------------------------------    -------------------
                         (clock sys_clk_pin rise edge)
                                                      0.000     0.000 r  
    AA13                                              0.000     0.000 r  clk (IN)
                         net (fo=0)                   0.000     0.000    clk_IBUF_inst/I
    AA13                 INBUF (Prop_INBUF_HRIO_PAD_O)
                                                      0.662     0.662 r  clk_IBUF_inst/INBUF_INST/O
                         net (fo=1, routed)           0.066     0.728    clk_IBUF_inst/OUT
    AA13                 IBUFCTRL (Prop_IBUFCTRL_HRIO_I_O)
                                                      0.034     0.762 r  clk_IBUF_inst/IBUFCTRL_INST/O
                         net (fo=1, routed)           0.722     1.484    clk_IBUF
    BUFGCE_X1Y0          BUFGCE (Prop_BUFCE_BUFGCE_I_O)
                                                      0.091     1.575 r  clk_IBUF_BUFG_inst/O
    X2Y1 (CLOCK_ROOT)    net (fo=2048, routed)        1.959     3.534    clk_IBUF_BUFG
    SLICE_X51Y108        FDRE                                         r  buf_labels0_reg[50]/C
  -------------------------------------------------------------------    -------------------
    SLICE_X51Y108        FDRE (Prop_EFF2_SLICEL_C_Q)
                                                      0.123     3.657 r  buf_labels0_reg[50]/Q
                         net (fo=1, routed)           0.312     3.969    dut/conc_d_reg[5][6][50]_0
    SLICE_X52Y108        SRL16E                                       r  dut/conc_d_reg[4][6][50]_srl5/D
  -------------------------------------------------------------------    -------------------

                         (clock sys_clk_pin rise edge)
                                                      0.000     0.000 r  
    AA13                                              0.000     0.000 r  clk (IN)
                         net (fo=0)                   0.000     0.000    clk_IBUF_inst/I
    AA13                 INBUF (Prop_INBUF_HRIO_PAD_O)
                                                      0.955     0.955 r  clk_IBUF_inst/INBUF_INST/O
                         net (fo=1, routed)           0.105     1.060    clk_IBUF_inst/OUT
    AA13                 IBUFCTRL (Prop_IBUFCTRL_HRIO_I_O)
                                                      0.049     1.109 r  clk_IBUF_inst/IBUFCTRL_INST/O
                         net (fo=1, routed)           0.839     1.948    clk_IBUF
    BUFGCE_X1Y0          BUFGCE (Prop_BUFCE_BUFGCE_I_O)
                                                      0.101     2.049 r  clk_IBUF_BUFG_inst/O
    X2Y1 (CLOCK_ROOT)    net (fo=2048, routed)        2.259     4.308    dut/clk_IBUF_BUFG
    SLICE_X52Y108        SRL16E                                       r  dut/conc_d_reg[4][6][50]_srl5/CLK
                         clock pessimism             -0.607     3.701    
    SLICE_X52Y108        SRL16E (Hold_C6LUT_SLICEM_CLK_D)
                                                      0.254     3.955    dut/conc_d_reg[4][6][50]_srl5
  -------------------------------------------------------------------
                         required time                         -3.955    
                         arrival time                           3.969    
  -------------------------------------------------------------------
                         slack                                  0.014    

Slack (MET) :             0.019ns  (arrival time - required time)
  Source:                 dut/conc_d_reg[5][1][27]/C
                            (rising edge-triggered cell FDRE clocked by sys_clk_pin  {rise@0.000ns fall@0.500ns period=1.000ns})
  Destination:            out_labels_r_reg[155]/D
                            (rising edge-triggered cell FDRE clocked by sys_clk_pin  {rise@0.000ns fall@0.500ns period=1.000ns})
  Path Group:             sys_clk_pin
  Path Type:              Hold (Min at Fast Process Corner)
  Requirement:            0.000ns  (sys_clk_pin rise@0.000ns - sys_clk_pin rise@0.000ns)
  Data Path Delay:        0.223ns  (logic 0.079ns (35.426%)  route 0.144ns (64.574%))
  Logic Levels:           1  (LUT5=1)
  Clock Path Skew:        0.148ns (DCD - SCD - CPR)
    Destination Clock Delay (DCD):    2.424ns
    Source Clock Delay      (SCD):    1.782ns
    Clock Pessimism Removal (CPR):    0.494ns
  Clock Net Delay (Source):      0.803ns (routing 0.278ns, distribution 0.525ns)
  Clock Net Delay (Destination): 0.982ns (routing 0.309ns, distribution 0.673ns)

    Location             Delay type                Incr(ns)  Path(ns)    Netlist Resource(s)
  -------------------------------------------------------------------    -------------------
                         (clock sys_clk_pin rise edge)
                                                      0.000     0.000 r  
    AA13                                              0.000     0.000 r  clk (IN)
                         net (fo=0)                   0.000     0.000    clk_IBUF_inst/I
    AA13                 INBUF (Prop_INBUF_HRIO_PAD_O)
                                                      0.562     0.562 r  clk_IBUF_inst/INBUF_INST/O
                         net (fo=1, routed)           0.025     0.587    clk_IBUF_inst/OUT
    AA13                 IBUFCTRL (Prop_IBUFCTRL_HRIO_I_O)
                                                      0.015     0.602 r  clk_IBUF_inst/IBUFCTRL_INST/O
                         net (fo=1, routed)           0.350     0.952    clk_IBUF
    BUFGCE_X1Y0          BUFGCE (Prop_BUFCE_BUFGCE_I_O)
                                                      0.027     0.979 r  clk_IBUF_BUFG_inst/O
    X2Y1 (CLOCK_ROOT)    net (fo=2048, routed)        0.803     1.782    dut/clk_IBUF_BUFG
    SLICE_X50Y114        FDRE                                         r  dut/conc_d_reg[5][1][27]/C
  -------------------------------------------------------------------    -------------------
    SLICE_X50Y114        FDRE (Prop_DFF2_SLICEM_C_Q)
                                                      0.049     1.831 r  dut/conc_d_reg[5][1][27]/Q
                         net (fo=7, routed)           0.128     1.959    dut/conc_d_reg[5][1]_8[27]
    SLICE_X51Y120        LUT5 (Prop_D6LUT_SLICEL_I2_O)
                                                      0.030     1.989 r  dut/out_labels_r[155]_i_1/O
                         net (fo=1, routed)           0.016     2.005    p_8_out[155]
    SLICE_X51Y120        FDRE                                         r  out_labels_r_reg[155]/D
  -------------------------------------------------------------------    -------------------

                         (clock sys_clk_pin rise edge)
                                                      0.000     0.000 r  
    AA13                                              0.000     0.000 r  clk (IN)
                         net (fo=0)                   0.000     0.000    clk_IBUF_inst/I
    AA13                 INBUF (Prop_INBUF_HRIO_PAD_O)
                                                      0.938     0.938 r  clk_IBUF_inst/INBUF_INST/O
                         net (fo=1, routed)           0.042     0.980    clk_IBUF_inst/OUT
    AA13                 IBUFCTRL (Prop_IBUFCTRL_HRIO_I_O)
                                                      0.022     1.002 r  clk_IBUF_inst/IBUFCTRL_INST/O
                         net (fo=1, routed)           0.409     1.411    clk_IBUF
    BUFGCE_X1Y0          BUFGCE (Prop_BUFCE_BUFGCE_I_O)
                                                      0.031     1.442 r  clk_IBUF_BUFG_inst/O
    X2Y1 (CLOCK_ROOT)    net (fo=2048, routed)        0.982     2.424    clk_IBUF_BUFG
    SLICE_X51Y120        FDRE                                         r  out_labels_r_reg[155]/C
                         clock pessimism             -0.494     1.930    
    SLICE_X51Y120        FDRE (Hold_DFF_SLICEL_C_D)
                                                      0.056     1.986    out_labels_r_reg[155]
  -------------------------------------------------------------------
                         required time                         -1.986    
                         arrival time                           2.005    
  -------------------------------------------------------------------
                         slack                                  0.019    

Slack (MET) :             0.021ns  (arrival time - required time)
  Source:                 buf_labels1_reg[46]/C
                            (rising edge-triggered cell FDRE clocked by sys_clk_pin  {rise@0.000ns fall@0.500ns period=1.000ns})
  Destination:            dut/conc_d_reg[4][4][14]_srl5/D
                            (rising edge-triggered cell SRL16E clocked by sys_clk_pin  {rise@0.000ns fall@0.500ns period=1.000ns})
  Path Group:             sys_clk_pin
  Path Type:              Hold (Min at Fast Process Corner)
  Requirement:            0.000ns  (sys_clk_pin rise@0.000ns - sys_clk_pin rise@0.000ns)
  Data Path Delay:        0.242ns  (logic 0.048ns (19.835%)  route 0.194ns (80.165%))
  Logic Levels:           0  
  Clock Path Skew:        0.098ns (DCD - SCD - CPR)
    Destination Clock Delay (DCD):    2.432ns
    Source Clock Delay      (SCD):    1.797ns
    Clock Pessimism Removal (CPR):    0.537ns
  Clock Net Delay (Source):      0.818ns (routing 0.278ns, distribution 0.540ns)
  Clock Net Delay (Destination): 0.990ns (routing 0.309ns, distribution 0.681ns)

    Location             Delay type                Incr(ns)  Path(ns)    Netlist Resource(s)
  -------------------------------------------------------------------    -------------------
                         (clock sys_clk_pin rise edge)
                                                      0.000     0.000 r  
    AA13                                              0.000     0.000 r  clk (IN)
                         net (fo=0)                   0.000     0.000    clk_IBUF_inst/I
    AA13                 INBUF (Prop_INBUF_HRIO_PAD_O)
                                                      0.562     0.562 r  clk_IBUF_inst/INBUF_INST/O
                         net (fo=1, routed)           0.025     0.587    clk_IBUF_inst/OUT
    AA13                 IBUFCTRL (Prop_IBUFCTRL_HRIO_I_O)
                                                      0.015     0.602 r  clk_IBUF_inst/IBUFCTRL_INST/O
                         net (fo=1, routed)           0.350     0.952    clk_IBUF
    BUFGCE_X1Y0          BUFGCE (Prop_BUFCE_BUFGCE_I_O)
                                                      0.027     0.979 r  clk_IBUF_BUFG_inst/O
    X2Y1 (CLOCK_ROOT)    net (fo=2048, routed)        0.818     1.797    clk_IBUF_BUFG
    SLICE_X59Y119        FDRE                                         r  buf_labels1_reg[46]/C
  -------------------------------------------------------------------    -------------------
    SLICE_X59Y119        FDRE (Prop_HFF2_SLICEL_C_Q)
                                                      0.048     1.845 r  buf_labels1_reg[46]/Q
                         net (fo=1, routed)           0.194     2.039    dut/buf_labels1[46]
    SLICE_X61Y119        SRL16E                                       r  dut/conc_d_reg[4][4][14]_srl5/D
  -------------------------------------------------------------------    -------------------

                         (clock sys_clk_pin rise edge)
                                                      0.000     0.000 r  
    AA13                                              0.000     0.000 r  clk (IN)
                         net (fo=0)                   0.000     0.000    clk_IBUF_inst/I
    AA13                 INBUF (Prop_INBUF_HRIO_PAD_O)
                                                      0.938     0.938 r  clk_IBUF_inst/INBUF_INST/O
                         net (fo=1, routed)           0.042     0.980    clk_IBUF_inst/OUT
    AA13                 IBUFCTRL (Prop_IBUFCTRL_HRIO_I_O)
                                                      0.022     1.002 r  clk_IBUF_inst/IBUFCTRL_INST/O
                         net (fo=1, routed)           0.409     1.411    clk_IBUF
    BUFGCE_X1Y0          BUFGCE (Prop_BUFCE_BUFGCE_I_O)
                                                      0.031     1.442 r  clk_IBUF_BUFG_inst/O
    X2Y1 (CLOCK_ROOT)    net (fo=2048, routed)        0.990     2.432    dut/clk_IBUF_BUFG
    SLICE_X61Y119        SRL16E                                       r  dut/conc_d_reg[4][4][14]_srl5/CLK
                         clock pessimism             -0.537     1.895    
    SLICE_X61Y119        SRL16E (Hold_G5LUT_SLICEM_CLK_D)
                                                      0.123     2.018    dut/conc_d_reg[4][4][14]_srl5
  -------------------------------------------------------------------
                         required time                         -2.018    
                         arrival time                           2.039    
  -------------------------------------------------------------------
                         slack                                  0.021    

Slack (MET) :             0.022ns  (arrival time - required time)
  Source:                 buf_labels0_reg[52]/C
                            (rising edge-triggered cell FDRE clocked by sys_clk_pin  {rise@0.000ns fall@0.500ns period=1.000ns})
  Destination:            dut/conc_d_reg[4][6][52]_srl5/D
                            (rising edge-triggered cell SRL16E clocked by sys_clk_pin  {rise@0.000ns fall@0.500ns period=1.000ns})
  Path Group:             sys_clk_pin
  Path Type:              Hold (Min at Fast Process Corner)
  Requirement:            0.000ns  (sys_clk_pin rise@0.000ns - sys_clk_pin rise@0.000ns)
  Data Path Delay:        0.227ns  (logic 0.049ns (21.586%)  route 0.178ns (78.414%))
  Logic Levels:           0  
  Clock Path Skew:        0.085ns (DCD - SCD - CPR)
    Destination Clock Delay (DCD):    2.396ns
    Source Clock Delay      (SCD):    1.773ns
    Clock Pessimism Removal (CPR):    0.538ns
  Clock Net Delay (Source):      0.794ns (routing 0.278ns, distribution 0.516ns)
  Clock Net Delay (Destination): 0.954ns (routing 0.309ns, distribution 0.645ns)

    Location             Delay type                Incr(ns)  Path(ns)    Netlist Resource(s)
  -------------------------------------------------------------------    -------------------
                         (clock sys_clk_pin rise edge)
                                                      0.000     0.000 r  
    AA13                                              0.000     0.000 r  clk (IN)
                         net (fo=0)                   0.000     0.000    clk_IBUF_inst/I
    AA13                 INBUF (Prop_INBUF_HRIO_PAD_O)
                                                      0.562     0.562 r  clk_IBUF_inst/INBUF_INST/O
                         net (fo=1, routed)           0.025     0.587    clk_IBUF_inst/OUT
    AA13                 IBUFCTRL (Prop_IBUFCTRL_HRIO_I_O)
                                                      0.015     0.602 r  clk_IBUF_inst/IBUFCTRL_INST/O
                         net (fo=1, routed)           0.350     0.952    clk_IBUF
    BUFGCE_X1Y0          BUFGCE (Prop_BUFCE_BUFGCE_I_O)
                                                      0.027     0.979 r  clk_IBUF_BUFG_inst/O
    X2Y1 (CLOCK_ROOT)    net (fo=2048, routed)        0.794     1.773    clk_IBUF_BUFG
    SLICE_X51Y108        FDRE                                         r  buf_labels0_reg[52]/C
  -------------------------------------------------------------------    -------------------
    SLICE_X51Y108        FDRE (Prop_FFF_SLICEL_C_Q)
                                                      0.049     1.822 r  buf_labels0_reg[52]/Q
                         net (fo=1, routed)           0.178     2.000    dut/conc_d_reg[5][6][52]_0
    SLICE_X52Y108        SRL16E                                       r  dut/conc_d_reg[4][6][52]_srl5/D
  -------------------------------------------------------------------    -------------------

                         (clock sys_clk_pin rise edge)
                                                      0.000     0.000 r  
    AA13                                              0.000     0.000 r  clk (IN)
                         net (fo=0)                   0.000     0.000    clk_IBUF_inst/I
    AA13                 INBUF (Prop_INBUF_HRIO_PAD_O)
                                                      0.938     0.938 r  clk_IBUF_inst/INBUF_INST/O
                         net (fo=1, routed)           0.042     0.980    clk_IBUF_inst/OUT
    AA13                 IBUFCTRL (Prop_IBUFCTRL_HRIO_I_O)
                                                      0.022     1.002 r  clk_IBUF_inst/IBUFCTRL_INST/O
                         net (fo=1, routed)           0.409     1.411    clk_IBUF
    BUFGCE_X1Y0          BUFGCE (Prop_BUFCE_BUFGCE_I_O)
                                                      0.031     1.442 r  clk_IBUF_BUFG_inst/O
    X2Y1 (CLOCK_ROOT)    net (fo=2048, routed)        0.954     2.396    dut/clk_IBUF_BUFG
    SLICE_X52Y108        SRL16E                                       r  dut/conc_d_reg[4][6][52]_srl5/CLK
                         clock pessimism             -0.538     1.858    
    SLICE_X52Y108        SRL16E (Hold_E6LUT_SLICEM_CLK_D)
                                                      0.120     1.978    dut/conc_d_reg[4][6][52]_srl5
  -------------------------------------------------------------------
                         required time                         -1.978    
                         arrival time                           2.000    
  -------------------------------------------------------------------
                         slack                                  0.022    

Slack (MET) :             0.026ns  (arrival time - required time)
  Source:                 buf_labels0_reg[0]/C
                            (rising edge-triggered cell FDRE clocked by sys_clk_pin  {rise@0.000ns fall@0.500ns period=1.000ns})
  Destination:            dut/conc_d_reg[4][7][32]_srl5/D
                            (rising edge-triggered cell SRL16E clocked by sys_clk_pin  {rise@0.000ns fall@0.500ns period=1.000ns})
  Path Group:             sys_clk_pin
  Path Type:              Hold (Min at Fast Process Corner)
  Requirement:            0.000ns  (sys_clk_pin rise@0.000ns - sys_clk_pin rise@0.000ns)
  Data Path Delay:        0.244ns  (logic 0.049ns (20.082%)  route 0.195ns (79.918%))
  Logic Levels:           0  
  Clock Path Skew:        0.098ns (DCD - SCD - CPR)
    Destination Clock Delay (DCD):    2.409ns
    Source Clock Delay      (SCD):    1.773ns
    Clock Pessimism Removal (CPR):    0.538ns
  Clock Net Delay (Source):      0.794ns (routing 0.278ns, distribution 0.516ns)
  Clock Net Delay (Destination): 0.967ns (routing 0.309ns, distribution 0.658ns)

    Location             Delay type                Incr(ns)  Path(ns)    Netlist Resource(s)
  -------------------------------------------------------------------    -------------------
                         (clock sys_clk_pin rise edge)
                                                      0.000     0.000 r  
    AA13                                              0.000     0.000 r  clk (IN)
                         net (fo=0)                   0.000     0.000    clk_IBUF_inst/I
    AA13                 INBUF (Prop_INBUF_HRIO_PAD_O)
                                                      0.562     0.562 r  clk_IBUF_inst/INBUF_INST/O
                         net (fo=1, routed)           0.025     0.587    clk_IBUF_inst/OUT
    AA13                 IBUFCTRL (Prop_IBUFCTRL_HRIO_I_O)
                                                      0.015     0.602 r  clk_IBUF_inst/IBUFCTRL_INST/O
                         net (fo=1, routed)           0.350     0.952    clk_IBUF
    BUFGCE_X1Y0          BUFGCE (Prop_BUFCE_BUFGCE_I_O)
                                                      0.027     0.979 r  clk_IBUF_BUFG_inst/O
    X2Y1 (CLOCK_ROOT)    net (fo=2048, routed)        0.794     1.773    clk_IBUF_BUFG
    SLICE_X56Y108        FDRE                                         r  buf_labels0_reg[0]/C
  -------------------------------------------------------------------    -------------------
    SLICE_X56Y108        FDRE (Prop_EFF_SLICEL_C_Q)
                                                      0.049     1.822 r  buf_labels0_reg[0]/Q
                         net (fo=1, routed)           0.195     2.017    dut/conc_d_reg[5][7][32]_0
    SLICE_X57Y107        SRL16E                                       r  dut/conc_d_reg[4][7][32]_srl5/D
  -------------------------------------------------------------------    -------------------

                         (clock sys_clk_pin rise edge)
                                                      0.000     0.000 r  
    AA13                                              0.000     0.000 r  clk (IN)
                         net (fo=0)                   0.000     0.000    clk_IBUF_inst/I
    AA13                 INBUF (Prop_INBUF_HRIO_PAD_O)
                                                      0.938     0.938 r  clk_IBUF_inst/INBUF_INST/O
                         net (fo=1, routed)           0.042     0.980    clk_IBUF_inst/OUT
    AA13                 IBUFCTRL (Prop_IBUFCTRL_HRIO_I_O)
                                                      0.022     1.002 r  clk_IBUF_inst/IBUFCTRL_INST/O
                         net (fo=1, routed)           0.409     1.411    clk_IBUF
    BUFGCE_X1Y0          BUFGCE (Prop_BUFCE_BUFGCE_I_O)
                                                      0.031     1.442 r  clk_IBUF_BUFG_inst/O
    X2Y1 (CLOCK_ROOT)    net (fo=2048, routed)        0.967     2.409    dut/clk_IBUF_BUFG
    SLICE_X57Y107        SRL16E                                       r  dut/conc_d_reg[4][7][32]_srl5/CLK
                         clock pessimism             -0.538     1.871    
    SLICE_X57Y107        SRL16E (Hold_A6LUT_SLICEM_CLK_D)
                                                      0.120     1.991    dut/conc_d_reg[4][7][32]_srl5
  -------------------------------------------------------------------
                         required time                         -1.991    
                         arrival time                           2.017    
  -------------------------------------------------------------------
                         slack                                  0.026    

Slack (MET) :             0.028ns  (arrival time - required time)
  Source:                 dut/m_p_reg[3][3][3]/C
                            (rising edge-triggered cell FDRE clocked by sys_clk_pin  {rise@0.000ns fall@0.500ns period=1.000ns})
  Destination:            dut/m_p_reg[4][5][3]/D
                            (rising edge-triggered cell FDRE clocked by sys_clk_pin  {rise@0.000ns fall@0.500ns period=1.000ns})
  Path Group:             sys_clk_pin
  Path Type:              Hold (Min at Fast Process Corner)
  Requirement:            0.000ns  (sys_clk_pin rise@0.000ns - sys_clk_pin rise@0.000ns)
  Data Path Delay:        0.170ns  (logic 0.078ns (45.882%)  route 0.092ns (54.118%))
  Logic Levels:           1  (LUT3=1)
  Clock Path Skew:        0.086ns (DCD - SCD - CPR)
    Destination Clock Delay (DCD):    2.428ns
    Source Clock Delay      (SCD):    1.802ns
    Clock Pessimism Removal (CPR):    0.540ns
  Clock Net Delay (Source):      0.823ns (routing 0.278ns, distribution 0.545ns)
  Clock Net Delay (Destination): 0.986ns (routing 0.309ns, distribution 0.677ns)

    Location             Delay type                Incr(ns)  Path(ns)    Netlist Resource(s)
  -------------------------------------------------------------------    -------------------
                         (clock sys_clk_pin rise edge)
                                                      0.000     0.000 r  
    AA13                                              0.000     0.000 r  clk (IN)
                         net (fo=0)                   0.000     0.000    clk_IBUF_inst/I
    AA13                 INBUF (Prop_INBUF_HRIO_PAD_O)
                                                      0.562     0.562 r  clk_IBUF_inst/INBUF_INST/O
                         net (fo=1, routed)           0.025     0.587    clk_IBUF_inst/OUT
    AA13                 IBUFCTRL (Prop_IBUFCTRL_HRIO_I_O)
                                                      0.015     0.602 r  clk_IBUF_inst/IBUFCTRL_INST/O
                         net (fo=1, routed)           0.350     0.952    clk_IBUF
    BUFGCE_X1Y0          BUFGCE (Prop_BUFCE_BUFGCE_I_O)
                                                      0.027     0.979 r  clk_IBUF_BUFG_inst/O
    X2Y1 (CLOCK_ROOT)    net (fo=2048, routed)        0.823     1.802    dut/clk_IBUF_BUFG
    SLICE_X56Y134        FDRE                                         r  dut/m_p_reg[3][3][3]/C
  -------------------------------------------------------------------    -------------------
    SLICE_X56Y134        FDRE (Prop_CFF_SLICEL_C_Q)
                                                      0.048     1.850 r  dut/m_p_reg[3][3][3]/Q
                         net (fo=4, routed)           0.080     1.930    dut/m_p_reg_n_0_[3][3][3]
    SLICE_X54Y134        LUT3 (Prop_A6LUT_SLICEL_I1_O)
                                                      0.030     1.960 r  dut/m_p[4][5][3]_i_1/O
                         net (fo=1, routed)           0.012     1.972    dut/m_w[5][5]_70[3]
    SLICE_X54Y134        FDRE                                         r  dut/m_p_reg[4][5][3]/D
  -------------------------------------------------------------------    -------------------

                         (clock sys_clk_pin rise edge)
                                                      0.000     0.000 r  
    AA13                                              0.000     0.000 r  clk (IN)
                         net (fo=0)                   0.000     0.000    clk_IBUF_inst/I
    AA13                 INBUF (Prop_INBUF_HRIO_PAD_O)
                                                      0.938     0.938 r  clk_IBUF_inst/INBUF_INST/O
                         net (fo=1, routed)           0.042     0.980    clk_IBUF_inst/OUT
    AA13                 IBUFCTRL (Prop_IBUFCTRL_HRIO_I_O)
                                                      0.022     1.002 r  clk_IBUF_inst/IBUFCTRL_INST/O
                         net (fo=1, routed)           0.409     1.411    clk_IBUF
    BUFGCE_X1Y0          BUFGCE (Prop_BUFCE_BUFGCE_I_O)
                                                      0.031     1.442 r  clk_IBUF_BUFG_inst/O
    X2Y1 (CLOCK_ROOT)    net (fo=2048, routed)        0.986     2.428    dut/clk_IBUF_BUFG
    SLICE_X54Y134        FDRE                                         r  dut/m_p_reg[4][5][3]/C
                         clock pessimism             -0.540     1.888    
    SLICE_X54Y134        FDRE (Hold_AFF_SLICEL_C_D)
                                                      0.056     1.944    dut/m_p_reg[4][5][3]
  -------------------------------------------------------------------
                         required time                         -1.944    
                         arrival time                           1.972    
  -------------------------------------------------------------------
                         slack                                  0.028    

Slack (MET) :             0.030ns  (arrival time - required time)
  Source:                 dut/l0_d_reg[5][8]/C
                            (rising edge-triggered cell FDRE clocked by sys_clk_pin  {rise@0.000ns fall@0.500ns period=1.000ns})
  Destination:            out_labels_r_reg[328]/D
                            (rising edge-triggered cell FDRE clocked by sys_clk_pin  {rise@0.000ns fall@0.500ns period=1.000ns})
  Path Group:             sys_clk_pin
  Path Type:              Hold (Min at Fast Process Corner)
  Requirement:            0.000ns  (sys_clk_pin rise@0.000ns - sys_clk_pin rise@0.000ns)
  Data Path Delay:        0.232ns  (logic 0.064ns (27.586%)  route 0.168ns (72.414%))
  Logic Levels:           1  (LUT5=1)
  Clock Path Skew:        0.146ns (DCD - SCD - CPR)
    Destination Clock Delay (DCD):    2.439ns
    Source Clock Delay      (SCD):    1.799ns
    Clock Pessimism Removal (CPR):    0.494ns
  Clock Net Delay (Source):      0.820ns (routing 0.278ns, distribution 0.542ns)
  Clock Net Delay (Destination): 0.997ns (routing 0.309ns, distribution 0.688ns)

    Location             Delay type                Incr(ns)  Path(ns)    Netlist Resource(s)
  -------------------------------------------------------------------    -------------------
                         (clock sys_clk_pin rise edge)
                                                      0.000     0.000 r  
    AA13                                              0.000     0.000 r  clk (IN)
                         net (fo=0)                   0.000     0.000    clk_IBUF_inst/I
    AA13                 INBUF (Prop_INBUF_HRIO_PAD_O)
                                                      0.562     0.562 r  clk_IBUF_inst/INBUF_INST/O
                         net (fo=1, routed)           0.025     0.587    clk_IBUF_inst/OUT
    AA13                 IBUFCTRL (Prop_IBUFCTRL_HRIO_I_O)
                                                      0.015     0.602 r  clk_IBUF_inst/IBUFCTRL_INST/O
                         net (fo=1, routed)           0.350     0.952    clk_IBUF
    BUFGCE_X1Y0          BUFGCE (Prop_BUFCE_BUFGCE_I_O)
                                                      0.027     0.979 r  clk_IBUF_BUFG_inst/O
    X2Y1 (CLOCK_ROOT)    net (fo=2048, routed)        0.820     1.799    dut/clk_IBUF_BUFG
    SLICE_X58Y116        FDRE                                         r  dut/l0_d_reg[5][8]/C
  -------------------------------------------------------------------    -------------------
    SLICE_X58Y116        FDRE (Prop_AFF2_SLICEM_C_Q)
                                                      0.049     1.848 r  dut/l0_d_reg[5][8]/Q
                         net (fo=15, routed)          0.152     2.000    dut/p_8_out[456]
    SLICE_X59Y120        LUT5 (Prop_D6LUT_SLICEL_I4_O)
                                                      0.015     2.015 r  dut/out_labels_r[328]_i_1/O
                         net (fo=1, routed)           0.016     2.031    p_8_out[328]
    SLICE_X59Y120        FDRE                                         r  out_labels_r_reg[328]/D
  -------------------------------------------------------------------    -------------------

                         (clock sys_clk_pin rise edge)
                                                      0.000     0.000 r  
    AA13                                              0.000     0.000 r  clk (IN)
                         net (fo=0)                   0.000     0.000    clk_IBUF_inst/I
    AA13                 INBUF (Prop_INBUF_HRIO_PAD_O)
                                                      0.938     0.938 r  clk_IBUF_inst/INBUF_INST/O
                         net (fo=1, routed)           0.042     0.980    clk_IBUF_inst/OUT
    AA13                 IBUFCTRL (Prop_IBUFCTRL_HRIO_I_O)
                                                      0.022     1.002 r  clk_IBUF_inst/IBUFCTRL_INST/O
                         net (fo=1, routed)           0.409     1.411    clk_IBUF
    BUFGCE_X1Y0          BUFGCE (Prop_BUFCE_BUFGCE_I_O)
                                                      0.031     1.442 r  clk_IBUF_BUFG_inst/O
    X2Y1 (CLOCK_ROOT)    net (fo=2048, routed)        0.997     2.439    clk_IBUF_BUFG
    SLICE_X59Y120        FDRE                                         r  out_labels_r_reg[328]/C
                         clock pessimism             -0.494     1.945    
    SLICE_X59Y120        FDRE (Hold_DFF_SLICEL_C_D)
                                                      0.056     2.001    out_labels_r_reg[328]
  -------------------------------------------------------------------
                         required time                         -2.001    
                         arrival time                           2.031    
  -------------------------------------------------------------------
                         slack                                  0.030    

Slack (MET) :             0.035ns  (arrival time - required time)
  Source:                 buf_labels0_reg[65]/C
                            (rising edge-triggered cell FDRE clocked by sys_clk_pin  {rise@0.000ns fall@0.500ns period=1.000ns})
  Destination:            dut/conc_d_reg[4][2][33]_srl5/D
                            (rising edge-triggered cell SRL16E clocked by sys_clk_pin  {rise@0.000ns fall@0.500ns period=1.000ns})
  Path Group:             sys_clk_pin
  Path Type:              Hold (Min at Fast Process Corner)
  Requirement:            0.000ns  (sys_clk_pin rise@0.000ns - sys_clk_pin rise@0.000ns)
  Data Path Delay:        0.240ns  (logic 0.048ns (20.000%)  route 0.192ns (80.000%))
  Logic Levels:           0  
  Clock Path Skew:        0.085ns (DCD - SCD - CPR)
    Destination Clock Delay (DCD):    2.407ns
    Source Clock Delay      (SCD):    1.784ns
    Clock Pessimism Removal (CPR):    0.538ns
  Clock Net Delay (Source):      0.805ns (routing 0.278ns, distribution 0.527ns)
  Clock Net Delay (Destination): 0.965ns (routing 0.309ns, distribution 0.656ns)

    Location             Delay type                Incr(ns)  Path(ns)    Netlist Resource(s)
  -------------------------------------------------------------------    -------------------
                         (clock sys_clk_pin rise edge)
                                                      0.000     0.000 r  
    AA13                                              0.000     0.000 r  clk (IN)
                         net (fo=0)                   0.000     0.000    clk_IBUF_inst/I
    AA13                 INBUF (Prop_INBUF_HRIO_PAD_O)
                                                      0.562     0.562 r  clk_IBUF_inst/INBUF_INST/O
                         net (fo=1, routed)           0.025     0.587    clk_IBUF_inst/OUT
    AA13                 IBUFCTRL (Prop_IBUFCTRL_HRIO_I_O)
                                                      0.015     0.602 r  clk_IBUF_inst/IBUFCTRL_INST/O
                         net (fo=1, routed)           0.350     0.952    clk_IBUF
    BUFGCE_X1Y0          BUFGCE (Prop_BUFCE_BUFGCE_I_O)
                                                      0.027     0.979 r  clk_IBUF_BUFG_inst/O
    X2Y1 (CLOCK_ROOT)    net (fo=2048, routed)        0.805     1.784    clk_IBUF_BUFG
    SLICE_X56Y105        FDRE                                         r  buf_labels0_reg[65]/C
  -------------------------------------------------------------------    -------------------
    SLICE_X56Y105        FDRE (Prop_GFF2_SLICEL_C_Q)
                                                      0.048     1.832 r  buf_labels0_reg[65]/Q
                         net (fo=1, routed)           0.192     2.024    dut/conc_d_reg[5][2][33]_0
    SLICE_X57Y104        SRL16E                                       r  dut/conc_d_reg[4][2][33]_srl5/D
  -------------------------------------------------------------------    -------------------

                         (clock sys_clk_pin rise edge)
                                                      0.000     0.000 r  
    AA13                                              0.000     0.000 r  clk (IN)
                         net (fo=0)                   0.000     0.000    clk_IBUF_inst/I
    AA13                 INBUF (Prop_INBUF_HRIO_PAD_O)
                                                      0.938     0.938 r  clk_IBUF_inst/INBUF_INST/O
                         net (fo=1, routed)           0.042     0.980    clk_IBUF_inst/OUT
    AA13                 IBUFCTRL (Prop_IBUFCTRL_HRIO_I_O)
                                                      0.022     1.002 r  clk_IBUF_inst/IBUFCTRL_INST/O
                         net (fo=1, routed)           0.409     1.411    clk_IBUF
    BUFGCE_X1Y0          BUFGCE (Prop_BUFCE_BUFGCE_I_O)
                                                      0.031     1.442 r  clk_IBUF_BUFG_inst/O
    X2Y1 (CLOCK_ROOT)    net (fo=2048, routed)        0.965     2.407    dut/clk_IBUF_BUFG
    SLICE_X57Y104        SRL16E                                       r  dut/conc_d_reg[4][2][33]_srl5/CLK
                         clock pessimism             -0.538     1.869    
    SLICE_X57Y104        SRL16E (Hold_B6LUT_SLICEM_CLK_D)
                                                      0.120     1.989    dut/conc_d_reg[4][2][33]_srl5
  -------------------------------------------------------------------
                         required time                         -1.989    
                         arrival time                           2.024    
  -------------------------------------------------------------------
                         slack                                  0.035    

Slack (MET) :             0.036ns  (arrival time - required time)
  Source:                 buf_labels0_reg[37]/C
                            (rising edge-triggered cell FDRE clocked by sys_clk_pin  {rise@0.000ns fall@0.500ns period=1.000ns})
  Destination:            dut/conc_d_reg[4][6][37]_srl5/D
                            (rising edge-triggered cell SRL16E clocked by sys_clk_pin  {rise@0.000ns fall@0.500ns period=1.000ns})
  Path Group:             sys_clk_pin
  Path Type:              Hold (Min at Fast Process Corner)
  Requirement:            0.000ns  (sys_clk_pin rise@0.000ns - sys_clk_pin rise@0.000ns)
  Data Path Delay:        0.234ns  (logic 0.049ns (20.940%)  route 0.185ns (79.060%))
  Logic Levels:           0  
  Clock Path Skew:        0.078ns (DCD - SCD - CPR)
    Destination Clock Delay (DCD):    2.407ns
    Source Clock Delay      (SCD):    1.791ns
    Clock Pessimism Removal (CPR):    0.538ns
  Clock Net Delay (Source):      0.812ns (routing 0.278ns, distribution 0.534ns)
  Clock Net Delay (Destination): 0.965ns (routing 0.309ns, distribution 0.656ns)

    Location             Delay type                Incr(ns)  Path(ns)    Netlist Resource(s)
  -------------------------------------------------------------------    -------------------
                         (clock sys_clk_pin rise edge)
                                                      0.000     0.000 r  
    AA13                                              0.000     0.000 r  clk (IN)
                         net (fo=0)                   0.000     0.000    clk_IBUF_inst/I
    AA13                 INBUF (Prop_INBUF_HRIO_PAD_O)
                                                      0.562     0.562 r  clk_IBUF_inst/INBUF_INST/O
                         net (fo=1, routed)           0.025     0.587    clk_IBUF_inst/OUT
    AA13                 IBUFCTRL (Prop_IBUFCTRL_HRIO_I_O)
                                                      0.015     0.602 r  clk_IBUF_inst/IBUFCTRL_INST/O
                         net (fo=1, routed)           0.350     0.952    clk_IBUF
    BUFGCE_X1Y0          BUFGCE (Prop_BUFCE_BUFGCE_I_O)
                                                      0.027     0.979 r  clk_IBUF_BUFG_inst/O
    X2Y1 (CLOCK_ROOT)    net (fo=2048, routed)        0.812     1.791    clk_IBUF_BUFG
    SLICE_X58Y106        FDRE                                         r  buf_labels0_reg[37]/C
  -------------------------------------------------------------------    -------------------
    SLICE_X58Y106        FDRE (Prop_EFF_SLICEM_C_Q)
                                                      0.049     1.840 r  buf_labels0_reg[37]/Q
                         net (fo=1, routed)           0.185     2.025    dut/conc_d_reg[5][6][37]_0
    SLICE_X57Y105        SRL16E                                       r  dut/conc_d_reg[4][6][37]_srl5/D
  -------------------------------------------------------------------    -------------------

                         (clock sys_clk_pin rise edge)
                                                      0.000     0.000 r  
    AA13                                              0.000     0.000 r  clk (IN)
                         net (fo=0)                   0.000     0.000    clk_IBUF_inst/I
    AA13                 INBUF (Prop_INBUF_HRIO_PAD_O)
                                                      0.938     0.938 r  clk_IBUF_inst/INBUF_INST/O
                         net (fo=1, routed)           0.042     0.980    clk_IBUF_inst/OUT
    AA13                 IBUFCTRL (Prop_IBUFCTRL_HRIO_I_O)
                                                      0.022     1.002 r  clk_IBUF_inst/IBUFCTRL_INST/O
                         net (fo=1, routed)           0.409     1.411    clk_IBUF
    BUFGCE_X1Y0          BUFGCE (Prop_BUFCE_BUFGCE_I_O)
                                                      0.031     1.442 r  clk_IBUF_BUFG_inst/O
    X2Y1 (CLOCK_ROOT)    net (fo=2048, routed)        0.965     2.407    dut/clk_IBUF_BUFG
    SLICE_X57Y105        SRL16E                                       r  dut/conc_d_reg[4][6][37]_srl5/CLK
                         clock pessimism             -0.538     1.869    
    SLICE_X57Y105        SRL16E (Hold_F6LUT_SLICEM_CLK_D)
                                                      0.120     1.989    dut/conc_d_reg[4][6][37]_srl5
  -------------------------------------------------------------------
                         required time                         -1.989    
                         arrival time                           2.025    
  -------------------------------------------------------------------
                         slack                                  0.036    

Slack (MET) :             0.037ns  (arrival time - required time)
  Source:                 dut/m_p_reg[5][1][6]/C
                            (rising edge-triggered cell FDRE clocked by sys_clk_pin  {rise@0.000ns fall@0.500ns period=1.000ns})
  Destination:            out_metrics_r_reg[66]/D
                            (rising edge-triggered cell FDSE clocked by sys_clk_pin  {rise@0.000ns fall@0.500ns period=1.000ns})
  Path Group:             sys_clk_pin
  Path Type:              Hold (Min at Fast Process Corner)
  Requirement:            0.000ns  (sys_clk_pin rise@0.000ns - sys_clk_pin rise@0.000ns)
  Data Path Delay:        0.145ns  (logic 0.048ns (33.103%)  route 0.097ns (66.897%))
  Logic Levels:           0  
  Clock Path Skew:        0.053ns (DCD - SCD - CPR)
    Destination Clock Delay (DCD):    2.418ns
    Source Clock Delay      (SCD):    1.795ns
    Clock Pessimism Removal (CPR):    0.569ns
  Clock Net Delay (Source):      0.816ns (routing 0.278ns, distribution 0.538ns)
  Clock Net Delay (Destination): 0.976ns (routing 0.309ns, distribution 0.667ns)

    Location             Delay type                Incr(ns)  Path(ns)    Netlist Resource(s)
  -------------------------------------------------------------------    -------------------
                         (clock sys_clk_pin rise edge)
                                                      0.000     0.000 r  
    AA13                                              0.000     0.000 r  clk (IN)
                         net (fo=0)                   0.000     0.000    clk_IBUF_inst/I
    AA13                 INBUF (Prop_INBUF_HRIO_PAD_O)
                                                      0.562     0.562 r  clk_IBUF_inst/INBUF_INST/O
                         net (fo=1, routed)           0.025     0.587    clk_IBUF_inst/OUT
    AA13                 IBUFCTRL (Prop_IBUFCTRL_HRIO_I_O)
                                                      0.015     0.602 r  clk_IBUF_inst/IBUFCTRL_INST/O
                         net (fo=1, routed)           0.350     0.952    clk_IBUF
    BUFGCE_X1Y0          BUFGCE (Prop_BUFCE_BUFGCE_I_O)
                                                      0.027     0.979 r  clk_IBUF_BUFG_inst/O
    X2Y1 (CLOCK_ROOT)    net (fo=2048, routed)        0.816     1.795    dut/clk_IBUF_BUFG
    SLICE_X51Y132        FDRE                                         r  dut/m_p_reg[5][1][6]/C
  -------------------------------------------------------------------    -------------------
    SLICE_X51Y132        FDRE (Prop_CFF_SLICEL_C_Q)
                                                      0.048     1.843 r  dut/m_p_reg[5][1][6]/Q
                         net (fo=1, routed)           0.097     1.940    m_p_reg[5][1]_0[6]
    SLICE_X51Y130        FDSE                                         r  out_metrics_r_reg[66]/D
  -------------------------------------------------------------------    -------------------

                         (clock sys_clk_pin rise edge)
                                                      0.000     0.000 r  
    AA13                                              0.000     0.000 r  clk (IN)
                         net (fo=0)                   0.000     0.000    clk_IBUF_inst/I
    AA13                 INBUF (Prop_INBUF_HRIO_PAD_O)
                                                      0.938     0.938 r  clk_IBUF_inst/INBUF_INST/O
                         net (fo=1, routed)           0.042     0.980    clk_IBUF_inst/OUT
    AA13                 IBUFCTRL (Prop_IBUFCTRL_HRIO_I_O)
                                                      0.022     1.002 r  clk_IBUF_inst/IBUFCTRL_INST/O
                         net (fo=1, routed)           0.409     1.411    clk_IBUF
    BUFGCE_X1Y0          BUFGCE (Prop_BUFCE_BUFGCE_I_O)
                                                      0.031     1.442 r  clk_IBUF_BUFG_inst/O
    X2Y1 (CLOCK_ROOT)    net (fo=2048, routed)        0.976     2.418    clk_IBUF_BUFG
    SLICE_X51Y130        FDSE                                         r  out_metrics_r_reg[66]/C
                         clock pessimism             -0.569     1.849    
    SLICE_X51Y130        FDSE (Hold_FFF2_SLICEL_C_D)
                                                      0.055     1.904    out_metrics_r_reg[66]
  -------------------------------------------------------------------
                         required time                         -1.904    
                         arrival time                           1.940    
  -------------------------------------------------------------------
                         slack                                  0.037    





Pulse Width Checks
--------------------------------------------------------------------------------------
Clock Name:         sys_clk_pin
Waveform(ns):       { 0.000 0.500 }
Period(ns):         1.000
Sources:            { clk }

Check Type        Corner  Lib Pin     Reference Pin  Required(ns)  Actual(ns)  Slack(ns)  Location       Pin
Min Period        n/a     BUFGCE/I    n/a            1.587         1.000       -0.587     BUFGCE_X1Y0    clk_IBUF_BUFG_inst/I
Min Period        n/a     SRL16E/CLK  n/a            1.356         1.000       -0.356     SLICE_X61Y121  dut/conc_d_reg[4][1][0]_srl5/CLK
Min Period        n/a     SRL16E/CLK  n/a            1.356         1.000       -0.356     SLICE_X61Y121  dut/conc_d_reg[4][1][10]_srl5/CLK
Min Period        n/a     SRL16E/CLK  n/a            1.356         1.000       -0.356     SLICE_X61Y121  dut/conc_d_reg[4][1][11]_srl5/CLK
Min Period        n/a     SRL16E/CLK  n/a            1.356         1.000       -0.356     SLICE_X61Y121  dut/conc_d_reg[4][1][12]_srl5/CLK
Min Period        n/a     SRL16E/CLK  n/a            1.356         1.000       -0.356     SLICE_X61Y121  dut/conc_d_reg[4][1][13]_srl5/CLK
Min Period        n/a     SRL16E/CLK  n/a            1.356         1.000       -0.356     SLICE_X61Y121  dut/conc_d_reg[4][1][14]_srl5/CLK
Min Period        n/a     SRL16E/CLK  n/a            1.356         1.000       -0.356     SLICE_X61Y121  dut/conc_d_reg[4][1][15]_srl5/CLK
Min Period        n/a     SRL16E/CLK  n/a            1.356         1.000       -0.356     SLICE_X50Y114  dut/conc_d_reg[4][1][16]_srl5/CLK
Min Period        n/a     SRL16E/CLK  n/a            1.356         1.000       -0.356     SLICE_X50Y114  dut/conc_d_reg[4][1][17]_srl5/CLK
Low Pulse Width   Slow    SRL16E/CLK  n/a            0.678         0.500       -0.178     SLICE_X61Y121  dut/conc_d_reg[4][1][0]_srl5/CLK
Low Pulse Width   Fast    SRL16E/CLK  n/a            0.678         0.500       -0.178     SLICE_X61Y121  dut/conc_d_reg[4][1][0]_srl5/CLK
Low Pulse Width   Slow    SRL16E/CLK  n/a            0.678         0.500       -0.178     SLICE_X61Y121  dut/conc_d_reg[4][1][10]_srl5/CLK
Low Pulse Width   Fast    SRL16E/CLK  n/a            0.678         0.500       -0.178     SLICE_X61Y121  dut/conc_d_reg[4][1][10]_srl5/CLK
Low Pulse Width   Slow    SRL16E/CLK  n/a            0.678         0.500       -0.178     SLICE_X61Y121  dut/conc_d_reg[4][1][11]_srl5/CLK
Low Pulse Width   Fast    SRL16E/CLK  n/a            0.678         0.500       -0.178     SLICE_X61Y121  dut/conc_d_reg[4][1][11]_srl5/CLK
Low Pulse Width   Slow    SRL16E/CLK  n/a            0.678         0.500       -0.178     SLICE_X61Y121  dut/conc_d_reg[4][1][12]_srl5/CLK
Low Pulse Width   Fast    SRL16E/CLK  n/a            0.678         0.500       -0.178     SLICE_X61Y121  dut/conc_d_reg[4][1][12]_srl5/CLK
Low Pulse Width   Slow    SRL16E/CLK  n/a            0.678         0.500       -0.178     SLICE_X61Y121  dut/conc_d_reg[4][1][13]_srl5/CLK
Low Pulse Width   Fast    SRL16E/CLK  n/a            0.678         0.500       -0.178     SLICE_X61Y121  dut/conc_d_reg[4][1][13]_srl5/CLK
High Pulse Width  Slow    SRL16E/CLK  n/a            0.678         0.500       -0.178     SLICE_X61Y121  dut/conc_d_reg[4][1][0]_srl5/CLK
High Pulse Width  Fast    SRL16E/CLK  n/a            0.678         0.500       -0.178     SLICE_X61Y121  dut/conc_d_reg[4][1][0]_srl5/CLK
High Pulse Width  Slow    SRL16E/CLK  n/a            0.678         0.500       -0.178     SLICE_X61Y121  dut/conc_d_reg[4][1][10]_srl5/CLK
High Pulse Width  Fast    SRL16E/CLK  n/a            0.678         0.500       -0.178     SLICE_X61Y121  dut/conc_d_reg[4][1][10]_srl5/CLK
High Pulse Width  Slow    SRL16E/CLK  n/a            0.678         0.500       -0.178     SLICE_X61Y121  dut/conc_d_reg[4][1][11]_srl5/CLK
High Pulse Width  Fast    SRL16E/CLK  n/a            0.678         0.500       -0.178     SLICE_X61Y121  dut/conc_d_reg[4][1][11]_srl5/CLK
High Pulse Width  Slow    SRL16E/CLK  n/a            0.678         0.500       -0.178     SLICE_X61Y121  dut/conc_d_reg[4][1][12]_srl5/CLK
High Pulse Width  Fast    SRL16E/CLK  n/a            0.678         0.500       -0.178     SLICE_X61Y121  dut/conc_d_reg[4][1][12]_srl5/CLK
High Pulse Width  Slow    SRL16E/CLK  n/a            0.678         0.500       -0.178     SLICE_X61Y121  dut/conc_d_reg[4][1][13]_srl5/CLK
High Pulse Width  Fast    SRL16E/CLK  n/a            0.678         0.500       -0.178     SLICE_X61Y121  dut/conc_d_reg[4][1][13]_srl5/CLK



--------------------------------------------------------------------------------------
Path Group:  (none)
From Clock:  sys_clk_pin
  To Clock:  

Max Delay            75 Endpoints
Min Delay            75 Endpoints
--------------------------------------------------------------------------------------


Max Delay Paths
--------------------------------------------------------------------------------------
Slack:                    inf
  Source:                 cnt_out_reg[0]/C
                            (rising edge-triggered cell FDRE clocked by sys_clk_pin  {rise@0.000ns fall@0.500ns period=1.000ns})
  Destination:            o_label[45]
                            (output port)
  Path Group:             (none)
  Path Type:              Max at Slow Process Corner
  Data Path Delay:        10.105ns  (logic 1.337ns (13.228%)  route 8.768ns (86.772%))
  Logic Levels:           3  (LUT3=1 LUT6=1 OBUF=1)
  Clock Uncertainty:      0.025ns  ((TSJ^2 + TIJ^2)^1/2 + DJ) / 2 + PE
    Total System Jitter     (TSJ):    0.050ns
    Total Input Jitter      (TIJ):    0.000ns
    Discrete Jitter          (DJ):    0.000ns
    Phase Error              (PE):    0.000ns
  Clock Net Delay (Source):      2.332ns (routing 0.756ns, distribution 1.576ns)

    Location             Delay type                Incr(ns)  Path(ns)    Netlist Resource(s)
  -------------------------------------------------------------------    -------------------
                         (clock sys_clk_pin rise edge)
                                                      0.000     0.000 r  
    AA13                                              0.000     0.000 r  clk (IN)
                         net (fo=0)                   0.000     0.000    clk_IBUF_inst/I
    AA13                 INBUF (Prop_INBUF_HRIO_PAD_O)
                                                      0.955     0.955 r  clk_IBUF_inst/INBUF_INST/O
                         net (fo=1, routed)           0.105     1.060    clk_IBUF_inst/OUT
    AA13                 IBUFCTRL (Prop_IBUFCTRL_HRIO_I_O)
                                                      0.049     1.109 r  clk_IBUF_inst/IBUFCTRL_INST/O
                         net (fo=1, routed)           0.839     1.948    clk_IBUF
    BUFGCE_X1Y0          BUFGCE (Prop_BUFCE_BUFGCE_I_O)
                                                      0.101     2.049 r  clk_IBUF_BUFG_inst/O
    X2Y1 (CLOCK_ROOT)    net (fo=2048, routed)        2.332     4.381    clk_IBUF_BUFG
    SLICE_X56Y123        FDRE                                         r  cnt_out_reg[0]/C
  -------------------------------------------------------------------    -------------------
    SLICE_X56Y123        FDRE (Prop_HFF2_SLICEL_C_Q)
                                                      0.137     4.518 r  cnt_out_reg[0]/Q
                         net (fo=154, routed)         2.445     6.963    cnt_out[0]
    SLICE_X60Y105        LUT3 (Prop_D6LUT_SLICEL_I1_O)
                                                      0.090     7.053 r  o_label_OBUF[63]_inst_i_3/O
                         net (fo=64, routed)          1.989     9.042    o_label_OBUF[63]_inst_i_3_n_0
    SLICE_X53Y102        LUT6 (Prop_H6LUT_SLICEM_I2_O)
                                                      0.244     9.286 r  o_label_OBUF[45]_inst_i_1/O
                         net (fo=1, routed)           4.334    13.620    o_label_OBUF[45]
    M26                  OBUF (Prop_OUTBUF_HPIOB_I_O)
                                                      0.866    14.486 r  o_label_OBUF[45]_inst/O
                         net (fo=0)                   0.000    14.486    o_label[45]
    M26                                                               r  o_label[45] (OUT)
  -------------------------------------------------------------------    -------------------

Slack:                    inf
  Source:                 cnt_out_reg[0]/C
                            (rising edge-triggered cell FDRE clocked by sys_clk_pin  {rise@0.000ns fall@0.500ns period=1.000ns})
  Destination:            o_label[51]
                            (output port)
  Path Group:             (none)
  Path Type:              Max at Slow Process Corner
  Data Path Delay:        10.071ns  (logic 1.336ns (13.269%)  route 8.735ns (86.731%))
  Logic Levels:           3  (LUT3=1 LUT6=1 OBUF=1)
  Clock Uncertainty:      0.025ns  ((TSJ^2 + TIJ^2)^1/2 + DJ) / 2 + PE
    Total System Jitter     (TSJ):    0.050ns
    Total Input Jitter      (TIJ):    0.000ns
    Discrete Jitter          (DJ):    0.000ns
    Phase Error              (PE):    0.000ns
  Clock Net Delay (Source):      2.332ns (routing 0.756ns, distribution 1.576ns)

    Location             Delay type                Incr(ns)  Path(ns)    Netlist Resource(s)
  -------------------------------------------------------------------    -------------------
                         (clock sys_clk_pin rise edge)
                                                      0.000     0.000 r  
    AA13                                              0.000     0.000 r  clk (IN)
                         net (fo=0)                   0.000     0.000    clk_IBUF_inst/I
    AA13                 INBUF (Prop_INBUF_HRIO_PAD_O)
                                                      0.955     0.955 r  clk_IBUF_inst/INBUF_INST/O
                         net (fo=1, routed)           0.105     1.060    clk_IBUF_inst/OUT
    AA13                 IBUFCTRL (Prop_IBUFCTRL_HRIO_I_O)
                                                      0.049     1.109 r  clk_IBUF_inst/IBUFCTRL_INST/O
                         net (fo=1, routed)           0.839     1.948    clk_IBUF
    BUFGCE_X1Y0          BUFGCE (Prop_BUFCE_BUFGCE_I_O)
                                                      0.101     2.049 r  clk_IBUF_BUFG_inst/O
    X2Y1 (CLOCK_ROOT)    net (fo=2048, routed)        2.332     4.381    clk_IBUF_BUFG
    SLICE_X56Y123        FDRE                                         r  cnt_out_reg[0]/C
  -------------------------------------------------------------------    -------------------
    SLICE_X56Y123        FDRE (Prop_HFF2_SLICEL_C_Q)
                                                      0.137     4.518 r  cnt_out_reg[0]/Q
                         net (fo=154, routed)         2.445     6.963    cnt_out[0]
    SLICE_X60Y105        LUT3 (Prop_D6LUT_SLICEL_I1_O)
                                                      0.090     7.053 r  o_label_OBUF[63]_inst_i_3/O
                         net (fo=64, routed)          2.204     9.257    o_label_OBUF[63]_inst_i_3_n_0
    SLICE_X57Y102        LUT6 (Prop_H6LUT_SLICEM_I2_O)
                                                      0.225     9.482 r  o_label_OBUF[51]_inst_i_1/O
                         net (fo=1, routed)           4.086    13.568    o_label_OBUF[51]
    K25                  OBUF (Prop_OUTBUF_HPIOB_I_O)
                                                      0.884    14.452 r  o_label_OBUF[51]_inst/O
                         net (fo=0)                   0.000    14.452    o_label[51]
    K25                                                               r  o_label[51] (OUT)
  -------------------------------------------------------------------    -------------------

Slack:                    inf
  Source:                 cnt_out_reg[0]/C
                            (rising edge-triggered cell FDRE clocked by sys_clk_pin  {rise@0.000ns fall@0.500ns period=1.000ns})
  Destination:            o_label[34]
                            (output port)
  Path Group:             (none)
  Path Type:              Max at Slow Process Corner
  Data Path Delay:        9.884ns  (logic 1.375ns (13.911%)  route 8.509ns (86.089%))
  Logic Levels:           3  (LUT3=1 LUT6=1 OBUF=1)
  Clock Uncertainty:      0.025ns  ((TSJ^2 + TIJ^2)^1/2 + DJ) / 2 + PE
    Total System Jitter     (TSJ):    0.050ns
    Total Input Jitter      (TIJ):    0.000ns
    Discrete Jitter          (DJ):    0.000ns
    Phase Error              (PE):    0.000ns
  Clock Net Delay (Source):      2.332ns (routing 0.756ns, distribution 1.576ns)

    Location             Delay type                Incr(ns)  Path(ns)    Netlist Resource(s)
  -------------------------------------------------------------------    -------------------
                         (clock sys_clk_pin rise edge)
                                                      0.000     0.000 r  
    AA13                                              0.000     0.000 r  clk (IN)
                         net (fo=0)                   0.000     0.000    clk_IBUF_inst/I
    AA13                 INBUF (Prop_INBUF_HRIO_PAD_O)
                                                      0.955     0.955 r  clk_IBUF_inst/INBUF_INST/O
                         net (fo=1, routed)           0.105     1.060    clk_IBUF_inst/OUT
    AA13                 IBUFCTRL (Prop_IBUFCTRL_HRIO_I_O)
                                                      0.049     1.109 r  clk_IBUF_inst/IBUFCTRL_INST/O
                         net (fo=1, routed)           0.839     1.948    clk_IBUF
    BUFGCE_X1Y0          BUFGCE (Prop_BUFCE_BUFGCE_I_O)
                                                      0.101     2.049 r  clk_IBUF_BUFG_inst/O
    X2Y1 (CLOCK_ROOT)    net (fo=2048, routed)        2.332     4.381    clk_IBUF_BUFG
    SLICE_X56Y123        FDRE                                         r  cnt_out_reg[0]/C
  -------------------------------------------------------------------    -------------------
    SLICE_X56Y123        FDRE (Prop_HFF2_SLICEL_C_Q)
                                                      0.137     4.518 r  cnt_out_reg[0]/Q
                         net (fo=154, routed)         2.445     6.963    cnt_out[0]
    SLICE_X60Y105        LUT3 (Prop_D6LUT_SLICEL_I1_O)
                                                      0.090     7.053 r  o_label_OBUF[63]_inst_i_3/O
                         net (fo=64, routed)          2.086     9.139    o_label_OBUF[63]_inst_i_3_n_0
    SLICE_X55Y103        LUT6 (Prop_H6LUT_SLICEM_I2_O)
                                                      0.244     9.383 r  o_label_OBUF[34]_inst_i_1/O
                         net (fo=1, routed)           3.978    13.361    o_label_OBUF[34]
    E25                  OBUF (Prop_OUTBUF_HPIOB_I_O)
                                                      0.904    14.265 r  o_label_OBUF[34]_inst/O
                         net (fo=0)                   0.000    14.265    o_label[34]
    E25                                                               r  o_label[34] (OUT)
  -------------------------------------------------------------------    -------------------

Slack:                    inf
  Source:                 cnt_out_reg[0]/C
                            (rising edge-triggered cell FDRE clocked by sys_clk_pin  {rise@0.000ns fall@0.500ns period=1.000ns})
  Destination:            o_label[22]
                            (output port)
  Path Group:             (none)
  Path Type:              Max at Slow Process Corner
  Data Path Delay:        9.855ns  (logic 1.374ns (13.946%)  route 8.481ns (86.054%))
  Logic Levels:           3  (LUT3=1 LUT6=1 OBUF=1)
  Clock Uncertainty:      0.025ns  ((TSJ^2 + TIJ^2)^1/2 + DJ) / 2 + PE
    Total System Jitter     (TSJ):    0.050ns
    Total Input Jitter      (TIJ):    0.000ns
    Discrete Jitter          (DJ):    0.000ns
    Phase Error              (PE):    0.000ns
  Clock Net Delay (Source):      2.332ns (routing 0.756ns, distribution 1.576ns)

    Location             Delay type                Incr(ns)  Path(ns)    Netlist Resource(s)
  -------------------------------------------------------------------    -------------------
                         (clock sys_clk_pin rise edge)
                                                      0.000     0.000 r  
    AA13                                              0.000     0.000 r  clk (IN)
                         net (fo=0)                   0.000     0.000    clk_IBUF_inst/I
    AA13                 INBUF (Prop_INBUF_HRIO_PAD_O)
                                                      0.955     0.955 r  clk_IBUF_inst/INBUF_INST/O
                         net (fo=1, routed)           0.105     1.060    clk_IBUF_inst/OUT
    AA13                 IBUFCTRL (Prop_IBUFCTRL_HRIO_I_O)
                                                      0.049     1.109 r  clk_IBUF_inst/IBUFCTRL_INST/O
                         net (fo=1, routed)           0.839     1.948    clk_IBUF
    BUFGCE_X1Y0          BUFGCE (Prop_BUFCE_BUFGCE_I_O)
                                                      0.101     2.049 r  clk_IBUF_BUFG_inst/O
    X2Y1 (CLOCK_ROOT)    net (fo=2048, routed)        2.332     4.381    clk_IBUF_BUFG
    SLICE_X56Y123        FDRE                                         r  cnt_out_reg[0]/C
  -------------------------------------------------------------------    -------------------
    SLICE_X56Y123        FDRE (Prop_HFF2_SLICEL_C_Q)
                                                      0.137     4.518 f  cnt_out_reg[0]/Q
                         net (fo=154, routed)         2.445     6.963    cnt_out[0]
    SLICE_X60Y105        LUT3 (Prop_D5LUT_SLICEL_I0_O)
                                                      0.117     7.080 r  o_label_OBUF[63]_inst_i_2/O
                         net (fo=64, routed)          2.069     9.149    o_label_OBUF[63]_inst_i_2_n_0
    SLICE_X50Y119        LUT6 (Prop_H6LUT_SLICEM_I0_O)
                                                      0.244     9.393 r  o_label_OBUF[22]_inst_i_1/O
                         net (fo=1, routed)           3.967    13.360    o_label_OBUF[22]
    H22                  OBUF (Prop_OUTBUF_HPIOB_I_O)
                                                      0.876    14.236 r  o_label_OBUF[22]_inst/O
                         net (fo=0)                   0.000    14.236    o_label[22]
    H22                                                               r  o_label[22] (OUT)
  -------------------------------------------------------------------    -------------------

Slack:                    inf
  Source:                 cnt_out_reg[0]/C
                            (rising edge-triggered cell FDRE clocked by sys_clk_pin  {rise@0.000ns fall@0.500ns period=1.000ns})
  Destination:            o_label[26]
                            (output port)
  Path Group:             (none)
  Path Type:              Max at Slow Process Corner
  Data Path Delay:        9.848ns  (logic 1.377ns (13.981%)  route 8.471ns (86.019%))
  Logic Levels:           3  (LUT3=1 LUT6=1 OBUF=1)
  Clock Uncertainty:      0.025ns  ((TSJ^2 + TIJ^2)^1/2 + DJ) / 2 + PE
    Total System Jitter     (TSJ):    0.050ns
    Total Input Jitter      (TIJ):    0.000ns
    Discrete Jitter          (DJ):    0.000ns
    Phase Error              (PE):    0.000ns
  Clock Net Delay (Source):      2.332ns (routing 0.756ns, distribution 1.576ns)

    Location             Delay type                Incr(ns)  Path(ns)    Netlist Resource(s)
  -------------------------------------------------------------------    -------------------
                         (clock sys_clk_pin rise edge)
                                                      0.000     0.000 r  
    AA13                                              0.000     0.000 r  clk (IN)
                         net (fo=0)                   0.000     0.000    clk_IBUF_inst/I
    AA13                 INBUF (Prop_INBUF_HRIO_PAD_O)
                                                      0.955     0.955 r  clk_IBUF_inst/INBUF_INST/O
                         net (fo=1, routed)           0.105     1.060    clk_IBUF_inst/OUT
    AA13                 IBUFCTRL (Prop_IBUFCTRL_HRIO_I_O)
                                                      0.049     1.109 r  clk_IBUF_inst/IBUFCTRL_INST/O
                         net (fo=1, routed)           0.839     1.948    clk_IBUF
    BUFGCE_X1Y0          BUFGCE (Prop_BUFCE_BUFGCE_I_O)
                                                      0.101     2.049 r  clk_IBUF_BUFG_inst/O
    X2Y1 (CLOCK_ROOT)    net (fo=2048, routed)        2.332     4.381    clk_IBUF_BUFG
    SLICE_X56Y123        FDRE                                         r  cnt_out_reg[0]/C
  -------------------------------------------------------------------    -------------------
    SLICE_X56Y123        FDRE (Prop_HFF2_SLICEL_C_Q)
                                                      0.137     4.518 f  cnt_out_reg[0]/Q
                         net (fo=154, routed)         2.445     6.963    cnt_out[0]
    SLICE_X60Y105        LUT3 (Prop_D5LUT_SLICEL_I0_O)
                                                      0.117     7.080 r  o_label_OBUF[63]_inst_i_2/O
                         net (fo=64, routed)          1.969     9.049    o_label_OBUF[63]_inst_i_2_n_0
    SLICE_X49Y119        LUT6 (Prop_H6LUT_SLICEL_I0_O)
                                                      0.238     9.287 r  o_label_OBUF[26]_inst_i_1/O
                         net (fo=1, routed)           4.057    13.344    o_label_OBUF[26]
    J24                  OBUF (Prop_OUTBUF_HPIOB_I_O)
                                                      0.885    14.229 r  o_label_OBUF[26]_inst/O
                         net (fo=0)                   0.000    14.229    o_label[26]
    J24                                                               r  o_label[26] (OUT)
  -------------------------------------------------------------------    -------------------

Slack:                    inf
  Source:                 cnt_out_reg[0]/C
                            (rising edge-triggered cell FDRE clocked by sys_clk_pin  {rise@0.000ns fall@0.500ns period=1.000ns})
  Destination:            o_label[28]
                            (output port)
  Path Group:             (none)
  Path Type:              Max at Slow Process Corner
  Data Path Delay:        9.795ns  (logic 1.254ns (12.803%)  route 8.541ns (87.197%))
  Logic Levels:           3  (LUT3=1 LUT6=1 OBUF=1)
  Clock Uncertainty:      0.025ns  ((TSJ^2 + TIJ^2)^1/2 + DJ) / 2 + PE
    Total System Jitter     (TSJ):    0.050ns
    Total Input Jitter      (TIJ):    0.000ns
    Discrete Jitter          (DJ):    0.000ns
    Phase Error              (PE):    0.000ns
  Clock Net Delay (Source):      2.332ns (routing 0.756ns, distribution 1.576ns)

    Location             Delay type                Incr(ns)  Path(ns)    Netlist Resource(s)
  -------------------------------------------------------------------    -------------------
                         (clock sys_clk_pin rise edge)
                                                      0.000     0.000 r  
    AA13                                              0.000     0.000 r  clk (IN)
                         net (fo=0)                   0.000     0.000    clk_IBUF_inst/I
    AA13                 INBUF (Prop_INBUF_HRIO_PAD_O)
                                                      0.955     0.955 r  clk_IBUF_inst/INBUF_INST/O
                         net (fo=1, routed)           0.105     1.060    clk_IBUF_inst/OUT
    AA13                 IBUFCTRL (Prop_IBUFCTRL_HRIO_I_O)
                                                      0.049     1.109 r  clk_IBUF_inst/IBUFCTRL_INST/O
                         net (fo=1, routed)           0.839     1.948    clk_IBUF
    BUFGCE_X1Y0          BUFGCE (Prop_BUFCE_BUFGCE_I_O)
                                                      0.101     2.049 r  clk_IBUF_BUFG_inst/O
    X2Y1 (CLOCK_ROOT)    net (fo=2048, routed)        2.332     4.381    clk_IBUF_BUFG
    SLICE_X56Y123        FDRE                                         r  cnt_out_reg[0]/C
  -------------------------------------------------------------------    -------------------
    SLICE_X56Y123        FDRE (Prop_HFF2_SLICEL_C_Q)
                                                      0.137     4.518 f  cnt_out_reg[0]/Q
                         net (fo=154, routed)         2.445     6.963    cnt_out[0]
    SLICE_X60Y105        LUT3 (Prop_D5LUT_SLICEL_I0_O)
                                                      0.117     7.080 r  o_label_OBUF[63]_inst_i_2/O
                         net (fo=64, routed)          2.039     9.119    o_label_OBUF[63]_inst_i_2_n_0
    SLICE_X49Y121        LUT6 (Prop_H6LUT_SLICEL_I0_O)
                                                      0.089     9.208 r  o_label_OBUF[28]_inst_i_1/O
                         net (fo=1, routed)           4.057    13.265    o_label_OBUF[28]
    F22                  OBUF (Prop_OUTBUF_HPIOB_I_O)
                                                      0.911    14.176 r  o_label_OBUF[28]_inst/O
                         net (fo=0)                   0.000    14.176    o_label[28]
    F22                                                               r  o_label[28] (OUT)
  -------------------------------------------------------------------    -------------------

Slack:                    inf
  Source:                 cnt_out_reg[0]/C
                            (rising edge-triggered cell FDRE clocked by sys_clk_pin  {rise@0.000ns fall@0.500ns period=1.000ns})
  Destination:            o_label[62]
                            (output port)
  Path Group:             (none)
  Path Type:              Max at Slow Process Corner
  Data Path Delay:        9.730ns  (logic 1.308ns (13.439%)  route 8.422ns (86.561%))
  Logic Levels:           3  (LUT3=1 LUT6=1 OBUF=1)
  Clock Uncertainty:      0.025ns  ((TSJ^2 + TIJ^2)^1/2 + DJ) / 2 + PE
    Total System Jitter     (TSJ):    0.050ns
    Total Input Jitter      (TIJ):    0.000ns
    Discrete Jitter          (DJ):    0.000ns
    Phase Error              (PE):    0.000ns
  Clock Net Delay (Source):      2.332ns (routing 0.756ns, distribution 1.576ns)

    Location             Delay type                Incr(ns)  Path(ns)    Netlist Resource(s)
  -------------------------------------------------------------------    -------------------
                         (clock sys_clk_pin rise edge)
                                                      0.000     0.000 r  
    AA13                                              0.000     0.000 r  clk (IN)
                         net (fo=0)                   0.000     0.000    clk_IBUF_inst/I
    AA13                 INBUF (Prop_INBUF_HRIO_PAD_O)
                                                      0.955     0.955 r  clk_IBUF_inst/INBUF_INST/O
                         net (fo=1, routed)           0.105     1.060    clk_IBUF_inst/OUT
    AA13                 IBUFCTRL (Prop_IBUFCTRL_HRIO_I_O)
                                                      0.049     1.109 r  clk_IBUF_inst/IBUFCTRL_INST/O
                         net (fo=1, routed)           0.839     1.948    clk_IBUF
    BUFGCE_X1Y0          BUFGCE (Prop_BUFCE_BUFGCE_I_O)
                                                      0.101     2.049 r  clk_IBUF_BUFG_inst/O
    X2Y1 (CLOCK_ROOT)    net (fo=2048, routed)        2.332     4.381    clk_IBUF_BUFG
    SLICE_X56Y123        FDRE                                         r  cnt_out_reg[0]/C
  -------------------------------------------------------------------    -------------------
    SLICE_X56Y123        FDRE (Prop_HFF2_SLICEL_C_Q)
                                                      0.137     4.518 r  cnt_out_reg[0]/Q
                         net (fo=154, routed)         2.445     6.963    cnt_out[0]
    SLICE_X60Y105        LUT3 (Prop_D6LUT_SLICEL_I1_O)
                                                      0.090     7.053 r  o_label_OBUF[63]_inst_i_3/O
                         net (fo=64, routed)          1.632     8.685    o_label_OBUF[63]_inst_i_3_n_0
    SLICE_X53Y106        LUT6 (Prop_H6LUT_SLICEM_I2_O)
                                                      0.225     8.910 r  o_label_OBUF[62]_inst_i_1/O
                         net (fo=1, routed)           4.345    13.255    o_label_OBUF[62]
    R18                  OBUF (Prop_OUTBUF_HPIOB_I_O)
                                                      0.856    14.111 r  o_label_OBUF[62]_inst/O
                         net (fo=0)                   0.000    14.111    o_label[62]
    R18                                                               r  o_label[62] (OUT)
  -------------------------------------------------------------------    -------------------

Slack:                    inf
  Source:                 cnt_out_reg[0]/C
                            (rising edge-triggered cell FDRE clocked by sys_clk_pin  {rise@0.000ns fall@0.500ns period=1.000ns})
  Destination:            o_label[52]
                            (output port)
  Path Group:             (none)
  Path Type:              Max at Slow Process Corner
  Data Path Delay:        9.683ns  (logic 1.305ns (13.475%)  route 8.378ns (86.525%))
  Logic Levels:           3  (LUT3=1 LUT6=1 OBUF=1)
  Clock Uncertainty:      0.025ns  ((TSJ^2 + TIJ^2)^1/2 + DJ) / 2 + PE
    Total System Jitter     (TSJ):    0.050ns
    Total Input Jitter      (TIJ):    0.000ns
    Discrete Jitter          (DJ):    0.000ns
    Phase Error              (PE):    0.000ns
  Clock Net Delay (Source):      2.332ns (routing 0.756ns, distribution 1.576ns)

    Location             Delay type                Incr(ns)  Path(ns)    Netlist Resource(s)
  -------------------------------------------------------------------    -------------------
                         (clock sys_clk_pin rise edge)
                                                      0.000     0.000 r  
    AA13                                              0.000     0.000 r  clk (IN)
                         net (fo=0)                   0.000     0.000    clk_IBUF_inst/I
    AA13                 INBUF (Prop_INBUF_HRIO_PAD_O)
                                                      0.955     0.955 r  clk_IBUF_inst/INBUF_INST/O
                         net (fo=1, routed)           0.105     1.060    clk_IBUF_inst/OUT
    AA13                 IBUFCTRL (Prop_IBUFCTRL_HRIO_I_O)
                                                      0.049     1.109 r  clk_IBUF_inst/IBUFCTRL_INST/O
                         net (fo=1, routed)           0.839     1.948    clk_IBUF
    BUFGCE_X1Y0          BUFGCE (Prop_BUFCE_BUFGCE_I_O)
                                                      0.101     2.049 r  clk_IBUF_BUFG_inst/O
    X2Y1 (CLOCK_ROOT)    net (fo=2048, routed)        2.332     4.381    clk_IBUF_BUFG
    SLICE_X56Y123        FDRE                                         r  cnt_out_reg[0]/C
  -------------------------------------------------------------------    -------------------
    SLICE_X56Y123        FDRE (Prop_HFF2_SLICEL_C_Q)
                                                      0.137     4.518 r  cnt_out_reg[0]/Q
                         net (fo=154, routed)         2.445     6.963    cnt_out[0]
    SLICE_X60Y105        LUT3 (Prop_D6LUT_SLICEL_I1_O)
                                                      0.090     7.053 r  o_label_OBUF[63]_inst_i_3/O
                         net (fo=64, routed)          1.597     8.650    o_label_OBUF[63]_inst_i_3_n_0
    SLICE_X50Y106        LUT6 (Prop_G6LUT_SLICEM_I2_O)
                                                      0.246     8.896 r  o_label_OBUF[52]_inst_i_1/O
                         net (fo=1, routed)           4.336    13.232    o_label_OBUF[52]
    U20                  OBUF (Prop_OUTBUF_HPIOB_I_O)
                                                      0.832    14.064 r  o_label_OBUF[52]_inst/O
                         net (fo=0)                   0.000    14.064    o_label[52]
    U20                                                               r  o_label[52] (OUT)
  -------------------------------------------------------------------    -------------------

Slack:                    inf
  Source:                 cnt_out_reg[0]/C
                            (rising edge-triggered cell FDRE clocked by sys_clk_pin  {rise@0.000ns fall@0.500ns period=1.000ns})
  Destination:            o_label[33]
                            (output port)
  Path Group:             (none)
  Path Type:              Max at Slow Process Corner
  Data Path Delay:        9.677ns  (logic 1.360ns (14.058%)  route 8.317ns (85.942%))
  Logic Levels:           3  (LUT3=1 LUT6=1 OBUF=1)
  Clock Uncertainty:      0.025ns  ((TSJ^2 + TIJ^2)^1/2 + DJ) / 2 + PE
    Total System Jitter     (TSJ):    0.050ns
    Total Input Jitter      (TIJ):    0.000ns
    Discrete Jitter          (DJ):    0.000ns
    Phase Error              (PE):    0.000ns
  Clock Net Delay (Source):      2.332ns (routing 0.756ns, distribution 1.576ns)

    Location             Delay type                Incr(ns)  Path(ns)    Netlist Resource(s)
  -------------------------------------------------------------------    -------------------
                         (clock sys_clk_pin rise edge)
                                                      0.000     0.000 r  
    AA13                                              0.000     0.000 r  clk (IN)
                         net (fo=0)                   0.000     0.000    clk_IBUF_inst/I
    AA13                 INBUF (Prop_INBUF_HRIO_PAD_O)
                                                      0.955     0.955 r  clk_IBUF_inst/INBUF_INST/O
                         net (fo=1, routed)           0.105     1.060    clk_IBUF_inst/OUT
    AA13                 IBUFCTRL (Prop_IBUFCTRL_HRIO_I_O)
                                                      0.049     1.109 r  clk_IBUF_inst/IBUFCTRL_INST/O
                         net (fo=1, routed)           0.839     1.948    clk_IBUF
    BUFGCE_X1Y0          BUFGCE (Prop_BUFCE_BUFGCE_I_O)
                                                      0.101     2.049 r  clk_IBUF_BUFG_inst/O
    X2Y1 (CLOCK_ROOT)    net (fo=2048, routed)        2.332     4.381    clk_IBUF_BUFG
    SLICE_X56Y123        FDRE                                         r  cnt_out_reg[0]/C
  -------------------------------------------------------------------    -------------------
    SLICE_X56Y123        FDRE (Prop_HFF2_SLICEL_C_Q)
                                                      0.137     4.518 r  cnt_out_reg[0]/Q
                         net (fo=154, routed)         2.445     6.963    cnt_out[0]
    SLICE_X60Y105        LUT3 (Prop_D6LUT_SLICEL_I1_O)
                                                      0.090     7.053 r  o_label_OBUF[63]_inst_i_3/O
                         net (fo=64, routed)          2.175     9.228    o_label_OBUF[63]_inst_i_3_n_0
    SLICE_X56Y102        LUT6 (Prop_H6LUT_SLICEL_I2_O)
                                                      0.238     9.466 r  o_label_OBUF[33]_inst_i_1/O
                         net (fo=1, routed)           3.697    13.163    o_label_OBUF[33]
    G26                  OBUF (Prop_OUTBUF_HPIOB_I_O)
                                                      0.895    14.058 r  o_label_OBUF[33]_inst/O
                         net (fo=0)                   0.000    14.058    o_label[33]
    G26                                                               r  o_label[33] (OUT)
  -------------------------------------------------------------------    -------------------

Slack:                    inf
  Source:                 cnt_out_reg[0]/C
                            (rising edge-triggered cell FDRE clocked by sys_clk_pin  {rise@0.000ns fall@0.500ns period=1.000ns})
  Destination:            o_label[40]
                            (output port)
  Path Group:             (none)
  Path Type:              Max at Slow Process Corner
  Data Path Delay:        9.664ns  (logic 1.356ns (14.031%)  route 8.308ns (85.969%))
  Logic Levels:           3  (LUT3=1 LUT6=1 OBUF=1)
  Clock Uncertainty:      0.025ns  ((TSJ^2 + TIJ^2)^1/2 + DJ) / 2 + PE
    Total System Jitter     (TSJ):    0.050ns
    Total Input Jitter      (TIJ):    0.000ns
    Discrete Jitter          (DJ):    0.000ns
    Phase Error              (PE):    0.000ns
  Clock Net Delay (Source):      2.332ns (routing 0.756ns, distribution 1.576ns)

    Location             Delay type                Incr(ns)  Path(ns)    Netlist Resource(s)
  -------------------------------------------------------------------    -------------------
                         (clock sys_clk_pin rise edge)
                                                      0.000     0.000 r  
    AA13                                              0.000     0.000 r  clk (IN)
                         net (fo=0)                   0.000     0.000    clk_IBUF_inst/I
    AA13                 INBUF (Prop_INBUF_HRIO_PAD_O)
                                                      0.955     0.955 r  clk_IBUF_inst/INBUF_INST/O
                         net (fo=1, routed)           0.105     1.060    clk_IBUF_inst/OUT
    AA13                 IBUFCTRL (Prop_IBUFCTRL_HRIO_I_O)
                                                      0.049     1.109 r  clk_IBUF_inst/IBUFCTRL_INST/O
                         net (fo=1, routed)           0.839     1.948    clk_IBUF
    BUFGCE_X1Y0          BUFGCE (Prop_BUFCE_BUFGCE_I_O)
                                                      0.101     2.049 r  clk_IBUF_BUFG_inst/O
    X2Y1 (CLOCK_ROOT)    net (fo=2048, routed)        2.332     4.381    clk_IBUF_BUFG
    SLICE_X56Y123        FDRE                                         r  cnt_out_reg[0]/C
  -------------------------------------------------------------------    -------------------
    SLICE_X56Y123        FDRE (Prop_HFF2_SLICEL_C_Q)
                                                      0.137     4.518 r  cnt_out_reg[0]/Q
                         net (fo=154, routed)         2.445     6.963    cnt_out[0]
    SLICE_X60Y105        LUT3 (Prop_D6LUT_SLICEL_I1_O)
                                                      0.090     7.053 r  o_label_OBUF[63]_inst_i_3/O
                         net (fo=64, routed)          1.916     8.969    o_label_OBUF[63]_inst_i_3_n_0
    SLICE_X53Y104        LUT6 (Prop_H6LUT_SLICEM_I2_O)
                                                      0.244     9.213 r  o_label_OBUF[40]_inst_i_1/O
                         net (fo=1, routed)           3.947    13.160    o_label_OBUF[40]
    K26                  OBUF (Prop_OUTBUF_HPIOB_I_O)
                                                      0.885    14.045 r  o_label_OBUF[40]_inst/O
                         net (fo=0)                   0.000    14.045    o_label[40]
    K26                                                               r  o_label[40] (OUT)
  -------------------------------------------------------------------    -------------------





Min Delay Paths
--------------------------------------------------------------------------------------
Slack:                    inf
  Source:                 out_metrics_r_reg[58]/C
                            (rising edge-triggered cell FDSE clocked by sys_clk_pin  {rise@0.000ns fall@0.500ns period=1.000ns})
  Destination:            o_metric[8]
                            (output port)
  Path Group:             (none)
  Path Type:              Min at Fast Process Corner
  Data Path Delay:        1.131ns  (logic 0.523ns (46.261%)  route 0.608ns (53.739%))
  Logic Levels:           3  (LUT6=1 MUXF7=1 OBUF=1)
  Clock Uncertainty:      0.025ns  ((TSJ^2 + TIJ^2)^1/2 + DJ) / 2 + PE
    Total System Jitter     (TSJ):    0.050ns
    Total Input Jitter      (TIJ):    0.000ns
    Discrete Jitter          (DJ):    0.000ns
    Phase Error              (PE):    0.000ns
  Clock Net Delay (Source):      0.821ns (routing 0.278ns, distribution 0.543ns)

    Location             Delay type                Incr(ns)  Path(ns)    Netlist Resource(s)
  -------------------------------------------------------------------    -------------------
                         (clock sys_clk_pin rise edge)
                                                      0.000     0.000 r  
    AA13                                              0.000     0.000 r  clk (IN)
                         net (fo=0)                   0.000     0.000    clk_IBUF_inst/I
    AA13                 INBUF (Prop_INBUF_HRIO_PAD_O)
                                                      0.562     0.562 r  clk_IBUF_inst/INBUF_INST/O
                         net (fo=1, routed)           0.025     0.587    clk_IBUF_inst/OUT
    AA13                 IBUFCTRL (Prop_IBUFCTRL_HRIO_I_O)
                                                      0.015     0.602 r  clk_IBUF_inst/IBUFCTRL_INST/O
                         net (fo=1, routed)           0.350     0.952    clk_IBUF
    BUFGCE_X1Y0          BUFGCE (Prop_BUFCE_BUFGCE_I_O)
                                                      0.027     0.979 r  clk_IBUF_BUFG_inst/O
    X2Y1 (CLOCK_ROOT)    net (fo=2048, routed)        0.821     1.800    clk_IBUF_BUFG
    SLICE_X51Y129        FDSE                                         r  out_metrics_r_reg[58]/C
  -------------------------------------------------------------------    -------------------
    SLICE_X51Y129        FDSE (Prop_BFF2_SLICEL_C_Q)
                                                      0.048     1.848 r  out_metrics_r_reg[58]/Q
                         net (fo=1, routed)           0.032     1.880    data2[8]
    SLICE_X51Y129        LUT6 (Prop_B6LUT_SLICEL_I1_O)
                                                      0.030     1.910 r  o_metric_OBUF[8]_inst_i_2/O
                         net (fo=1, routed)           0.000     1.910    o_metric_OBUF[8]_inst_i_2_n_0
    SLICE_X51Y129        MUXF7 (Prop_F7MUX_AB_SLICEL_I0_O)
                                                      0.023     1.933 r  o_metric_OBUF[8]_inst_i_1/O
                         net (fo=1, routed)           0.576     2.509    o_metric_OBUF[8]
    A14                  OBUF (Prop_OUTBUF_HPIOB_I_O)
                                                      0.422     2.932 r  o_metric_OBUF[8]_inst/O
                         net (fo=0)                   0.000     2.932    o_metric[8]
    A14                                                               r  o_metric[8] (OUT)
  -------------------------------------------------------------------    -------------------

Slack:                    inf
  Source:                 out_metrics_r_reg[56]/C
                            (rising edge-triggered cell FDSE clocked by sys_clk_pin  {rise@0.000ns fall@0.500ns period=1.000ns})
  Destination:            o_metric[6]
                            (output port)
  Path Group:             (none)
  Path Type:              Min at Fast Process Corner
  Data Path Delay:        1.149ns  (logic 0.517ns (44.979%)  route 0.632ns (55.021%))
  Logic Levels:           3  (LUT6=1 MUXF7=1 OBUF=1)
  Clock Uncertainty:      0.025ns  ((TSJ^2 + TIJ^2)^1/2 + DJ) / 2 + PE
    Total System Jitter     (TSJ):    0.050ns
    Total Input Jitter      (TIJ):    0.000ns
    Discrete Jitter          (DJ):    0.000ns
    Phase Error              (PE):    0.000ns
  Clock Net Delay (Source):      0.817ns (routing 0.278ns, distribution 0.539ns)

    Location             Delay type                Incr(ns)  Path(ns)    Netlist Resource(s)
  -------------------------------------------------------------------    -------------------
                         (clock sys_clk_pin rise edge)
                                                      0.000     0.000 r  
    AA13                                              0.000     0.000 r  clk (IN)
                         net (fo=0)                   0.000     0.000    clk_IBUF_inst/I
    AA13                 INBUF (Prop_INBUF_HRIO_PAD_O)
                                                      0.562     0.562 r  clk_IBUF_inst/INBUF_INST/O
                         net (fo=1, routed)           0.025     0.587    clk_IBUF_inst/OUT
    AA13                 IBUFCTRL (Prop_IBUFCTRL_HRIO_I_O)
                                                      0.015     0.602 r  clk_IBUF_inst/IBUFCTRL_INST/O
                         net (fo=1, routed)           0.350     0.952    clk_IBUF
    BUFGCE_X1Y0          BUFGCE (Prop_BUFCE_BUFGCE_I_O)
                                                      0.027     0.979 r  clk_IBUF_BUFG_inst/O
    X2Y1 (CLOCK_ROOT)    net (fo=2048, routed)        0.817     1.796    clk_IBUF_BUFG
    SLICE_X52Y130        FDSE                                         r  out_metrics_r_reg[56]/C
  -------------------------------------------------------------------    -------------------
    SLICE_X52Y130        FDSE (Prop_FFF_SLICEM_C_Q)
                                                      0.049     1.845 r  out_metrics_r_reg[56]/Q
                         net (fo=1, routed)           0.036     1.881    data2[6]
    SLICE_X52Y130        LUT6 (Prop_H6LUT_SLICEM_I1_O)
                                                      0.032     1.913 r  o_metric_OBUF[6]_inst_i_2/O
                         net (fo=1, routed)           0.000     1.913    o_metric_OBUF[6]_inst_i_2_n_0
    SLICE_X52Y130        MUXF7 (Prop_F7MUX_GH_SLICEM_I0_O)
                                                      0.023     1.936 r  o_metric_OBUF[6]_inst_i_1/O
                         net (fo=1, routed)           0.596     2.532    o_metric_OBUF[6]
    B12                  OBUF (Prop_OUTBUF_HPIOB_I_O)
                                                      0.413     2.945 r  o_metric_OBUF[6]_inst/O
                         net (fo=0)                   0.000     2.945    o_metric[6]
    B12                                                               r  o_metric[6] (OUT)
  -------------------------------------------------------------------    -------------------

Slack:                    inf
  Source:                 o_valid_reg/C
                            (rising edge-triggered cell FDRE clocked by sys_clk_pin  {rise@0.000ns fall@0.500ns period=1.000ns})
  Destination:            o_valid
                            (output port)
  Path Group:             (none)
  Path Type:              Min at Fast Process Corner
  Data Path Delay:        1.142ns  (logic 0.469ns (41.083%)  route 0.673ns (58.917%))
  Logic Levels:           1  (OBUF=1)
  Clock Uncertainty:      0.025ns  ((TSJ^2 + TIJ^2)^1/2 + DJ) / 2 + PE
    Total System Jitter     (TSJ):    0.050ns
    Total Input Jitter      (TIJ):    0.000ns
    Discrete Jitter          (DJ):    0.000ns
    Phase Error              (PE):    0.000ns
  Clock Net Delay (Source):      0.838ns (routing 0.278ns, distribution 0.560ns)

    Location             Delay type                Incr(ns)  Path(ns)    Netlist Resource(s)
  -------------------------------------------------------------------    -------------------
                         (clock sys_clk_pin rise edge)
                                                      0.000     0.000 r  
    AA13                                              0.000     0.000 r  clk (IN)
                         net (fo=0)                   0.000     0.000    clk_IBUF_inst/I
    AA13                 INBUF (Prop_INBUF_HRIO_PAD_O)
                                                      0.562     0.562 r  clk_IBUF_inst/INBUF_INST/O
                         net (fo=1, routed)           0.025     0.587    clk_IBUF_inst/OUT
    AA13                 IBUFCTRL (Prop_IBUFCTRL_HRIO_I_O)
                                                      0.015     0.602 r  clk_IBUF_inst/IBUFCTRL_INST/O
                         net (fo=1, routed)           0.350     0.952    clk_IBUF
    BUFGCE_X1Y0          BUFGCE (Prop_BUFCE_BUFGCE_I_O)
                                                      0.027     0.979 r  clk_IBUF_BUFG_inst/O
    X2Y1 (CLOCK_ROOT)    net (fo=2048, routed)        0.838     1.817    clk_IBUF_BUFG
    SLICE_X55Y123        FDRE                                         r  o_valid_reg/C
  -------------------------------------------------------------------    -------------------
    SLICE_X55Y123        FDRE (Prop_FFF_SLICEM_C_Q)
                                                      0.049     1.866 r  o_valid_reg/Q
                         net (fo=1, routed)           0.673     2.539    o_valid_OBUF
    C13                  OBUF (Prop_OUTBUF_HPIOB_I_O)
                                                      0.420     2.959 r  o_valid_OBUF_inst/O
                         net (fo=0)                   0.000     2.959    o_valid
    C13                                                               r  o_valid (OUT)
  -------------------------------------------------------------------    -------------------

Slack:                    inf
  Source:                 out_metrics_r_reg[35]/C
                            (rising edge-triggered cell FDSE clocked by sys_clk_pin  {rise@0.000ns fall@0.500ns period=1.000ns})
  Destination:            o_metric[5]
                            (output port)
  Path Group:             (none)
  Path Type:              Min at Fast Process Corner
  Data Path Delay:        1.175ns  (logic 0.500ns (42.543%)  route 0.675ns (57.457%))
  Logic Levels:           3  (LUT6=1 MUXF7=1 OBUF=1)
  Clock Uncertainty:      0.025ns  ((TSJ^2 + TIJ^2)^1/2 + DJ) / 2 + PE
    Total System Jitter     (TSJ):    0.050ns
    Total Input Jitter      (TIJ):    0.000ns
    Discrete Jitter          (DJ):    0.000ns
    Phase Error              (PE):    0.000ns
  Clock Net Delay (Source):      0.829ns (routing 0.278ns, distribution 0.551ns)

    Location             Delay type                Incr(ns)  Path(ns)    Netlist Resource(s)
  -------------------------------------------------------------------    -------------------
                         (clock sys_clk_pin rise edge)
                                                      0.000     0.000 r  
    AA13                                              0.000     0.000 r  clk (IN)
                         net (fo=0)                   0.000     0.000    clk_IBUF_inst/I
    AA13                 INBUF (Prop_INBUF_HRIO_PAD_O)
                                                      0.562     0.562 r  clk_IBUF_inst/INBUF_INST/O
                         net (fo=1, routed)           0.025     0.587    clk_IBUF_inst/OUT
    AA13                 IBUFCTRL (Prop_IBUFCTRL_HRIO_I_O)
                                                      0.015     0.602 r  clk_IBUF_inst/IBUFCTRL_INST/O
                         net (fo=1, routed)           0.350     0.952    clk_IBUF
    BUFGCE_X1Y0          BUFGCE (Prop_BUFCE_BUFGCE_I_O)
                                                      0.027     0.979 r  clk_IBUF_BUFG_inst/O
    X2Y1 (CLOCK_ROOT)    net (fo=2048, routed)        0.829     1.808    clk_IBUF_BUFG
    SLICE_X53Y130        FDSE                                         r  out_metrics_r_reg[35]/C
  -------------------------------------------------------------------    -------------------
    SLICE_X53Y130        FDSE (Prop_EFF2_SLICEM_C_Q)
                                                      0.048     1.856 r  out_metrics_r_reg[35]/Q
                         net (fo=1, routed)           0.031     1.887    data4[5]
    SLICE_X53Y130        LUT6 (Prop_G6LUT_SLICEM_I5_O)
                                                      0.015     1.902 r  o_metric_OBUF[5]_inst_i_3/O
                         net (fo=1, routed)           0.000     1.902    o_metric_OBUF[5]_inst_i_3_n_0
    SLICE_X53Y130        MUXF7 (Prop_F7MUX_GH_SLICEM_I1_O)
                                                      0.024     1.926 r  o_metric_OBUF[5]_inst_i_1/O
                         net (fo=1, routed)           0.644     2.570    o_metric_OBUF[5]
    C12                  OBUF (Prop_OUTBUF_HPIOB_I_O)
                                                      0.413     2.983 r  o_metric_OBUF[5]_inst/O
                         net (fo=0)                   0.000     2.983    o_metric[5]
    C12                                                               r  o_metric[5] (OUT)
  -------------------------------------------------------------------    -------------------

Slack:                    inf
  Source:                 out_metrics_r_reg[51]/C
                            (rising edge-triggered cell FDSE clocked by sys_clk_pin  {rise@0.000ns fall@0.500ns period=1.000ns})
  Destination:            o_metric[1]
                            (output port)
  Path Group:             (none)
  Path Type:              Min at Fast Process Corner
  Data Path Delay:        1.184ns  (logic 0.481ns (40.630%)  route 0.703ns (59.370%))
  Logic Levels:           3  (LUT6=1 MUXF7=1 OBUF=1)
  Clock Uncertainty:      0.025ns  ((TSJ^2 + TIJ^2)^1/2 + DJ) / 2 + PE
    Total System Jitter     (TSJ):    0.050ns
    Total Input Jitter      (TIJ):    0.000ns
    Discrete Jitter          (DJ):    0.000ns
    Phase Error              (PE):    0.000ns
  Clock Net Delay (Source):      0.821ns (routing 0.278ns, distribution 0.543ns)

    Location             Delay type                Incr(ns)  Path(ns)    Netlist Resource(s)
  -------------------------------------------------------------------    -------------------
                         (clock sys_clk_pin rise edge)
                                                      0.000     0.000 r  
    AA13                                              0.000     0.000 r  clk (IN)
                         net (fo=0)                   0.000     0.000    clk_IBUF_inst/I
    AA13                 INBUF (Prop_INBUF_HRIO_PAD_O)
                                                      0.562     0.562 r  clk_IBUF_inst/INBUF_INST/O
                         net (fo=1, routed)           0.025     0.587    clk_IBUF_inst/OUT
    AA13                 IBUFCTRL (Prop_IBUFCTRL_HRIO_I_O)
                                                      0.015     0.602 r  clk_IBUF_inst/IBUFCTRL_INST/O
                         net (fo=1, routed)           0.350     0.952    clk_IBUF
    BUFGCE_X1Y0          BUFGCE (Prop_BUFCE_BUFGCE_I_O)
                                                      0.027     0.979 r  clk_IBUF_BUFG_inst/O
    X2Y1 (CLOCK_ROOT)    net (fo=2048, routed)        0.821     1.800    clk_IBUF_BUFG
    SLICE_X51Y129        FDSE                                         r  out_metrics_r_reg[51]/C
  -------------------------------------------------------------------    -------------------
    SLICE_X51Y129        FDSE (Prop_AFF2_SLICEL_C_Q)
                                                      0.049     1.849 r  out_metrics_r_reg[51]/Q
                         net (fo=1, routed)           0.033     1.882    data2[1]
    SLICE_X51Y129        LUT6 (Prop_D6LUT_SLICEL_I1_O)
                                                      0.015     1.897 r  o_metric_OBUF[1]_inst_i_2/O
                         net (fo=1, routed)           0.000     1.897    o_metric_OBUF[1]_inst_i_2_n_0
    SLICE_X51Y129        MUXF7 (Prop_F7MUX_CD_SLICEL_I0_O)
                                                      0.023     1.920 r  o_metric_OBUF[1]_inst_i_1/O
                         net (fo=1, routed)           0.670     2.590    o_metric_OBUF[1]
    H14                  OBUF (Prop_OUTBUF_HPIOB_I_O)
                                                      0.394     2.984 r  o_metric_OBUF[1]_inst/O
                         net (fo=0)                   0.000     2.984    o_metric[1]
    H14                                                               r  o_metric[1] (OUT)
  -------------------------------------------------------------------    -------------------

Slack:                    inf
  Source:                 out_metrics_r_reg[47]/C
                            (rising edge-triggered cell FDSE clocked by sys_clk_pin  {rise@0.000ns fall@0.500ns period=1.000ns})
  Destination:            o_metric[7]
                            (output port)
  Path Group:             (none)
  Path Type:              Min at Fast Process Corner
  Data Path Delay:        1.195ns  (logic 0.537ns (44.935%)  route 0.658ns (55.065%))
  Logic Levels:           3  (LUT6=1 MUXF7=1 OBUF=1)
  Clock Uncertainty:      0.025ns  ((TSJ^2 + TIJ^2)^1/2 + DJ) / 2 + PE
    Total System Jitter     (TSJ):    0.050ns
    Total Input Jitter      (TIJ):    0.000ns
    Discrete Jitter          (DJ):    0.000ns
    Phase Error              (PE):    0.000ns
  Clock Net Delay (Source):      0.817ns (routing 0.278ns, distribution 0.539ns)

    Location             Delay type                Incr(ns)  Path(ns)    Netlist Resource(s)
  -------------------------------------------------------------------    -------------------
                         (clock sys_clk_pin rise edge)
                                                      0.000     0.000 r  
    AA13                                              0.000     0.000 r  clk (IN)
                         net (fo=0)                   0.000     0.000    clk_IBUF_inst/I
    AA13                 INBUF (Prop_INBUF_HRIO_PAD_O)
                                                      0.562     0.562 r  clk_IBUF_inst/INBUF_INST/O
                         net (fo=1, routed)           0.025     0.587    clk_IBUF_inst/OUT
    AA13                 IBUFCTRL (Prop_IBUFCTRL_HRIO_I_O)
                                                      0.015     0.602 r  clk_IBUF_inst/IBUFCTRL_INST/O
                         net (fo=1, routed)           0.350     0.952    clk_IBUF
    BUFGCE_X1Y0          BUFGCE (Prop_BUFCE_BUFGCE_I_O)
                                                      0.027     0.979 r  clk_IBUF_BUFG_inst/O
    X2Y1 (CLOCK_ROOT)    net (fo=2048, routed)        0.817     1.796    clk_IBUF_BUFG
    SLICE_X52Y129        FDSE                                         r  out_metrics_r_reg[47]/C
  -------------------------------------------------------------------    -------------------
    SLICE_X52Y129        FDSE (Prop_FFF_SLICEM_C_Q)
                                                      0.049     1.845 r  out_metrics_r_reg[47]/Q
                         net (fo=1, routed)           0.071     1.916    data3[7]
    SLICE_X52Y128        LUT6 (Prop_D6LUT_SLICEM_I0_O)
                                                      0.046     1.962 r  o_metric_OBUF[7]_inst_i_2/O
                         net (fo=1, routed)           0.000     1.962    o_metric_OBUF[7]_inst_i_2_n_0
    SLICE_X52Y128        MUXF7 (Prop_F7MUX_CD_SLICEM_I0_O)
                                                      0.023     1.985 r  o_metric_OBUF[7]_inst_i_1/O
                         net (fo=1, routed)           0.587     2.572    o_metric_OBUF[7]
    B14                  OBUF (Prop_OUTBUF_HPIOB_I_O)
                                                      0.419     2.991 r  o_metric_OBUF[7]_inst/O
                         net (fo=0)                   0.000     2.991    o_metric[7]
    B14                                                               r  o_metric[7] (OUT)
  -------------------------------------------------------------------    -------------------

Slack:                    inf
  Source:                 out_metrics_r_reg[42]/C
                            (rising edge-triggered cell FDSE clocked by sys_clk_pin  {rise@0.000ns fall@0.500ns period=1.000ns})
  Destination:            o_metric[2]
                            (output port)
  Path Group:             (none)
  Path Type:              Min at Fast Process Corner
  Data Path Delay:        1.196ns  (logic 0.477ns (39.875%)  route 0.719ns (60.125%))
  Logic Levels:           3  (LUT6=1 MUXF7=1 OBUF=1)
  Clock Uncertainty:      0.025ns  ((TSJ^2 + TIJ^2)^1/2 + DJ) / 2 + PE
    Total System Jitter     (TSJ):    0.050ns
    Total Input Jitter      (TIJ):    0.000ns
    Discrete Jitter          (DJ):    0.000ns
    Phase Error              (PE):    0.000ns
  Clock Net Delay (Source):      0.818ns (routing 0.278ns, distribution 0.540ns)

    Location             Delay type                Incr(ns)  Path(ns)    Netlist Resource(s)
  -------------------------------------------------------------------    -------------------
                         (clock sys_clk_pin rise edge)
                                                      0.000     0.000 r  
    AA13                                              0.000     0.000 r  clk (IN)
                         net (fo=0)                   0.000     0.000    clk_IBUF_inst/I
    AA13                 INBUF (Prop_INBUF_HRIO_PAD_O)
                                                      0.562     0.562 r  clk_IBUF_inst/INBUF_INST/O
                         net (fo=1, routed)           0.025     0.587    clk_IBUF_inst/OUT
    AA13                 IBUFCTRL (Prop_IBUFCTRL_HRIO_I_O)
                                                      0.015     0.602 r  clk_IBUF_inst/IBUFCTRL_INST/O
                         net (fo=1, routed)           0.350     0.952    clk_IBUF
    BUFGCE_X1Y0          BUFGCE (Prop_BUFCE_BUFGCE_I_O)
                                                      0.027     0.979 r  clk_IBUF_BUFG_inst/O
    X2Y1 (CLOCK_ROOT)    net (fo=2048, routed)        0.818     1.797    clk_IBUF_BUFG
    SLICE_X52Y130        FDSE                                         r  out_metrics_r_reg[42]/C
  -------------------------------------------------------------------    -------------------
    SLICE_X52Y130        FDSE (Prop_AFF2_SLICEM_C_Q)
                                                      0.049     1.846 r  out_metrics_r_reg[42]/Q
                         net (fo=1, routed)           0.036     1.882    data3[2]
    SLICE_X52Y130        LUT6 (Prop_D6LUT_SLICEM_I0_O)
                                                      0.016     1.898 r  o_metric_OBUF[2]_inst_i_2/O
                         net (fo=1, routed)           0.000     1.898    o_metric_OBUF[2]_inst_i_2_n_0
    SLICE_X52Y130        MUXF7 (Prop_F7MUX_CD_SLICEM_I0_O)
                                                      0.023     1.921 r  o_metric_OBUF[2]_inst_i_1/O
                         net (fo=1, routed)           0.683     2.604    o_metric_OBUF[2]
    G14                  OBUF (Prop_OUTBUF_HPIOB_I_O)
                                                      0.389     2.993 r  o_metric_OBUF[2]_inst/O
                         net (fo=0)                   0.000     2.993    o_metric[2]
    G14                                                               r  o_metric[2] (OUT)
  -------------------------------------------------------------------    -------------------

Slack:                    inf
  Source:                 out_metrics_r_reg[33]/C
                            (rising edge-triggered cell FDSE clocked by sys_clk_pin  {rise@0.000ns fall@0.500ns period=1.000ns})
  Destination:            o_metric[3]
                            (output port)
  Path Group:             (none)
  Path Type:              Min at Fast Process Corner
  Data Path Delay:        1.223ns  (logic 0.547ns (44.710%)  route 0.676ns (55.290%))
  Logic Levels:           3  (LUT6=1 MUXF7=1 OBUF=1)
  Clock Uncertainty:      0.025ns  ((TSJ^2 + TIJ^2)^1/2 + DJ) / 2 + PE
    Total System Jitter     (TSJ):    0.050ns
    Total Input Jitter      (TIJ):    0.000ns
    Discrete Jitter          (DJ):    0.000ns
    Phase Error              (PE):    0.000ns
  Clock Net Delay (Source):      0.818ns (routing 0.278ns, distribution 0.540ns)

    Location             Delay type                Incr(ns)  Path(ns)    Netlist Resource(s)
  -------------------------------------------------------------------    -------------------
                         (clock sys_clk_pin rise edge)
                                                      0.000     0.000 r  
    AA13                                              0.000     0.000 r  clk (IN)
                         net (fo=0)                   0.000     0.000    clk_IBUF_inst/I
    AA13                 INBUF (Prop_INBUF_HRIO_PAD_O)
                                                      0.562     0.562 r  clk_IBUF_inst/INBUF_INST/O
                         net (fo=1, routed)           0.025     0.587    clk_IBUF_inst/OUT
    AA13                 IBUFCTRL (Prop_IBUFCTRL_HRIO_I_O)
                                                      0.015     0.602 r  clk_IBUF_inst/IBUFCTRL_INST/O
                         net (fo=1, routed)           0.350     0.952    clk_IBUF
    BUFGCE_X1Y0          BUFGCE (Prop_BUFCE_BUFGCE_I_O)
                                                      0.027     0.979 r  clk_IBUF_BUFG_inst/O
    X2Y1 (CLOCK_ROOT)    net (fo=2048, routed)        0.818     1.797    clk_IBUF_BUFG
    SLICE_X52Y129        FDSE                                         r  out_metrics_r_reg[33]/C
  -------------------------------------------------------------------    -------------------
    SLICE_X52Y129        FDSE (Prop_AFF2_SLICEM_C_Q)
                                                      0.049     1.846 r  out_metrics_r_reg[33]/Q
                         net (fo=1, routed)           0.036     1.882    data4[3]
    SLICE_X52Y129        LUT6 (Prop_G6LUT_SLICEM_I5_O)
                                                      0.045     1.927 r  o_metric_OBUF[3]_inst_i_3/O
                         net (fo=1, routed)           0.000     1.927    o_metric_OBUF[3]_inst_i_3_n_0
    SLICE_X52Y129        MUXF7 (Prop_F7MUX_GH_SLICEM_I1_O)
                                                      0.024     1.951 r  o_metric_OBUF[3]_inst_i_1/O
                         net (fo=1, routed)           0.640     2.591    o_metric_OBUF[3]
    A13                  OBUF (Prop_OUTBUF_HPIOB_I_O)
                                                      0.429     3.020 r  o_metric_OBUF[3]_inst/O
                         net (fo=0)                   0.000     3.020    o_metric[3]
    A13                                                               r  o_metric[3] (OUT)
  -------------------------------------------------------------------    -------------------

Slack:                    inf
  Source:                 out_metrics_r_reg[34]/C
                            (rising edge-triggered cell FDSE clocked by sys_clk_pin  {rise@0.000ns fall@0.500ns period=1.000ns})
  Destination:            o_metric[4]
                            (output port)
  Path Group:             (none)
  Path Type:              Min at Fast Process Corner
  Data Path Delay:        1.235ns  (logic 0.533ns (43.168%)  route 0.702ns (56.832%))
  Logic Levels:           3  (LUT6=1 MUXF7=1 OBUF=1)
  Clock Uncertainty:      0.025ns  ((TSJ^2 + TIJ^2)^1/2 + DJ) / 2 + PE
    Total System Jitter     (TSJ):    0.050ns
    Total Input Jitter      (TIJ):    0.000ns
    Discrete Jitter          (DJ):    0.000ns
    Phase Error              (PE):    0.000ns
  Clock Net Delay (Source):      0.818ns (routing 0.278ns, distribution 0.540ns)

    Location             Delay type                Incr(ns)  Path(ns)    Netlist Resource(s)
  -------------------------------------------------------------------    -------------------
                         (clock sys_clk_pin rise edge)
                                                      0.000     0.000 r  
    AA13                                              0.000     0.000 r  clk (IN)
                         net (fo=0)                   0.000     0.000    clk_IBUF_inst/I
    AA13                 INBUF (Prop_INBUF_HRIO_PAD_O)
                                                      0.562     0.562 r  clk_IBUF_inst/INBUF_INST/O
                         net (fo=1, routed)           0.025     0.587    clk_IBUF_inst/OUT
    AA13                 IBUFCTRL (Prop_IBUFCTRL_HRIO_I_O)
                                                      0.015     0.602 r  clk_IBUF_inst/IBUFCTRL_INST/O
                         net (fo=1, routed)           0.350     0.952    clk_IBUF
    BUFGCE_X1Y0          BUFGCE (Prop_BUFCE_BUFGCE_I_O)
                                                      0.027     0.979 r  clk_IBUF_BUFG_inst/O
    X2Y1 (CLOCK_ROOT)    net (fo=2048, routed)        0.818     1.797    clk_IBUF_BUFG
    SLICE_X52Y129        FDSE                                         r  out_metrics_r_reg[34]/C
  -------------------------------------------------------------------    -------------------
    SLICE_X52Y129        FDSE (Prop_BFF_SLICEM_C_Q)
                                                      0.049     1.846 r  out_metrics_r_reg[34]/Q
                         net (fo=1, routed)           0.035     1.881    data4[4]
    SLICE_X52Y129        LUT6 (Prop_C6LUT_SLICEM_I5_O)
                                                      0.030     1.911 r  o_metric_OBUF[4]_inst_i_3/O
                         net (fo=1, routed)           0.000     1.911    o_metric_OBUF[4]_inst_i_3_n_0
    SLICE_X52Y129        MUXF7 (Prop_F7MUX_CD_SLICEM_I1_O)
                                                      0.023     1.934 r  o_metric_OBUF[4]_inst_i_1/O
                         net (fo=1, routed)           0.667     2.601    o_metric_OBUF[4]
    A12                  OBUF (Prop_OUTBUF_HPIOB_I_O)
                                                      0.431     3.032 r  o_metric_OBUF[4]_inst/O
                         net (fo=0)                   0.000     3.032    o_metric[4]
    A12                                                               r  o_metric[4] (OUT)
  -------------------------------------------------------------------    -------------------

Slack:                    inf
  Source:                 out_metrics_r_reg[40]/C
                            (rising edge-triggered cell FDSE clocked by sys_clk_pin  {rise@0.000ns fall@0.500ns period=1.000ns})
  Destination:            o_metric[0]
                            (output port)
  Path Group:             (none)
  Path Type:              Min at Fast Process Corner
  Data Path Delay:        1.310ns  (logic 0.481ns (36.734%)  route 0.829ns (63.266%))
  Logic Levels:           3  (LUT6=1 MUXF7=1 OBUF=1)
  Clock Uncertainty:      0.025ns  ((TSJ^2 + TIJ^2)^1/2 + DJ) / 2 + PE
    Total System Jitter     (TSJ):    0.050ns
    Total Input Jitter      (TIJ):    0.000ns
    Discrete Jitter          (DJ):    0.000ns
    Phase Error              (PE):    0.000ns
  Clock Net Delay (Source):      0.818ns (routing 0.278ns, distribution 0.540ns)

    Location             Delay type                Incr(ns)  Path(ns)    Netlist Resource(s)
  -------------------------------------------------------------------    -------------------
                         (clock sys_clk_pin rise edge)
                                                      0.000     0.000 r  
    AA13                                              0.000     0.000 r  clk (IN)
                         net (fo=0)                   0.000     0.000    clk_IBUF_inst/I
    AA13                 INBUF (Prop_INBUF_HRIO_PAD_O)
                                                      0.562     0.562 r  clk_IBUF_inst/INBUF_INST/O
                         net (fo=1, routed)           0.025     0.587    clk_IBUF_inst/OUT
    AA13                 IBUFCTRL (Prop_IBUFCTRL_HRIO_I_O)
                                                      0.015     0.602 r  clk_IBUF_inst/IBUFCTRL_INST/O
                         net (fo=1, routed)           0.350     0.952    clk_IBUF
    BUFGCE_X1Y0          BUFGCE (Prop_BUFCE_BUFGCE_I_O)
                                                      0.027     0.979 r  clk_IBUF_BUFG_inst/O
    X2Y1 (CLOCK_ROOT)    net (fo=2048, routed)        0.818     1.797    clk_IBUF_BUFG
    SLICE_X52Y130        FDSE                                         r  out_metrics_r_reg[40]/C
  -------------------------------------------------------------------    -------------------
    SLICE_X52Y130        FDSE (Prop_AFF_SLICEM_C_Q)
                                                      0.049     1.846 r  out_metrics_r_reg[40]/Q
                         net (fo=1, routed)           0.080     1.926    data3[0]
    SLICE_X53Y130        LUT6 (Prop_D6LUT_SLICEM_I0_O)
                                                      0.031     1.957 r  o_metric_OBUF[0]_inst_i_2/O
                         net (fo=1, routed)           0.000     1.957    o_metric_OBUF[0]_inst_i_2_n_0
    SLICE_X53Y130        MUXF7 (Prop_F7MUX_CD_SLICEM_I0_O)
                                                      0.023     1.980 r  o_metric_OBUF[0]_inst_i_1/O
                         net (fo=1, routed)           0.749     2.729    o_metric_OBUF[0]
    F15                  OBUF (Prop_OUTBUF_HPIOB_I_O)
                                                      0.378     3.107 r  o_metric_OBUF[0]_inst/O
                         net (fo=0)                   0.000     3.107    o_metric[0]
    F15                                                               r  o_metric[0] (OUT)
  -------------------------------------------------------------------    -------------------





--------------------------------------------------------------------------------------
Path Group:  (none)
From Clock:  
  To Clock:  sys_clk_pin

Max Delay          1354 Endpoints
Min Delay          1354 Endpoints
--------------------------------------------------------------------------------------


Max Delay Paths
--------------------------------------------------------------------------------------
Slack:                    inf
  Source:                 i_metric1[5]
                            (input port)
  Destination:            buf_metrics1_reg[31]/D
                            (rising edge-triggered cell FDRE clocked by sys_clk_pin  {rise@0.000ns fall@0.500ns period=1.000ns})
  Path Group:             (none)
  Path Type:              Setup (Max at Slow Process Corner)
  Data Path Delay:        5.227ns  (logic 1.135ns (21.722%)  route 4.092ns (78.278%))
  Logic Levels:           4  (IBUFCTRL=1 INBUF=1 LUT5=1 LUT6=1)
  Clock Path Skew:        3.560ns (DCD - SCD + CPR)
    Destination Clock Delay (DCD):    3.560ns
    Source Clock Delay      (SCD):    0.000ns
    Clock Pessimism Removal (CPR):    0.000ns
  Clock Uncertainty:      0.025ns  ((TSJ^2 + TIJ^2)^1/2 + DJ) / 2 + PE
    Total System Jitter     (TSJ):    0.050ns
    Total Input Jitter      (TIJ):    0.000ns
    Discrete Jitter          (DJ):    0.000ns
    Phase Error              (PE):    0.000ns
  Clock Net Delay (Destination): 1.985ns (routing 0.696ns, distribution 1.289ns)

    Location             Delay type                Incr(ns)  Path(ns)    Netlist Resource(s)
  -------------------------------------------------------------------    -------------------
    AD16                                              0.000     0.000 r  i_metric1[5] (IN)
                         net (fo=0)                   0.000     0.000    i_metric1_IBUF[5]_inst/I
    AD16                 INBUF (Prop_INBUF_HRIO_PAD_O)
                                                      0.758     0.758 r  i_metric1_IBUF[5]_inst/INBUF_INST/O
                         net (fo=1, routed)           0.105     0.863    i_metric1_IBUF[5]_inst/OUT
    AD16                 IBUFCTRL (Prop_IBUFCTRL_HRIO_I_O)
                                                      0.049     0.912 r  i_metric1_IBUF[5]_inst/IBUFCTRL_INST/O
                         net (fo=4, routed)           2.794     3.706    i_metric1_IBUF[5]
    SLICE_X54Y143        LUT6 (Prop_F6LUT_SLICEL_I0_O)
                                                      0.235     3.941 r  buf_metrics1[7]_i_1/O
                         net (fo=4, routed)           0.620     4.561    buf_metrics1[7]_i_1_n_0
    SLICE_X53Y150        LUT5 (Prop_F6LUT_SLICEM_I2_O)
                                                      0.093     4.654 r  buf_metrics1[31]_i_1/O
                         net (fo=2, routed)           0.573     5.227    buf_metrics10[31]
    SLICE_X54Y146        FDRE                                         r  buf_metrics1_reg[31]/D
  -------------------------------------------------------------------    -------------------

                         (clock sys_clk_pin rise edge)
                                                      0.000     0.000 r  
    AA13                                              0.000     0.000 r  clk (IN)
                         net (fo=0)                   0.000     0.000    clk_IBUF_inst/I
    AA13                 INBUF (Prop_INBUF_HRIO_PAD_O)
                                                      0.662     0.662 r  clk_IBUF_inst/INBUF_INST/O
                         net (fo=1, routed)           0.066     0.728    clk_IBUF_inst/OUT
    AA13                 IBUFCTRL (Prop_IBUFCTRL_HRIO_I_O)
                                                      0.034     0.762 r  clk_IBUF_inst/IBUFCTRL_INST/O
                         net (fo=1, routed)           0.722     1.484    clk_IBUF
    BUFGCE_X1Y0          BUFGCE (Prop_BUFCE_BUFGCE_I_O)
                                                      0.091     1.575 r  clk_IBUF_BUFG_inst/O
    X2Y1 (CLOCK_ROOT)    net (fo=2048, routed)        1.985     3.560    clk_IBUF_BUFG
    SLICE_X54Y146        FDRE                                         r  buf_metrics1_reg[31]/C

Slack:                    inf
  Source:                 i_metric[8]
                            (input port)
  Destination:            buf_metrics0_reg[32]/D
                            (rising edge-triggered cell FDRE clocked by sys_clk_pin  {rise@0.000ns fall@0.500ns period=1.000ns})
  Path Group:             (none)
  Path Type:              Setup (Max at Slow Process Corner)
  Data Path Delay:        5.207ns  (logic 1.271ns (24.408%)  route 3.936ns (75.592%))
  Logic Levels:           4  (IBUFCTRL=1 INBUF=1 LUT6=2)
  Clock Path Skew:        3.565ns (DCD - SCD + CPR)
    Destination Clock Delay (DCD):    3.565ns
    Source Clock Delay      (SCD):    0.000ns
    Clock Pessimism Removal (CPR):    0.000ns
  Clock Uncertainty:      0.025ns  ((TSJ^2 + TIJ^2)^1/2 + DJ) / 2 + PE
    Total System Jitter     (TSJ):    0.050ns
    Total Input Jitter      (TIJ):    0.000ns
    Discrete Jitter          (DJ):    0.000ns
    Phase Error              (PE):    0.000ns
  Clock Net Delay (Destination): 1.990ns (routing 0.696ns, distribution 1.294ns)

    Location             Delay type                Incr(ns)  Path(ns)    Netlist Resource(s)
  -------------------------------------------------------------------    -------------------
    AF19                                              0.000     0.000 r  i_metric[8] (IN)
                         net (fo=0)                   0.000     0.000    i_metric_IBUF[8]_inst/I
    AF19                 INBUF (Prop_INBUF_HRIO_PAD_O)
                                                      0.760     0.760 r  i_metric_IBUF[8]_inst/INBUF_INST/O
                         net (fo=1, routed)           0.105     0.865    i_metric_IBUF[8]_inst/OUT
    AF19                 IBUFCTRL (Prop_IBUFCTRL_HRIO_I_O)
                                                      0.049     0.914 r  i_metric_IBUF[8]_inst/IBUFCTRL_INST/O
                         net (fo=7, routed)           2.968     3.882    i_metric_IBUF[8]
    SLICE_X53Y142        LUT6 (Prop_B6LUT_SLICEM_I1_O)
                                                      0.243     4.125 r  buf_metrics0[32]_i_2/O
                         net (fo=3, routed)           0.407     4.532    buf_metrics0[32]_i_2_n_0
    SLICE_X56Y148        LUT6 (Prop_B6LUT_SLICEL_I0_O)
                                                      0.219     4.751 r  buf_metrics0[32]_i_1/O
                         net (fo=1, routed)           0.456     5.207    buf_metrics00[32]
    SLICE_X55Y149        FDRE                                         r  buf_metrics0_reg[32]/D
  -------------------------------------------------------------------    -------------------

                         (clock sys_clk_pin rise edge)
                                                      0.000     0.000 r  
    AA13                                              0.000     0.000 r  clk (IN)
                         net (fo=0)                   0.000     0.000    clk_IBUF_inst/I
    AA13                 INBUF (Prop_INBUF_HRIO_PAD_O)
                                                      0.662     0.662 r  clk_IBUF_inst/INBUF_INST/O
                         net (fo=1, routed)           0.066     0.728    clk_IBUF_inst/OUT
    AA13                 IBUFCTRL (Prop_IBUFCTRL_HRIO_I_O)
                                                      0.034     0.762 r  clk_IBUF_inst/IBUFCTRL_INST/O
                         net (fo=1, routed)           0.722     1.484    clk_IBUF
    BUFGCE_X1Y0          BUFGCE (Prop_BUFCE_BUFGCE_I_O)
                                                      0.091     1.575 r  clk_IBUF_BUFG_inst/O
    X2Y1 (CLOCK_ROOT)    net (fo=2048, routed)        1.990     3.565    clk_IBUF_BUFG
    SLICE_X55Y149        FDRE                                         r  buf_metrics0_reg[32]/C

Slack:                    inf
  Source:                 i_metric1[4]
                            (input port)
  Destination:            buf_metrics1_reg[30]/D
                            (rising edge-triggered cell FDRE clocked by sys_clk_pin  {rise@0.000ns fall@0.500ns period=1.000ns})
  Path Group:             (none)
  Path Type:              Setup (Max at Slow Process Corner)
  Data Path Delay:        5.118ns  (logic 1.282ns (25.054%)  route 3.836ns (74.946%))
  Logic Levels:           4  (IBUFCTRL=1 INBUF=1 LUT5=1 LUT6=1)
  Clock Path Skew:        3.560ns (DCD - SCD + CPR)
    Destination Clock Delay (DCD):    3.560ns
    Source Clock Delay      (SCD):    0.000ns
    Clock Pessimism Removal (CPR):    0.000ns
  Clock Uncertainty:      0.025ns  ((TSJ^2 + TIJ^2)^1/2 + DJ) / 2 + PE
    Total System Jitter     (TSJ):    0.050ns
    Total Input Jitter      (TIJ):    0.000ns
    Discrete Jitter          (DJ):    0.000ns
    Phase Error              (PE):    0.000ns
  Clock Net Delay (Destination): 1.985ns (routing 0.696ns, distribution 1.289ns)

    Location             Delay type                Incr(ns)  Path(ns)    Netlist Resource(s)
  -------------------------------------------------------------------    -------------------
    AC16                                              0.000     0.000 r  i_metric1[4] (IN)
                         net (fo=0)                   0.000     0.000    i_metric1_IBUF[4]_inst/I
    AC16                 INBUF (Prop_INBUF_HRIO_PAD_O)
                                                      0.769     0.769 r  i_metric1_IBUF[4]_inst/INBUF_INST/O
                         net (fo=1, routed)           0.105     0.874    i_metric1_IBUF[4]_inst/OUT
    AC16                 IBUFCTRL (Prop_IBUFCTRL_HRIO_I_O)
                                                      0.049     0.923 r  i_metric1_IBUF[4]_inst/IBUFCTRL_INST/O
                         net (fo=4, routed)           2.878     3.801    i_metric1_IBUF[4]
    SLICE_X55Y145        LUT6 (Prop_F6LUT_SLICEM_I0_O)
                                                      0.245     4.046 r  buf_metrics1[6]_i_1/O
                         net (fo=4, routed)           0.347     4.393    buf_metrics1[6]_i_1_n_0
    SLICE_X54Y150        LUT5 (Prop_C6LUT_SLICEL_I2_O)
                                                      0.219     4.612 r  buf_metrics1[30]_i_1/O
                         net (fo=2, routed)           0.506     5.118    buf_metrics10[30]
    SLICE_X54Y146        FDRE                                         r  buf_metrics1_reg[30]/D
  -------------------------------------------------------------------    -------------------

                         (clock sys_clk_pin rise edge)
                                                      0.000     0.000 r  
    AA13                                              0.000     0.000 r  clk (IN)
                         net (fo=0)                   0.000     0.000    clk_IBUF_inst/I
    AA13                 INBUF (Prop_INBUF_HRIO_PAD_O)
                                                      0.662     0.662 r  clk_IBUF_inst/INBUF_INST/O
                         net (fo=1, routed)           0.066     0.728    clk_IBUF_inst/OUT
    AA13                 IBUFCTRL (Prop_IBUFCTRL_HRIO_I_O)
                                                      0.034     0.762 r  clk_IBUF_inst/IBUFCTRL_INST/O
                         net (fo=1, routed)           0.722     1.484    clk_IBUF
    BUFGCE_X1Y0          BUFGCE (Prop_BUFCE_BUFGCE_I_O)
                                                      0.091     1.575 r  clk_IBUF_BUFG_inst/O
    X2Y1 (CLOCK_ROOT)    net (fo=2048, routed)        1.985     3.560    clk_IBUF_BUFG
    SLICE_X54Y146        FDRE                                         r  buf_metrics1_reg[30]/C

Slack:                    inf
  Source:                 i_metric1[0]
                            (input port)
  Destination:            buf_metrics1_reg[12]/D
                            (rising edge-triggered cell FDRE clocked by sys_clk_pin  {rise@0.000ns fall@0.500ns period=1.000ns})
  Path Group:             (none)
  Path Type:              Setup (Max at Slow Process Corner)
  Data Path Delay:        5.118ns  (logic 1.097ns (21.430%)  route 4.021ns (78.570%))
  Logic Levels:           4  (IBUFCTRL=1 INBUF=1 LUT5=1 LUT6=1)
  Clock Path Skew:        3.561ns (DCD - SCD + CPR)
    Destination Clock Delay (DCD):    3.561ns
    Source Clock Delay      (SCD):    0.000ns
    Clock Pessimism Removal (CPR):    0.000ns
  Clock Uncertainty:      0.025ns  ((TSJ^2 + TIJ^2)^1/2 + DJ) / 2 + PE
    Total System Jitter     (TSJ):    0.050ns
    Total Input Jitter      (TIJ):    0.000ns
    Discrete Jitter          (DJ):    0.000ns
    Phase Error              (PE):    0.000ns
  Clock Net Delay (Destination): 1.986ns (routing 0.696ns, distribution 1.290ns)

    Location             Delay type                Incr(ns)  Path(ns)    Netlist Resource(s)
  -------------------------------------------------------------------    -------------------
    AE17                                              0.000     0.000 r  i_metric1[0] (IN)
                         net (fo=0)                   0.000     0.000    i_metric1_IBUF[0]_inst/I
    AE17                 INBUF (Prop_INBUF_HRIO_PAD_O)
                                                      0.785     0.785 r  i_metric1_IBUF[0]_inst/INBUF_INST/O
                         net (fo=1, routed)           0.105     0.890    i_metric1_IBUF[0]_inst/OUT
    AE17                 IBUFCTRL (Prop_IBUFCTRL_HRIO_I_O)
                                                      0.049     0.939 r  i_metric1_IBUF[0]_inst/IBUFCTRL_INST/O
                         net (fo=8, routed)           2.983     3.922    i_metric1_IBUF[0]
    SLICE_X57Y145        LUT5 (Prop_E6LUT_SLICEM_I2_O)
                                                      0.090     4.012 r  buf_metrics1[4]_i_1/O
                         net (fo=4, routed)           0.293     4.305    buf_metrics1[4]_i_1_n_0
    SLICE_X57Y144        LUT6 (Prop_H6LUT_SLICEM_I3_O)
                                                      0.173     4.478 r  buf_metrics1[28]_i_1/O
                         net (fo=2, routed)           0.640     5.118    buf_metrics10[28]
    SLICE_X55Y152        FDRE                                         r  buf_metrics1_reg[12]/D
  -------------------------------------------------------------------    -------------------

                         (clock sys_clk_pin rise edge)
                                                      0.000     0.000 r  
    AA13                                              0.000     0.000 r  clk (IN)
                         net (fo=0)                   0.000     0.000    clk_IBUF_inst/I
    AA13                 INBUF (Prop_INBUF_HRIO_PAD_O)
                                                      0.662     0.662 r  clk_IBUF_inst/INBUF_INST/O
                         net (fo=1, routed)           0.066     0.728    clk_IBUF_inst/OUT
    AA13                 IBUFCTRL (Prop_IBUFCTRL_HRIO_I_O)
                                                      0.034     0.762 r  clk_IBUF_inst/IBUFCTRL_INST/O
                         net (fo=1, routed)           0.722     1.484    clk_IBUF
    BUFGCE_X1Y0          BUFGCE (Prop_BUFCE_BUFGCE_I_O)
                                                      0.091     1.575 r  clk_IBUF_BUFG_inst/O
    X2Y1 (CLOCK_ROOT)    net (fo=2048, routed)        1.986     3.561    clk_IBUF_BUFG
    SLICE_X55Y152        FDRE                                         r  buf_metrics1_reg[12]/C

Slack:                    inf
  Source:                 i_metric1[4]
                            (input port)
  Destination:            buf_metrics1_reg[14]/D
                            (rising edge-triggered cell FDRE clocked by sys_clk_pin  {rise@0.000ns fall@0.500ns period=1.000ns})
  Path Group:             (none)
  Path Type:              Setup (Max at Slow Process Corner)
  Data Path Delay:        5.096ns  (logic 1.282ns (25.162%)  route 3.814ns (74.838%))
  Logic Levels:           4  (IBUFCTRL=1 INBUF=1 LUT5=1 LUT6=1)
  Clock Path Skew:        3.557ns (DCD - SCD + CPR)
    Destination Clock Delay (DCD):    3.557ns
    Source Clock Delay      (SCD):    0.000ns
    Clock Pessimism Removal (CPR):    0.000ns
  Clock Uncertainty:      0.025ns  ((TSJ^2 + TIJ^2)^1/2 + DJ) / 2 + PE
    Total System Jitter     (TSJ):    0.050ns
    Total Input Jitter      (TIJ):    0.000ns
    Discrete Jitter          (DJ):    0.000ns
    Phase Error              (PE):    0.000ns
  Clock Net Delay (Destination): 1.982ns (routing 0.696ns, distribution 1.286ns)

    Location             Delay type                Incr(ns)  Path(ns)    Netlist Resource(s)
  -------------------------------------------------------------------    -------------------
    AC16                                              0.000     0.000 r  i_metric1[4] (IN)
                         net (fo=0)                   0.000     0.000    i_metric1_IBUF[4]_inst/I
    AC16                 INBUF (Prop_INBUF_HRIO_PAD_O)
                                                      0.769     0.769 r  i_metric1_IBUF[4]_inst/INBUF_INST/O
                         net (fo=1, routed)           0.105     0.874    i_metric1_IBUF[4]_inst/OUT
    AC16                 IBUFCTRL (Prop_IBUFCTRL_HRIO_I_O)
                                                      0.049     0.923 r  i_metric1_IBUF[4]_inst/IBUFCTRL_INST/O
                         net (fo=4, routed)           2.878     3.801    i_metric1_IBUF[4]
    SLICE_X55Y145        LUT6 (Prop_F6LUT_SLICEM_I0_O)
                                                      0.245     4.046 r  buf_metrics1[6]_i_1/O
                         net (fo=4, routed)           0.347     4.393    buf_metrics1[6]_i_1_n_0
    SLICE_X54Y150        LUT5 (Prop_C6LUT_SLICEL_I2_O)
                                                      0.219     4.612 r  buf_metrics1[30]_i_1/O
                         net (fo=2, routed)           0.484     5.096    buf_metrics10[30]
    SLICE_X55Y151        FDRE                                         r  buf_metrics1_reg[14]/D
  -------------------------------------------------------------------    -------------------

                         (clock sys_clk_pin rise edge)
                                                      0.000     0.000 r  
    AA13                                              0.000     0.000 r  clk (IN)
                         net (fo=0)                   0.000     0.000    clk_IBUF_inst/I
    AA13                 INBUF (Prop_INBUF_HRIO_PAD_O)
                                                      0.662     0.662 r  clk_IBUF_inst/INBUF_INST/O
                         net (fo=1, routed)           0.066     0.728    clk_IBUF_inst/OUT
    AA13                 IBUFCTRL (Prop_IBUFCTRL_HRIO_I_O)
                                                      0.034     0.762 r  clk_IBUF_inst/IBUFCTRL_INST/O
                         net (fo=1, routed)           0.722     1.484    clk_IBUF
    BUFGCE_X1Y0          BUFGCE (Prop_BUFCE_BUFGCE_I_O)
                                                      0.091     1.575 r  clk_IBUF_BUFG_inst/O
    X2Y1 (CLOCK_ROOT)    net (fo=2048, routed)        1.982     3.557    clk_IBUF_BUFG
    SLICE_X55Y151        FDRE                                         r  buf_metrics1_reg[14]/C

Slack:                    inf
  Source:                 i_metric1[5]
                            (input port)
  Destination:            buf_metrics1_reg[15]/D
                            (rising edge-triggered cell FDRE clocked by sys_clk_pin  {rise@0.000ns fall@0.500ns period=1.000ns})
  Path Group:             (none)
  Path Type:              Setup (Max at Slow Process Corner)
  Data Path Delay:        5.094ns  (logic 1.135ns (22.289%)  route 3.959ns (77.711%))
  Logic Levels:           4  (IBUFCTRL=1 INBUF=1 LUT5=1 LUT6=1)
  Clock Path Skew:        3.557ns (DCD - SCD + CPR)
    Destination Clock Delay (DCD):    3.557ns
    Source Clock Delay      (SCD):    0.000ns
    Clock Pessimism Removal (CPR):    0.000ns
  Clock Uncertainty:      0.025ns  ((TSJ^2 + TIJ^2)^1/2 + DJ) / 2 + PE
    Total System Jitter     (TSJ):    0.050ns
    Total Input Jitter      (TIJ):    0.000ns
    Discrete Jitter          (DJ):    0.000ns
    Phase Error              (PE):    0.000ns
  Clock Net Delay (Destination): 1.982ns (routing 0.696ns, distribution 1.286ns)

    Location             Delay type                Incr(ns)  Path(ns)    Netlist Resource(s)
  -------------------------------------------------------------------    -------------------
    AD16                                              0.000     0.000 r  i_metric1[5] (IN)
                         net (fo=0)                   0.000     0.000    i_metric1_IBUF[5]_inst/I
    AD16                 INBUF (Prop_INBUF_HRIO_PAD_O)
                                                      0.758     0.758 r  i_metric1_IBUF[5]_inst/INBUF_INST/O
                         net (fo=1, routed)           0.105     0.863    i_metric1_IBUF[5]_inst/OUT
    AD16                 IBUFCTRL (Prop_IBUFCTRL_HRIO_I_O)
                                                      0.049     0.912 r  i_metric1_IBUF[5]_inst/IBUFCTRL_INST/O
                         net (fo=4, routed)           2.794     3.706    i_metric1_IBUF[5]
    SLICE_X54Y143        LUT6 (Prop_F6LUT_SLICEL_I0_O)
                                                      0.235     3.941 r  buf_metrics1[7]_i_1/O
                         net (fo=4, routed)           0.620     4.561    buf_metrics1[7]_i_1_n_0
    SLICE_X53Y150        LUT5 (Prop_F6LUT_SLICEM_I2_O)
                                                      0.093     4.654 r  buf_metrics1[31]_i_1/O
                         net (fo=2, routed)           0.440     5.094    buf_metrics10[31]
    SLICE_X55Y151        FDRE                                         r  buf_metrics1_reg[15]/D
  -------------------------------------------------------------------    -------------------

                         (clock sys_clk_pin rise edge)
                                                      0.000     0.000 r  
    AA13                                              0.000     0.000 r  clk (IN)
                         net (fo=0)                   0.000     0.000    clk_IBUF_inst/I
    AA13                 INBUF (Prop_INBUF_HRIO_PAD_O)
                                                      0.662     0.662 r  clk_IBUF_inst/INBUF_INST/O
                         net (fo=1, routed)           0.066     0.728    clk_IBUF_inst/OUT
    AA13                 IBUFCTRL (Prop_IBUFCTRL_HRIO_I_O)
                                                      0.034     0.762 r  clk_IBUF_inst/IBUFCTRL_INST/O
                         net (fo=1, routed)           0.722     1.484    clk_IBUF
    BUFGCE_X1Y0          BUFGCE (Prop_BUFCE_BUFGCE_I_O)
                                                      0.091     1.575 r  clk_IBUF_BUFG_inst/O
    X2Y1 (CLOCK_ROOT)    net (fo=2048, routed)        1.982     3.557    clk_IBUF_BUFG
    SLICE_X55Y151        FDRE                                         r  buf_metrics1_reg[15]/C

Slack:                    inf
  Source:                 i_metric[6]
                            (input port)
  Destination:            buf_metrics0_reg[20]/D
                            (rising edge-triggered cell FDRE clocked by sys_clk_pin  {rise@0.000ns fall@0.500ns period=1.000ns})
  Path Group:             (none)
  Path Type:              Setup (Max at Slow Process Corner)
  Data Path Delay:        5.045ns  (logic 1.202ns (23.822%)  route 3.843ns (76.178%))
  Logic Levels:           4  (IBUFCTRL=1 INBUF=1 LUT3=1 LUT5=1)
  Clock Path Skew:        3.559ns (DCD - SCD + CPR)
    Destination Clock Delay (DCD):    3.559ns
    Source Clock Delay      (SCD):    0.000ns
    Clock Pessimism Removal (CPR):    0.000ns
  Clock Uncertainty:      0.025ns  ((TSJ^2 + TIJ^2)^1/2 + DJ) / 2 + PE
    Total System Jitter     (TSJ):    0.050ns
    Total Input Jitter      (TIJ):    0.000ns
    Discrete Jitter          (DJ):    0.000ns
    Phase Error              (PE):    0.000ns
  Clock Net Delay (Destination): 1.984ns (routing 0.696ns, distribution 1.288ns)

    Location             Delay type                Incr(ns)  Path(ns)    Netlist Resource(s)
  -------------------------------------------------------------------    -------------------
    AC18                                              0.000     0.000 r  i_metric[6] (IN)
                         net (fo=0)                   0.000     0.000    i_metric_IBUF[6]_inst/I
    AC18                 INBUF (Prop_INBUF_HRIO_PAD_O)
                                                      0.782     0.782 r  i_metric_IBUF[6]_inst/INBUF_INST/O
                         net (fo=1, routed)           0.105     0.887    i_metric_IBUF[6]_inst/OUT
    AC18                 IBUFCTRL (Prop_IBUFCTRL_HRIO_I_O)
                                                      0.049     0.936 r  i_metric_IBUF[6]_inst/IBUFCTRL_INST/O
                         net (fo=5, routed)           2.686     3.622    i_metric_IBUF[6]
    SLICE_X57Y145        LUT3 (Prop_H6LUT_SLICEM_I1_O)
                                                      0.225     3.847 r  buf_metrics0[36]_i_2/O
                         net (fo=2, routed)           0.364     4.211    buf_metrics0[36]_i_2_n_0
    SLICE_X53Y143        LUT5 (Prop_C6LUT_SLICEM_I0_O)
                                                      0.146     4.357 r  buf_metrics0[20]_i_1/O
                         net (fo=2, routed)           0.688     5.045    buf_metrics00[20]
    SLICE_X53Y146        FDRE                                         r  buf_metrics0_reg[20]/D
  -------------------------------------------------------------------    -------------------

                         (clock sys_clk_pin rise edge)
                                                      0.000     0.000 r  
    AA13                                              0.000     0.000 r  clk (IN)
                         net (fo=0)                   0.000     0.000    clk_IBUF_inst/I
    AA13                 INBUF (Prop_INBUF_HRIO_PAD_O)
                                                      0.662     0.662 r  clk_IBUF_inst/INBUF_INST/O
                         net (fo=1, routed)           0.066     0.728    clk_IBUF_inst/OUT
    AA13                 IBUFCTRL (Prop_IBUFCTRL_HRIO_I_O)
                                                      0.034     0.762 r  clk_IBUF_inst/IBUFCTRL_INST/O
                         net (fo=1, routed)           0.722     1.484    clk_IBUF
    BUFGCE_X1Y0          BUFGCE (Prop_BUFCE_BUFGCE_I_O)
                                                      0.091     1.575 r  clk_IBUF_BUFG_inst/O
    X2Y1 (CLOCK_ROOT)    net (fo=2048, routed)        1.984     3.559    clk_IBUF_BUFG
    SLICE_X53Y146        FDRE                                         r  buf_metrics0_reg[20]/C

Slack:                    inf
  Source:                 i_metric1[0]
                            (input port)
  Destination:            buf_metrics1_reg[28]/D
                            (rising edge-triggered cell FDRE clocked by sys_clk_pin  {rise@0.000ns fall@0.500ns period=1.000ns})
  Path Group:             (none)
  Path Type:              Setup (Max at Slow Process Corner)
  Data Path Delay:        5.013ns  (logic 1.097ns (21.879%)  route 3.916ns (78.121%))
  Logic Levels:           4  (IBUFCTRL=1 INBUF=1 LUT5=1 LUT6=1)
  Clock Path Skew:        3.565ns (DCD - SCD + CPR)
    Destination Clock Delay (DCD):    3.565ns
    Source Clock Delay      (SCD):    0.000ns
    Clock Pessimism Removal (CPR):    0.000ns
  Clock Uncertainty:      0.025ns  ((TSJ^2 + TIJ^2)^1/2 + DJ) / 2 + PE
    Total System Jitter     (TSJ):    0.050ns
    Total Input Jitter      (TIJ):    0.000ns
    Discrete Jitter          (DJ):    0.000ns
    Phase Error              (PE):    0.000ns
  Clock Net Delay (Destination): 1.990ns (routing 0.696ns, distribution 1.294ns)

    Location             Delay type                Incr(ns)  Path(ns)    Netlist Resource(s)
  -------------------------------------------------------------------    -------------------
    AE17                                              0.000     0.000 r  i_metric1[0] (IN)
                         net (fo=0)                   0.000     0.000    i_metric1_IBUF[0]_inst/I
    AE17                 INBUF (Prop_INBUF_HRIO_PAD_O)
                                                      0.785     0.785 r  i_metric1_IBUF[0]_inst/INBUF_INST/O
                         net (fo=1, routed)           0.105     0.890    i_metric1_IBUF[0]_inst/OUT
    AE17                 IBUFCTRL (Prop_IBUFCTRL_HRIO_I_O)
                                                      0.049     0.939 r  i_metric1_IBUF[0]_inst/IBUFCTRL_INST/O
                         net (fo=8, routed)           2.983     3.922    i_metric1_IBUF[0]
    SLICE_X57Y145        LUT5 (Prop_E6LUT_SLICEM_I2_O)
                                                      0.090     4.012 r  buf_metrics1[4]_i_1/O
                         net (fo=4, routed)           0.293     4.305    buf_metrics1[4]_i_1_n_0
    SLICE_X57Y144        LUT6 (Prop_H6LUT_SLICEM_I3_O)
                                                      0.173     4.478 r  buf_metrics1[28]_i_1/O
                         net (fo=2, routed)           0.535     5.013    buf_metrics10[28]
    SLICE_X53Y147        FDRE                                         r  buf_metrics1_reg[28]/D
  -------------------------------------------------------------------    -------------------

                         (clock sys_clk_pin rise edge)
                                                      0.000     0.000 r  
    AA13                                              0.000     0.000 r  clk (IN)
                         net (fo=0)                   0.000     0.000    clk_IBUF_inst/I
    AA13                 INBUF (Prop_INBUF_HRIO_PAD_O)
                                                      0.662     0.662 r  clk_IBUF_inst/INBUF_INST/O
                         net (fo=1, routed)           0.066     0.728    clk_IBUF_inst/OUT
    AA13                 IBUFCTRL (Prop_IBUFCTRL_HRIO_I_O)
                                                      0.034     0.762 r  clk_IBUF_inst/IBUFCTRL_INST/O
                         net (fo=1, routed)           0.722     1.484    clk_IBUF
    BUFGCE_X1Y0          BUFGCE (Prop_BUFCE_BUFGCE_I_O)
                                                      0.091     1.575 r  clk_IBUF_BUFG_inst/O
    X2Y1 (CLOCK_ROOT)    net (fo=2048, routed)        1.990     3.565    clk_IBUF_BUFG
    SLICE_X53Y147        FDRE                                         r  buf_metrics1_reg[28]/C

Slack:                    inf
  Source:                 i_metric[8]
                            (input port)
  Destination:            buf_metrics0_reg[8]/D
                            (rising edge-triggered cell FDRE clocked by sys_clk_pin  {rise@0.000ns fall@0.500ns period=1.000ns})
  Path Group:             (none)
  Path Type:              Setup (Max at Slow Process Corner)
  Data Path Delay:        4.993ns  (logic 1.198ns (23.992%)  route 3.795ns (76.008%))
  Logic Levels:           4  (IBUFCTRL=1 INBUF=1 LUT5=1 LUT6=1)
  Clock Path Skew:        3.563ns (DCD - SCD + CPR)
    Destination Clock Delay (DCD):    3.563ns
    Source Clock Delay      (SCD):    0.000ns
    Clock Pessimism Removal (CPR):    0.000ns
  Clock Uncertainty:      0.025ns  ((TSJ^2 + TIJ^2)^1/2 + DJ) / 2 + PE
    Total System Jitter     (TSJ):    0.050ns
    Total Input Jitter      (TIJ):    0.000ns
    Discrete Jitter          (DJ):    0.000ns
    Phase Error              (PE):    0.000ns
  Clock Net Delay (Destination): 1.988ns (routing 0.696ns, distribution 1.292ns)

    Location             Delay type                Incr(ns)  Path(ns)    Netlist Resource(s)
  -------------------------------------------------------------------    -------------------
    AF19                                              0.000     0.000 r  i_metric[8] (IN)
                         net (fo=0)                   0.000     0.000    i_metric_IBUF[8]_inst/I
    AF19                 INBUF (Prop_INBUF_HRIO_PAD_O)
                                                      0.760     0.760 r  i_metric_IBUF[8]_inst/INBUF_INST/O
                         net (fo=1, routed)           0.105     0.865    i_metric_IBUF[8]_inst/OUT
    AF19                 IBUFCTRL (Prop_IBUFCTRL_HRIO_I_O)
                                                      0.049     0.914 r  i_metric_IBUF[8]_inst/IBUFCTRL_INST/O
                         net (fo=7, routed)           2.968     3.882    i_metric_IBUF[8]
    SLICE_X53Y142        LUT6 (Prop_B6LUT_SLICEM_I1_O)
                                                      0.243     4.125 r  buf_metrics0[32]_i_2/O
                         net (fo=3, routed)           0.267     4.392    buf_metrics0[32]_i_2_n_0
    SLICE_X53Y145        LUT5 (Prop_G6LUT_SLICEM_I3_O)
                                                      0.146     4.538 r  buf_metrics0[24]_i_1/O
                         net (fo=2, routed)           0.455     4.993    buf_metrics00[8]
    SLICE_X55Y145        FDRE                                         r  buf_metrics0_reg[8]/D
  -------------------------------------------------------------------    -------------------

                         (clock sys_clk_pin rise edge)
                                                      0.000     0.000 r  
    AA13                                              0.000     0.000 r  clk (IN)
                         net (fo=0)                   0.000     0.000    clk_IBUF_inst/I
    AA13                 INBUF (Prop_INBUF_HRIO_PAD_O)
                                                      0.662     0.662 r  clk_IBUF_inst/INBUF_INST/O
                         net (fo=1, routed)           0.066     0.728    clk_IBUF_inst/OUT
    AA13                 IBUFCTRL (Prop_IBUFCTRL_HRIO_I_O)
                                                      0.034     0.762 r  clk_IBUF_inst/IBUFCTRL_INST/O
                         net (fo=1, routed)           0.722     1.484    clk_IBUF
    BUFGCE_X1Y0          BUFGCE (Prop_BUFCE_BUFGCE_I_O)
                                                      0.091     1.575 r  clk_IBUF_BUFG_inst/O
    X2Y1 (CLOCK_ROOT)    net (fo=2048, routed)        1.988     3.563    clk_IBUF_BUFG
    SLICE_X55Y145        FDRE                                         r  buf_metrics0_reg[8]/C

Slack:                    inf
  Source:                 i_metric1[4]
                            (input port)
  Destination:            buf_metrics1_reg[10]/D
                            (rising edge-triggered cell FDRE clocked by sys_clk_pin  {rise@0.000ns fall@0.500ns period=1.000ns})
  Path Group:             (none)
  Path Type:              Setup (Max at Slow Process Corner)
  Data Path Delay:        4.958ns  (logic 1.133ns (22.857%)  route 3.825ns (77.143%))
  Logic Levels:           4  (IBUFCTRL=1 INBUF=1 LUT5=1 LUT6=1)
  Clock Path Skew:        3.557ns (DCD - SCD + CPR)
    Destination Clock Delay (DCD):    3.557ns
    Source Clock Delay      (SCD):    0.000ns
    Clock Pessimism Removal (CPR):    0.000ns
  Clock Uncertainty:      0.025ns  ((TSJ^2 + TIJ^2)^1/2 + DJ) / 2 + PE
    Total System Jitter     (TSJ):    0.050ns
    Total Input Jitter      (TIJ):    0.000ns
    Discrete Jitter          (DJ):    0.000ns
    Phase Error              (PE):    0.000ns
  Clock Net Delay (Destination): 1.982ns (routing 0.696ns, distribution 1.286ns)

    Location             Delay type                Incr(ns)  Path(ns)    Netlist Resource(s)
  -------------------------------------------------------------------    -------------------
    AC16                                              0.000     0.000 r  i_metric1[4] (IN)
                         net (fo=0)                   0.000     0.000    i_metric1_IBUF[4]_inst/I
    AC16                 INBUF (Prop_INBUF_HRIO_PAD_O)
                                                      0.769     0.769 r  i_metric1_IBUF[4]_inst/INBUF_INST/O
                         net (fo=1, routed)           0.105     0.874    i_metric1_IBUF[4]_inst/OUT
    AC16                 IBUFCTRL (Prop_IBUFCTRL_HRIO_I_O)
                                                      0.049     0.923 r  i_metric1_IBUF[4]_inst/IBUFCTRL_INST/O
                         net (fo=4, routed)           2.727     3.650    i_metric1_IBUF[4]
    SLICE_X57Y144        LUT5 (Prop_F6LUT_SLICEM_I1_O)
                                                      0.226     3.876 r  buf_metrics1[34]_i_2/O
                         net (fo=3, routed)           0.345     4.221    buf_metrics1[34]_i_2_n_0
    SLICE_X56Y146        LUT6 (Prop_H6LUT_SLICEL_I4_O)
                                                      0.089     4.310 r  buf_metrics1[26]_i_1/O
                         net (fo=2, routed)           0.648     4.958    buf_metrics10[26]
    SLICE_X55Y150        FDRE                                         r  buf_metrics1_reg[10]/D
  -------------------------------------------------------------------    -------------------

                         (clock sys_clk_pin rise edge)
                                                      0.000     0.000 r  
    AA13                                              0.000     0.000 r  clk (IN)
                         net (fo=0)                   0.000     0.000    clk_IBUF_inst/I
    AA13                 INBUF (Prop_INBUF_HRIO_PAD_O)
                                                      0.662     0.662 r  clk_IBUF_inst/INBUF_INST/O
                         net (fo=1, routed)           0.066     0.728    clk_IBUF_inst/OUT
    AA13                 IBUFCTRL (Prop_IBUFCTRL_HRIO_I_O)
                                                      0.034     0.762 r  clk_IBUF_inst/IBUFCTRL_INST/O
                         net (fo=1, routed)           0.722     1.484    clk_IBUF
    BUFGCE_X1Y0          BUFGCE (Prop_BUFCE_BUFGCE_I_O)
                                                      0.091     1.575 r  clk_IBUF_BUFG_inst/O
    X2Y1 (CLOCK_ROOT)    net (fo=2048, routed)        1.982     3.557    clk_IBUF_BUFG
    SLICE_X55Y150        FDRE                                         r  buf_metrics1_reg[10]/C





Min Delay Paths
--------------------------------------------------------------------------------------
Slack:                    inf
  Source:                 i_valid
                            (input port)
  Destination:            cnt_in_reg[0]/CE
                            (rising edge-triggered cell FDRE clocked by sys_clk_pin  {rise@0.000ns fall@0.500ns period=1.000ns})
  Path Group:             (none)
  Path Type:              Hold (Min at Fast Process Corner)
  Data Path Delay:        0.769ns  (logic 0.132ns (17.205%)  route 0.637ns (82.795%))
  Logic Levels:           2  (IBUFCTRL=1 INBUF=1)
  Clock Path Skew:        2.422ns (DCD - SCD - CPR)
    Destination Clock Delay (DCD):    2.422ns
    Source Clock Delay      (SCD):    0.000ns
    Clock Pessimism Removal (CPR):    -0.000ns
  Clock Net Delay (Destination): 0.980ns (routing 0.309ns, distribution 0.671ns)

    Location             Delay type                Incr(ns)  Path(ns)    Netlist Resource(s)
  -------------------------------------------------------------------    -------------------
    G15                                               0.000     0.000 r  i_valid (IN)
                         net (fo=0)                   0.000     0.000    i_valid_IBUF_inst/I
    G15                  INBUF (Prop_INBUF_HPIOB_PAD_O)
                                                      0.132     0.132 r  i_valid_IBUF_inst/INBUF_INST/O
                         net (fo=1, routed)           0.027     0.159    i_valid_IBUF_inst/OUT
    G15                  IBUFCTRL (Prop_IBUFCTRL_HPIOB_I_O)
                                                      0.000     0.159 r  i_valid_IBUF_inst/IBUFCTRL_INST/O
                         net (fo=34, routed)          0.610     0.769    i_valid_IBUF
    SLICE_X53Y142        FDRE                                         r  cnt_in_reg[0]/CE
  -------------------------------------------------------------------    -------------------

                         (clock sys_clk_pin rise edge)
                                                      0.000     0.000 r  
    AA13                                              0.000     0.000 r  clk (IN)
                         net (fo=0)                   0.000     0.000    clk_IBUF_inst/I
    AA13                 INBUF (Prop_INBUF_HRIO_PAD_O)
                                                      0.938     0.938 r  clk_IBUF_inst/INBUF_INST/O
                         net (fo=1, routed)           0.042     0.980    clk_IBUF_inst/OUT
    AA13                 IBUFCTRL (Prop_IBUFCTRL_HRIO_I_O)
                                                      0.022     1.002 r  clk_IBUF_inst/IBUFCTRL_INST/O
                         net (fo=1, routed)           0.409     1.411    clk_IBUF
    BUFGCE_X1Y0          BUFGCE (Prop_BUFCE_BUFGCE_I_O)
                                                      0.031     1.442 r  clk_IBUF_BUFG_inst/O
    X2Y1 (CLOCK_ROOT)    net (fo=2048, routed)        0.980     2.422    clk_IBUF_BUFG
    SLICE_X53Y142        FDRE                                         r  cnt_in_reg[0]/C

Slack:                    inf
  Source:                 i_valid
                            (input port)
  Destination:            cnt_in_reg[1]/CE
                            (rising edge-triggered cell FDRE clocked by sys_clk_pin  {rise@0.000ns fall@0.500ns period=1.000ns})
  Path Group:             (none)
  Path Type:              Hold (Min at Fast Process Corner)
  Data Path Delay:        0.769ns  (logic 0.132ns (17.205%)  route 0.637ns (82.795%))
  Logic Levels:           2  (IBUFCTRL=1 INBUF=1)
  Clock Path Skew:        2.422ns (DCD - SCD - CPR)
    Destination Clock Delay (DCD):    2.422ns
    Source Clock Delay      (SCD):    0.000ns
    Clock Pessimism Removal (CPR):    -0.000ns
  Clock Net Delay (Destination): 0.980ns (routing 0.309ns, distribution 0.671ns)

    Location             Delay type                Incr(ns)  Path(ns)    Netlist Resource(s)
  -------------------------------------------------------------------    -------------------
    G15                                               0.000     0.000 r  i_valid (IN)
                         net (fo=0)                   0.000     0.000    i_valid_IBUF_inst/I
    G15                  INBUF (Prop_INBUF_HPIOB_PAD_O)
                                                      0.132     0.132 r  i_valid_IBUF_inst/INBUF_INST/O
                         net (fo=1, routed)           0.027     0.159    i_valid_IBUF_inst/OUT
    G15                  IBUFCTRL (Prop_IBUFCTRL_HPIOB_I_O)
                                                      0.000     0.159 r  i_valid_IBUF_inst/IBUFCTRL_INST/O
                         net (fo=34, routed)          0.610     0.769    i_valid_IBUF
    SLICE_X53Y142        FDRE                                         r  cnt_in_reg[1]/CE
  -------------------------------------------------------------------    -------------------

                         (clock sys_clk_pin rise edge)
                                                      0.000     0.000 r  
    AA13                                              0.000     0.000 r  clk (IN)
                         net (fo=0)                   0.000     0.000    clk_IBUF_inst/I
    AA13                 INBUF (Prop_INBUF_HRIO_PAD_O)
                                                      0.938     0.938 r  clk_IBUF_inst/INBUF_INST/O
                         net (fo=1, routed)           0.042     0.980    clk_IBUF_inst/OUT
    AA13                 IBUFCTRL (Prop_IBUFCTRL_HRIO_I_O)
                                                      0.022     1.002 r  clk_IBUF_inst/IBUFCTRL_INST/O
                         net (fo=1, routed)           0.409     1.411    clk_IBUF
    BUFGCE_X1Y0          BUFGCE (Prop_BUFCE_BUFGCE_I_O)
                                                      0.031     1.442 r  clk_IBUF_BUFG_inst/O
    X2Y1 (CLOCK_ROOT)    net (fo=2048, routed)        0.980     2.422    clk_IBUF_BUFG
    SLICE_X53Y142        FDRE                                         r  cnt_in_reg[1]/C

Slack:                    inf
  Source:                 i_label1[30]
                            (input port)
  Destination:            buf_labels1_reg[126]/D
                            (rising edge-triggered cell FDRE clocked by sys_clk_pin  {rise@0.000ns fall@0.500ns period=1.000ns})
  Path Group:             (none)
  Path Type:              Hold (Min at Fast Process Corner)
  Data Path Delay:        0.797ns  (logic 0.132ns (16.602%)  route 0.665ns (83.398%))
  Logic Levels:           2  (IBUFCTRL=1 INBUF=1)
  Clock Path Skew:        2.377ns (DCD - SCD - CPR)
    Destination Clock Delay (DCD):    2.377ns
    Source Clock Delay      (SCD):    0.000ns
    Clock Pessimism Removal (CPR):    -0.000ns
  Clock Net Delay (Destination): 0.935ns (routing 0.309ns, distribution 0.626ns)

    Location             Delay type                Incr(ns)  Path(ns)    Netlist Resource(s)
  -------------------------------------------------------------------    -------------------
    J13                                               0.000     0.000 r  i_label1[30] (IN)
                         net (fo=0)                   0.000     0.000    i_label1_IBUF[30]_inst/I
    J13                  INBUF (Prop_INBUF_HPIOB_PAD_O)
                                                      0.132     0.132 r  i_label1_IBUF[30]_inst/INBUF_INST/O
                         net (fo=1, routed)           0.027     0.159    i_label1_IBUF[30]_inst/OUT
    J13                  IBUFCTRL (Prop_IBUFCTRL_HPIOB_I_O)
                                                      0.000     0.159 r  i_label1_IBUF[30]_inst/IBUFCTRL_INST/O
                         net (fo=4, routed)           0.638     0.797    i_label1_IBUF[30]
    SLICE_X49Y116        FDRE                                         r  buf_labels1_reg[126]/D
  -------------------------------------------------------------------    -------------------

                         (clock sys_clk_pin rise edge)
                                                      0.000     0.000 r  
    AA13                                              0.000     0.000 r  clk (IN)
                         net (fo=0)                   0.000     0.000    clk_IBUF_inst/I
    AA13                 INBUF (Prop_INBUF_HRIO_PAD_O)
                                                      0.938     0.938 r  clk_IBUF_inst/INBUF_INST/O
                         net (fo=1, routed)           0.042     0.980    clk_IBUF_inst/OUT
    AA13                 IBUFCTRL (Prop_IBUFCTRL_HRIO_I_O)
                                                      0.022     1.002 r  clk_IBUF_inst/IBUFCTRL_INST/O
                         net (fo=1, routed)           0.409     1.411    clk_IBUF
    BUFGCE_X1Y0          BUFGCE (Prop_BUFCE_BUFGCE_I_O)
                                                      0.031     1.442 r  clk_IBUF_BUFG_inst/O
    X2Y1 (CLOCK_ROOT)    net (fo=2048, routed)        0.935     2.377    clk_IBUF_BUFG
    SLICE_X49Y116        FDRE                                         r  buf_labels1_reg[126]/C

Slack:                    inf
  Source:                 i_label1[27]
                            (input port)
  Destination:            buf_labels1_reg[91]/D
                            (rising edge-triggered cell FDRE clocked by sys_clk_pin  {rise@0.000ns fall@0.500ns period=1.000ns})
  Path Group:             (none)
  Path Type:              Hold (Min at Fast Process Corner)
  Data Path Delay:        0.816ns  (logic 0.132ns (16.135%)  route 0.684ns (83.865%))
  Logic Levels:           2  (IBUFCTRL=1 INBUF=1)
  Clock Path Skew:        2.405ns (DCD - SCD - CPR)
    Destination Clock Delay (DCD):    2.405ns
    Source Clock Delay      (SCD):    0.000ns
    Clock Pessimism Removal (CPR):    -0.000ns
  Clock Net Delay (Destination): 0.963ns (routing 0.309ns, distribution 0.654ns)

    Location             Delay type                Incr(ns)  Path(ns)    Netlist Resource(s)
  -------------------------------------------------------------------    -------------------
    F12                                               0.000     0.000 r  i_label1[27] (IN)
                         net (fo=0)                   0.000     0.000    i_label1_IBUF[27]_inst/I
    F12                  INBUF (Prop_INBUF_HPIOB_PAD_O)
                                                      0.132     0.132 r  i_label1_IBUF[27]_inst/INBUF_INST/O
                         net (fo=1, routed)           0.027     0.159    i_label1_IBUF[27]_inst/OUT
    F12                  IBUFCTRL (Prop_IBUFCTRL_HPIOB_I_O)
                                                      0.000     0.159 r  i_label1_IBUF[27]_inst/IBUFCTRL_INST/O
                         net (fo=4, routed)           0.657     0.816    i_label1_IBUF[27]
    SLICE_X51Y115        FDRE                                         r  buf_labels1_reg[91]/D
  -------------------------------------------------------------------    -------------------

                         (clock sys_clk_pin rise edge)
                                                      0.000     0.000 r  
    AA13                                              0.000     0.000 r  clk (IN)
                         net (fo=0)                   0.000     0.000    clk_IBUF_inst/I
    AA13                 INBUF (Prop_INBUF_HRIO_PAD_O)
                                                      0.938     0.938 r  clk_IBUF_inst/INBUF_INST/O
                         net (fo=1, routed)           0.042     0.980    clk_IBUF_inst/OUT
    AA13                 IBUFCTRL (Prop_IBUFCTRL_HRIO_I_O)
                                                      0.022     1.002 r  clk_IBUF_inst/IBUFCTRL_INST/O
                         net (fo=1, routed)           0.409     1.411    clk_IBUF
    BUFGCE_X1Y0          BUFGCE (Prop_BUFCE_BUFGCE_I_O)
                                                      0.031     1.442 r  clk_IBUF_BUFG_inst/O
    X2Y1 (CLOCK_ROOT)    net (fo=2048, routed)        0.963     2.405    clk_IBUF_BUFG
    SLICE_X51Y115        FDRE                                         r  buf_labels1_reg[91]/C

Slack:                    inf
  Source:                 i_label1[30]
                            (input port)
  Destination:            buf_labels1_reg[30]/D
                            (rising edge-triggered cell FDRE clocked by sys_clk_pin  {rise@0.000ns fall@0.500ns period=1.000ns})
  Path Group:             (none)
  Path Type:              Hold (Min at Fast Process Corner)
  Data Path Delay:        0.825ns  (logic 0.132ns (16.039%)  route 0.693ns (83.961%))
  Logic Levels:           2  (IBUFCTRL=1 INBUF=1)
  Clock Path Skew:        2.378ns (DCD - SCD - CPR)
    Destination Clock Delay (DCD):    2.378ns
    Source Clock Delay      (SCD):    0.000ns
    Clock Pessimism Removal (CPR):    -0.000ns
  Clock Net Delay (Destination): 0.936ns (routing 0.309ns, distribution 0.627ns)

    Location             Delay type                Incr(ns)  Path(ns)    Netlist Resource(s)
  -------------------------------------------------------------------    -------------------
    J13                                               0.000     0.000 r  i_label1[30] (IN)
                         net (fo=0)                   0.000     0.000    i_label1_IBUF[30]_inst/I
    J13                  INBUF (Prop_INBUF_HPIOB_PAD_O)
                                                      0.132     0.132 r  i_label1_IBUF[30]_inst/INBUF_INST/O
                         net (fo=1, routed)           0.027     0.159    i_label1_IBUF[30]_inst/OUT
    J13                  IBUFCTRL (Prop_IBUFCTRL_HPIOB_I_O)
                                                      0.000     0.159 r  i_label1_IBUF[30]_inst/IBUFCTRL_INST/O
                         net (fo=4, routed)           0.666     0.825    i_label1_IBUF[30]
    SLICE_X49Y117        FDRE                                         r  buf_labels1_reg[30]/D
  -------------------------------------------------------------------    -------------------

                         (clock sys_clk_pin rise edge)
                                                      0.000     0.000 r  
    AA13                                              0.000     0.000 r  clk (IN)
                         net (fo=0)                   0.000     0.000    clk_IBUF_inst/I
    AA13                 INBUF (Prop_INBUF_HRIO_PAD_O)
                                                      0.938     0.938 r  clk_IBUF_inst/INBUF_INST/O
                         net (fo=1, routed)           0.042     0.980    clk_IBUF_inst/OUT
    AA13                 IBUFCTRL (Prop_IBUFCTRL_HRIO_I_O)
                                                      0.022     1.002 r  clk_IBUF_inst/IBUFCTRL_INST/O
                         net (fo=1, routed)           0.409     1.411    clk_IBUF
    BUFGCE_X1Y0          BUFGCE (Prop_BUFCE_BUFGCE_I_O)
                                                      0.031     1.442 r  clk_IBUF_BUFG_inst/O
    X2Y1 (CLOCK_ROOT)    net (fo=2048, routed)        0.936     2.378    clk_IBUF_BUFG
    SLICE_X49Y117        FDRE                                         r  buf_labels1_reg[30]/C

Slack:                    inf
  Source:                 i_label1[30]
                            (input port)
  Destination:            buf_labels1_reg[94]/D
                            (rising edge-triggered cell FDRE clocked by sys_clk_pin  {rise@0.000ns fall@0.500ns period=1.000ns})
  Path Group:             (none)
  Path Type:              Hold (Min at Fast Process Corner)
  Data Path Delay:        0.833ns  (logic 0.132ns (15.885%)  route 0.701ns (84.115%))
  Logic Levels:           2  (IBUFCTRL=1 INBUF=1)
  Clock Path Skew:        2.377ns (DCD - SCD - CPR)
    Destination Clock Delay (DCD):    2.377ns
    Source Clock Delay      (SCD):    0.000ns
    Clock Pessimism Removal (CPR):    -0.000ns
  Clock Net Delay (Destination): 0.935ns (routing 0.309ns, distribution 0.626ns)

    Location             Delay type                Incr(ns)  Path(ns)    Netlist Resource(s)
  -------------------------------------------------------------------    -------------------
    J13                                               0.000     0.000 r  i_label1[30] (IN)
                         net (fo=0)                   0.000     0.000    i_label1_IBUF[30]_inst/I
    J13                  INBUF (Prop_INBUF_HPIOB_PAD_O)
                                                      0.132     0.132 r  i_label1_IBUF[30]_inst/INBUF_INST/O
                         net (fo=1, routed)           0.027     0.159    i_label1_IBUF[30]_inst/OUT
    J13                  IBUFCTRL (Prop_IBUFCTRL_HPIOB_I_O)
                                                      0.000     0.159 r  i_label1_IBUF[30]_inst/IBUFCTRL_INST/O
                         net (fo=4, routed)           0.674     0.833    i_label1_IBUF[30]
    SLICE_X49Y116        FDRE                                         r  buf_labels1_reg[94]/D
  -------------------------------------------------------------------    -------------------

                         (clock sys_clk_pin rise edge)
                                                      0.000     0.000 r  
    AA13                                              0.000     0.000 r  clk (IN)
                         net (fo=0)                   0.000     0.000    clk_IBUF_inst/I
    AA13                 INBUF (Prop_INBUF_HRIO_PAD_O)
                                                      0.938     0.938 r  clk_IBUF_inst/INBUF_INST/O
                         net (fo=1, routed)           0.042     0.980    clk_IBUF_inst/OUT
    AA13                 IBUFCTRL (Prop_IBUFCTRL_HRIO_I_O)
                                                      0.022     1.002 r  clk_IBUF_inst/IBUFCTRL_INST/O
                         net (fo=1, routed)           0.409     1.411    clk_IBUF
    BUFGCE_X1Y0          BUFGCE (Prop_BUFCE_BUFGCE_I_O)
                                                      0.031     1.442 r  clk_IBUF_BUFG_inst/O
    X2Y1 (CLOCK_ROOT)    net (fo=2048, routed)        0.935     2.377    clk_IBUF_BUFG
    SLICE_X49Y116        FDRE                                         r  buf_labels1_reg[94]/C

Slack:                    inf
  Source:                 i_label1[23]
                            (input port)
  Destination:            buf_labels1_reg[23]/D
                            (rising edge-triggered cell FDRE clocked by sys_clk_pin  {rise@0.000ns fall@0.500ns period=1.000ns})
  Path Group:             (none)
  Path Type:              Hold (Min at Fast Process Corner)
  Data Path Delay:        0.838ns  (logic 0.147ns (17.521%)  route 0.691ns (82.479%))
  Logic Levels:           2  (IBUFCTRL=1 INBUF=1)
  Clock Path Skew:        2.381ns (DCD - SCD - CPR)
    Destination Clock Delay (DCD):    2.381ns
    Source Clock Delay      (SCD):    0.000ns
    Clock Pessimism Removal (CPR):    -0.000ns
  Clock Net Delay (Destination): 0.939ns (routing 0.309ns, distribution 0.630ns)

    Location             Delay type                Incr(ns)  Path(ns)    Netlist Resource(s)
  -------------------------------------------------------------------    -------------------
    D10                                               0.000     0.000 r  i_label1[23] (IN)
                         net (fo=0)                   0.000     0.000    i_label1_IBUF[23]_inst/I
    D10                  INBUF (Prop_INBUF_HPIOB_PAD_O)
                                                      0.147     0.147 r  i_label1_IBUF[23]_inst/INBUF_INST/O
                         net (fo=1, routed)           0.027     0.174    i_label1_IBUF[23]_inst/OUT
    D10                  IBUFCTRL (Prop_IBUFCTRL_HPIOB_I_O)
                                                      0.000     0.174 r  i_label1_IBUF[23]_inst/IBUFCTRL_INST/O
                         net (fo=4, routed)           0.664     0.838    i_label1_IBUF[23]
    SLICE_X49Y117        FDRE                                         r  buf_labels1_reg[23]/D
  -------------------------------------------------------------------    -------------------

                         (clock sys_clk_pin rise edge)
                                                      0.000     0.000 r  
    AA13                                              0.000     0.000 r  clk (IN)
                         net (fo=0)                   0.000     0.000    clk_IBUF_inst/I
    AA13                 INBUF (Prop_INBUF_HRIO_PAD_O)
                                                      0.938     0.938 r  clk_IBUF_inst/INBUF_INST/O
                         net (fo=1, routed)           0.042     0.980    clk_IBUF_inst/OUT
    AA13                 IBUFCTRL (Prop_IBUFCTRL_HRIO_I_O)
                                                      0.022     1.002 r  clk_IBUF_inst/IBUFCTRL_INST/O
                         net (fo=1, routed)           0.409     1.411    clk_IBUF
    BUFGCE_X1Y0          BUFGCE (Prop_BUFCE_BUFGCE_I_O)
                                                      0.031     1.442 r  clk_IBUF_BUFG_inst/O
    X2Y1 (CLOCK_ROOT)    net (fo=2048, routed)        0.939     2.381    clk_IBUF_BUFG
    SLICE_X49Y117        FDRE                                         r  buf_labels1_reg[23]/C

Slack:                    inf
  Source:                 i_label1[31]
                            (input port)
  Destination:            buf_labels1_reg[127]/D
                            (rising edge-triggered cell FDRE clocked by sys_clk_pin  {rise@0.000ns fall@0.500ns period=1.000ns})
  Path Group:             (none)
  Path Type:              Hold (Min at Fast Process Corner)
  Data Path Delay:        0.841ns  (logic 0.130ns (15.446%)  route 0.711ns (84.554%))
  Logic Levels:           2  (IBUFCTRL=1 INBUF=1)
  Clock Path Skew:        2.377ns (DCD - SCD - CPR)
    Destination Clock Delay (DCD):    2.377ns
    Source Clock Delay      (SCD):    0.000ns
    Clock Pessimism Removal (CPR):    -0.000ns
  Clock Net Delay (Destination): 0.935ns (routing 0.309ns, distribution 0.626ns)

    Location             Delay type                Incr(ns)  Path(ns)    Netlist Resource(s)
  -------------------------------------------------------------------    -------------------
    H13                                               0.000     0.000 r  i_label1[31] (IN)
                         net (fo=0)                   0.000     0.000    i_label1_IBUF[31]_inst/I
    H13                  INBUF (Prop_INBUF_HPIOB_PAD_O)
                                                      0.130     0.130 r  i_label1_IBUF[31]_inst/INBUF_INST/O
                         net (fo=1, routed)           0.027     0.157    i_label1_IBUF[31]_inst/OUT
    H13                  IBUFCTRL (Prop_IBUFCTRL_HPIOB_I_O)
                                                      0.000     0.157 r  i_label1_IBUF[31]_inst/IBUFCTRL_INST/O
                         net (fo=4, routed)           0.684     0.841    i_label1_IBUF[31]
    SLICE_X49Y115        FDRE                                         r  buf_labels1_reg[127]/D
  -------------------------------------------------------------------    -------------------

                         (clock sys_clk_pin rise edge)
                                                      0.000     0.000 r  
    AA13                                              0.000     0.000 r  clk (IN)
                         net (fo=0)                   0.000     0.000    clk_IBUF_inst/I
    AA13                 INBUF (Prop_INBUF_HRIO_PAD_O)
                                                      0.938     0.938 r  clk_IBUF_inst/INBUF_INST/O
                         net (fo=1, routed)           0.042     0.980    clk_IBUF_inst/OUT
    AA13                 IBUFCTRL (Prop_IBUFCTRL_HRIO_I_O)
                                                      0.022     1.002 r  clk_IBUF_inst/IBUFCTRL_INST/O
                         net (fo=1, routed)           0.409     1.411    clk_IBUF
    BUFGCE_X1Y0          BUFGCE (Prop_BUFCE_BUFGCE_I_O)
                                                      0.031     1.442 r  clk_IBUF_BUFG_inst/O
    X2Y1 (CLOCK_ROOT)    net (fo=2048, routed)        0.935     2.377    clk_IBUF_BUFG
    SLICE_X49Y115        FDRE                                         r  buf_labels1_reg[127]/C

Slack:                    inf
  Source:                 i_label1[27]
                            (input port)
  Destination:            buf_labels1_reg[123]/D
                            (rising edge-triggered cell FDRE clocked by sys_clk_pin  {rise@0.000ns fall@0.500ns period=1.000ns})
  Path Group:             (none)
  Path Type:              Hold (Min at Fast Process Corner)
  Data Path Delay:        0.847ns  (logic 0.132ns (15.545%)  route 0.715ns (84.455%))
  Logic Levels:           2  (IBUFCTRL=1 INBUF=1)
  Clock Path Skew:        2.377ns (DCD - SCD - CPR)
    Destination Clock Delay (DCD):    2.377ns
    Source Clock Delay      (SCD):    0.000ns
    Clock Pessimism Removal (CPR):    -0.000ns
  Clock Net Delay (Destination): 0.935ns (routing 0.309ns, distribution 0.626ns)

    Location             Delay type                Incr(ns)  Path(ns)    Netlist Resource(s)
  -------------------------------------------------------------------    -------------------
    F12                                               0.000     0.000 r  i_label1[27] (IN)
                         net (fo=0)                   0.000     0.000    i_label1_IBUF[27]_inst/I
    F12                  INBUF (Prop_INBUF_HPIOB_PAD_O)
                                                      0.132     0.132 r  i_label1_IBUF[27]_inst/INBUF_INST/O
                         net (fo=1, routed)           0.027     0.159    i_label1_IBUF[27]_inst/OUT
    F12                  IBUFCTRL (Prop_IBUFCTRL_HPIOB_I_O)
                                                      0.000     0.159 r  i_label1_IBUF[27]_inst/IBUFCTRL_INST/O
                         net (fo=4, routed)           0.688     0.847    i_label1_IBUF[27]
    SLICE_X49Y115        FDRE                                         r  buf_labels1_reg[123]/D
  -------------------------------------------------------------------    -------------------

                         (clock sys_clk_pin rise edge)
                                                      0.000     0.000 r  
    AA13                                              0.000     0.000 r  clk (IN)
                         net (fo=0)                   0.000     0.000    clk_IBUF_inst/I
    AA13                 INBUF (Prop_INBUF_HRIO_PAD_O)
                                                      0.938     0.938 r  clk_IBUF_inst/INBUF_INST/O
                         net (fo=1, routed)           0.042     0.980    clk_IBUF_inst/OUT
    AA13                 IBUFCTRL (Prop_IBUFCTRL_HRIO_I_O)
                                                      0.022     1.002 r  clk_IBUF_inst/IBUFCTRL_INST/O
                         net (fo=1, routed)           0.409     1.411    clk_IBUF
    BUFGCE_X1Y0          BUFGCE (Prop_BUFCE_BUFGCE_I_O)
                                                      0.031     1.442 r  clk_IBUF_BUFG_inst/O
    X2Y1 (CLOCK_ROOT)    net (fo=2048, routed)        0.935     2.377    clk_IBUF_BUFG
    SLICE_X49Y115        FDRE                                         r  buf_labels1_reg[123]/C

Slack:                    inf
  Source:                 i_label1[26]
                            (input port)
  Destination:            buf_labels1_reg[26]/D
                            (rising edge-triggered cell FDRE clocked by sys_clk_pin  {rise@0.000ns fall@0.500ns period=1.000ns})
  Path Group:             (none)
  Path Type:              Hold (Min at Fast Process Corner)
  Data Path Delay:        0.852ns  (logic 0.131ns (15.397%)  route 0.721ns (84.603%))
  Logic Levels:           2  (IBUFCTRL=1 INBUF=1)
  Clock Path Skew:        2.381ns (DCD - SCD - CPR)
    Destination Clock Delay (DCD):    2.381ns
    Source Clock Delay      (SCD):    0.000ns
    Clock Pessimism Removal (CPR):    -0.000ns
  Clock Net Delay (Destination): 0.939ns (routing 0.309ns, distribution 0.630ns)

    Location             Delay type                Incr(ns)  Path(ns)    Netlist Resource(s)
  -------------------------------------------------------------------    -------------------
    G12                                               0.000     0.000 r  i_label1[26] (IN)
                         net (fo=0)                   0.000     0.000    i_label1_IBUF[26]_inst/I
    G12                  INBUF (Prop_INBUF_HPIOB_PAD_O)
                                                      0.131     0.131 r  i_label1_IBUF[26]_inst/INBUF_INST/O
                         net (fo=1, routed)           0.027     0.158    i_label1_IBUF[26]_inst/OUT
    G12                  IBUFCTRL (Prop_IBUFCTRL_HPIOB_I_O)
                                                      0.000     0.158 r  i_label1_IBUF[26]_inst/IBUFCTRL_INST/O
                         net (fo=4, routed)           0.694     0.852    i_label1_IBUF[26]
    SLICE_X49Y117        FDRE                                         r  buf_labels1_reg[26]/D
  -------------------------------------------------------------------    -------------------

                         (clock sys_clk_pin rise edge)
                                                      0.000     0.000 r  
    AA13                                              0.000     0.000 r  clk (IN)
                         net (fo=0)                   0.000     0.000    clk_IBUF_inst/I
    AA13                 INBUF (Prop_INBUF_HRIO_PAD_O)
                                                      0.938     0.938 r  clk_IBUF_inst/INBUF_INST/O
                         net (fo=1, routed)           0.042     0.980    clk_IBUF_inst/OUT
    AA13                 IBUFCTRL (Prop_IBUFCTRL_HRIO_I_O)
                                                      0.022     1.002 r  clk_IBUF_inst/IBUFCTRL_INST/O
                         net (fo=1, routed)           0.409     1.411    clk_IBUF
    BUFGCE_X1Y0          BUFGCE (Prop_BUFCE_BUFGCE_I_O)
                                                      0.031     1.442 r  clk_IBUF_BUFG_inst/O
    X2Y1 (CLOCK_ROOT)    net (fo=2048, routed)        0.939     2.381    clk_IBUF_BUFG
    SLICE_X49Y117        FDRE                                         r  buf_labels1_reg[26]/C





