Copyright 1986-2022 Xilinx, Inc. All Rights Reserved.
-----------------------------------------------------------------------------------------------------------------------------------------------------------------------------------
| Tool Version : Vivado v.2022.1 (win64) Build 3526262 Mon Apr 18 15:48:16 MDT 2022
| Date         : Mon May  4 22:20:34 2026
| Host         : feduuk running 64-bit major release  (build 9200)
| Command      : report_methodology -file table_sort_wrap_methodology_drc_routed.rpt -pb table_sort_wrap_methodology_drc_routed.pb -rpx table_sort_wrap_methodology_drc_routed.rpx
| Design       : table_sort_wrap
| Device       : xcku035-fbva676-1-i
| Speed File   : -1
| Design State : Fully Routed
-----------------------------------------------------------------------------------------------------------------------------------------------------------------------------------

Report Methodology

Table of Contents
-----------------
1. REPORT SUMMARY
2. REPORT DETAILS

1. REPORT SUMMARY
-----------------
            Netlist: netlist
          Floorplan: design_1
      Design limits: <entire design considered>
             Max violations: <unlimited>
             Violations found: 518
+-----------+----------+-------------------------------+------------+
| Rule      | Severity | Description                   | Violations |
+-----------+----------+-------------------------------+------------+
| TIMING-16 | Warning  | Large setup violation         | 487        |
| TIMING-18 | Warning  | Missing input or output delay | 31         |
+-----------+----------+-------------------------------+------------+

2. REPORT DETAILS
-----------------
TIMING-16#1 Warning
Large setup violation  
There is a large setup violation of -1.000 ns between dut/genblk1[4].sort/GEN8.u_sort/r4_m_reg[3][9]/C (clocked by sys_clk_pin) and dut/genblk1[4].sort/GEN8.u_sort/r5_m_reg[1][0]/D (clocked by sys_clk_pin). Large setup violations at the end of those stages might be difficult to fix during the post-placement implementation flow and could be the result of non-optimal XDC constraints or non-optimal design architecture
Related violations: <none>

TIMING-16#2 Warning
Large setup violation  
There is a large setup violation of -1.000 ns between dut/genblk1[6].sort/GEN8.u_sort/r2_m_reg[3][9]/C (clocked by sys_clk_pin) and dut/genblk1[6].sort/GEN8.u_sort/r3_l_reg[3][3]/D (clocked by sys_clk_pin). Large setup violations at the end of those stages might be difficult to fix during the post-placement implementation flow and could be the result of non-optimal XDC constraints or non-optimal design architecture
Related violations: <none>

TIMING-16#3 Warning
Large setup violation  
There is a large setup violation of -1.000 ns between dut/genblk1[6].sort/GEN8.u_sort/r3_m_reg[7][2]/C (clocked by sys_clk_pin) and dut/genblk1[6].sort/GEN8.u_sort/r4_m_reg[3][5]/D (clocked by sys_clk_pin). Large setup violations at the end of those stages might be difficult to fix during the post-placement implementation flow and could be the result of non-optimal XDC constraints or non-optimal design architecture
Related violations: <none>

TIMING-16#4 Warning
Large setup violation  
There is a large setup violation of -1.000 ns between elem_idx_reg[0]/C (clocked by sys_clk_pin) and in_labels_reg[2][3][2]/CE (clocked by sys_clk_pin). Large setup violations at the end of those stages might be difficult to fix during the post-placement implementation flow and could be the result of non-optimal XDC constraints or non-optimal design architecture
Related violations: <none>

TIMING-16#5 Warning
Large setup violation  
There is a large setup violation of -1.000 ns between elem_idx_reg[0]/C (clocked by sys_clk_pin) and in_metrics_reg[2][3][0]/CE (clocked by sys_clk_pin). Large setup violations at the end of those stages might be difficult to fix during the post-placement implementation flow and could be the result of non-optimal XDC constraints or non-optimal design architecture
Related violations: <none>

TIMING-16#6 Warning
Large setup violation  
There is a large setup violation of -1.000 ns between elem_idx_reg[0]/C (clocked by sys_clk_pin) and in_metrics_reg[2][3][2]/CE (clocked by sys_clk_pin). Large setup violations at the end of those stages might be difficult to fix during the post-placement implementation flow and could be the result of non-optimal XDC constraints or non-optimal design architecture
Related violations: <none>

TIMING-16#7 Warning
Large setup violation  
There is a large setup violation of -1.000 ns between elem_idx_reg[0]/C (clocked by sys_clk_pin) and in_metrics_reg[2][3][3]/CE (clocked by sys_clk_pin). Large setup violations at the end of those stages might be difficult to fix during the post-placement implementation flow and could be the result of non-optimal XDC constraints or non-optimal design architecture
Related violations: <none>

TIMING-16#8 Warning
Large setup violation  
There is a large setup violation of -1.001 ns between dut/genblk1[0].sort/GEN8.u_sort/r5_m_reg[7][0]/C (clocked by sys_clk_pin) and out_m_buf_reg[0][6][2]/D (clocked by sys_clk_pin). Large setup violations at the end of those stages might be difficult to fix during the post-placement implementation flow and could be the result of non-optimal XDC constraints or non-optimal design architecture
Related violations: <none>

TIMING-16#9 Warning
Large setup violation  
There is a large setup violation of -1.001 ns between dut/genblk1[5].sort/GEN8.u_sort/r1_m_reg[2][6]/C (clocked by sys_clk_pin) and dut/genblk1[5].sort/GEN8.u_sort/r2_m_reg[2][3]/D (clocked by sys_clk_pin). Large setup violations at the end of those stages might be difficult to fix during the post-placement implementation flow and could be the result of non-optimal XDC constraints or non-optimal design architecture
Related violations: <none>

TIMING-16#10 Warning
Large setup violation  
There is a large setup violation of -1.001 ns between dut/genblk1[7].sort/GEN8.u_sort/r5_m_reg[3][7]/C (clocked by sys_clk_pin) and out_m_buf_reg[7][3][8]/D (clocked by sys_clk_pin). Large setup violations at the end of those stages might be difficult to fix during the post-placement implementation flow and could be the result of non-optimal XDC constraints or non-optimal design architecture
Related violations: <none>

TIMING-16#11 Warning
Large setup violation  
There is a large setup violation of -1.002 ns between dut/genblk1[1].sort/GEN8.u_sort/r1_m_reg[6][0]/C (clocked by sys_clk_pin) and dut/genblk1[1].sort/GEN8.u_sort/r2_m_reg[4][2]/D (clocked by sys_clk_pin). Large setup violations at the end of those stages might be difficult to fix during the post-placement implementation flow and could be the result of non-optimal XDC constraints or non-optimal design architecture
Related violations: <none>

TIMING-16#12 Warning
Large setup violation  
There is a large setup violation of -1.002 ns between dut/genblk1[1].sort/GEN8.u_sort/r1_m_reg[6][0]/C (clocked by sys_clk_pin) and dut/genblk1[1].sort/GEN8.u_sort/r2_m_reg[6][0]/D (clocked by sys_clk_pin). Large setup violations at the end of those stages might be difficult to fix during the post-placement implementation flow and could be the result of non-optimal XDC constraints or non-optimal design architecture
Related violations: <none>

TIMING-16#13 Warning
Large setup violation  
There is a large setup violation of -1.002 ns between dut/genblk1[2].sort/GEN8.u_sort/r2_m_reg[5][0]/C (clocked by sys_clk_pin) and dut/genblk1[2].sort/GEN8.u_sort/r3_m_reg[5][0]/D (clocked by sys_clk_pin). Large setup violations at the end of those stages might be difficult to fix during the post-placement implementation flow and could be the result of non-optimal XDC constraints or non-optimal design architecture
Related violations: <none>

TIMING-16#14 Warning
Large setup violation  
There is a large setup violation of -1.002 ns between dut/genblk1[3].sort/GEN8.u_sort/r2_m_reg[5][6]/C (clocked by sys_clk_pin) and dut/genblk1[3].sort/GEN8.u_sort/r3_m_reg[5][4]/D (clocked by sys_clk_pin). Large setup violations at the end of those stages might be difficult to fix during the post-placement implementation flow and could be the result of non-optimal XDC constraints or non-optimal design architecture
Related violations: <none>

TIMING-16#15 Warning
Large setup violation  
There is a large setup violation of -1.002 ns between dut/genblk1[3].sort/GEN8.u_sort/r2_m_reg[7][0]/C (clocked by sys_clk_pin) and dut/genblk1[3].sort/GEN8.u_sort/r3_m_reg[7][5]/D (clocked by sys_clk_pin). Large setup violations at the end of those stages might be difficult to fix during the post-placement implementation flow and could be the result of non-optimal XDC constraints or non-optimal design architecture
Related violations: <none>

TIMING-16#16 Warning
Large setup violation  
There is a large setup violation of -1.003 ns between dut/genblk1[3].sort/GEN8.u_sort/r2_m_reg[7][0]/C (clocked by sys_clk_pin) and dut/genblk1[3].sort/GEN8.u_sort/r3_l_reg[7][2]/D (clocked by sys_clk_pin). Large setup violations at the end of those stages might be difficult to fix during the post-placement implementation flow and could be the result of non-optimal XDC constraints or non-optimal design architecture
Related violations: <none>

TIMING-16#17 Warning
Large setup violation  
There is a large setup violation of -1.003 ns between dut/genblk1[5].sort/GEN8.u_sort/r5_m_reg[0][7]/C (clocked by sys_clk_pin) and out_m_buf_reg[5][0][2]/D (clocked by sys_clk_pin). Large setup violations at the end of those stages might be difficult to fix during the post-placement implementation flow and could be the result of non-optimal XDC constraints or non-optimal design architecture
Related violations: <none>

TIMING-16#18 Warning
Large setup violation  
There is a large setup violation of -1.003 ns between elem_idx_reg[0]/C (clocked by sys_clk_pin) and in_labels_reg[4][3][3]/CE (clocked by sys_clk_pin). Large setup violations at the end of those stages might be difficult to fix during the post-placement implementation flow and could be the result of non-optimal XDC constraints or non-optimal design architecture
Related violations: <none>

TIMING-16#19 Warning
Large setup violation  
There is a large setup violation of -1.004 ns between dut/genblk1[0].sort/GEN8.u_sort/r1_m_reg[2][0]/C (clocked by sys_clk_pin) and dut/genblk1[0].sort/GEN8.u_sort/r2_l_reg[2][3]/D (clocked by sys_clk_pin). Large setup violations at the end of those stages might be difficult to fix during the post-placement implementation flow and could be the result of non-optimal XDC constraints or non-optimal design architecture
Related violations: <none>

TIMING-16#20 Warning
Large setup violation  
There is a large setup violation of -1.004 ns between dut/genblk1[3].sort/GEN8.u_sort/r1_m_reg[2][6]/C (clocked by sys_clk_pin) and dut/genblk1[3].sort/GEN8.u_sort/r2_l_reg[0][0]/D (clocked by sys_clk_pin). Large setup violations at the end of those stages might be difficult to fix during the post-placement implementation flow and could be the result of non-optimal XDC constraints or non-optimal design architecture
Related violations: <none>

TIMING-16#21 Warning
Large setup violation  
There is a large setup violation of -1.004 ns between dut/genblk1[3].sort/GEN8.u_sort/r1_m_reg[2][6]/C (clocked by sys_clk_pin) and dut/genblk1[3].sort/GEN8.u_sort/r2_l_reg[2][0]/D (clocked by sys_clk_pin). Large setup violations at the end of those stages might be difficult to fix during the post-placement implementation flow and could be the result of non-optimal XDC constraints or non-optimal design architecture
Related violations: <none>

TIMING-16#22 Warning
Large setup violation  
There is a large setup violation of -1.004 ns between elem_idx_reg[0]/C (clocked by sys_clk_pin) and in_labels_reg[2][0][2]/CE (clocked by sys_clk_pin). Large setup violations at the end of those stages might be difficult to fix during the post-placement implementation flow and could be the result of non-optimal XDC constraints or non-optimal design architecture
Related violations: <none>

TIMING-16#23 Warning
Large setup violation  
There is a large setup violation of -1.004 ns between elem_idx_reg[0]/C (clocked by sys_clk_pin) and in_metrics_reg[4][7][0]/CE (clocked by sys_clk_pin). Large setup violations at the end of those stages might be difficult to fix during the post-placement implementation flow and could be the result of non-optimal XDC constraints or non-optimal design architecture
Related violations: <none>

TIMING-16#24 Warning
Large setup violation  
There is a large setup violation of -1.005 ns between dut/genblk1[5].sort/GEN8.u_sort/r0_m_reg[4][2]/C (clocked by sys_clk_pin) and dut/genblk1[5].sort/GEN8.u_sort/r1_m_reg[4][2]/D (clocked by sys_clk_pin). Large setup violations at the end of those stages might be difficult to fix during the post-placement implementation flow and could be the result of non-optimal XDC constraints or non-optimal design architecture
Related violations: <none>

TIMING-16#25 Warning
Large setup violation  
There is a large setup violation of -1.005 ns between dut/genblk1[7].sort/GEN8.u_sort/r3_m_reg[5][4]/C (clocked by sys_clk_pin) and dut/genblk1[7].sort/GEN8.u_sort/r4_m_reg[1][2]/D (clocked by sys_clk_pin). Large setup violations at the end of those stages might be difficult to fix during the post-placement implementation flow and could be the result of non-optimal XDC constraints or non-optimal design architecture
Related violations: <none>

TIMING-16#26 Warning
Large setup violation  
There is a large setup violation of -1.005 ns between dut/genblk1[7].sort/GEN8.u_sort/r5_v_reg/C (clocked by sys_clk_pin) and out_m_buf_reg[0][2][2]/CE (clocked by sys_clk_pin). Large setup violations at the end of those stages might be difficult to fix during the post-placement implementation flow and could be the result of non-optimal XDC constraints or non-optimal design architecture
Related violations: <none>

TIMING-16#27 Warning
Large setup violation  
There is a large setup violation of -1.005 ns between dut/genblk1[7].sort/GEN8.u_sort/r5_v_reg/C (clocked by sys_clk_pin) and out_m_buf_reg[0][2][9]/CE (clocked by sys_clk_pin). Large setup violations at the end of those stages might be difficult to fix during the post-placement implementation flow and could be the result of non-optimal XDC constraints or non-optimal design architecture
Related violations: <none>

TIMING-16#28 Warning
Large setup violation  
There is a large setup violation of -1.005 ns between dut/genblk1[7].sort/GEN8.u_sort/r5_v_reg/C (clocked by sys_clk_pin) and out_m_buf_reg[0][3][2]/CE (clocked by sys_clk_pin). Large setup violations at the end of those stages might be difficult to fix during the post-placement implementation flow and could be the result of non-optimal XDC constraints or non-optimal design architecture
Related violations: <none>

TIMING-16#29 Warning
Large setup violation  
There is a large setup violation of -1.005 ns between dut/genblk1[7].sort/GEN8.u_sort/r5_v_reg/C (clocked by sys_clk_pin) and out_m_buf_reg[0][3][9]/CE (clocked by sys_clk_pin). Large setup violations at the end of those stages might be difficult to fix during the post-placement implementation flow and could be the result of non-optimal XDC constraints or non-optimal design architecture
Related violations: <none>

TIMING-16#30 Warning
Large setup violation  
There is a large setup violation of -1.006 ns between dut/genblk1[2].sort/GEN8.u_sort/r2_m_reg[3][4]/C (clocked by sys_clk_pin) and dut/genblk1[2].sort/GEN8.u_sort/r3_m_reg[2][2]/D (clocked by sys_clk_pin). Large setup violations at the end of those stages might be difficult to fix during the post-placement implementation flow and could be the result of non-optimal XDC constraints or non-optimal design architecture
Related violations: <none>

TIMING-16#31 Warning
Large setup violation  
There is a large setup violation of -1.006 ns between dut/genblk1[6].sort/GEN8.u_sort/r2_m_reg[3][9]/C (clocked by sys_clk_pin) and dut/genblk1[6].sort/GEN8.u_sort/r3_l_reg[3][0]/D (clocked by sys_clk_pin). Large setup violations at the end of those stages might be difficult to fix during the post-placement implementation flow and could be the result of non-optimal XDC constraints or non-optimal design architecture
Related violations: <none>

TIMING-16#32 Warning
Large setup violation  
There is a large setup violation of -1.006 ns between dut/genblk1[6].sort/GEN8.u_sort/r4_m_reg[4][6]/C (clocked by sys_clk_pin) and dut/genblk1[6].sort/GEN8.u_sort/r5_m_reg[4][4]/D (clocked by sys_clk_pin). Large setup violations at the end of those stages might be difficult to fix during the post-placement implementation flow and could be the result of non-optimal XDC constraints or non-optimal design architecture
Related violations: <none>

TIMING-16#33 Warning
Large setup violation  
There is a large setup violation of -1.006 ns between dut/genblk1[7].sort/GEN8.u_sort/r5_m_reg[1][7]/C (clocked by sys_clk_pin) and out_m_buf_reg[7][0][7]/D (clocked by sys_clk_pin). Large setup violations at the end of those stages might be difficult to fix during the post-placement implementation flow and could be the result of non-optimal XDC constraints or non-optimal design architecture
Related violations: <none>

TIMING-16#34 Warning
Large setup violation  
There is a large setup violation of -1.006 ns between dut/genblk1[7].sort/GEN8.u_sort/r5_m_reg[1][7]/C (clocked by sys_clk_pin) and out_m_buf_reg[7][1][7]/D (clocked by sys_clk_pin). Large setup violations at the end of those stages might be difficult to fix during the post-placement implementation flow and could be the result of non-optimal XDC constraints or non-optimal design architecture
Related violations: <none>

TIMING-16#35 Warning
Large setup violation  
There is a large setup violation of -1.006 ns between elem_idx_reg[0]/C (clocked by sys_clk_pin) and in_labels_reg[1][2][3]/CE (clocked by sys_clk_pin). Large setup violations at the end of those stages might be difficult to fix during the post-placement implementation flow and could be the result of non-optimal XDC constraints or non-optimal design architecture
Related violations: <none>

TIMING-16#36 Warning
Large setup violation  
There is a large setup violation of -1.006 ns between elem_idx_reg[0]/C (clocked by sys_clk_pin) and in_metrics_reg[1][2][0]/CE (clocked by sys_clk_pin). Large setup violations at the end of those stages might be difficult to fix during the post-placement implementation flow and could be the result of non-optimal XDC constraints or non-optimal design architecture
Related violations: <none>

TIMING-16#37 Warning
Large setup violation  
There is a large setup violation of -1.006 ns between elem_idx_reg[0]/C (clocked by sys_clk_pin) and in_metrics_reg[1][2][1]/CE (clocked by sys_clk_pin). Large setup violations at the end of those stages might be difficult to fix during the post-placement implementation flow and could be the result of non-optimal XDC constraints or non-optimal design architecture
Related violations: <none>

TIMING-16#38 Warning
Large setup violation  
There is a large setup violation of -1.006 ns between elem_idx_reg[0]/C (clocked by sys_clk_pin) and in_metrics_reg[1][2][2]/CE (clocked by sys_clk_pin). Large setup violations at the end of those stages might be difficult to fix during the post-placement implementation flow and could be the result of non-optimal XDC constraints or non-optimal design architecture
Related violations: <none>

TIMING-16#39 Warning
Large setup violation  
There is a large setup violation of -1.007 ns between dut/genblk1[0].sort/GEN8.u_sort/r1_m_reg[2][0]/C (clocked by sys_clk_pin) and dut/genblk1[0].sort/GEN8.u_sort/r2_m_reg[0][2]/D (clocked by sys_clk_pin). Large setup violations at the end of those stages might be difficult to fix during the post-placement implementation flow and could be the result of non-optimal XDC constraints or non-optimal design architecture
Related violations: <none>

TIMING-16#40 Warning
Large setup violation  
There is a large setup violation of -1.007 ns between dut/genblk1[4].sort/GEN8.u_sort/r1_m_reg[6][0]/C (clocked by sys_clk_pin) and dut/genblk1[4].sort/GEN8.u_sort/r2_m_reg[4][1]/D (clocked by sys_clk_pin). Large setup violations at the end of those stages might be difficult to fix during the post-placement implementation flow and could be the result of non-optimal XDC constraints or non-optimal design architecture
Related violations: <none>

TIMING-16#41 Warning
Large setup violation  
There is a large setup violation of -1.007 ns between dut/genblk1[4].sort/GEN8.u_sort/r3_m_reg[6][0]/C (clocked by sys_clk_pin) and dut/genblk1[4].sort/GEN8.u_sort/r4_m_reg[2][6]/D (clocked by sys_clk_pin). Large setup violations at the end of those stages might be difficult to fix during the post-placement implementation flow and could be the result of non-optimal XDC constraints or non-optimal design architecture
Related violations: <none>

TIMING-16#42 Warning
Large setup violation  
There is a large setup violation of -1.007 ns between dut/genblk1[4].sort/GEN8.u_sort/r3_m_reg[6][0]/C (clocked by sys_clk_pin) and dut/genblk1[4].sort/GEN8.u_sort/r4_m_reg[6][1]/D (clocked by sys_clk_pin). Large setup violations at the end of those stages might be difficult to fix during the post-placement implementation flow and could be the result of non-optimal XDC constraints or non-optimal design architecture
Related violations: <none>

TIMING-16#43 Warning
Large setup violation  
There is a large setup violation of -1.007 ns between dut/genblk1[5].sort/GEN8.u_sort/r1_m_reg[5][5]/C (clocked by sys_clk_pin) and dut/genblk1[5].sort/GEN8.u_sort/r2_m_reg[5][6]/D (clocked by sys_clk_pin). Large setup violations at the end of those stages might be difficult to fix during the post-placement implementation flow and could be the result of non-optimal XDC constraints or non-optimal design architecture
Related violations: <none>

TIMING-16#44 Warning
Large setup violation  
There is a large setup violation of -1.007 ns between dut/genblk1[6].sort/GEN8.u_sort/r4_m_reg[2][0]/C (clocked by sys_clk_pin) and dut/genblk1[6].sort/GEN8.u_sort/r5_m_reg[2][1]/D (clocked by sys_clk_pin). Large setup violations at the end of those stages might be difficult to fix during the post-placement implementation flow and could be the result of non-optimal XDC constraints or non-optimal design architecture
Related violations: <none>

TIMING-16#45 Warning
Large setup violation  
There is a large setup violation of -1.008 ns between dut/genblk1[3].sort/GEN8.u_sort/r4_m_reg[5][7]/C (clocked by sys_clk_pin) and dut/genblk1[3].sort/GEN8.u_sort/r5_l_reg[5][0]/D (clocked by sys_clk_pin). Large setup violations at the end of those stages might be difficult to fix during the post-placement implementation flow and could be the result of non-optimal XDC constraints or non-optimal design architecture
Related violations: <none>

TIMING-16#46 Warning
Large setup violation  
There is a large setup violation of -1.008 ns between dut/genblk1[4].sort/GEN8.u_sort/r1_m_reg[6][0]/C (clocked by sys_clk_pin) and dut/genblk1[4].sort/GEN8.u_sort/r2_m_reg[4][6]/D (clocked by sys_clk_pin). Large setup violations at the end of those stages might be difficult to fix during the post-placement implementation flow and could be the result of non-optimal XDC constraints or non-optimal design architecture
Related violations: <none>

TIMING-16#47 Warning
Large setup violation  
There is a large setup violation of -1.008 ns between dut/genblk1[6].sort/GEN8.u_sort/r0_m_reg[3][4]/C (clocked by sys_clk_pin) and dut/genblk1[6].sort/GEN8.u_sort/r1_l_reg[2][0]/D (clocked by sys_clk_pin). Large setup violations at the end of those stages might be difficult to fix during the post-placement implementation flow and could be the result of non-optimal XDC constraints or non-optimal design architecture
Related violations: <none>

TIMING-16#48 Warning
Large setup violation  
There is a large setup violation of -1.008 ns between dut/genblk1[6].sort/GEN8.u_sort/r5_m_reg[3][9]/C (clocked by sys_clk_pin) and out_m_buf_reg[6][3][1]/D (clocked by sys_clk_pin). Large setup violations at the end of those stages might be difficult to fix during the post-placement implementation flow and could be the result of non-optimal XDC constraints or non-optimal design architecture
Related violations: <none>

TIMING-16#49 Warning
Large setup violation  
There is a large setup violation of -1.009 ns between dut/genblk1[0].sort/GEN8.u_sort/r0_m_reg[1][4]/C (clocked by sys_clk_pin) and dut/genblk1[0].sort/GEN8.u_sort/r1_l_reg[0][0]/D (clocked by sys_clk_pin). Large setup violations at the end of those stages might be difficult to fix during the post-placement implementation flow and could be the result of non-optimal XDC constraints or non-optimal design architecture
Related violations: <none>

TIMING-16#50 Warning
Large setup violation  
There is a large setup violation of -1.009 ns between dut/genblk1[0].sort/GEN8.u_sort/r0_m_reg[2][2]/C (clocked by sys_clk_pin) and dut/genblk1[0].sort/GEN8.u_sort/r1_l_reg[3][3]/D (clocked by sys_clk_pin). Large setup violations at the end of those stages might be difficult to fix during the post-placement implementation flow and could be the result of non-optimal XDC constraints or non-optimal design architecture
Related violations: <none>

TIMING-16#51 Warning
Large setup violation  
There is a large setup violation of -1.009 ns between dut/genblk1[2].sort/GEN8.u_sort/r2_m_reg[3][4]/C (clocked by sys_clk_pin) and dut/genblk1[2].sort/GEN8.u_sort/r3_m_reg[2][0]/D (clocked by sys_clk_pin). Large setup violations at the end of those stages might be difficult to fix during the post-placement implementation flow and could be the result of non-optimal XDC constraints or non-optimal design architecture
Related violations: <none>

TIMING-16#52 Warning
Large setup violation  
There is a large setup violation of -1.009 ns between dut/genblk1[3].sort/GEN8.u_sort/r2_m_reg[7][0]/C (clocked by sys_clk_pin) and dut/genblk1[3].sort/GEN8.u_sort/r3_l_reg[6][1]/D (clocked by sys_clk_pin). Large setup violations at the end of those stages might be difficult to fix during the post-placement implementation flow and could be the result of non-optimal XDC constraints or non-optimal design architecture
Related violations: <none>

TIMING-16#53 Warning
Large setup violation  
There is a large setup violation of -1.009 ns between dut/genblk1[3].sort/GEN8.u_sort/r2_m_reg[7][0]/C (clocked by sys_clk_pin) and dut/genblk1[3].sort/GEN8.u_sort/r3_l_reg[6][2]/D (clocked by sys_clk_pin). Large setup violations at the end of those stages might be difficult to fix during the post-placement implementation flow and could be the result of non-optimal XDC constraints or non-optimal design architecture
Related violations: <none>

TIMING-16#54 Warning
Large setup violation  
There is a large setup violation of -1.009 ns between dut/genblk1[3].sort/GEN8.u_sort/r2_m_reg[7][0]/C (clocked by sys_clk_pin) and dut/genblk1[3].sort/GEN8.u_sort/r3_l_reg[7][1]/D (clocked by sys_clk_pin). Large setup violations at the end of those stages might be difficult to fix during the post-placement implementation flow and could be the result of non-optimal XDC constraints or non-optimal design architecture
Related violations: <none>

TIMING-16#55 Warning
Large setup violation  
There is a large setup violation of -1.009 ns between dut/genblk1[5].sort/GEN8.u_sort/r5_m_reg[7][0]/C (clocked by sys_clk_pin) and out_l_buf_reg[5][7][0]/D (clocked by sys_clk_pin). Large setup violations at the end of those stages might be difficult to fix during the post-placement implementation flow and could be the result of non-optimal XDC constraints or non-optimal design architecture
Related violations: <none>

TIMING-16#56 Warning
Large setup violation  
There is a large setup violation of -1.010 ns between dut/genblk1[5].sort/GEN8.u_sort/r2_m_reg[4][0]/C (clocked by sys_clk_pin) and dut/genblk1[5].sort/GEN8.u_sort/r3_l_reg[4][0]/D (clocked by sys_clk_pin). Large setup violations at the end of those stages might be difficult to fix during the post-placement implementation flow and could be the result of non-optimal XDC constraints or non-optimal design architecture
Related violations: <none>

TIMING-16#57 Warning
Large setup violation  
There is a large setup violation of -1.010 ns between dut/genblk1[7].sort/GEN8.u_sort/r4_m_reg[4][7]/C (clocked by sys_clk_pin) and dut/genblk1[7].sort/GEN8.u_sort/r5_m_reg[4][1]/D (clocked by sys_clk_pin). Large setup violations at the end of those stages might be difficult to fix during the post-placement implementation flow and could be the result of non-optimal XDC constraints or non-optimal design architecture
Related violations: <none>

TIMING-16#58 Warning
Large setup violation  
There is a large setup violation of -1.011 ns between dut/genblk1[4].sort/GEN8.u_sort/r3_m_reg[6][0]/C (clocked by sys_clk_pin) and dut/genblk1[4].sort/GEN8.u_sort/r4_m_reg[6][6]/D (clocked by sys_clk_pin). Large setup violations at the end of those stages might be difficult to fix during the post-placement implementation flow and could be the result of non-optimal XDC constraints or non-optimal design architecture
Related violations: <none>

TIMING-16#59 Warning
Large setup violation  
There is a large setup violation of -1.011 ns between dut/genblk1[6].sort/GEN8.u_sort/r4_m_reg[3][7]/C (clocked by sys_clk_pin) and dut/genblk1[6].sort/GEN8.u_sort/r5_m_reg[1][0]/D (clocked by sys_clk_pin). Large setup violations at the end of those stages might be difficult to fix during the post-placement implementation flow and could be the result of non-optimal XDC constraints or non-optimal design architecture
Related violations: <none>

TIMING-16#60 Warning
Large setup violation  
There is a large setup violation of -1.011 ns between dut/genblk1[6].sort/GEN8.u_sort/r5_m_reg[1][6]/C (clocked by sys_clk_pin) and out_m_buf_reg[6][1][5]/D (clocked by sys_clk_pin). Large setup violations at the end of those stages might be difficult to fix during the post-placement implementation flow and could be the result of non-optimal XDC constraints or non-optimal design architecture
Related violations: <none>

TIMING-16#61 Warning
Large setup violation  
There is a large setup violation of -1.012 ns between dut/genblk1[1].sort/GEN8.u_sort/r2_m_reg[1][2]/C (clocked by sys_clk_pin) and dut/genblk1[1].sort/GEN8.u_sort/r3_m_reg[1][3]/D (clocked by sys_clk_pin). Large setup violations at the end of those stages might be difficult to fix during the post-placement implementation flow and could be the result of non-optimal XDC constraints or non-optimal design architecture
Related violations: <none>

TIMING-16#62 Warning
Large setup violation  
There is a large setup violation of -1.012 ns between dut/genblk1[3].sort/GEN8.u_sort/r4_m_reg[0][0]/C (clocked by sys_clk_pin) and dut/genblk1[3].sort/GEN8.u_sort/r5_m_reg[0][0]/D (clocked by sys_clk_pin). Large setup violations at the end of those stages might be difficult to fix during the post-placement implementation flow and could be the result of non-optimal XDC constraints or non-optimal design architecture
Related violations: <none>

TIMING-16#63 Warning
Large setup violation  
There is a large setup violation of -1.012 ns between dut/genblk1[3].sort/GEN8.u_sort/r4_m_reg[0][0]/C (clocked by sys_clk_pin) and dut/genblk1[3].sort/GEN8.u_sort/r5_m_reg[0][1]/D (clocked by sys_clk_pin). Large setup violations at the end of those stages might be difficult to fix during the post-placement implementation flow and could be the result of non-optimal XDC constraints or non-optimal design architecture
Related violations: <none>

TIMING-16#64 Warning
Large setup violation  
There is a large setup violation of -1.012 ns between dut/genblk1[6].sort/GEN8.u_sort/r3_m_reg[1][4]/C (clocked by sys_clk_pin) and dut/genblk1[6].sort/GEN8.u_sort/r4_m_reg[1][6]/D (clocked by sys_clk_pin). Large setup violations at the end of those stages might be difficult to fix during the post-placement implementation flow and could be the result of non-optimal XDC constraints or non-optimal design architecture
Related violations: <none>

TIMING-16#65 Warning
Large setup violation  
There is a large setup violation of -1.013 ns between dut/genblk1[0].sort/GEN8.u_sort/r1_m_reg[2][0]/C (clocked by sys_clk_pin) and dut/genblk1[0].sort/GEN8.u_sort/r2_l_reg[0][3]/D (clocked by sys_clk_pin). Large setup violations at the end of those stages might be difficult to fix during the post-placement implementation flow and could be the result of non-optimal XDC constraints or non-optimal design architecture
Related violations: <none>

TIMING-16#66 Warning
Large setup violation  
There is a large setup violation of -1.013 ns between dut/genblk1[0].sort/GEN8.u_sort/r3_m_reg[4][8]/C (clocked by sys_clk_pin) and dut/genblk1[0].sort/GEN8.u_sort/r4_m_reg[0][6]/D (clocked by sys_clk_pin). Large setup violations at the end of those stages might be difficult to fix during the post-placement implementation flow and could be the result of non-optimal XDC constraints or non-optimal design architecture
Related violations: <none>

TIMING-16#67 Warning
Large setup violation  
There is a large setup violation of -1.013 ns between dut/genblk1[7].sort/GEN8.u_sort/r3_m_reg[5][4]/C (clocked by sys_clk_pin) and dut/genblk1[7].sort/GEN8.u_sort/r4_l_reg[5][0]/D (clocked by sys_clk_pin). Large setup violations at the end of those stages might be difficult to fix during the post-placement implementation flow and could be the result of non-optimal XDC constraints or non-optimal design architecture
Related violations: <none>

TIMING-16#68 Warning
Large setup violation  
There is a large setup violation of -1.014 ns between dut/genblk1[1].sort/GEN8.u_sort/r2_m_reg[1][2]/C (clocked by sys_clk_pin) and dut/genblk1[1].sort/GEN8.u_sort/r3_m_reg[0][3]/D (clocked by sys_clk_pin). Large setup violations at the end of those stages might be difficult to fix during the post-placement implementation flow and could be the result of non-optimal XDC constraints or non-optimal design architecture
Related violations: <none>

TIMING-16#69 Warning
Large setup violation  
There is a large setup violation of -1.014 ns between dut/genblk1[2].sort/GEN8.u_sort/r0_m_reg[3][4]/C (clocked by sys_clk_pin) and dut/genblk1[2].sort/GEN8.u_sort/r1_m_reg[2][4]/D (clocked by sys_clk_pin). Large setup violations at the end of those stages might be difficult to fix during the post-placement implementation flow and could be the result of non-optimal XDC constraints or non-optimal design architecture
Related violations: <none>

TIMING-16#70 Warning
Large setup violation  
There is a large setup violation of -1.014 ns between dut/genblk1[6].sort/GEN8.u_sort/r5_m_reg[3][9]/C (clocked by sys_clk_pin) and out_m_buf_reg[6][2][1]/D (clocked by sys_clk_pin). Large setup violations at the end of those stages might be difficult to fix during the post-placement implementation flow and could be the result of non-optimal XDC constraints or non-optimal design architecture
Related violations: <none>

TIMING-16#71 Warning
Large setup violation  
There is a large setup violation of -1.014 ns between dut/genblk1[7].sort/GEN8.u_sort/r3_m_reg[5][4]/C (clocked by sys_clk_pin) and dut/genblk1[7].sort/GEN8.u_sort/r4_m_reg[5][3]/D (clocked by sys_clk_pin). Large setup violations at the end of those stages might be difficult to fix during the post-placement implementation flow and could be the result of non-optimal XDC constraints or non-optimal design architecture
Related violations: <none>

TIMING-16#72 Warning
Large setup violation  
There is a large setup violation of -1.014 ns between elem_idx_reg[1]/C (clocked by sys_clk_pin) and in_metrics_reg[1][5][0]/CE (clocked by sys_clk_pin). Large setup violations at the end of those stages might be difficult to fix during the post-placement implementation flow and could be the result of non-optimal XDC constraints or non-optimal design architecture
Related violations: <none>

TIMING-16#73 Warning
Large setup violation  
There is a large setup violation of -1.014 ns between elem_idx_reg[1]/C (clocked by sys_clk_pin) and in_metrics_reg[1][5][2]/CE (clocked by sys_clk_pin). Large setup violations at the end of those stages might be difficult to fix during the post-placement implementation flow and could be the result of non-optimal XDC constraints or non-optimal design architecture
Related violations: <none>

TIMING-16#74 Warning
Large setup violation  
There is a large setup violation of -1.014 ns between elem_idx_reg[1]/C (clocked by sys_clk_pin) and in_metrics_reg[1][5][4]/CE (clocked by sys_clk_pin). Large setup violations at the end of those stages might be difficult to fix during the post-placement implementation flow and could be the result of non-optimal XDC constraints or non-optimal design architecture
Related violations: <none>

TIMING-16#75 Warning
Large setup violation  
There is a large setup violation of -1.014 ns between elem_idx_reg[1]/C (clocked by sys_clk_pin) and in_metrics_reg[1][5][6]/CE (clocked by sys_clk_pin). Large setup violations at the end of those stages might be difficult to fix during the post-placement implementation flow and could be the result of non-optimal XDC constraints or non-optimal design architecture
Related violations: <none>

TIMING-16#76 Warning
Large setup violation  
There is a large setup violation of -1.015 ns between dut/genblk1[2].sort/GEN8.u_sort/r0_m_reg[7][0]/C (clocked by sys_clk_pin) and dut/genblk1[2].sort/GEN8.u_sort/r1_m_reg[6][7]/D (clocked by sys_clk_pin). Large setup violations at the end of those stages might be difficult to fix during the post-placement implementation flow and could be the result of non-optimal XDC constraints or non-optimal design architecture
Related violations: <none>

TIMING-16#77 Warning
Large setup violation  
There is a large setup violation of -1.015 ns between dut/genblk1[2].sort/GEN8.u_sort/r2_m_reg[6][7]/C (clocked by sys_clk_pin) and dut/genblk1[2].sort/GEN8.u_sort/r3_m_reg[7][0]/D (clocked by sys_clk_pin). Large setup violations at the end of those stages might be difficult to fix during the post-placement implementation flow and could be the result of non-optimal XDC constraints or non-optimal design architecture
Related violations: <none>

TIMING-16#78 Warning
Large setup violation  
There is a large setup violation of -1.015 ns between dut/genblk1[3].sort/GEN8.u_sort/r3_m_reg[1][1]/C (clocked by sys_clk_pin) and dut/genblk1[3].sort/GEN8.u_sort/r4_l_reg[5][3]/D (clocked by sys_clk_pin). Large setup violations at the end of those stages might be difficult to fix during the post-placement implementation flow and could be the result of non-optimal XDC constraints or non-optimal design architecture
Related violations: <none>

TIMING-16#79 Warning
Large setup violation  
There is a large setup violation of -1.015 ns between dut/genblk1[7].sort/GEN8.u_sort/r2_m_reg[5][0]/C (clocked by sys_clk_pin) and dut/genblk1[7].sort/GEN8.u_sort/r3_m_reg[4][4]/D (clocked by sys_clk_pin). Large setup violations at the end of those stages might be difficult to fix during the post-placement implementation flow and could be the result of non-optimal XDC constraints or non-optimal design architecture
Related violations: <none>

TIMING-16#80 Warning
Large setup violation  
There is a large setup violation of -1.015 ns between in_metrics_reg[5][6][4]/C (clocked by sys_clk_pin) and dut/genblk1[5].sort/GEN8.u_sort/r0_m_reg[6][4]/D (clocked by sys_clk_pin). Large setup violations at the end of those stages might be difficult to fix during the post-placement implementation flow and could be the result of non-optimal XDC constraints or non-optimal design architecture
Related violations: <none>

TIMING-16#81 Warning
Large setup violation  
There is a large setup violation of -1.016 ns between cos_idx_reg[1]/C (clocked by sys_clk_pin) and in_labels_reg[2][2][0]/CE (clocked by sys_clk_pin). Large setup violations at the end of those stages might be difficult to fix during the post-placement implementation flow and could be the result of non-optimal XDC constraints or non-optimal design architecture
Related violations: <none>

TIMING-16#82 Warning
Large setup violation  
There is a large setup violation of -1.016 ns between cos_idx_reg[1]/C (clocked by sys_clk_pin) and in_labels_reg[2][2][3]/CE (clocked by sys_clk_pin). Large setup violations at the end of those stages might be difficult to fix during the post-placement implementation flow and could be the result of non-optimal XDC constraints or non-optimal design architecture
Related violations: <none>

TIMING-16#83 Warning
Large setup violation  
There is a large setup violation of -1.016 ns between cos_idx_reg[1]/C (clocked by sys_clk_pin) and in_metrics_reg[2][2][6]/CE (clocked by sys_clk_pin). Large setup violations at the end of those stages might be difficult to fix during the post-placement implementation flow and could be the result of non-optimal XDC constraints or non-optimal design architecture
Related violations: <none>

TIMING-16#84 Warning
Large setup violation  
There is a large setup violation of -1.016 ns between dut/genblk1[0].sort/GEN8.u_sort/r5_m_reg[7][0]/C (clocked by sys_clk_pin) and out_m_buf_reg[0][6][6]/D (clocked by sys_clk_pin). Large setup violations at the end of those stages might be difficult to fix during the post-placement implementation flow and could be the result of non-optimal XDC constraints or non-optimal design architecture
Related violations: <none>

TIMING-16#85 Warning
Large setup violation  
There is a large setup violation of -1.016 ns between dut/genblk1[2].sort/GEN8.u_sort/r0_m_reg[7][0]/C (clocked by sys_clk_pin) and dut/genblk1[2].sort/GEN8.u_sort/r1_m_reg[6][2]/D (clocked by sys_clk_pin). Large setup violations at the end of those stages might be difficult to fix during the post-placement implementation flow and could be the result of non-optimal XDC constraints or non-optimal design architecture
Related violations: <none>

TIMING-16#86 Warning
Large setup violation  
There is a large setup violation of -1.016 ns between dut/genblk1[4].sort/GEN8.u_sort/r3_m_reg[6][0]/C (clocked by sys_clk_pin) and dut/genblk1[4].sort/GEN8.u_sort/r4_m_reg[2][5]/D (clocked by sys_clk_pin). Large setup violations at the end of those stages might be difficult to fix during the post-placement implementation flow and could be the result of non-optimal XDC constraints or non-optimal design architecture
Related violations: <none>

TIMING-16#87 Warning
Large setup violation  
There is a large setup violation of -1.017 ns between dut/genblk1[0].sort/GEN8.u_sort/r2_m_reg[7][0]/C (clocked by sys_clk_pin) and dut/genblk1[0].sort/GEN8.u_sort/r3_m_reg[7][8]/D (clocked by sys_clk_pin). Large setup violations at the end of those stages might be difficult to fix during the post-placement implementation flow and could be the result of non-optimal XDC constraints or non-optimal design architecture
Related violations: <none>

TIMING-16#88 Warning
Large setup violation  
There is a large setup violation of -1.017 ns between dut/genblk1[4].sort/GEN8.u_sort/r1_m_reg[5][2]/C (clocked by sys_clk_pin) and dut/genblk1[4].sort/GEN8.u_sort/r2_l_reg[7][2]/D (clocked by sys_clk_pin). Large setup violations at the end of those stages might be difficult to fix during the post-placement implementation flow and could be the result of non-optimal XDC constraints or non-optimal design architecture
Related violations: <none>

TIMING-16#89 Warning
Large setup violation  
There is a large setup violation of -1.018 ns between dut/genblk1[6].sort/GEN8.u_sort/r4_m_reg[4][6]/C (clocked by sys_clk_pin) and dut/genblk1[6].sort/GEN8.u_sort/r5_m_reg[4][6]/D (clocked by sys_clk_pin). Large setup violations at the end of those stages might be difficult to fix during the post-placement implementation flow and could be the result of non-optimal XDC constraints or non-optimal design architecture
Related violations: <none>

TIMING-16#90 Warning
Large setup violation  
There is a large setup violation of -1.018 ns between dut/genblk1[7].sort/GEN8.u_sort/r5_v_reg/C (clocked by sys_clk_pin) and out_l_buf_reg[0][0][3]/CE (clocked by sys_clk_pin). Large setup violations at the end of those stages might be difficult to fix during the post-placement implementation flow and could be the result of non-optimal XDC constraints or non-optimal design architecture
Related violations: <none>

TIMING-16#91 Warning
Large setup violation  
There is a large setup violation of -1.018 ns between dut/genblk1[7].sort/GEN8.u_sort/r5_v_reg/C (clocked by sys_clk_pin) and out_l_buf_reg[0][1][3]/CE (clocked by sys_clk_pin). Large setup violations at the end of those stages might be difficult to fix during the post-placement implementation flow and could be the result of non-optimal XDC constraints or non-optimal design architecture
Related violations: <none>

TIMING-16#92 Warning
Large setup violation  
There is a large setup violation of -1.018 ns between dut/genblk1[7].sort/GEN8.u_sort/r5_v_reg/C (clocked by sys_clk_pin) and out_m_buf_reg[0][0][1]/CE (clocked by sys_clk_pin). Large setup violations at the end of those stages might be difficult to fix during the post-placement implementation flow and could be the result of non-optimal XDC constraints or non-optimal design architecture
Related violations: <none>

TIMING-16#93 Warning
Large setup violation  
There is a large setup violation of -1.018 ns between dut/genblk1[7].sort/GEN8.u_sort/r5_v_reg/C (clocked by sys_clk_pin) and out_m_buf_reg[0][0][2]/CE (clocked by sys_clk_pin). Large setup violations at the end of those stages might be difficult to fix during the post-placement implementation flow and could be the result of non-optimal XDC constraints or non-optimal design architecture
Related violations: <none>

TIMING-16#94 Warning
Large setup violation  
There is a large setup violation of -1.019 ns between dut/genblk1[2].sort/GEN8.u_sort/r1_m_reg[2][8]/C (clocked by sys_clk_pin) and dut/genblk1[2].sort/GEN8.u_sort/r2_m_reg[0][4]/D (clocked by sys_clk_pin). Large setup violations at the end of those stages might be difficult to fix during the post-placement implementation flow and could be the result of non-optimal XDC constraints or non-optimal design architecture
Related violations: <none>

TIMING-16#95 Warning
Large setup violation  
There is a large setup violation of -1.019 ns between dut/genblk1[2].sort/GEN8.u_sort/r1_m_reg[2][8]/C (clocked by sys_clk_pin) and dut/genblk1[2].sort/GEN8.u_sort/r2_m_reg[0][6]/D (clocked by sys_clk_pin). Large setup violations at the end of those stages might be difficult to fix during the post-placement implementation flow and could be the result of non-optimal XDC constraints or non-optimal design architecture
Related violations: <none>

TIMING-16#96 Warning
Large setup violation  
There is a large setup violation of -1.019 ns between dut/genblk1[3].sort/GEN8.u_sort/r5_m_reg[0][3]/C (clocked by sys_clk_pin) and out_m_buf_reg[3][1][2]/D (clocked by sys_clk_pin). Large setup violations at the end of those stages might be difficult to fix during the post-placement implementation flow and could be the result of non-optimal XDC constraints or non-optimal design architecture
Related violations: <none>

TIMING-16#97 Warning
Large setup violation  
There is a large setup violation of -1.019 ns between dut/genblk1[5].sort/GEN8.u_sort/r2_m_reg[1][4]/C (clocked by sys_clk_pin) and dut/genblk1[5].sort/GEN8.u_sort/r3_m_reg[1][2]/D (clocked by sys_clk_pin). Large setup violations at the end of those stages might be difficult to fix during the post-placement implementation flow and could be the result of non-optimal XDC constraints or non-optimal design architecture
Related violations: <none>

TIMING-16#98 Warning
Large setup violation  
There is a large setup violation of -1.019 ns between dut/genblk1[6].sort/GEN8.u_sort/r0_m_reg[0][2]/C (clocked by sys_clk_pin) and dut/genblk1[6].sort/GEN8.u_sort/r1_l_reg[1][1]/D (clocked by sys_clk_pin). Large setup violations at the end of those stages might be difficult to fix during the post-placement implementation flow and could be the result of non-optimal XDC constraints or non-optimal design architecture
Related violations: <none>

TIMING-16#99 Warning
Large setup violation  
There is a large setup violation of -1.019 ns between dut/genblk1[7].sort/GEN8.u_sort/r3_m_reg[5][4]/C (clocked by sys_clk_pin) and dut/genblk1[7].sort/GEN8.u_sort/r4_m_reg[5][0]/D (clocked by sys_clk_pin). Large setup violations at the end of those stages might be difficult to fix during the post-placement implementation flow and could be the result of non-optimal XDC constraints or non-optimal design architecture
Related violations: <none>

TIMING-16#100 Warning
Large setup violation  
There is a large setup violation of -1.019 ns between dut/genblk1[7].sort/GEN8.u_sort/r4_m_reg[4][7]/C (clocked by sys_clk_pin) and dut/genblk1[7].sort/GEN8.u_sort/r5_m_reg[6][3]/D (clocked by sys_clk_pin). Large setup violations at the end of those stages might be difficult to fix during the post-placement implementation flow and could be the result of non-optimal XDC constraints or non-optimal design architecture
Related violations: <none>

TIMING-16#101 Warning
Large setup violation  
There is a large setup violation of -1.020 ns between cos_idx_reg[1]/C (clocked by sys_clk_pin) and in_labels_reg[2][2][1]/CE (clocked by sys_clk_pin). Large setup violations at the end of those stages might be difficult to fix during the post-placement implementation flow and could be the result of non-optimal XDC constraints or non-optimal design architecture
Related violations: <none>

TIMING-16#102 Warning
Large setup violation  
There is a large setup violation of -1.020 ns between cos_idx_reg[1]/C (clocked by sys_clk_pin) and in_metrics_reg[2][2][5]/CE (clocked by sys_clk_pin). Large setup violations at the end of those stages might be difficult to fix during the post-placement implementation flow and could be the result of non-optimal XDC constraints or non-optimal design architecture
Related violations: <none>

TIMING-16#103 Warning
Large setup violation  
There is a large setup violation of -1.020 ns between cos_idx_reg[1]/C (clocked by sys_clk_pin) and in_metrics_reg[2][2][9]/CE (clocked by sys_clk_pin). Large setup violations at the end of those stages might be difficult to fix during the post-placement implementation flow and could be the result of non-optimal XDC constraints or non-optimal design architecture
Related violations: <none>

TIMING-16#104 Warning
Large setup violation  
There is a large setup violation of -1.020 ns between dut/genblk1[2].sort/GEN8.u_sort/r3_m_reg[7][7]/C (clocked by sys_clk_pin) and dut/genblk1[2].sort/GEN8.u_sort/r4_m_reg[7][7]/D (clocked by sys_clk_pin). Large setup violations at the end of those stages might be difficult to fix during the post-placement implementation flow and could be the result of non-optimal XDC constraints or non-optimal design architecture
Related violations: <none>

TIMING-16#105 Warning
Large setup violation  
There is a large setup violation of -1.020 ns between dut/genblk1[6].sort/GEN8.u_sort/r3_m_reg[1][4]/C (clocked by sys_clk_pin) and dut/genblk1[6].sort/GEN8.u_sort/r4_m_reg[5][6]/D (clocked by sys_clk_pin). Large setup violations at the end of those stages might be difficult to fix during the post-placement implementation flow and could be the result of non-optimal XDC constraints or non-optimal design architecture
Related violations: <none>

TIMING-16#106 Warning
Large setup violation  
There is a large setup violation of -1.020 ns between dut/genblk1[6].sort/GEN8.u_sort/r5_m_reg[3][8]/C (clocked by sys_clk_pin) and out_m_buf_reg[6][3][9]/D (clocked by sys_clk_pin). Large setup violations at the end of those stages might be difficult to fix during the post-placement implementation flow and could be the result of non-optimal XDC constraints or non-optimal design architecture
Related violations: <none>

TIMING-16#107 Warning
Large setup violation  
There is a large setup violation of -1.020 ns between elem_idx_reg[1]/C (clocked by sys_clk_pin) and in_metrics_reg[1][5][1]/CE (clocked by sys_clk_pin). Large setup violations at the end of those stages might be difficult to fix during the post-placement implementation flow and could be the result of non-optimal XDC constraints or non-optimal design architecture
Related violations: <none>

TIMING-16#108 Warning
Large setup violation  
There is a large setup violation of -1.020 ns between elem_idx_reg[1]/C (clocked by sys_clk_pin) and in_metrics_reg[1][5][3]/CE (clocked by sys_clk_pin). Large setup violations at the end of those stages might be difficult to fix during the post-placement implementation flow and could be the result of non-optimal XDC constraints or non-optimal design architecture
Related violations: <none>

TIMING-16#109 Warning
Large setup violation  
There is a large setup violation of -1.020 ns between elem_idx_reg[1]/C (clocked by sys_clk_pin) and in_metrics_reg[1][5][5]/CE (clocked by sys_clk_pin). Large setup violations at the end of those stages might be difficult to fix during the post-placement implementation flow and could be the result of non-optimal XDC constraints or non-optimal design architecture
Related violations: <none>

TIMING-16#110 Warning
Large setup violation  
There is a large setup violation of -1.020 ns between elem_idx_reg[1]/C (clocked by sys_clk_pin) and in_metrics_reg[1][5][7]/CE (clocked by sys_clk_pin). Large setup violations at the end of those stages might be difficult to fix during the post-placement implementation flow and could be the result of non-optimal XDC constraints or non-optimal design architecture
Related violations: <none>

TIMING-16#111 Warning
Large setup violation  
There is a large setup violation of -1.021 ns between dut/genblk1[2].sort/GEN8.u_sort/r2_m_reg[6][7]/C (clocked by sys_clk_pin) and dut/genblk1[2].sort/GEN8.u_sort/r3_m_reg[7][6]/D (clocked by sys_clk_pin). Large setup violations at the end of those stages might be difficult to fix during the post-placement implementation flow and could be the result of non-optimal XDC constraints or non-optimal design architecture
Related violations: <none>

TIMING-16#112 Warning
Large setup violation  
There is a large setup violation of -1.021 ns between dut/genblk1[4].sort/GEN8.u_sort/r1_m_reg[5][2]/C (clocked by sys_clk_pin) and dut/genblk1[4].sort/GEN8.u_sort/r2_m_reg[5][0]/D (clocked by sys_clk_pin). Large setup violations at the end of those stages might be difficult to fix during the post-placement implementation flow and could be the result of non-optimal XDC constraints or non-optimal design architecture
Related violations: <none>

TIMING-16#113 Warning
Large setup violation  
There is a large setup violation of -1.021 ns between dut/genblk1[5].sort/GEN8.u_sort/r1_m_reg[1][0]/C (clocked by sys_clk_pin) and dut/genblk1[5].sort/GEN8.u_sort/r2_m_reg[1][1]/D (clocked by sys_clk_pin). Large setup violations at the end of those stages might be difficult to fix during the post-placement implementation flow and could be the result of non-optimal XDC constraints or non-optimal design architecture
Related violations: <none>

TIMING-16#114 Warning
Large setup violation  
There is a large setup violation of -1.021 ns between dut/genblk1[6].sort/GEN8.u_sort/r5_m_reg[3][8]/C (clocked by sys_clk_pin) and out_l_buf_reg[6][3][1]/D (clocked by sys_clk_pin). Large setup violations at the end of those stages might be difficult to fix during the post-placement implementation flow and could be the result of non-optimal XDC constraints or non-optimal design architecture
Related violations: <none>

TIMING-16#115 Warning
Large setup violation  
There is a large setup violation of -1.022 ns between dut/genblk1[3].sort/GEN8.u_sort/r1_m_reg[3][2]/C (clocked by sys_clk_pin) and dut/genblk1[3].sort/GEN8.u_sort/r2_m_reg[3][5]/D (clocked by sys_clk_pin). Large setup violations at the end of those stages might be difficult to fix during the post-placement implementation flow and could be the result of non-optimal XDC constraints or non-optimal design architecture
Related violations: <none>

TIMING-16#116 Warning
Large setup violation  
There is a large setup violation of -1.022 ns between dut/genblk1[6].sort/GEN8.u_sort/r0_m_reg[0][2]/C (clocked by sys_clk_pin) and dut/genblk1[6].sort/GEN8.u_sort/r1_l_reg[0][1]/D (clocked by sys_clk_pin). Large setup violations at the end of those stages might be difficult to fix during the post-placement implementation flow and could be the result of non-optimal XDC constraints or non-optimal design architecture
Related violations: <none>

TIMING-16#117 Warning
Large setup violation  
There is a large setup violation of -1.022 ns between elem_idx_reg[0]/C (clocked by sys_clk_pin) and in_metrics_reg[0][7][6]/CE (clocked by sys_clk_pin). Large setup violations at the end of those stages might be difficult to fix during the post-placement implementation flow and could be the result of non-optimal XDC constraints or non-optimal design architecture
Related violations: <none>

TIMING-16#118 Warning
Large setup violation  
There is a large setup violation of -1.023 ns between dut/genblk1[2].sort/GEN8.u_sort/r3_m_reg[5][7]/C (clocked by sys_clk_pin) and dut/genblk1[2].sort/GEN8.u_sort/r4_m_reg[1][0]/D (clocked by sys_clk_pin). Large setup violations at the end of those stages might be difficult to fix during the post-placement implementation flow and could be the result of non-optimal XDC constraints or non-optimal design architecture
Related violations: <none>

TIMING-16#119 Warning
Large setup violation  
There is a large setup violation of -1.023 ns between dut/genblk1[6].sort/GEN8.u_sort/r5_m_reg[3][8]/C (clocked by sys_clk_pin) and out_l_buf_reg[6][2][1]/D (clocked by sys_clk_pin). Large setup violations at the end of those stages might be difficult to fix during the post-placement implementation flow and could be the result of non-optimal XDC constraints or non-optimal design architecture
Related violations: <none>

TIMING-16#120 Warning
Large setup violation  
There is a large setup violation of -1.024 ns between cos_idx_reg[1]/C (clocked by sys_clk_pin) and in_labels_reg[2][2][2]/CE (clocked by sys_clk_pin). Large setup violations at the end of those stages might be difficult to fix during the post-placement implementation flow and could be the result of non-optimal XDC constraints or non-optimal design architecture
Related violations: <none>

TIMING-16#121 Warning
Large setup violation  
There is a large setup violation of -1.024 ns between cos_idx_reg[1]/C (clocked by sys_clk_pin) and in_metrics_reg[2][2][1]/CE (clocked by sys_clk_pin). Large setup violations at the end of those stages might be difficult to fix during the post-placement implementation flow and could be the result of non-optimal XDC constraints or non-optimal design architecture
Related violations: <none>

TIMING-16#122 Warning
Large setup violation  
There is a large setup violation of -1.024 ns between cos_idx_reg[1]/C (clocked by sys_clk_pin) and in_metrics_reg[2][2][3]/CE (clocked by sys_clk_pin). Large setup violations at the end of those stages might be difficult to fix during the post-placement implementation flow and could be the result of non-optimal XDC constraints or non-optimal design architecture
Related violations: <none>

TIMING-16#123 Warning
Large setup violation  
There is a large setup violation of -1.024 ns between cos_idx_reg[1]/C (clocked by sys_clk_pin) and in_metrics_reg[2][2][7]/CE (clocked by sys_clk_pin). Large setup violations at the end of those stages might be difficult to fix during the post-placement implementation flow and could be the result of non-optimal XDC constraints or non-optimal design architecture
Related violations: <none>

TIMING-16#124 Warning
Large setup violation  
There is a large setup violation of -1.024 ns between dut/genblk1[7].sort/GEN8.u_sort/r0_m_reg[5][4]/C (clocked by sys_clk_pin) and dut/genblk1[7].sort/GEN8.u_sort/r1_l_reg[5][2]/D (clocked by sys_clk_pin). Large setup violations at the end of those stages might be difficult to fix during the post-placement implementation flow and could be the result of non-optimal XDC constraints or non-optimal design architecture
Related violations: <none>

TIMING-16#125 Warning
Large setup violation  
There is a large setup violation of -1.025 ns between dut/genblk1[4].sort/GEN8.u_sort/r3_m_reg[6][0]/C (clocked by sys_clk_pin) and dut/genblk1[4].sort/GEN8.u_sort/r4_m_reg[2][0]/D (clocked by sys_clk_pin). Large setup violations at the end of those stages might be difficult to fix during the post-placement implementation flow and could be the result of non-optimal XDC constraints or non-optimal design architecture
Related violations: <none>

TIMING-16#126 Warning
Large setup violation  
There is a large setup violation of -1.026 ns between dut/genblk1[0].sort/GEN8.u_sort/r5_m_reg[7][0]/C (clocked by sys_clk_pin) and out_m_buf_reg[0][7][3]/D (clocked by sys_clk_pin). Large setup violations at the end of those stages might be difficult to fix during the post-placement implementation flow and could be the result of non-optimal XDC constraints or non-optimal design architecture
Related violations: <none>

TIMING-16#127 Warning
Large setup violation  
There is a large setup violation of -1.026 ns between dut/genblk1[6].sort/GEN8.u_sort/r4_m_reg[2][0]/C (clocked by sys_clk_pin) and dut/genblk1[6].sort/GEN8.u_sort/r5_l_reg[2][2]/D (clocked by sys_clk_pin). Large setup violations at the end of those stages might be difficult to fix during the post-placement implementation flow and could be the result of non-optimal XDC constraints or non-optimal design architecture
Related violations: <none>

TIMING-16#128 Warning
Large setup violation  
There is a large setup violation of -1.027 ns between dut/genblk1[3].sort/GEN8.u_sort/r3_m_reg[1][1]/C (clocked by sys_clk_pin) and dut/genblk1[3].sort/GEN8.u_sort/r4_m_reg[5][5]/D (clocked by sys_clk_pin). Large setup violations at the end of those stages might be difficult to fix during the post-placement implementation flow and could be the result of non-optimal XDC constraints or non-optimal design architecture
Related violations: <none>

TIMING-16#129 Warning
Large setup violation  
There is a large setup violation of -1.027 ns between dut/genblk1[5].sort/GEN8.u_sort/r1_m_reg[1][0]/C (clocked by sys_clk_pin) and dut/genblk1[5].sort/GEN8.u_sort/r2_m_reg[1][7]/D (clocked by sys_clk_pin). Large setup violations at the end of those stages might be difficult to fix during the post-placement implementation flow and could be the result of non-optimal XDC constraints or non-optimal design architecture
Related violations: <none>

TIMING-16#130 Warning
Large setup violation  
There is a large setup violation of -1.027 ns between dut/genblk1[5].sort/GEN8.u_sort/r1_m_reg[1][0]/C (clocked by sys_clk_pin) and dut/genblk1[5].sort/GEN8.u_sort/r2_m_reg[3][9]/D (clocked by sys_clk_pin). Large setup violations at the end of those stages might be difficult to fix during the post-placement implementation flow and could be the result of non-optimal XDC constraints or non-optimal design architecture
Related violations: <none>

TIMING-16#131 Warning
Large setup violation  
There is a large setup violation of -1.027 ns between dut/genblk1[7].sort/GEN8.u_sort/r0_m_reg[5][4]/C (clocked by sys_clk_pin) and dut/genblk1[7].sort/GEN8.u_sort/r1_l_reg[4][2]/D (clocked by sys_clk_pin). Large setup violations at the end of those stages might be difficult to fix during the post-placement implementation flow and could be the result of non-optimal XDC constraints or non-optimal design architecture
Related violations: <none>

TIMING-16#132 Warning
Large setup violation  
There is a large setup violation of -1.027 ns between elem_idx_reg[0]/C (clocked by sys_clk_pin) and in_metrics_reg[1][0][4]/CE (clocked by sys_clk_pin). Large setup violations at the end of those stages might be difficult to fix during the post-placement implementation flow and could be the result of non-optimal XDC constraints or non-optimal design architecture
Related violations: <none>

TIMING-16#133 Warning
Large setup violation  
There is a large setup violation of -1.027 ns between elem_idx_reg[0]/C (clocked by sys_clk_pin) and in_metrics_reg[1][0][5]/CE (clocked by sys_clk_pin). Large setup violations at the end of those stages might be difficult to fix during the post-placement implementation flow and could be the result of non-optimal XDC constraints or non-optimal design architecture
Related violations: <none>

TIMING-16#134 Warning
Large setup violation  
There is a large setup violation of -1.027 ns between elem_idx_reg[0]/C (clocked by sys_clk_pin) and in_metrics_reg[1][0][6]/CE (clocked by sys_clk_pin). Large setup violations at the end of those stages might be difficult to fix during the post-placement implementation flow and could be the result of non-optimal XDC constraints or non-optimal design architecture
Related violations: <none>

TIMING-16#135 Warning
Large setup violation  
There is a large setup violation of -1.027 ns between elem_idx_reg[0]/C (clocked by sys_clk_pin) and in_metrics_reg[1][0][7]/CE (clocked by sys_clk_pin). Large setup violations at the end of those stages might be difficult to fix during the post-placement implementation flow and could be the result of non-optimal XDC constraints or non-optimal design architecture
Related violations: <none>

TIMING-16#136 Warning
Large setup violation  
There is a large setup violation of -1.027 ns between elem_idx_reg[0]/C (clocked by sys_clk_pin) and in_metrics_reg[1][7][9]/CE (clocked by sys_clk_pin). Large setup violations at the end of those stages might be difficult to fix during the post-placement implementation flow and could be the result of non-optimal XDC constraints or non-optimal design architecture
Related violations: <none>

TIMING-16#137 Warning
Large setup violation  
There is a large setup violation of -1.028 ns between dut/genblk1[2].sort/GEN8.u_sort/r0_m_reg[7][0]/C (clocked by sys_clk_pin) and dut/genblk1[2].sort/GEN8.u_sort/r1_m_reg[6][5]/D (clocked by sys_clk_pin). Large setup violations at the end of those stages might be difficult to fix during the post-placement implementation flow and could be the result of non-optimal XDC constraints or non-optimal design architecture
Related violations: <none>

TIMING-16#138 Warning
Large setup violation  
There is a large setup violation of -1.028 ns between dut/genblk1[5].sort/GEN8.u_sort/r1_m_reg[2][6]/C (clocked by sys_clk_pin) and dut/genblk1[5].sort/GEN8.u_sort/r2_m_reg[2][2]/D (clocked by sys_clk_pin). Large setup violations at the end of those stages might be difficult to fix during the post-placement implementation flow and could be the result of non-optimal XDC constraints or non-optimal design architecture
Related violations: <none>

TIMING-16#139 Warning
Large setup violation  
There is a large setup violation of -1.028 ns between dut/genblk1[7].sort/GEN8.u_sort/r5_v_reg/C (clocked by sys_clk_pin) and out_l_buf_reg[6][0][1]/CE (clocked by sys_clk_pin). Large setup violations at the end of those stages might be difficult to fix during the post-placement implementation flow and could be the result of non-optimal XDC constraints or non-optimal design architecture
Related violations: <none>

TIMING-16#140 Warning
Large setup violation  
There is a large setup violation of -1.028 ns between dut/genblk1[7].sort/GEN8.u_sort/r5_v_reg/C (clocked by sys_clk_pin) and out_l_buf_reg[6][1][1]/CE (clocked by sys_clk_pin). Large setup violations at the end of those stages might be difficult to fix during the post-placement implementation flow and could be the result of non-optimal XDC constraints or non-optimal design architecture
Related violations: <none>

TIMING-16#141 Warning
Large setup violation  
There is a large setup violation of -1.029 ns between dut/genblk1[4].sort/GEN8.u_sort/r2_m_reg[0][4]/C (clocked by sys_clk_pin) and dut/genblk1[4].sort/GEN8.u_sort/r3_m_reg[1][4]/D (clocked by sys_clk_pin). Large setup violations at the end of those stages might be difficult to fix during the post-placement implementation flow and could be the result of non-optimal XDC constraints or non-optimal design architecture
Related violations: <none>

TIMING-16#142 Warning
Large setup violation  
There is a large setup violation of -1.029 ns between dut/genblk1[7].sort/GEN8.u_sort/r1_m_reg[7][6]/C (clocked by sys_clk_pin) and dut/genblk1[7].sort/GEN8.u_sort/r2_m_reg[5][1]/D (clocked by sys_clk_pin). Large setup violations at the end of those stages might be difficult to fix during the post-placement implementation flow and could be the result of non-optimal XDC constraints or non-optimal design architecture
Related violations: <none>

TIMING-16#143 Warning
Large setup violation  
There is a large setup violation of -1.030 ns between cos_idx_reg[1]/C (clocked by sys_clk_pin) and in_metrics_reg[2][2][0]/CE (clocked by sys_clk_pin). Large setup violations at the end of those stages might be difficult to fix during the post-placement implementation flow and could be the result of non-optimal XDC constraints or non-optimal design architecture
Related violations: <none>

TIMING-16#144 Warning
Large setup violation  
There is a large setup violation of -1.030 ns between cos_idx_reg[1]/C (clocked by sys_clk_pin) and in_metrics_reg[2][2][2]/CE (clocked by sys_clk_pin). Large setup violations at the end of those stages might be difficult to fix during the post-placement implementation flow and could be the result of non-optimal XDC constraints or non-optimal design architecture
Related violations: <none>

TIMING-16#145 Warning
Large setup violation  
There is a large setup violation of -1.030 ns between cos_idx_reg[1]/C (clocked by sys_clk_pin) and in_metrics_reg[2][2][4]/CE (clocked by sys_clk_pin). Large setup violations at the end of those stages might be difficult to fix during the post-placement implementation flow and could be the result of non-optimal XDC constraints or non-optimal design architecture
Related violations: <none>

TIMING-16#146 Warning
Large setup violation  
There is a large setup violation of -1.030 ns between cos_idx_reg[1]/C (clocked by sys_clk_pin) and in_metrics_reg[2][2][8]/CE (clocked by sys_clk_pin). Large setup violations at the end of those stages might be difficult to fix during the post-placement implementation flow and could be the result of non-optimal XDC constraints or non-optimal design architecture
Related violations: <none>

TIMING-16#147 Warning
Large setup violation  
There is a large setup violation of -1.030 ns between dut/genblk1[2].sort/GEN8.u_sort/r2_m_reg[5][0]/C (clocked by sys_clk_pin) and dut/genblk1[2].sort/GEN8.u_sort/r3_m_reg[4][4]/D (clocked by sys_clk_pin). Large setup violations at the end of those stages might be difficult to fix during the post-placement implementation flow and could be the result of non-optimal XDC constraints or non-optimal design architecture
Related violations: <none>

TIMING-16#148 Warning
Large setup violation  
There is a large setup violation of -1.030 ns between dut/genblk1[4].sort/GEN8.u_sort/r4_m_reg[7][1]/C (clocked by sys_clk_pin) and dut/genblk1[4].sort/GEN8.u_sort/r5_m_reg[7][4]/D (clocked by sys_clk_pin). Large setup violations at the end of those stages might be difficult to fix during the post-placement implementation flow and could be the result of non-optimal XDC constraints or non-optimal design architecture
Related violations: <none>

TIMING-16#149 Warning
Large setup violation  
There is a large setup violation of -1.030 ns between dut/genblk1[4].sort/GEN8.u_sort/r4_m_reg[7][1]/C (clocked by sys_clk_pin) and dut/genblk1[4].sort/GEN8.u_sort/r5_m_reg[7][6]/D (clocked by sys_clk_pin). Large setup violations at the end of those stages might be difficult to fix during the post-placement implementation flow and could be the result of non-optimal XDC constraints or non-optimal design architecture
Related violations: <none>

TIMING-16#150 Warning
Large setup violation  
There is a large setup violation of -1.031 ns between dut/genblk1[3].sort/GEN8.u_sort/r5_m_reg[0][3]/C (clocked by sys_clk_pin) and out_l_buf_reg[3][0][1]/D (clocked by sys_clk_pin). Large setup violations at the end of those stages might be difficult to fix during the post-placement implementation flow and could be the result of non-optimal XDC constraints or non-optimal design architecture
Related violations: <none>

TIMING-16#151 Warning
Large setup violation  
There is a large setup violation of -1.031 ns between dut/genblk1[5].sort/GEN8.u_sort/r5_m_reg[0][7]/C (clocked by sys_clk_pin) and out_m_buf_reg[5][0][5]/D (clocked by sys_clk_pin). Large setup violations at the end of those stages might be difficult to fix during the post-placement implementation flow and could be the result of non-optimal XDC constraints or non-optimal design architecture
Related violations: <none>

TIMING-16#152 Warning
Large setup violation  
There is a large setup violation of -1.032 ns between dut/genblk1[0].sort/GEN8.u_sort/r0_m_reg[2][2]/C (clocked by sys_clk_pin) and dut/genblk1[0].sort/GEN8.u_sort/r1_m_reg[3][2]/D (clocked by sys_clk_pin). Large setup violations at the end of those stages might be difficult to fix during the post-placement implementation flow and could be the result of non-optimal XDC constraints or non-optimal design architecture
Related violations: <none>

TIMING-16#153 Warning
Large setup violation  
There is a large setup violation of -1.032 ns between dut/genblk1[2].sort/GEN8.u_sort/r3_m_reg[7][7]/C (clocked by sys_clk_pin) and dut/genblk1[2].sort/GEN8.u_sort/r4_m_reg[7][0]/D (clocked by sys_clk_pin). Large setup violations at the end of those stages might be difficult to fix during the post-placement implementation flow and could be the result of non-optimal XDC constraints or non-optimal design architecture
Related violations: <none>

TIMING-16#154 Warning
Large setup violation  
There is a large setup violation of -1.032 ns between dut/genblk1[3].sort/GEN8.u_sort/r4_m_reg[7][0]/C (clocked by sys_clk_pin) and dut/genblk1[3].sort/GEN8.u_sort/r5_m_reg[7][0]/D (clocked by sys_clk_pin). Large setup violations at the end of those stages might be difficult to fix during the post-placement implementation flow and could be the result of non-optimal XDC constraints or non-optimal design architecture
Related violations: <none>

TIMING-16#155 Warning
Large setup violation  
There is a large setup violation of -1.032 ns between dut/genblk1[4].sort/GEN8.u_sort/r4_m_reg[3][9]/C (clocked by sys_clk_pin) and dut/genblk1[4].sort/GEN8.u_sort/r5_m_reg[1][6]/D (clocked by sys_clk_pin). Large setup violations at the end of those stages might be difficult to fix during the post-placement implementation flow and could be the result of non-optimal XDC constraints or non-optimal design architecture
Related violations: <none>

TIMING-16#156 Warning
Large setup violation  
There is a large setup violation of -1.032 ns between dut/genblk1[7].sort/GEN8.u_sort/r5_v_reg/C (clocked by sys_clk_pin) and out_m_buf_reg[5][0][3]/CE (clocked by sys_clk_pin). Large setup violations at the end of those stages might be difficult to fix during the post-placement implementation flow and could be the result of non-optimal XDC constraints or non-optimal design architecture
Related violations: <none>

TIMING-16#157 Warning
Large setup violation  
There is a large setup violation of -1.032 ns between dut/genblk1[7].sort/GEN8.u_sort/r5_v_reg/C (clocked by sys_clk_pin) and out_m_buf_reg[5][0][8]/CE (clocked by sys_clk_pin). Large setup violations at the end of those stages might be difficult to fix during the post-placement implementation flow and could be the result of non-optimal XDC constraints or non-optimal design architecture
Related violations: <none>

TIMING-16#158 Warning
Large setup violation  
There is a large setup violation of -1.032 ns between dut/genblk1[7].sort/GEN8.u_sort/r5_v_reg/C (clocked by sys_clk_pin) and out_m_buf_reg[5][1][3]/CE (clocked by sys_clk_pin). Large setup violations at the end of those stages might be difficult to fix during the post-placement implementation flow and could be the result of non-optimal XDC constraints or non-optimal design architecture
Related violations: <none>

TIMING-16#159 Warning
Large setup violation  
There is a large setup violation of -1.032 ns between dut/genblk1[7].sort/GEN8.u_sort/r5_v_reg/C (clocked by sys_clk_pin) and out_m_buf_reg[5][1][9]/CE (clocked by sys_clk_pin). Large setup violations at the end of those stages might be difficult to fix during the post-placement implementation flow and could be the result of non-optimal XDC constraints or non-optimal design architecture
Related violations: <none>

TIMING-16#160 Warning
Large setup violation  
There is a large setup violation of -1.033 ns between dut/genblk1[0].sort/GEN8.u_sort/r0_m_reg[2][2]/C (clocked by sys_clk_pin) and dut/genblk1[0].sort/GEN8.u_sort/r1_l_reg[3][0]/D (clocked by sys_clk_pin). Large setup violations at the end of those stages might be difficult to fix during the post-placement implementation flow and could be the result of non-optimal XDC constraints or non-optimal design architecture
Related violations: <none>

TIMING-16#161 Warning
Large setup violation  
There is a large setup violation of -1.033 ns between dut/genblk1[3].sort/GEN8.u_sort/r2_m_reg[5][6]/C (clocked by sys_clk_pin) and dut/genblk1[3].sort/GEN8.u_sort/r3_m_reg[5][3]/D (clocked by sys_clk_pin). Large setup violations at the end of those stages might be difficult to fix during the post-placement implementation flow and could be the result of non-optimal XDC constraints or non-optimal design architecture
Related violations: <none>

TIMING-16#162 Warning
Large setup violation  
There is a large setup violation of -1.033 ns between elem_idx_reg[0]/C (clocked by sys_clk_pin) and in_labels_reg[6][1][2]/CE (clocked by sys_clk_pin). Large setup violations at the end of those stages might be difficult to fix during the post-placement implementation flow and could be the result of non-optimal XDC constraints or non-optimal design architecture
Related violations: <none>

TIMING-16#163 Warning
Large setup violation  
There is a large setup violation of -1.033 ns between elem_idx_reg[0]/C (clocked by sys_clk_pin) and in_metrics_reg[1][4][5]/CE (clocked by sys_clk_pin). Large setup violations at the end of those stages might be difficult to fix during the post-placement implementation flow and could be the result of non-optimal XDC constraints or non-optimal design architecture
Related violations: <none>

TIMING-16#164 Warning
Large setup violation  
There is a large setup violation of -1.033 ns between elem_idx_reg[0]/C (clocked by sys_clk_pin) and in_metrics_reg[1][4][6]/CE (clocked by sys_clk_pin). Large setup violations at the end of those stages might be difficult to fix during the post-placement implementation flow and could be the result of non-optimal XDC constraints or non-optimal design architecture
Related violations: <none>

TIMING-16#165 Warning
Large setup violation  
There is a large setup violation of -1.033 ns between elem_idx_reg[0]/C (clocked by sys_clk_pin) and in_metrics_reg[1][4][9]/CE (clocked by sys_clk_pin). Large setup violations at the end of those stages might be difficult to fix during the post-placement implementation flow and could be the result of non-optimal XDC constraints or non-optimal design architecture
Related violations: <none>

TIMING-16#166 Warning
Large setup violation  
There is a large setup violation of -1.034 ns between cos_idx_reg[1]/C (clocked by sys_clk_pin) and in_labels_reg[2][1][0]/CE (clocked by sys_clk_pin). Large setup violations at the end of those stages might be difficult to fix during the post-placement implementation flow and could be the result of non-optimal XDC constraints or non-optimal design architecture
Related violations: <none>

TIMING-16#167 Warning
Large setup violation  
There is a large setup violation of -1.034 ns between cos_idx_reg[1]/C (clocked by sys_clk_pin) and in_metrics_reg[2][1][1]/CE (clocked by sys_clk_pin). Large setup violations at the end of those stages might be difficult to fix during the post-placement implementation flow and could be the result of non-optimal XDC constraints or non-optimal design architecture
Related violations: <none>

TIMING-16#168 Warning
Large setup violation  
There is a large setup violation of -1.034 ns between cos_idx_reg[1]/C (clocked by sys_clk_pin) and in_metrics_reg[2][1][3]/CE (clocked by sys_clk_pin). Large setup violations at the end of those stages might be difficult to fix during the post-placement implementation flow and could be the result of non-optimal XDC constraints or non-optimal design architecture
Related violations: <none>

TIMING-16#169 Warning
Large setup violation  
There is a large setup violation of -1.034 ns between cos_idx_reg[1]/C (clocked by sys_clk_pin) and in_metrics_reg[2][1][5]/CE (clocked by sys_clk_pin). Large setup violations at the end of those stages might be difficult to fix during the post-placement implementation flow and could be the result of non-optimal XDC constraints or non-optimal design architecture
Related violations: <none>

TIMING-16#170 Warning
Large setup violation  
There is a large setup violation of -1.034 ns between dut/genblk1[3].sort/GEN8.u_sort/r4_m_reg[3][1]/C (clocked by sys_clk_pin) and dut/genblk1[3].sort/GEN8.u_sort/r5_m_reg[3][2]/D (clocked by sys_clk_pin). Large setup violations at the end of those stages might be difficult to fix during the post-placement implementation flow and could be the result of non-optimal XDC constraints or non-optimal design architecture
Related violations: <none>

TIMING-16#171 Warning
Large setup violation  
There is a large setup violation of -1.034 ns between dut/genblk1[3].sort/GEN8.u_sort/r5_m_reg[0][3]/C (clocked by sys_clk_pin) and out_m_buf_reg[3][1][9]/D (clocked by sys_clk_pin). Large setup violations at the end of those stages might be difficult to fix during the post-placement implementation flow and could be the result of non-optimal XDC constraints or non-optimal design architecture
Related violations: <none>

TIMING-16#172 Warning
Large setup violation  
There is a large setup violation of -1.034 ns between dut/genblk1[5].sort/GEN8.u_sort/r1_m_reg[1][0]/C (clocked by sys_clk_pin) and dut/genblk1[5].sort/GEN8.u_sort/r2_m_reg[3][6]/D (clocked by sys_clk_pin). Large setup violations at the end of those stages might be difficult to fix during the post-placement implementation flow and could be the result of non-optimal XDC constraints or non-optimal design architecture
Related violations: <none>

TIMING-16#173 Warning
Large setup violation  
There is a large setup violation of -1.035 ns between dut/genblk1[7].sort/GEN8.u_sort/r5_m_reg[7][7]/C (clocked by sys_clk_pin) and out_m_buf_reg[7][6][4]/D (clocked by sys_clk_pin). Large setup violations at the end of those stages might be difficult to fix during the post-placement implementation flow and could be the result of non-optimal XDC constraints or non-optimal design architecture
Related violations: <none>

TIMING-16#174 Warning
Large setup violation  
There is a large setup violation of -1.036 ns between dut/genblk1[2].sort/GEN8.u_sort/r5_m_reg[3][0]/C (clocked by sys_clk_pin) and out_m_buf_reg[2][3][4]/D (clocked by sys_clk_pin). Large setup violations at the end of those stages might be difficult to fix during the post-placement implementation flow and could be the result of non-optimal XDC constraints or non-optimal design architecture
Related violations: <none>

TIMING-16#175 Warning
Large setup violation  
There is a large setup violation of -1.036 ns between dut/genblk1[3].sort/GEN8.u_sort/r3_m_reg[4][0]/C (clocked by sys_clk_pin) and dut/genblk1[3].sort/GEN8.u_sort/r4_m_reg[4][2]/D (clocked by sys_clk_pin). Large setup violations at the end of those stages might be difficult to fix during the post-placement implementation flow and could be the result of non-optimal XDC constraints or non-optimal design architecture
Related violations: <none>

TIMING-16#176 Warning
Large setup violation  
There is a large setup violation of -1.036 ns between dut/genblk1[3].sort/GEN8.u_sort/r5_m_reg[3][2]/C (clocked by sys_clk_pin) and out_l_buf_reg[3][3][1]/D (clocked by sys_clk_pin). Large setup violations at the end of those stages might be difficult to fix during the post-placement implementation flow and could be the result of non-optimal XDC constraints or non-optimal design architecture
Related violations: <none>

TIMING-16#177 Warning
Large setup violation  
There is a large setup violation of -1.036 ns between dut/genblk1[7].sort/GEN8.u_sort/r0_m_reg[7][4]/C (clocked by sys_clk_pin) and dut/genblk1[7].sort/GEN8.u_sort/r1_m_reg[6][3]/D (clocked by sys_clk_pin). Large setup violations at the end of those stages might be difficult to fix during the post-placement implementation flow and could be the result of non-optimal XDC constraints or non-optimal design architecture
Related violations: <none>

TIMING-16#178 Warning
Large setup violation  
There is a large setup violation of -1.037 ns between dut/genblk1[2].sort/GEN8.u_sort/r1_m_reg[2][8]/C (clocked by sys_clk_pin) and dut/genblk1[2].sort/GEN8.u_sort/r2_m_reg[2][6]/D (clocked by sys_clk_pin). Large setup violations at the end of those stages might be difficult to fix during the post-placement implementation flow and could be the result of non-optimal XDC constraints or non-optimal design architecture
Related violations: <none>

TIMING-16#179 Warning
Large setup violation  
There is a large setup violation of -1.037 ns between dut/genblk1[4].sort/GEN8.u_sort/r0_m_reg[6][3]/C (clocked by sys_clk_pin) and dut/genblk1[4].sort/GEN8.u_sort/r1_m_reg[7][7]/D (clocked by sys_clk_pin). Large setup violations at the end of those stages might be difficult to fix during the post-placement implementation flow and could be the result of non-optimal XDC constraints or non-optimal design architecture
Related violations: <none>

TIMING-16#180 Warning
Large setup violation  
There is a large setup violation of -1.037 ns between dut/genblk1[7].sort/GEN8.u_sort/r0_m_reg[7][4]/C (clocked by sys_clk_pin) and dut/genblk1[7].sort/GEN8.u_sort/r1_m_reg[6][2]/D (clocked by sys_clk_pin). Large setup violations at the end of those stages might be difficult to fix during the post-placement implementation flow and could be the result of non-optimal XDC constraints or non-optimal design architecture
Related violations: <none>

TIMING-16#181 Warning
Large setup violation  
There is a large setup violation of -1.037 ns between elem_idx_reg[0]/C (clocked by sys_clk_pin) and in_labels_reg[6][7][2]/CE (clocked by sys_clk_pin). Large setup violations at the end of those stages might be difficult to fix during the post-placement implementation flow and could be the result of non-optimal XDC constraints or non-optimal design architecture
Related violations: <none>

TIMING-16#182 Warning
Large setup violation  
There is a large setup violation of -1.038 ns between dut/genblk1[0].sort/GEN8.u_sort/r0_m_reg[2][2]/C (clocked by sys_clk_pin) and dut/genblk1[0].sort/GEN8.u_sort/r1_l_reg[2][0]/D (clocked by sys_clk_pin). Large setup violations at the end of those stages might be difficult to fix during the post-placement implementation flow and could be the result of non-optimal XDC constraints or non-optimal design architecture
Related violations: <none>

TIMING-16#183 Warning
Large setup violation  
There is a large setup violation of -1.038 ns between dut/genblk1[3].sort/GEN8.u_sort/r5_m_reg[3][2]/C (clocked by sys_clk_pin) and out_m_buf_reg[3][2][9]/D (clocked by sys_clk_pin). Large setup violations at the end of those stages might be difficult to fix during the post-placement implementation flow and could be the result of non-optimal XDC constraints or non-optimal design architecture
Related violations: <none>

TIMING-16#184 Warning
Large setup violation  
There is a large setup violation of -1.038 ns between dut/genblk1[6].sort/GEN8.u_sort/r4_m_reg[3][7]/C (clocked by sys_clk_pin) and dut/genblk1[6].sort/GEN8.u_sort/r5_m_reg[3][2]/D (clocked by sys_clk_pin). Large setup violations at the end of those stages might be difficult to fix during the post-placement implementation flow and could be the result of non-optimal XDC constraints or non-optimal design architecture
Related violations: <none>

TIMING-16#185 Warning
Large setup violation  
There is a large setup violation of -1.038 ns between elem_idx_reg[0]/C (clocked by sys_clk_pin) and in_labels_reg[6][7][0]/CE (clocked by sys_clk_pin). Large setup violations at the end of those stages might be difficult to fix during the post-placement implementation flow and could be the result of non-optimal XDC constraints or non-optimal design architecture
Related violations: <none>

TIMING-16#186 Warning
Large setup violation  
There is a large setup violation of -1.038 ns between elem_idx_reg[0]/C (clocked by sys_clk_pin) and in_metrics_reg[6][7][9]/CE (clocked by sys_clk_pin). Large setup violations at the end of those stages might be difficult to fix during the post-placement implementation flow and could be the result of non-optimal XDC constraints or non-optimal design architecture
Related violations: <none>

TIMING-16#187 Warning
Large setup violation  
There is a large setup violation of -1.039 ns between dut/genblk1[3].sort/GEN8.u_sort/r2_m_reg[7][0]/C (clocked by sys_clk_pin) and dut/genblk1[3].sort/GEN8.u_sort/r3_m_reg[7][0]/D (clocked by sys_clk_pin). Large setup violations at the end of those stages might be difficult to fix during the post-placement implementation flow and could be the result of non-optimal XDC constraints or non-optimal design architecture
Related violations: <none>

TIMING-16#188 Warning
Large setup violation  
There is a large setup violation of -1.039 ns between dut/genblk1[4].sort/GEN8.u_sort/r0_m_reg[6][3]/C (clocked by sys_clk_pin) and dut/genblk1[4].sort/GEN8.u_sort/r1_m_reg[6][6]/D (clocked by sys_clk_pin). Large setup violations at the end of those stages might be difficult to fix during the post-placement implementation flow and could be the result of non-optimal XDC constraints or non-optimal design architecture
Related violations: <none>

TIMING-16#189 Warning
Large setup violation  
There is a large setup violation of -1.039 ns between elem_idx_reg[0]/C (clocked by sys_clk_pin) and in_labels_reg[1][6][0]/CE (clocked by sys_clk_pin). Large setup violations at the end of those stages might be difficult to fix during the post-placement implementation flow and could be the result of non-optimal XDC constraints or non-optimal design architecture
Related violations: <none>

TIMING-16#190 Warning
Large setup violation  
There is a large setup violation of -1.039 ns between elem_idx_reg[0]/C (clocked by sys_clk_pin) and in_metrics_reg[1][4][1]/CE (clocked by sys_clk_pin). Large setup violations at the end of those stages might be difficult to fix during the post-placement implementation flow and could be the result of non-optimal XDC constraints or non-optimal design architecture
Related violations: <none>

TIMING-16#191 Warning
Large setup violation  
There is a large setup violation of -1.039 ns between elem_idx_reg[0]/C (clocked by sys_clk_pin) and in_metrics_reg[1][4][2]/CE (clocked by sys_clk_pin). Large setup violations at the end of those stages might be difficult to fix during the post-placement implementation flow and could be the result of non-optimal XDC constraints or non-optimal design architecture
Related violations: <none>

TIMING-16#192 Warning
Large setup violation  
There is a large setup violation of -1.039 ns between elem_idx_reg[0]/C (clocked by sys_clk_pin) and in_metrics_reg[1][4][3]/CE (clocked by sys_clk_pin). Large setup violations at the end of those stages might be difficult to fix during the post-placement implementation flow and could be the result of non-optimal XDC constraints or non-optimal design architecture
Related violations: <none>

TIMING-16#193 Warning
Large setup violation  
There is a large setup violation of -1.039 ns between elem_idx_reg[0]/C (clocked by sys_clk_pin) and in_metrics_reg[1][4][4]/CE (clocked by sys_clk_pin). Large setup violations at the end of those stages might be difficult to fix during the post-placement implementation flow and could be the result of non-optimal XDC constraints or non-optimal design architecture
Related violations: <none>

TIMING-16#194 Warning
Large setup violation  
There is a large setup violation of -1.039 ns between elem_idx_reg[0]/C (clocked by sys_clk_pin) and in_metrics_reg[1][6][0]/CE (clocked by sys_clk_pin). Large setup violations at the end of those stages might be difficult to fix during the post-placement implementation flow and could be the result of non-optimal XDC constraints or non-optimal design architecture
Related violations: <none>

TIMING-16#195 Warning
Large setup violation  
There is a large setup violation of -1.039 ns between elem_idx_reg[0]/C (clocked by sys_clk_pin) and in_metrics_reg[1][6][5]/CE (clocked by sys_clk_pin). Large setup violations at the end of those stages might be difficult to fix during the post-placement implementation flow and could be the result of non-optimal XDC constraints or non-optimal design architecture
Related violations: <none>

TIMING-16#196 Warning
Large setup violation  
There is a large setup violation of -1.040 ns between dut/genblk1[5].sort/GEN8.u_sort/r0_m_reg[4][2]/C (clocked by sys_clk_pin) and dut/genblk1[5].sort/GEN8.u_sort/r1_m_reg[5][2]/D (clocked by sys_clk_pin). Large setup violations at the end of those stages might be difficult to fix during the post-placement implementation flow and could be the result of non-optimal XDC constraints or non-optimal design architecture
Related violations: <none>

TIMING-16#197 Warning
Large setup violation  
There is a large setup violation of -1.040 ns between dut/genblk1[5].sort/GEN8.u_sort/r1_m_reg[1][0]/C (clocked by sys_clk_pin) and dut/genblk1[5].sort/GEN8.u_sort/r2_m_reg[3][5]/D (clocked by sys_clk_pin). Large setup violations at the end of those stages might be difficult to fix during the post-placement implementation flow and could be the result of non-optimal XDC constraints or non-optimal design architecture
Related violations: <none>

TIMING-16#198 Warning
Large setup violation  
There is a large setup violation of -1.040 ns between dut/genblk1[6].sort/GEN8.u_sort/r5_m_reg[3][8]/C (clocked by sys_clk_pin) and out_l_buf_reg[6][3][0]/D (clocked by sys_clk_pin). Large setup violations at the end of those stages might be difficult to fix during the post-placement implementation flow and could be the result of non-optimal XDC constraints or non-optimal design architecture
Related violations: <none>

TIMING-16#199 Warning
Large setup violation  
There is a large setup violation of -1.040 ns between dut/genblk1[7].sort/GEN8.u_sort/r5_v_reg/C (clocked by sys_clk_pin) and out_m_buf_reg[4][2][4]/CE (clocked by sys_clk_pin). Large setup violations at the end of those stages might be difficult to fix during the post-placement implementation flow and could be the result of non-optimal XDC constraints or non-optimal design architecture
Related violations: <none>

TIMING-16#200 Warning
Large setup violation  
There is a large setup violation of -1.040 ns between dut/genblk1[7].sort/GEN8.u_sort/r5_v_reg/C (clocked by sys_clk_pin) and out_m_buf_reg[4][2][8]/CE (clocked by sys_clk_pin). Large setup violations at the end of those stages might be difficult to fix during the post-placement implementation flow and could be the result of non-optimal XDC constraints or non-optimal design architecture
Related violations: <none>

TIMING-16#201 Warning
Large setup violation  
There is a large setup violation of -1.040 ns between dut/genblk1[7].sort/GEN8.u_sort/r5_v_reg/C (clocked by sys_clk_pin) and out_m_buf_reg[4][3][4]/CE (clocked by sys_clk_pin). Large setup violations at the end of those stages might be difficult to fix during the post-placement implementation flow and could be the result of non-optimal XDC constraints or non-optimal design architecture
Related violations: <none>

TIMING-16#202 Warning
Large setup violation  
There is a large setup violation of -1.040 ns between dut/genblk1[7].sort/GEN8.u_sort/r5_v_reg/C (clocked by sys_clk_pin) and out_m_buf_reg[4][3][8]/CE (clocked by sys_clk_pin). Large setup violations at the end of those stages might be difficult to fix during the post-placement implementation flow and could be the result of non-optimal XDC constraints or non-optimal design architecture
Related violations: <none>

TIMING-16#203 Warning
Large setup violation  
There is a large setup violation of -1.041 ns between cos_idx_reg[1]/C (clocked by sys_clk_pin) and in_labels_reg[2][1][3]/CE (clocked by sys_clk_pin). Large setup violations at the end of those stages might be difficult to fix during the post-placement implementation flow and could be the result of non-optimal XDC constraints or non-optimal design architecture
Related violations: <none>

TIMING-16#204 Warning
Large setup violation  
There is a large setup violation of -1.041 ns between cos_idx_reg[1]/C (clocked by sys_clk_pin) and in_metrics_reg[2][1][2]/CE (clocked by sys_clk_pin). Large setup violations at the end of those stages might be difficult to fix during the post-placement implementation flow and could be the result of non-optimal XDC constraints or non-optimal design architecture
Related violations: <none>

TIMING-16#205 Warning
Large setup violation  
There is a large setup violation of -1.041 ns between cos_idx_reg[1]/C (clocked by sys_clk_pin) and in_metrics_reg[2][1][4]/CE (clocked by sys_clk_pin). Large setup violations at the end of those stages might be difficult to fix during the post-placement implementation flow and could be the result of non-optimal XDC constraints or non-optimal design architecture
Related violations: <none>

TIMING-16#206 Warning
Large setup violation  
There is a large setup violation of -1.041 ns between cos_idx_reg[1]/C (clocked by sys_clk_pin) and in_metrics_reg[2][1][9]/CE (clocked by sys_clk_pin). Large setup violations at the end of those stages might be difficult to fix during the post-placement implementation flow and could be the result of non-optimal XDC constraints or non-optimal design architecture
Related violations: <none>

TIMING-16#207 Warning
Large setup violation  
There is a large setup violation of -1.041 ns between dut/genblk1[6].sort/GEN8.u_sort/r5_m_reg[1][6]/C (clocked by sys_clk_pin) and out_m_buf_reg[6][1][9]/D (clocked by sys_clk_pin). Large setup violations at the end of those stages might be difficult to fix during the post-placement implementation flow and could be the result of non-optimal XDC constraints or non-optimal design architecture
Related violations: <none>

TIMING-16#208 Warning
Large setup violation  
There is a large setup violation of -1.042 ns between dut/genblk1[2].sort/GEN8.u_sort/r5_m_reg[3][0]/C (clocked by sys_clk_pin) and out_m_buf_reg[2][3][1]/D (clocked by sys_clk_pin). Large setup violations at the end of those stages might be difficult to fix during the post-placement implementation flow and could be the result of non-optimal XDC constraints or non-optimal design architecture
Related violations: <none>

TIMING-16#209 Warning
Large setup violation  
There is a large setup violation of -1.042 ns between dut/genblk1[5].sort/GEN8.u_sort/r5_m_reg[7][0]/C (clocked by sys_clk_pin) and out_m_buf_reg[5][6][5]/D (clocked by sys_clk_pin). Large setup violations at the end of those stages might be difficult to fix during the post-placement implementation flow and could be the result of non-optimal XDC constraints or non-optimal design architecture
Related violations: <none>

TIMING-16#210 Warning
Large setup violation  
There is a large setup violation of -1.042 ns between dut/genblk1[6].sort/GEN8.u_sort/r0_m_reg[3][4]/C (clocked by sys_clk_pin) and dut/genblk1[6].sort/GEN8.u_sort/r1_m_reg[2][7]/D (clocked by sys_clk_pin). Large setup violations at the end of those stages might be difficult to fix during the post-placement implementation flow and could be the result of non-optimal XDC constraints or non-optimal design architecture
Related violations: <none>

TIMING-16#211 Warning
Large setup violation  
There is a large setup violation of -1.042 ns between dut/genblk1[6].sort/GEN8.u_sort/r4_m_reg[4][6]/C (clocked by sys_clk_pin) and dut/genblk1[6].sort/GEN8.u_sort/r5_m_reg[4][0]/D (clocked by sys_clk_pin). Large setup violations at the end of those stages might be difficult to fix during the post-placement implementation flow and could be the result of non-optimal XDC constraints or non-optimal design architecture
Related violations: <none>

TIMING-16#212 Warning
Large setup violation  
There is a large setup violation of -1.042 ns between rd_cnt_reg[5]/C (clocked by sys_clk_pin) and rd_cos_idx_reg[1]/CE (clocked by sys_clk_pin). Large setup violations at the end of those stages might be difficult to fix during the post-placement implementation flow and could be the result of non-optimal XDC constraints or non-optimal design architecture
Related violations: <none>

TIMING-16#213 Warning
Large setup violation  
There is a large setup violation of -1.043 ns between dut/genblk1[0].sort/GEN8.u_sort/r4_m_reg[5][0]/C (clocked by sys_clk_pin) and dut/genblk1[0].sort/GEN8.u_sort/r5_l_reg[7][1]/D (clocked by sys_clk_pin). Large setup violations at the end of those stages might be difficult to fix during the post-placement implementation flow and could be the result of non-optimal XDC constraints or non-optimal design architecture
Related violations: <none>

TIMING-16#214 Warning
Large setup violation  
There is a large setup violation of -1.043 ns between dut/genblk1[2].sort/GEN8.u_sort/r0_m_reg[7][0]/C (clocked by sys_clk_pin) and dut/genblk1[2].sort/GEN8.u_sort/r1_m_reg[7][3]/D (clocked by sys_clk_pin). Large setup violations at the end of those stages might be difficult to fix during the post-placement implementation flow and could be the result of non-optimal XDC constraints or non-optimal design architecture
Related violations: <none>

TIMING-16#215 Warning
Large setup violation  
There is a large setup violation of -1.043 ns between dut/genblk1[2].sort/GEN8.u_sort/r1_m_reg[2][8]/C (clocked by sys_clk_pin) and dut/genblk1[2].sort/GEN8.u_sort/r2_m_reg[2][4]/D (clocked by sys_clk_pin). Large setup violations at the end of those stages might be difficult to fix during the post-placement implementation flow and could be the result of non-optimal XDC constraints or non-optimal design architecture
Related violations: <none>

TIMING-16#216 Warning
Large setup violation  
There is a large setup violation of -1.043 ns between dut/genblk1[5].sort/GEN8.u_sort/r1_m_reg[1][0]/C (clocked by sys_clk_pin) and dut/genblk1[5].sort/GEN8.u_sort/r2_m_reg[3][3]/D (clocked by sys_clk_pin). Large setup violations at the end of those stages might be difficult to fix during the post-placement implementation flow and could be the result of non-optimal XDC constraints or non-optimal design architecture
Related violations: <none>

TIMING-16#217 Warning
Large setup violation  
There is a large setup violation of -1.043 ns between dut/genblk1[5].sort/GEN8.u_sort/r3_m_reg[1][6]/C (clocked by sys_clk_pin) and dut/genblk1[5].sort/GEN8.u_sort/r4_m_reg[1][3]/D (clocked by sys_clk_pin). Large setup violations at the end of those stages might be difficult to fix during the post-placement implementation flow and could be the result of non-optimal XDC constraints or non-optimal design architecture
Related violations: <none>

TIMING-16#218 Warning
Large setup violation  
There is a large setup violation of -1.043 ns between elem_idx_reg[0]/C (clocked by sys_clk_pin) and in_labels_reg[1][6][1]/CE (clocked by sys_clk_pin). Large setup violations at the end of those stages might be difficult to fix during the post-placement implementation flow and could be the result of non-optimal XDC constraints or non-optimal design architecture
Related violations: <none>

TIMING-16#219 Warning
Large setup violation  
There is a large setup violation of -1.043 ns between elem_idx_reg[0]/C (clocked by sys_clk_pin) and in_metrics_reg[1][6][2]/CE (clocked by sys_clk_pin). Large setup violations at the end of those stages might be difficult to fix during the post-placement implementation flow and could be the result of non-optimal XDC constraints or non-optimal design architecture
Related violations: <none>

TIMING-16#220 Warning
Large setup violation  
There is a large setup violation of -1.043 ns between elem_idx_reg[0]/C (clocked by sys_clk_pin) and in_metrics_reg[1][6][6]/CE (clocked by sys_clk_pin). Large setup violations at the end of those stages might be difficult to fix during the post-placement implementation flow and could be the result of non-optimal XDC constraints or non-optimal design architecture
Related violations: <none>

TIMING-16#221 Warning
Large setup violation  
There is a large setup violation of -1.044 ns between dut/genblk1[3].sort/GEN8.u_sort/r2_m_reg[5][6]/C (clocked by sys_clk_pin) and dut/genblk1[3].sort/GEN8.u_sort/r3_m_reg[5][0]/D (clocked by sys_clk_pin). Large setup violations at the end of those stages might be difficult to fix during the post-placement implementation flow and could be the result of non-optimal XDC constraints or non-optimal design architecture
Related violations: <none>

TIMING-16#222 Warning
Large setup violation  
There is a large setup violation of -1.044 ns between dut/genblk1[7].sort/GEN8.u_sort/r5_v_reg/C (clocked by sys_clk_pin) and out_m_buf_reg[0][2][4]/CE (clocked by sys_clk_pin). Large setup violations at the end of those stages might be difficult to fix during the post-placement implementation flow and could be the result of non-optimal XDC constraints or non-optimal design architecture
Related violations: <none>

TIMING-16#223 Warning
Large setup violation  
There is a large setup violation of -1.044 ns between dut/genblk1[7].sort/GEN8.u_sort/r5_v_reg/C (clocked by sys_clk_pin) and out_m_buf_reg[0][2][6]/CE (clocked by sys_clk_pin). Large setup violations at the end of those stages might be difficult to fix during the post-placement implementation flow and could be the result of non-optimal XDC constraints or non-optimal design architecture
Related violations: <none>

TIMING-16#224 Warning
Large setup violation  
There is a large setup violation of -1.044 ns between dut/genblk1[7].sort/GEN8.u_sort/r5_v_reg/C (clocked by sys_clk_pin) and out_m_buf_reg[0][3][4]/CE (clocked by sys_clk_pin). Large setup violations at the end of those stages might be difficult to fix during the post-placement implementation flow and could be the result of non-optimal XDC constraints or non-optimal design architecture
Related violations: <none>

TIMING-16#225 Warning
Large setup violation  
There is a large setup violation of -1.044 ns between dut/genblk1[7].sort/GEN8.u_sort/r5_v_reg/C (clocked by sys_clk_pin) and out_m_buf_reg[0][3][6]/CE (clocked by sys_clk_pin). Large setup violations at the end of those stages might be difficult to fix during the post-placement implementation flow and could be the result of non-optimal XDC constraints or non-optimal design architecture
Related violations: <none>

TIMING-16#226 Warning
Large setup violation  
There is a large setup violation of -1.045 ns between dut/genblk1[6].sort/GEN8.u_sort/r4_m_reg[2][0]/C (clocked by sys_clk_pin) and dut/genblk1[6].sort/GEN8.u_sort/r5_m_reg[2][2]/D (clocked by sys_clk_pin). Large setup violations at the end of those stages might be difficult to fix during the post-placement implementation flow and could be the result of non-optimal XDC constraints or non-optimal design architecture
Related violations: <none>

TIMING-16#227 Warning
Large setup violation  
There is a large setup violation of -1.045 ns between elem_idx_reg[0]/C (clocked by sys_clk_pin) and in_labels_reg[2][5][0]/CE (clocked by sys_clk_pin). Large setup violations at the end of those stages might be difficult to fix during the post-placement implementation flow and could be the result of non-optimal XDC constraints or non-optimal design architecture
Related violations: <none>

TIMING-16#228 Warning
Large setup violation  
There is a large setup violation of -1.045 ns between elem_idx_reg[0]/C (clocked by sys_clk_pin) and in_labels_reg[2][5][3]/CE (clocked by sys_clk_pin). Large setup violations at the end of those stages might be difficult to fix during the post-placement implementation flow and could be the result of non-optimal XDC constraints or non-optimal design architecture
Related violations: <none>

TIMING-16#229 Warning
Large setup violation  
There is a large setup violation of -1.045 ns between elem_idx_reg[0]/C (clocked by sys_clk_pin) and in_labels_reg[4][7][2]/CE (clocked by sys_clk_pin). Large setup violations at the end of those stages might be difficult to fix during the post-placement implementation flow and could be the result of non-optimal XDC constraints or non-optimal design architecture
Related violations: <none>

TIMING-16#230 Warning
Large setup violation  
There is a large setup violation of -1.045 ns between elem_idx_reg[0]/C (clocked by sys_clk_pin) and in_labels_reg[6][7][1]/CE (clocked by sys_clk_pin). Large setup violations at the end of those stages might be difficult to fix during the post-placement implementation flow and could be the result of non-optimal XDC constraints or non-optimal design architecture
Related violations: <none>

TIMING-16#231 Warning
Large setup violation  
There is a large setup violation of -1.045 ns between elem_idx_reg[0]/C (clocked by sys_clk_pin) and in_metrics_reg[2][5][3]/CE (clocked by sys_clk_pin). Large setup violations at the end of those stages might be difficult to fix during the post-placement implementation flow and could be the result of non-optimal XDC constraints or non-optimal design architecture
Related violations: <none>

TIMING-16#232 Warning
Large setup violation  
There is a large setup violation of -1.045 ns between elem_idx_reg[0]/C (clocked by sys_clk_pin) and in_metrics_reg[2][5][8]/CE (clocked by sys_clk_pin). Large setup violations at the end of those stages might be difficult to fix during the post-placement implementation flow and could be the result of non-optimal XDC constraints or non-optimal design architecture
Related violations: <none>

TIMING-16#233 Warning
Large setup violation  
There is a large setup violation of -1.046 ns between dut/genblk1[3].sort/GEN8.u_sort/r1_m_reg[7][4]/C (clocked by sys_clk_pin) and dut/genblk1[3].sort/GEN8.u_sort/r2_m_reg[5][1]/D (clocked by sys_clk_pin). Large setup violations at the end of those stages might be difficult to fix during the post-placement implementation flow and could be the result of non-optimal XDC constraints or non-optimal design architecture
Related violations: <none>

TIMING-16#234 Warning
Large setup violation  
There is a large setup violation of -1.046 ns between elem_idx_reg[0]/C (clocked by sys_clk_pin) and in_labels_reg[6][3][0]/CE (clocked by sys_clk_pin). Large setup violations at the end of those stages might be difficult to fix during the post-placement implementation flow and could be the result of non-optimal XDC constraints or non-optimal design architecture
Related violations: <none>

TIMING-16#235 Warning
Large setup violation  
There is a large setup violation of -1.046 ns between elem_idx_reg[0]/C (clocked by sys_clk_pin) and in_labels_reg[6][3][2]/CE (clocked by sys_clk_pin). Large setup violations at the end of those stages might be difficult to fix during the post-placement implementation flow and could be the result of non-optimal XDC constraints or non-optimal design architecture
Related violations: <none>

TIMING-16#236 Warning
Large setup violation  
There is a large setup violation of -1.047 ns between dut/genblk1[6].sort/GEN8.u_sort/r0_m_reg[3][4]/C (clocked by sys_clk_pin) and dut/genblk1[6].sort/GEN8.u_sort/r1_m_reg[2][4]/D (clocked by sys_clk_pin). Large setup violations at the end of those stages might be difficult to fix during the post-placement implementation flow and could be the result of non-optimal XDC constraints or non-optimal design architecture
Related violations: <none>

TIMING-16#237 Warning
Large setup violation  
There is a large setup violation of -1.047 ns between dut/genblk1[6].sort/GEN8.u_sort/r3_m_reg[7][2]/C (clocked by sys_clk_pin) and dut/genblk1[6].sort/GEN8.u_sort/r4_m_reg[3][0]/D (clocked by sys_clk_pin). Large setup violations at the end of those stages might be difficult to fix during the post-placement implementation flow and could be the result of non-optimal XDC constraints or non-optimal design architecture
Related violations: <none>

TIMING-16#238 Warning
Large setup violation  
There is a large setup violation of -1.047 ns between elem_idx_reg[0]/C (clocked by sys_clk_pin) and in_labels_reg[1][6][2]/CE (clocked by sys_clk_pin). Large setup violations at the end of those stages might be difficult to fix during the post-placement implementation flow and could be the result of non-optimal XDC constraints or non-optimal design architecture
Related violations: <none>

TIMING-16#239 Warning
Large setup violation  
There is a large setup violation of -1.047 ns between elem_idx_reg[0]/C (clocked by sys_clk_pin) and in_metrics_reg[1][6][1]/CE (clocked by sys_clk_pin). Large setup violations at the end of those stages might be difficult to fix during the post-placement implementation flow and could be the result of non-optimal XDC constraints or non-optimal design architecture
Related violations: <none>

TIMING-16#240 Warning
Large setup violation  
There is a large setup violation of -1.047 ns between elem_idx_reg[0]/C (clocked by sys_clk_pin) and in_metrics_reg[1][6][4]/CE (clocked by sys_clk_pin). Large setup violations at the end of those stages might be difficult to fix during the post-placement implementation flow and could be the result of non-optimal XDC constraints or non-optimal design architecture
Related violations: <none>

TIMING-16#241 Warning
Large setup violation  
There is a large setup violation of -1.047 ns between elem_idx_reg[0]/C (clocked by sys_clk_pin) and in_metrics_reg[1][6][8]/CE (clocked by sys_clk_pin). Large setup violations at the end of those stages might be difficult to fix during the post-placement implementation flow and could be the result of non-optimal XDC constraints or non-optimal design architecture
Related violations: <none>

TIMING-16#242 Warning
Large setup violation  
There is a large setup violation of -1.048 ns between dut/genblk1[0].sort/GEN8.u_sort/r1_m_reg[2][0]/C (clocked by sys_clk_pin) and dut/genblk1[0].sort/GEN8.u_sort/r2_l_reg[2][1]/D (clocked by sys_clk_pin). Large setup violations at the end of those stages might be difficult to fix during the post-placement implementation flow and could be the result of non-optimal XDC constraints or non-optimal design architecture
Related violations: <none>

TIMING-16#243 Warning
Large setup violation  
There is a large setup violation of -1.048 ns between dut/genblk1[0].sort/GEN8.u_sort/r4_m_reg[5][0]/C (clocked by sys_clk_pin) and dut/genblk1[0].sort/GEN8.u_sort/r5_l_reg[5][1]/D (clocked by sys_clk_pin). Large setup violations at the end of those stages might be difficult to fix during the post-placement implementation flow and could be the result of non-optimal XDC constraints or non-optimal design architecture
Related violations: <none>

TIMING-16#244 Warning
Large setup violation  
There is a large setup violation of -1.048 ns between dut/genblk1[5].sort/GEN8.u_sort/r3_m_reg[1][6]/C (clocked by sys_clk_pin) and dut/genblk1[5].sort/GEN8.u_sort/r4_m_reg[1][2]/D (clocked by sys_clk_pin). Large setup violations at the end of those stages might be difficult to fix during the post-placement implementation flow and could be the result of non-optimal XDC constraints or non-optimal design architecture
Related violations: <none>

TIMING-16#245 Warning
Large setup violation  
There is a large setup violation of -1.050 ns between dut/genblk1[0].sort/GEN8.u_sort/r2_m_reg[7][0]/C (clocked by sys_clk_pin) and dut/genblk1[0].sort/GEN8.u_sort/r3_m_reg[7][2]/D (clocked by sys_clk_pin). Large setup violations at the end of those stages might be difficult to fix during the post-placement implementation flow and could be the result of non-optimal XDC constraints or non-optimal design architecture
Related violations: <none>

TIMING-16#246 Warning
Large setup violation  
There is a large setup violation of -1.050 ns between dut/genblk1[6].sort/GEN8.u_sort/r4_m_reg[4][6]/C (clocked by sys_clk_pin) and dut/genblk1[6].sort/GEN8.u_sort/r5_m_reg[6][3]/D (clocked by sys_clk_pin). Large setup violations at the end of those stages might be difficult to fix during the post-placement implementation flow and could be the result of non-optimal XDC constraints or non-optimal design architecture
Related violations: <none>

TIMING-16#247 Warning
Large setup violation  
There is a large setup violation of -1.050 ns between elem_idx_reg[0]/C (clocked by sys_clk_pin) and in_metrics_reg[4][5][9]/CE (clocked by sys_clk_pin). Large setup violations at the end of those stages might be difficult to fix during the post-placement implementation flow and could be the result of non-optimal XDC constraints or non-optimal design architecture
Related violations: <none>

TIMING-16#248 Warning
Large setup violation  
There is a large setup violation of -1.051 ns between dut/genblk1[5].sort/GEN8.u_sort/r1_m_reg[1][0]/C (clocked by sys_clk_pin) and dut/genblk1[5].sort/GEN8.u_sort/r2_m_reg[3][2]/D (clocked by sys_clk_pin). Large setup violations at the end of those stages might be difficult to fix during the post-placement implementation flow and could be the result of non-optimal XDC constraints or non-optimal design architecture
Related violations: <none>

TIMING-16#249 Warning
Large setup violation  
There is a large setup violation of -1.051 ns between elem_idx_reg[0]/C (clocked by sys_clk_pin) and in_labels_reg[1][4][0]/CE (clocked by sys_clk_pin). Large setup violations at the end of those stages might be difficult to fix during the post-placement implementation flow and could be the result of non-optimal XDC constraints or non-optimal design architecture
Related violations: <none>

TIMING-16#250 Warning
Large setup violation  
There is a large setup violation of -1.051 ns between elem_idx_reg[0]/C (clocked by sys_clk_pin) and in_metrics_reg[1][4][7]/CE (clocked by sys_clk_pin). Large setup violations at the end of those stages might be difficult to fix during the post-placement implementation flow and could be the result of non-optimal XDC constraints or non-optimal design architecture
Related violations: <none>

TIMING-16#251 Warning
Large setup violation  
There is a large setup violation of -1.051 ns between elem_idx_reg[0]/C (clocked by sys_clk_pin) and in_metrics_reg[1][4][8]/CE (clocked by sys_clk_pin). Large setup violations at the end of those stages might be difficult to fix during the post-placement implementation flow and could be the result of non-optimal XDC constraints or non-optimal design architecture
Related violations: <none>

TIMING-16#252 Warning
Large setup violation  
There is a large setup violation of -1.051 ns between elem_idx_reg[0]/C (clocked by sys_clk_pin) and in_metrics_reg[6][1][0]/CE (clocked by sys_clk_pin). Large setup violations at the end of those stages might be difficult to fix during the post-placement implementation flow and could be the result of non-optimal XDC constraints or non-optimal design architecture
Related violations: <none>

TIMING-16#253 Warning
Large setup violation  
There is a large setup violation of -1.051 ns between elem_idx_reg[0]/C (clocked by sys_clk_pin) and in_metrics_reg[6][1][1]/CE (clocked by sys_clk_pin). Large setup violations at the end of those stages might be difficult to fix during the post-placement implementation flow and could be the result of non-optimal XDC constraints or non-optimal design architecture
Related violations: <none>

TIMING-16#254 Warning
Large setup violation  
There is a large setup violation of -1.051 ns between elem_idx_reg[0]/C (clocked by sys_clk_pin) and in_metrics_reg[6][1][3]/CE (clocked by sys_clk_pin). Large setup violations at the end of those stages might be difficult to fix during the post-placement implementation flow and could be the result of non-optimal XDC constraints or non-optimal design architecture
Related violations: <none>

TIMING-16#255 Warning
Large setup violation  
There is a large setup violation of -1.051 ns between elem_idx_reg[0]/C (clocked by sys_clk_pin) and in_metrics_reg[6][1][6]/CE (clocked by sys_clk_pin). Large setup violations at the end of those stages might be difficult to fix during the post-placement implementation flow and could be the result of non-optimal XDC constraints or non-optimal design architecture
Related violations: <none>

TIMING-16#256 Warning
Large setup violation  
There is a large setup violation of -1.052 ns between dut/genblk1[7].sort/GEN8.u_sort/r5_v_reg/C (clocked by sys_clk_pin) and out_m_buf_reg[0][4][2]/CE (clocked by sys_clk_pin). Large setup violations at the end of those stages might be difficult to fix during the post-placement implementation flow and could be the result of non-optimal XDC constraints or non-optimal design architecture
Related violations: <none>

TIMING-16#257 Warning
Large setup violation  
There is a large setup violation of -1.052 ns between dut/genblk1[7].sort/GEN8.u_sort/r5_v_reg/C (clocked by sys_clk_pin) and out_m_buf_reg[0][4][3]/CE (clocked by sys_clk_pin). Large setup violations at the end of those stages might be difficult to fix during the post-placement implementation flow and could be the result of non-optimal XDC constraints or non-optimal design architecture
Related violations: <none>

TIMING-16#258 Warning
Large setup violation  
There is a large setup violation of -1.052 ns between dut/genblk1[7].sort/GEN8.u_sort/r5_v_reg/C (clocked by sys_clk_pin) and out_m_buf_reg[0][4][5]/CE (clocked by sys_clk_pin). Large setup violations at the end of those stages might be difficult to fix during the post-placement implementation flow and could be the result of non-optimal XDC constraints or non-optimal design architecture
Related violations: <none>

TIMING-16#259 Warning
Large setup violation  
There is a large setup violation of -1.052 ns between dut/genblk1[7].sort/GEN8.u_sort/r5_v_reg/C (clocked by sys_clk_pin) and out_m_buf_reg[0][5][3]/CE (clocked by sys_clk_pin). Large setup violations at the end of those stages might be difficult to fix during the post-placement implementation flow and could be the result of non-optimal XDC constraints or non-optimal design architecture
Related violations: <none>

TIMING-16#260 Warning
Large setup violation  
There is a large setup violation of -1.052 ns between elem_idx_reg[0]/C (clocked by sys_clk_pin) and in_labels_reg[1][2][1]/CE (clocked by sys_clk_pin). Large setup violations at the end of those stages might be difficult to fix during the post-placement implementation flow and could be the result of non-optimal XDC constraints or non-optimal design architecture
Related violations: <none>

TIMING-16#261 Warning
Large setup violation  
There is a large setup violation of -1.052 ns between elem_idx_reg[0]/C (clocked by sys_clk_pin) and in_labels_reg[2][5][2]/CE (clocked by sys_clk_pin). Large setup violations at the end of those stages might be difficult to fix during the post-placement implementation flow and could be the result of non-optimal XDC constraints or non-optimal design architecture
Related violations: <none>

TIMING-16#262 Warning
Large setup violation  
There is a large setup violation of -1.052 ns between elem_idx_reg[0]/C (clocked by sys_clk_pin) and in_metrics_reg[1][2][3]/CE (clocked by sys_clk_pin). Large setup violations at the end of those stages might be difficult to fix during the post-placement implementation flow and could be the result of non-optimal XDC constraints or non-optimal design architecture
Related violations: <none>

TIMING-16#263 Warning
Large setup violation  
There is a large setup violation of -1.052 ns between elem_idx_reg[0]/C (clocked by sys_clk_pin) and in_metrics_reg[1][2][4]/CE (clocked by sys_clk_pin). Large setup violations at the end of those stages might be difficult to fix during the post-placement implementation flow and could be the result of non-optimal XDC constraints or non-optimal design architecture
Related violations: <none>

TIMING-16#264 Warning
Large setup violation  
There is a large setup violation of -1.052 ns between elem_idx_reg[0]/C (clocked by sys_clk_pin) and in_metrics_reg[1][2][8]/CE (clocked by sys_clk_pin). Large setup violations at the end of those stages might be difficult to fix during the post-placement implementation flow and could be the result of non-optimal XDC constraints or non-optimal design architecture
Related violations: <none>

TIMING-16#265 Warning
Large setup violation  
There is a large setup violation of -1.052 ns between elem_idx_reg[0]/C (clocked by sys_clk_pin) and in_metrics_reg[2][5][2]/CE (clocked by sys_clk_pin). Large setup violations at the end of those stages might be difficult to fix during the post-placement implementation flow and could be the result of non-optimal XDC constraints or non-optimal design architecture
Related violations: <none>

TIMING-16#266 Warning
Large setup violation  
There is a large setup violation of -1.052 ns between elem_idx_reg[0]/C (clocked by sys_clk_pin) and in_metrics_reg[2][5][6]/CE (clocked by sys_clk_pin). Large setup violations at the end of those stages might be difficult to fix during the post-placement implementation flow and could be the result of non-optimal XDC constraints or non-optimal design architecture
Related violations: <none>

TIMING-16#267 Warning
Large setup violation  
There is a large setup violation of -1.052 ns between elem_idx_reg[0]/C (clocked by sys_clk_pin) and in_metrics_reg[2][5][9]/CE (clocked by sys_clk_pin). Large setup violations at the end of those stages might be difficult to fix during the post-placement implementation flow and could be the result of non-optimal XDC constraints or non-optimal design architecture
Related violations: <none>

TIMING-16#268 Warning
Large setup violation  
There is a large setup violation of -1.053 ns between dut/genblk1[2].sort/GEN8.u_sort/r3_m_reg[5][7]/C (clocked by sys_clk_pin) and dut/genblk1[2].sort/GEN8.u_sort/r4_m_reg[1][4]/D (clocked by sys_clk_pin). Large setup violations at the end of those stages might be difficult to fix during the post-placement implementation flow and could be the result of non-optimal XDC constraints or non-optimal design architecture
Related violations: <none>

TIMING-16#269 Warning
Large setup violation  
There is a large setup violation of -1.053 ns between dut/genblk1[3].sort/GEN8.u_sort/r0_m_reg[5][5]/C (clocked by sys_clk_pin) and dut/genblk1[3].sort/GEN8.u_sort/r1_l_reg[5][1]/D (clocked by sys_clk_pin). Large setup violations at the end of those stages might be difficult to fix during the post-placement implementation flow and could be the result of non-optimal XDC constraints or non-optimal design architecture
Related violations: <none>

TIMING-16#270 Warning
Large setup violation  
There is a large setup violation of -1.053 ns between dut/genblk1[4].sort/GEN8.u_sort/r1_m_reg[6][0]/C (clocked by sys_clk_pin) and dut/genblk1[4].sort/GEN8.u_sort/r2_l_reg[4][2]/D (clocked by sys_clk_pin). Large setup violations at the end of those stages might be difficult to fix during the post-placement implementation flow and could be the result of non-optimal XDC constraints or non-optimal design architecture
Related violations: <none>

TIMING-16#271 Warning
Large setup violation  
There is a large setup violation of -1.053 ns between dut/genblk1[5].sort/GEN8.u_sort/r1_l_reg[6][2]/C (clocked by sys_clk_pin) and dut/genblk1[5].sort/GEN8.u_sort/r2_l_reg[6][2]/D (clocked by sys_clk_pin). Large setup violations at the end of those stages might be difficult to fix during the post-placement implementation flow and could be the result of non-optimal XDC constraints or non-optimal design architecture
Related violations: <none>

TIMING-16#272 Warning
Large setup violation  
There is a large setup violation of -1.053 ns between dut/genblk1[6].sort/GEN8.u_sort/r5_m_reg[3][9]/C (clocked by sys_clk_pin) and out_l_buf_reg[6][3][2]/D (clocked by sys_clk_pin). Large setup violations at the end of those stages might be difficult to fix during the post-placement implementation flow and could be the result of non-optimal XDC constraints or non-optimal design architecture
Related violations: <none>

TIMING-16#273 Warning
Large setup violation  
There is a large setup violation of -1.053 ns between elem_idx_reg[0]/C (clocked by sys_clk_pin) and in_labels_reg[1][6][3]/CE (clocked by sys_clk_pin). Large setup violations at the end of those stages might be difficult to fix during the post-placement implementation flow and could be the result of non-optimal XDC constraints or non-optimal design architecture
Related violations: <none>

TIMING-16#274 Warning
Large setup violation  
There is a large setup violation of -1.053 ns between elem_idx_reg[0]/C (clocked by sys_clk_pin) and in_metrics_reg[1][6][3]/CE (clocked by sys_clk_pin). Large setup violations at the end of those stages might be difficult to fix during the post-placement implementation flow and could be the result of non-optimal XDC constraints or non-optimal design architecture
Related violations: <none>

TIMING-16#275 Warning
Large setup violation  
There is a large setup violation of -1.053 ns between elem_idx_reg[0]/C (clocked by sys_clk_pin) and in_metrics_reg[1][6][7]/CE (clocked by sys_clk_pin). Large setup violations at the end of those stages might be difficult to fix during the post-placement implementation flow and could be the result of non-optimal XDC constraints or non-optimal design architecture
Related violations: <none>

TIMING-16#276 Warning
Large setup violation  
There is a large setup violation of -1.053 ns between elem_idx_reg[0]/C (clocked by sys_clk_pin) and in_metrics_reg[1][6][9]/CE (clocked by sys_clk_pin). Large setup violations at the end of those stages might be difficult to fix during the post-placement implementation flow and could be the result of non-optimal XDC constraints or non-optimal design architecture
Related violations: <none>

TIMING-16#277 Warning
Large setup violation  
There is a large setup violation of -1.054 ns between dut/genblk1[2].sort/GEN8.u_sort/r3_m_reg[7][7]/C (clocked by sys_clk_pin) and dut/genblk1[2].sort/GEN8.u_sort/r4_m_reg[3][5]/D (clocked by sys_clk_pin). Large setup violations at the end of those stages might be difficult to fix during the post-placement implementation flow and could be the result of non-optimal XDC constraints or non-optimal design architecture
Related violations: <none>

TIMING-16#278 Warning
Large setup violation  
There is a large setup violation of -1.054 ns between dut/genblk1[4].sort/GEN8.u_sort/r2_m_reg[5][6]/C (clocked by sys_clk_pin) and dut/genblk1[4].sort/GEN8.u_sort/r3_l_reg[4][0]/D (clocked by sys_clk_pin). Large setup violations at the end of those stages might be difficult to fix during the post-placement implementation flow and could be the result of non-optimal XDC constraints or non-optimal design architecture
Related violations: <none>

TIMING-16#279 Warning
Large setup violation  
There is a large setup violation of -1.054 ns between dut/genblk1[5].sort/GEN8.u_sort/r1_l_reg[6][2]/C (clocked by sys_clk_pin) and dut/genblk1[5].sort/GEN8.u_sort/r2_l_reg[4][2]/D (clocked by sys_clk_pin). Large setup violations at the end of those stages might be difficult to fix during the post-placement implementation flow and could be the result of non-optimal XDC constraints or non-optimal design architecture
Related violations: <none>

TIMING-16#280 Warning
Large setup violation  
There is a large setup violation of -1.054 ns between dut/genblk1[5].sort/GEN8.u_sort/r5_m_reg[2][1]/C (clocked by sys_clk_pin) and out_m_buf_reg[5][3][2]/D (clocked by sys_clk_pin). Large setup violations at the end of those stages might be difficult to fix during the post-placement implementation flow and could be the result of non-optimal XDC constraints or non-optimal design architecture
Related violations: <none>

TIMING-16#281 Warning
Large setup violation  
There is a large setup violation of -1.054 ns between dut/genblk1[6].sort/GEN8.u_sort/r4_m_reg[5][1]/C (clocked by sys_clk_pin) and dut/genblk1[6].sort/GEN8.u_sort/r5_m_reg[7][4]/D (clocked by sys_clk_pin). Large setup violations at the end of those stages might be difficult to fix during the post-placement implementation flow and could be the result of non-optimal XDC constraints or non-optimal design architecture
Related violations: <none>

TIMING-16#282 Warning
Large setup violation  
There is a large setup violation of -1.054 ns between dut/genblk1[6].sort/GEN8.u_sort/r5_m_reg[3][9]/C (clocked by sys_clk_pin) and out_l_buf_reg[6][2][2]/D (clocked by sys_clk_pin). Large setup violations at the end of those stages might be difficult to fix during the post-placement implementation flow and could be the result of non-optimal XDC constraints or non-optimal design architecture
Related violations: <none>

TIMING-16#283 Warning
Large setup violation  
There is a large setup violation of -1.054 ns between elem_idx_reg[0]/C (clocked by sys_clk_pin) and in_labels_reg[4][1][3]/CE (clocked by sys_clk_pin). Large setup violations at the end of those stages might be difficult to fix during the post-placement implementation flow and could be the result of non-optimal XDC constraints or non-optimal design architecture
Related violations: <none>

TIMING-16#284 Warning
Large setup violation  
There is a large setup violation of -1.055 ns between dut/genblk1[5].sort/GEN8.u_sort/r1_m_reg[1][0]/C (clocked by sys_clk_pin) and dut/genblk1[5].sort/GEN8.u_sort/r2_m_reg[1][5]/D (clocked by sys_clk_pin). Large setup violations at the end of those stages might be difficult to fix during the post-placement implementation flow and could be the result of non-optimal XDC constraints or non-optimal design architecture
Related violations: <none>

TIMING-16#285 Warning
Large setup violation  
There is a large setup violation of -1.055 ns between dut/genblk1[5].sort/GEN8.u_sort/r1_m_reg[1][0]/C (clocked by sys_clk_pin) and dut/genblk1[5].sort/GEN8.u_sort/r2_m_reg[1][6]/D (clocked by sys_clk_pin). Large setup violations at the end of those stages might be difficult to fix during the post-placement implementation flow and could be the result of non-optimal XDC constraints or non-optimal design architecture
Related violations: <none>

TIMING-16#286 Warning
Large setup violation  
There is a large setup violation of -1.055 ns between dut/genblk1[6].sort/GEN8.u_sort/r4_m_reg[4][6]/C (clocked by sys_clk_pin) and dut/genblk1[6].sort/GEN8.u_sort/r5_m_reg[6][2]/D (clocked by sys_clk_pin). Large setup violations at the end of those stages might be difficult to fix during the post-placement implementation flow and could be the result of non-optimal XDC constraints or non-optimal design architecture
Related violations: <none>

TIMING-16#287 Warning
Large setup violation  
There is a large setup violation of -1.056 ns between dut/genblk1[3].sort/GEN8.u_sort/r5_m_reg[7][2]/C (clocked by sys_clk_pin) and out_l_buf_reg[3][6][0]/D (clocked by sys_clk_pin). Large setup violations at the end of those stages might be difficult to fix during the post-placement implementation flow and could be the result of non-optimal XDC constraints or non-optimal design architecture
Related violations: <none>

TIMING-16#288 Warning
Large setup violation  
There is a large setup violation of -1.056 ns between elem_idx_reg[0]/C (clocked by sys_clk_pin) and in_metrics_reg[2][0][2]/CE (clocked by sys_clk_pin). Large setup violations at the end of those stages might be difficult to fix during the post-placement implementation flow and could be the result of non-optimal XDC constraints or non-optimal design architecture
Related violations: <none>

TIMING-16#289 Warning
Large setup violation  
There is a large setup violation of -1.056 ns between elem_idx_reg[0]/C (clocked by sys_clk_pin) and in_metrics_reg[2][0][4]/CE (clocked by sys_clk_pin). Large setup violations at the end of those stages might be difficult to fix during the post-placement implementation flow and could be the result of non-optimal XDC constraints or non-optimal design architecture
Related violations: <none>

TIMING-16#290 Warning
Large setup violation  
There is a large setup violation of -1.057 ns between dut/genblk1[2].sort/GEN8.u_sort/r2_m_reg[5][0]/C (clocked by sys_clk_pin) and dut/genblk1[2].sort/GEN8.u_sort/r3_m_reg[4][8]/D (clocked by sys_clk_pin). Large setup violations at the end of those stages might be difficult to fix during the post-placement implementation flow and could be the result of non-optimal XDC constraints or non-optimal design architecture
Related violations: <none>

TIMING-16#291 Warning
Large setup violation  
There is a large setup violation of -1.057 ns between elem_idx_reg[0]/C (clocked by sys_clk_pin) and in_labels_reg[2][0][1]/CE (clocked by sys_clk_pin). Large setup violations at the end of those stages might be difficult to fix during the post-placement implementation flow and could be the result of non-optimal XDC constraints or non-optimal design architecture
Related violations: <none>

TIMING-16#292 Warning
Large setup violation  
There is a large setup violation of -1.057 ns between elem_idx_reg[0]/C (clocked by sys_clk_pin) and in_metrics_reg[0][4][4]/CE (clocked by sys_clk_pin). Large setup violations at the end of those stages might be difficult to fix during the post-placement implementation flow and could be the result of non-optimal XDC constraints or non-optimal design architecture
Related violations: <none>

TIMING-16#293 Warning
Large setup violation  
There is a large setup violation of -1.057 ns between elem_idx_reg[0]/C (clocked by sys_clk_pin) and in_metrics_reg[0][4][5]/CE (clocked by sys_clk_pin). Large setup violations at the end of those stages might be difficult to fix during the post-placement implementation flow and could be the result of non-optimal XDC constraints or non-optimal design architecture
Related violations: <none>

TIMING-16#294 Warning
Large setup violation  
There is a large setup violation of -1.057 ns between in_metrics_reg[5][6][5]/C (clocked by sys_clk_pin) and dut/genblk1[5].sort/GEN8.u_sort/r0_m_reg[6][5]/D (clocked by sys_clk_pin). Large setup violations at the end of those stages might be difficult to fix during the post-placement implementation flow and could be the result of non-optimal XDC constraints or non-optimal design architecture
Related violations: <none>

TIMING-16#295 Warning
Large setup violation  
There is a large setup violation of -1.058 ns between dut/genblk1[2].sort/GEN8.u_sort/r5_m_reg[3][0]/C (clocked by sys_clk_pin) and out_m_buf_reg[2][2][4]/D (clocked by sys_clk_pin). Large setup violations at the end of those stages might be difficult to fix during the post-placement implementation flow and could be the result of non-optimal XDC constraints or non-optimal design architecture
Related violations: <none>

TIMING-16#296 Warning
Large setup violation  
There is a large setup violation of -1.059 ns between dut/genblk1[0].sort/GEN8.u_sort/r1_m_reg[7][3]/C (clocked by sys_clk_pin) and dut/genblk1[0].sort/GEN8.u_sort/r2_l_reg[7][1]/D (clocked by sys_clk_pin). Large setup violations at the end of those stages might be difficult to fix during the post-placement implementation flow and could be the result of non-optimal XDC constraints or non-optimal design architecture
Related violations: <none>

TIMING-16#297 Warning
Large setup violation  
There is a large setup violation of -1.059 ns between dut/genblk1[2].sort/GEN8.u_sort/r5_m_reg[3][0]/C (clocked by sys_clk_pin) and out_m_buf_reg[2][2][1]/D (clocked by sys_clk_pin). Large setup violations at the end of those stages might be difficult to fix during the post-placement implementation flow and could be the result of non-optimal XDC constraints or non-optimal design architecture
Related violations: <none>

TIMING-16#298 Warning
Large setup violation  
There is a large setup violation of -1.059 ns between dut/genblk1[3].sort/GEN8.u_sort/r0_m_reg[5][5]/C (clocked by sys_clk_pin) and dut/genblk1[3].sort/GEN8.u_sort/r1_l_reg[4][1]/D (clocked by sys_clk_pin). Large setup violations at the end of those stages might be difficult to fix during the post-placement implementation flow and could be the result of non-optimal XDC constraints or non-optimal design architecture
Related violations: <none>

TIMING-16#299 Warning
Large setup violation  
There is a large setup violation of -1.060 ns between dut/genblk1[0].sort/GEN8.u_sort/r1_m_reg[2][0]/C (clocked by sys_clk_pin) and dut/genblk1[0].sort/GEN8.u_sort/r2_l_reg[0][1]/D (clocked by sys_clk_pin). Large setup violations at the end of those stages might be difficult to fix during the post-placement implementation flow and could be the result of non-optimal XDC constraints or non-optimal design architecture
Related violations: <none>

TIMING-16#300 Warning
Large setup violation  
There is a large setup violation of -1.060 ns between dut/genblk1[4].sort/GEN8.u_sort/r3_m_reg[5][0]/C (clocked by sys_clk_pin) and dut/genblk1[4].sort/GEN8.u_sort/r4_l_reg[5][3]/D (clocked by sys_clk_pin). Large setup violations at the end of those stages might be difficult to fix during the post-placement implementation flow and could be the result of non-optimal XDC constraints or non-optimal design architecture
Related violations: <none>

TIMING-16#301 Warning
Large setup violation  
There is a large setup violation of -1.061 ns between dut/genblk1[4].sort/GEN8.u_sort/r3_m_reg[5][0]/C (clocked by sys_clk_pin) and dut/genblk1[4].sort/GEN8.u_sort/r4_m_reg[1][7]/D (clocked by sys_clk_pin). Large setup violations at the end of those stages might be difficult to fix during the post-placement implementation flow and could be the result of non-optimal XDC constraints or non-optimal design architecture
Related violations: <none>

TIMING-16#302 Warning
Large setup violation  
There is a large setup violation of -1.061 ns between dut/genblk1[4].sort/GEN8.u_sort/r3_m_reg[5][0]/C (clocked by sys_clk_pin) and dut/genblk1[4].sort/GEN8.u_sort/r4_m_reg[5][7]/D (clocked by sys_clk_pin). Large setup violations at the end of those stages might be difficult to fix during the post-placement implementation flow and could be the result of non-optimal XDC constraints or non-optimal design architecture
Related violations: <none>

TIMING-16#303 Warning
Large setup violation  
There is a large setup violation of -1.061 ns between elem_idx_reg[1]/C (clocked by sys_clk_pin) and in_metrics_reg[1][5][8]/CE (clocked by sys_clk_pin). Large setup violations at the end of those stages might be difficult to fix during the post-placement implementation flow and could be the result of non-optimal XDC constraints or non-optimal design architecture
Related violations: <none>

TIMING-16#304 Warning
Large setup violation  
There is a large setup violation of -1.062 ns between dut/genblk1[3].sort/GEN8.u_sort/r1_m_reg[2][6]/C (clocked by sys_clk_pin) and dut/genblk1[3].sort/GEN8.u_sort/r2_m_reg[0][2]/D (clocked by sys_clk_pin). Large setup violations at the end of those stages might be difficult to fix during the post-placement implementation flow and could be the result of non-optimal XDC constraints or non-optimal design architecture
Related violations: <none>

TIMING-16#305 Warning
Large setup violation  
There is a large setup violation of -1.062 ns between elem_idx_reg[0]/C (clocked by sys_clk_pin) and in_labels_reg[0][4][0]/CE (clocked by sys_clk_pin). Large setup violations at the end of those stages might be difficult to fix during the post-placement implementation flow and could be the result of non-optimal XDC constraints or non-optimal design architecture
Related violations: <none>

TIMING-16#306 Warning
Large setup violation  
There is a large setup violation of -1.062 ns between elem_idx_reg[0]/C (clocked by sys_clk_pin) and in_labels_reg[1][7][2]/CE (clocked by sys_clk_pin). Large setup violations at the end of those stages might be difficult to fix during the post-placement implementation flow and could be the result of non-optimal XDC constraints or non-optimal design architecture
Related violations: <none>

TIMING-16#307 Warning
Large setup violation  
There is a large setup violation of -1.062 ns between elem_idx_reg[0]/C (clocked by sys_clk_pin) and in_metrics_reg[0][4][0]/CE (clocked by sys_clk_pin). Large setup violations at the end of those stages might be difficult to fix during the post-placement implementation flow and could be the result of non-optimal XDC constraints or non-optimal design architecture
Related violations: <none>

TIMING-16#308 Warning
Large setup violation  
There is a large setup violation of -1.062 ns between elem_idx_reg[0]/C (clocked by sys_clk_pin) and in_metrics_reg[0][4][2]/CE (clocked by sys_clk_pin). Large setup violations at the end of those stages might be difficult to fix during the post-placement implementation flow and could be the result of non-optimal XDC constraints or non-optimal design architecture
Related violations: <none>

TIMING-16#309 Warning
Large setup violation  
There is a large setup violation of -1.062 ns between elem_idx_reg[0]/C (clocked by sys_clk_pin) and in_metrics_reg[0][4][9]/CE (clocked by sys_clk_pin). Large setup violations at the end of those stages might be difficult to fix during the post-placement implementation flow and could be the result of non-optimal XDC constraints or non-optimal design architecture
Related violations: <none>

TIMING-16#310 Warning
Large setup violation  
There is a large setup violation of -1.065 ns between dut/genblk1[4].sort/GEN8.u_sort/r3_m_reg[5][0]/C (clocked by sys_clk_pin) and dut/genblk1[4].sort/GEN8.u_sort/r4_l_reg[1][3]/D (clocked by sys_clk_pin). Large setup violations at the end of those stages might be difficult to fix during the post-placement implementation flow and could be the result of non-optimal XDC constraints or non-optimal design architecture
Related violations: <none>

TIMING-16#311 Warning
Large setup violation  
There is a large setup violation of -1.065 ns between elem_idx_reg[0]/C (clocked by sys_clk_pin) and in_labels_reg[4][1][0]/CE (clocked by sys_clk_pin). Large setup violations at the end of those stages might be difficult to fix during the post-placement implementation flow and could be the result of non-optimal XDC constraints or non-optimal design architecture
Related violations: <none>

TIMING-16#312 Warning
Large setup violation  
There is a large setup violation of -1.065 ns between elem_idx_reg[0]/C (clocked by sys_clk_pin) and in_labels_reg[4][1][1]/CE (clocked by sys_clk_pin). Large setup violations at the end of those stages might be difficult to fix during the post-placement implementation flow and could be the result of non-optimal XDC constraints or non-optimal design architecture
Related violations: <none>

TIMING-16#313 Warning
Large setup violation  
There is a large setup violation of -1.065 ns between elem_idx_reg[0]/C (clocked by sys_clk_pin) and in_labels_reg[4][1][2]/CE (clocked by sys_clk_pin). Large setup violations at the end of those stages might be difficult to fix during the post-placement implementation flow and could be the result of non-optimal XDC constraints or non-optimal design architecture
Related violations: <none>

TIMING-16#314 Warning
Large setup violation  
There is a large setup violation of -1.067 ns between dut/genblk1[3].sort/GEN8.u_sort/r3_m_reg[1][1]/C (clocked by sys_clk_pin) and dut/genblk1[3].sort/GEN8.u_sort/r4_m_reg[1][2]/D (clocked by sys_clk_pin). Large setup violations at the end of those stages might be difficult to fix during the post-placement implementation flow and could be the result of non-optimal XDC constraints or non-optimal design architecture
Related violations: <none>

TIMING-16#315 Warning
Large setup violation  
There is a large setup violation of -1.067 ns between dut/genblk1[6].sort/GEN8.u_sort/r0_m_reg[3][4]/C (clocked by sys_clk_pin) and dut/genblk1[6].sort/GEN8.u_sort/r1_l_reg[3][0]/D (clocked by sys_clk_pin). Large setup violations at the end of those stages might be difficult to fix during the post-placement implementation flow and could be the result of non-optimal XDC constraints or non-optimal design architecture
Related violations: <none>

TIMING-16#316 Warning
Large setup violation  
There is a large setup violation of -1.067 ns between dut/genblk1[7].sort/GEN8.u_sort/r5_v_reg/C (clocked by sys_clk_pin) and out_m_buf_reg[4][2][2]/CE (clocked by sys_clk_pin). Large setup violations at the end of those stages might be difficult to fix during the post-placement implementation flow and could be the result of non-optimal XDC constraints or non-optimal design architecture
Related violations: <none>

TIMING-16#317 Warning
Large setup violation  
There is a large setup violation of -1.067 ns between dut/genblk1[7].sort/GEN8.u_sort/r5_v_reg/C (clocked by sys_clk_pin) and out_m_buf_reg[4][2][5]/CE (clocked by sys_clk_pin). Large setup violations at the end of those stages might be difficult to fix during the post-placement implementation flow and could be the result of non-optimal XDC constraints or non-optimal design architecture
Related violations: <none>

TIMING-16#318 Warning
Large setup violation  
There is a large setup violation of -1.067 ns between dut/genblk1[7].sort/GEN8.u_sort/r5_v_reg/C (clocked by sys_clk_pin) and out_m_buf_reg[4][3][2]/CE (clocked by sys_clk_pin). Large setup violations at the end of those stages might be difficult to fix during the post-placement implementation flow and could be the result of non-optimal XDC constraints or non-optimal design architecture
Related violations: <none>

TIMING-16#319 Warning
Large setup violation  
There is a large setup violation of -1.067 ns between dut/genblk1[7].sort/GEN8.u_sort/r5_v_reg/C (clocked by sys_clk_pin) and out_m_buf_reg[4][3][5]/CE (clocked by sys_clk_pin). Large setup violations at the end of those stages might be difficult to fix during the post-placement implementation flow and could be the result of non-optimal XDC constraints or non-optimal design architecture
Related violations: <none>

TIMING-16#320 Warning
Large setup violation  
There is a large setup violation of -1.068 ns between dut/genblk1[3].sort/GEN8.u_sort/r5_m_reg[7][2]/C (clocked by sys_clk_pin) and out_l_buf_reg[3][6][3]/D (clocked by sys_clk_pin). Large setup violations at the end of those stages might be difficult to fix during the post-placement implementation flow and could be the result of non-optimal XDC constraints or non-optimal design architecture
Related violations: <none>

TIMING-16#321 Warning
Large setup violation  
There is a large setup violation of -1.068 ns between dut/genblk1[3].sort/GEN8.u_sort/r5_m_reg[7][2]/C (clocked by sys_clk_pin) and out_l_buf_reg[3][7][0]/D (clocked by sys_clk_pin). Large setup violations at the end of those stages might be difficult to fix during the post-placement implementation flow and could be the result of non-optimal XDC constraints or non-optimal design architecture
Related violations: <none>

TIMING-16#322 Warning
Large setup violation  
There is a large setup violation of -1.068 ns between elem_idx_reg[0]/C (clocked by sys_clk_pin) and in_labels_reg[0][6][3]/CE (clocked by sys_clk_pin). Large setup violations at the end of those stages might be difficult to fix during the post-placement implementation flow and could be the result of non-optimal XDC constraints or non-optimal design architecture
Related violations: <none>

TIMING-16#323 Warning
Large setup violation  
There is a large setup violation of -1.069 ns between elem_idx_reg[0]/C (clocked by sys_clk_pin) and in_metrics_reg[4][5][8]/CE (clocked by sys_clk_pin). Large setup violations at the end of those stages might be difficult to fix during the post-placement implementation flow and could be the result of non-optimal XDC constraints or non-optimal design architecture
Related violations: <none>

TIMING-16#324 Warning
Large setup violation  
There is a large setup violation of -1.070 ns between dut/genblk1[2].sort/GEN8.u_sort/r5_m_reg[3][0]/C (clocked by sys_clk_pin) and out_l_buf_reg[2][2][0]/D (clocked by sys_clk_pin). Large setup violations at the end of those stages might be difficult to fix during the post-placement implementation flow and could be the result of non-optimal XDC constraints or non-optimal design architecture
Related violations: <none>

TIMING-16#325 Warning
Large setup violation  
There is a large setup violation of -1.070 ns between dut/genblk1[2].sort/GEN8.u_sort/r5_m_reg[3][0]/C (clocked by sys_clk_pin) and out_l_buf_reg[2][3][0]/D (clocked by sys_clk_pin). Large setup violations at the end of those stages might be difficult to fix during the post-placement implementation flow and could be the result of non-optimal XDC constraints or non-optimal design architecture
Related violations: <none>

TIMING-16#326 Warning
Large setup violation  
There is a large setup violation of -1.070 ns between dut/genblk1[3].sort/GEN8.u_sort/r5_m_reg[0][3]/C (clocked by sys_clk_pin) and out_m_buf_reg[3][0][0]/D (clocked by sys_clk_pin). Large setup violations at the end of those stages might be difficult to fix during the post-placement implementation flow and could be the result of non-optimal XDC constraints or non-optimal design architecture
Related violations: <none>

TIMING-16#327 Warning
Large setup violation  
There is a large setup violation of -1.070 ns between dut/genblk1[3].sort/GEN8.u_sort/r5_m_reg[3][2]/C (clocked by sys_clk_pin) and out_m_buf_reg[3][2][4]/D (clocked by sys_clk_pin). Large setup violations at the end of those stages might be difficult to fix during the post-placement implementation flow and could be the result of non-optimal XDC constraints or non-optimal design architecture
Related violations: <none>

TIMING-16#328 Warning
Large setup violation  
There is a large setup violation of -1.070 ns between dut/genblk1[6].sort/GEN8.u_sort/r3_m_reg[7][2]/C (clocked by sys_clk_pin) and dut/genblk1[6].sort/GEN8.u_sort/r4_m_reg[3][6]/D (clocked by sys_clk_pin). Large setup violations at the end of those stages might be difficult to fix during the post-placement implementation flow and could be the result of non-optimal XDC constraints or non-optimal design architecture
Related violations: <none>

TIMING-16#329 Warning
Large setup violation  
There is a large setup violation of -1.070 ns between elem_idx_reg[0]/C (clocked by sys_clk_pin) and in_labels_reg[4][5][2]/CE (clocked by sys_clk_pin). Large setup violations at the end of those stages might be difficult to fix during the post-placement implementation flow and could be the result of non-optimal XDC constraints or non-optimal design architecture
Related violations: <none>

TIMING-16#330 Warning
Large setup violation  
There is a large setup violation of -1.073 ns between dut/genblk1[3].sort/GEN8.u_sort/r0_m_reg[5][5]/C (clocked by sys_clk_pin) and dut/genblk1[3].sort/GEN8.u_sort/r1_l_reg[4][0]/D (clocked by sys_clk_pin). Large setup violations at the end of those stages might be difficult to fix during the post-placement implementation flow and could be the result of non-optimal XDC constraints or non-optimal design architecture
Related violations: <none>

TIMING-16#331 Warning
Large setup violation  
There is a large setup violation of -1.073 ns between dut/genblk1[4].sort/GEN8.u_sort/r3_m_reg[6][0]/C (clocked by sys_clk_pin) and dut/genblk1[4].sort/GEN8.u_sort/r4_m_reg[6][2]/D (clocked by sys_clk_pin). Large setup violations at the end of those stages might be difficult to fix during the post-placement implementation flow and could be the result of non-optimal XDC constraints or non-optimal design architecture
Related violations: <none>

TIMING-16#332 Warning
Large setup violation  
There is a large setup violation of -1.075 ns between dut/genblk1[2].sort/GEN8.u_sort/r3_m_reg[7][7]/C (clocked by sys_clk_pin) and dut/genblk1[2].sort/GEN8.u_sort/r4_m_reg[3][2]/D (clocked by sys_clk_pin). Large setup violations at the end of those stages might be difficult to fix during the post-placement implementation flow and could be the result of non-optimal XDC constraints or non-optimal design architecture
Related violations: <none>

TIMING-16#333 Warning
Large setup violation  
There is a large setup violation of -1.075 ns between dut/genblk1[5].sort/GEN8.u_sort/r1_m_reg[1][0]/C (clocked by sys_clk_pin) and dut/genblk1[5].sort/GEN8.u_sort/r2_l_reg[1][3]/D (clocked by sys_clk_pin). Large setup violations at the end of those stages might be difficult to fix during the post-placement implementation flow and could be the result of non-optimal XDC constraints or non-optimal design architecture
Related violations: <none>

TIMING-16#334 Warning
Large setup violation  
There is a large setup violation of -1.075 ns between dut/genblk1[5].sort/GEN8.u_sort/r1_m_reg[1][0]/C (clocked by sys_clk_pin) and dut/genblk1[5].sort/GEN8.u_sort/r2_l_reg[3][3]/D (clocked by sys_clk_pin). Large setup violations at the end of those stages might be difficult to fix during the post-placement implementation flow and could be the result of non-optimal XDC constraints or non-optimal design architecture
Related violations: <none>

TIMING-16#335 Warning
Large setup violation  
There is a large setup violation of -1.075 ns between dut/genblk1[6].sort/GEN8.u_sort/r4_m_reg[2][0]/C (clocked by sys_clk_pin) and dut/genblk1[6].sort/GEN8.u_sort/r5_m_reg[0][3]/D (clocked by sys_clk_pin). Large setup violations at the end of those stages might be difficult to fix during the post-placement implementation flow and could be the result of non-optimal XDC constraints or non-optimal design architecture
Related violations: <none>

TIMING-16#336 Warning
Large setup violation  
There is a large setup violation of -1.075 ns between dut/genblk1[7].sort/GEN8.u_sort/r5_m_reg[5][7]/C (clocked by sys_clk_pin) and out_m_buf_reg[7][4][0]/D (clocked by sys_clk_pin). Large setup violations at the end of those stages might be difficult to fix during the post-placement implementation flow and could be the result of non-optimal XDC constraints or non-optimal design architecture
Related violations: <none>

TIMING-16#337 Warning
Large setup violation  
There is a large setup violation of -1.075 ns between dut/genblk1[7].sort/GEN8.u_sort/r5_v_reg/C (clocked by sys_clk_pin) and out_m_buf_reg[6][4][5]/CE (clocked by sys_clk_pin). Large setup violations at the end of those stages might be difficult to fix during the post-placement implementation flow and could be the result of non-optimal XDC constraints or non-optimal design architecture
Related violations: <none>

TIMING-16#338 Warning
Large setup violation  
There is a large setup violation of -1.075 ns between dut/genblk1[7].sort/GEN8.u_sort/r5_v_reg/C (clocked by sys_clk_pin) and out_m_buf_reg[6][4][6]/CE (clocked by sys_clk_pin). Large setup violations at the end of those stages might be difficult to fix during the post-placement implementation flow and could be the result of non-optimal XDC constraints or non-optimal design architecture
Related violations: <none>

TIMING-16#339 Warning
Large setup violation  
There is a large setup violation of -1.075 ns between dut/genblk1[7].sort/GEN8.u_sort/r5_v_reg/C (clocked by sys_clk_pin) and out_m_buf_reg[6][5][5]/CE (clocked by sys_clk_pin). Large setup violations at the end of those stages might be difficult to fix during the post-placement implementation flow and could be the result of non-optimal XDC constraints or non-optimal design architecture
Related violations: <none>

TIMING-16#340 Warning
Large setup violation  
There is a large setup violation of -1.075 ns between dut/genblk1[7].sort/GEN8.u_sort/r5_v_reg/C (clocked by sys_clk_pin) and out_m_buf_reg[6][5][6]/CE (clocked by sys_clk_pin). Large setup violations at the end of those stages might be difficult to fix during the post-placement implementation flow and could be the result of non-optimal XDC constraints or non-optimal design architecture
Related violations: <none>

TIMING-16#341 Warning
Large setup violation  
There is a large setup violation of -1.075 ns between elem_idx_reg[0]/C (clocked by sys_clk_pin) and in_labels_reg[0][6][0]/CE (clocked by sys_clk_pin). Large setup violations at the end of those stages might be difficult to fix during the post-placement implementation flow and could be the result of non-optimal XDC constraints or non-optimal design architecture
Related violations: <none>

TIMING-16#342 Warning
Large setup violation  
There is a large setup violation of -1.075 ns between elem_idx_reg[0]/C (clocked by sys_clk_pin) and in_metrics_reg[0][6][0]/CE (clocked by sys_clk_pin). Large setup violations at the end of those stages might be difficult to fix during the post-placement implementation flow and could be the result of non-optimal XDC constraints or non-optimal design architecture
Related violations: <none>

TIMING-16#343 Warning
Large setup violation  
There is a large setup violation of -1.075 ns between elem_idx_reg[0]/C (clocked by sys_clk_pin) and in_metrics_reg[0][6][7]/CE (clocked by sys_clk_pin). Large setup violations at the end of those stages might be difficult to fix during the post-placement implementation flow and could be the result of non-optimal XDC constraints or non-optimal design architecture
Related violations: <none>

TIMING-16#344 Warning
Large setup violation  
There is a large setup violation of -1.075 ns between elem_idx_reg[0]/C (clocked by sys_clk_pin) and in_metrics_reg[0][6][9]/CE (clocked by sys_clk_pin). Large setup violations at the end of those stages might be difficult to fix during the post-placement implementation flow and could be the result of non-optimal XDC constraints or non-optimal design architecture
Related violations: <none>

TIMING-16#345 Warning
Large setup violation  
There is a large setup violation of -1.075 ns between elem_idx_reg[1]/C (clocked by sys_clk_pin) and in_metrics_reg[1][5][9]/CE (clocked by sys_clk_pin). Large setup violations at the end of those stages might be difficult to fix during the post-placement implementation flow and could be the result of non-optimal XDC constraints or non-optimal design architecture
Related violations: <none>

TIMING-16#346 Warning
Large setup violation  
There is a large setup violation of -1.076 ns between dut/genblk1[6].sort/GEN8.u_sort/r3_m_reg[7][2]/C (clocked by sys_clk_pin) and dut/genblk1[6].sort/GEN8.u_sort/r4_m_reg[7][6]/D (clocked by sys_clk_pin). Large setup violations at the end of those stages might be difficult to fix during the post-placement implementation flow and could be the result of non-optimal XDC constraints or non-optimal design architecture
Related violations: <none>

TIMING-16#347 Warning
Large setup violation  
There is a large setup violation of -1.076 ns between dut/genblk1[6].sort/GEN8.u_sort/r4_m_reg[2][0]/C (clocked by sys_clk_pin) and dut/genblk1[6].sort/GEN8.u_sort/r5_m_reg[0][0]/D (clocked by sys_clk_pin). Large setup violations at the end of those stages might be difficult to fix during the post-placement implementation flow and could be the result of non-optimal XDC constraints or non-optimal design architecture
Related violations: <none>

TIMING-16#348 Warning
Large setup violation  
There is a large setup violation of -1.077 ns between dut/genblk1[6].sort/GEN8.u_sort/r3_m_reg[7][2]/C (clocked by sys_clk_pin) and dut/genblk1[6].sort/GEN8.u_sort/r4_m_reg[7][2]/D (clocked by sys_clk_pin). Large setup violations at the end of those stages might be difficult to fix during the post-placement implementation flow and could be the result of non-optimal XDC constraints or non-optimal design architecture
Related violations: <none>

TIMING-16#349 Warning
Large setup violation  
There is a large setup violation of -1.077 ns between elem_idx_reg[0]/C (clocked by sys_clk_pin) and in_labels_reg[4][7][0]/CE (clocked by sys_clk_pin). Large setup violations at the end of those stages might be difficult to fix during the post-placement implementation flow and could be the result of non-optimal XDC constraints or non-optimal design architecture
Related violations: <none>

TIMING-16#350 Warning
Large setup violation  
There is a large setup violation of -1.077 ns between elem_idx_reg[0]/C (clocked by sys_clk_pin) and in_labels_reg[4][7][1]/CE (clocked by sys_clk_pin). Large setup violations at the end of those stages might be difficult to fix during the post-placement implementation flow and could be the result of non-optimal XDC constraints or non-optimal design architecture
Related violations: <none>

TIMING-16#351 Warning
Large setup violation  
There is a large setup violation of -1.077 ns between elem_idx_reg[0]/C (clocked by sys_clk_pin) and in_metrics_reg[4][7][8]/CE (clocked by sys_clk_pin). Large setup violations at the end of those stages might be difficult to fix during the post-placement implementation flow and could be the result of non-optimal XDC constraints or non-optimal design architecture
Related violations: <none>

TIMING-16#352 Warning
Large setup violation  
There is a large setup violation of -1.077 ns between rd_cnt_reg[5]/C (clocked by sys_clk_pin) and rd_cos_idx_reg[1]/D (clocked by sys_clk_pin). Large setup violations at the end of those stages might be difficult to fix during the post-placement implementation flow and could be the result of non-optimal XDC constraints or non-optimal design architecture
Related violations: <none>

TIMING-16#353 Warning
Large setup violation  
There is a large setup violation of -1.079 ns between dut/genblk1[0].sort/GEN8.u_sort/r5_m_reg[4][0]/C (clocked by sys_clk_pin) and out_m_buf_reg[0][4][7]/D (clocked by sys_clk_pin). Large setup violations at the end of those stages might be difficult to fix during the post-placement implementation flow and could be the result of non-optimal XDC constraints or non-optimal design architecture
Related violations: <none>

TIMING-16#354 Warning
Large setup violation  
There is a large setup violation of -1.079 ns between elem_idx_reg[0]/C (clocked by sys_clk_pin) and in_metrics_reg[2][3][1]/CE (clocked by sys_clk_pin). Large setup violations at the end of those stages might be difficult to fix during the post-placement implementation flow and could be the result of non-optimal XDC constraints or non-optimal design architecture
Related violations: <none>

TIMING-16#355 Warning
Large setup violation  
There is a large setup violation of -1.080 ns between dut/genblk1[3].sort/GEN8.u_sort/r5_m_reg[0][3]/C (clocked by sys_clk_pin) and out_m_buf_reg[3][1][5]/D (clocked by sys_clk_pin). Large setup violations at the end of those stages might be difficult to fix during the post-placement implementation flow and could be the result of non-optimal XDC constraints or non-optimal design architecture
Related violations: <none>

TIMING-16#356 Warning
Large setup violation  
There is a large setup violation of -1.080 ns between dut/genblk1[7].sort/GEN8.u_sort/r5_v_reg/C (clocked by sys_clk_pin) and out_l_buf_reg[4][4][0]/CE (clocked by sys_clk_pin). Large setup violations at the end of those stages might be difficult to fix during the post-placement implementation flow and could be the result of non-optimal XDC constraints or non-optimal design architecture
Related violations: <none>

TIMING-16#357 Warning
Large setup violation  
There is a large setup violation of -1.080 ns between dut/genblk1[7].sort/GEN8.u_sort/r5_v_reg/C (clocked by sys_clk_pin) and out_l_buf_reg[4][4][1]/CE (clocked by sys_clk_pin). Large setup violations at the end of those stages might be difficult to fix during the post-placement implementation flow and could be the result of non-optimal XDC constraints or non-optimal design architecture
Related violations: <none>

TIMING-16#358 Warning
Large setup violation  
There is a large setup violation of -1.080 ns between dut/genblk1[7].sort/GEN8.u_sort/r5_v_reg/C (clocked by sys_clk_pin) and out_m_buf_reg[4][5][9]/CE (clocked by sys_clk_pin). Large setup violations at the end of those stages might be difficult to fix during the post-placement implementation flow and could be the result of non-optimal XDC constraints or non-optimal design architecture
Related violations: <none>

TIMING-16#359 Warning
Large setup violation  
There is a large setup violation of -1.080 ns between elem_idx_reg[1]/C (clocked by sys_clk_pin) and in_labels_reg[1][5][0]/CE (clocked by sys_clk_pin). Large setup violations at the end of those stages might be difficult to fix during the post-placement implementation flow and could be the result of non-optimal XDC constraints or non-optimal design architecture
Related violations: <none>

TIMING-16#360 Warning
Large setup violation  
There is a large setup violation of -1.080 ns between elem_idx_reg[1]/C (clocked by sys_clk_pin) and in_labels_reg[1][5][1]/CE (clocked by sys_clk_pin). Large setup violations at the end of those stages might be difficult to fix during the post-placement implementation flow and could be the result of non-optimal XDC constraints or non-optimal design architecture
Related violations: <none>

TIMING-16#361 Warning
Large setup violation  
There is a large setup violation of -1.080 ns between elem_idx_reg[1]/C (clocked by sys_clk_pin) and in_labels_reg[1][5][2]/CE (clocked by sys_clk_pin). Large setup violations at the end of those stages might be difficult to fix during the post-placement implementation flow and could be the result of non-optimal XDC constraints or non-optimal design architecture
Related violations: <none>

TIMING-16#362 Warning
Large setup violation  
There is a large setup violation of -1.080 ns between elem_idx_reg[1]/C (clocked by sys_clk_pin) and in_labels_reg[1][5][3]/CE (clocked by sys_clk_pin). Large setup violations at the end of those stages might be difficult to fix during the post-placement implementation flow and could be the result of non-optimal XDC constraints or non-optimal design architecture
Related violations: <none>

TIMING-16#363 Warning
Large setup violation  
There is a large setup violation of -1.081 ns between dut/genblk1[5].sort/GEN8.u_sort/r1_l_reg[5][0]/C (clocked by sys_clk_pin) and dut/genblk1[5].sort/GEN8.u_sort/r2_l_reg[7][0]/D (clocked by sys_clk_pin). Large setup violations at the end of those stages might be difficult to fix during the post-placement implementation flow and could be the result of non-optimal XDC constraints or non-optimal design architecture
Related violations: <none>

TIMING-16#364 Warning
Large setup violation  
There is a large setup violation of -1.081 ns between elem_idx_reg[0]/C (clocked by sys_clk_pin) and in_labels_reg[0][6][2]/CE (clocked by sys_clk_pin). Large setup violations at the end of those stages might be difficult to fix during the post-placement implementation flow and could be the result of non-optimal XDC constraints or non-optimal design architecture
Related violations: <none>

TIMING-16#365 Warning
Large setup violation  
There is a large setup violation of -1.081 ns between elem_idx_reg[0]/C (clocked by sys_clk_pin) and in_metrics_reg[0][6][5]/CE (clocked by sys_clk_pin). Large setup violations at the end of those stages might be difficult to fix during the post-placement implementation flow and could be the result of non-optimal XDC constraints or non-optimal design architecture
Related violations: <none>

TIMING-16#366 Warning
Large setup violation  
There is a large setup violation of -1.081 ns between elem_idx_reg[0]/C (clocked by sys_clk_pin) and in_metrics_reg[0][6][8]/CE (clocked by sys_clk_pin). Large setup violations at the end of those stages might be difficult to fix during the post-placement implementation flow and could be the result of non-optimal XDC constraints or non-optimal design architecture
Related violations: <none>

TIMING-16#367 Warning
Large setup violation  
There is a large setup violation of -1.082 ns between dut/genblk1[0].sort/GEN8.u_sort/r5_m_reg[3][3]/C (clocked by sys_clk_pin) and out_m_buf_reg[0][2][7]/D (clocked by sys_clk_pin). Large setup violations at the end of those stages might be difficult to fix during the post-placement implementation flow and could be the result of non-optimal XDC constraints or non-optimal design architecture
Related violations: <none>

TIMING-16#368 Warning
Large setup violation  
There is a large setup violation of -1.082 ns between elem_idx_reg[0]/C (clocked by sys_clk_pin) and in_metrics_reg[6][1][8]/CE (clocked by sys_clk_pin). Large setup violations at the end of those stages might be difficult to fix during the post-placement implementation flow and could be the result of non-optimal XDC constraints or non-optimal design architecture
Related violations: <none>

TIMING-16#369 Warning
Large setup violation  
There is a large setup violation of -1.083 ns between dut/genblk1[6].sort/GEN8.u_sort/r3_m_reg[7][2]/C (clocked by sys_clk_pin) and dut/genblk1[6].sort/GEN8.u_sort/r4_m_reg[3][3]/D (clocked by sys_clk_pin). Large setup violations at the end of those stages might be difficult to fix during the post-placement implementation flow and could be the result of non-optimal XDC constraints or non-optimal design architecture
Related violations: <none>

TIMING-16#370 Warning
Large setup violation  
There is a large setup violation of -1.083 ns between dut/genblk1[6].sort/GEN8.u_sort/r4_m_reg[2][0]/C (clocked by sys_clk_pin) and dut/genblk1[6].sort/GEN8.u_sort/r5_l_reg[0][2]/D (clocked by sys_clk_pin). Large setup violations at the end of those stages might be difficult to fix during the post-placement implementation flow and could be the result of non-optimal XDC constraints or non-optimal design architecture
Related violations: <none>

TIMING-16#371 Warning
Large setup violation  
There is a large setup violation of -1.085 ns between dut/genblk1[6].sort/GEN8.u_sort/r5_m_reg[1][6]/C (clocked by sys_clk_pin) and out_l_buf_reg[6][1][0]/D (clocked by sys_clk_pin). Large setup violations at the end of those stages might be difficult to fix during the post-placement implementation flow and could be the result of non-optimal XDC constraints or non-optimal design architecture
Related violations: <none>

TIMING-16#372 Warning
Large setup violation  
There is a large setup violation of -1.086 ns between dut/genblk1[3].sort/GEN8.u_sort/r5_m_reg[0][3]/C (clocked by sys_clk_pin) and out_m_buf_reg[3][0][9]/D (clocked by sys_clk_pin). Large setup violations at the end of those stages might be difficult to fix during the post-placement implementation flow and could be the result of non-optimal XDC constraints or non-optimal design architecture
Related violations: <none>

TIMING-16#373 Warning
Large setup violation  
There is a large setup violation of -1.086 ns between dut/genblk1[3].sort/GEN8.u_sort/r5_m_reg[3][2]/C (clocked by sys_clk_pin) and out_l_buf_reg[3][2][1]/D (clocked by sys_clk_pin). Large setup violations at the end of those stages might be difficult to fix during the post-placement implementation flow and could be the result of non-optimal XDC constraints or non-optimal design architecture
Related violations: <none>

TIMING-16#374 Warning
Large setup violation  
There is a large setup violation of -1.086 ns between elem_idx_reg[0]/C (clocked by sys_clk_pin) and in_labels_reg[1][2][0]/CE (clocked by sys_clk_pin). Large setup violations at the end of those stages might be difficult to fix during the post-placement implementation flow and could be the result of non-optimal XDC constraints or non-optimal design architecture
Related violations: <none>

TIMING-16#375 Warning
Large setup violation  
There is a large setup violation of -1.086 ns between elem_idx_reg[0]/C (clocked by sys_clk_pin) and in_metrics_reg[1][2][9]/CE (clocked by sys_clk_pin). Large setup violations at the end of those stages might be difficult to fix during the post-placement implementation flow and could be the result of non-optimal XDC constraints or non-optimal design architecture
Related violations: <none>

TIMING-16#376 Warning
Large setup violation  
There is a large setup violation of -1.088 ns between dut/genblk1[7].sort/GEN8.u_sort/FDRE/C (clocked by sys_clk_pin) and dut/genblk1[7].sort/GEN8.u_sort/r5_v_reg/D (clocked by sys_clk_pin). Large setup violations at the end of those stages might be difficult to fix during the post-placement implementation flow and could be the result of non-optimal XDC constraints or non-optimal design architecture
Related violations: <none>

TIMING-16#377 Warning
Large setup violation  
There is a large setup violation of -1.088 ns between elem_idx_reg[0]/C (clocked by sys_clk_pin) and in_metrics_reg[6][1][9]/CE (clocked by sys_clk_pin). Large setup violations at the end of those stages might be difficult to fix during the post-placement implementation flow and could be the result of non-optimal XDC constraints or non-optimal design architecture
Related violations: <none>

TIMING-16#378 Warning
Large setup violation  
There is a large setup violation of -1.089 ns between dut/genblk1[0].sort/GEN8.u_sort/r5_m_reg[7][0]/C (clocked by sys_clk_pin) and out_m_buf_reg[0][7][6]/D (clocked by sys_clk_pin). Large setup violations at the end of those stages might be difficult to fix during the post-placement implementation flow and could be the result of non-optimal XDC constraints or non-optimal design architecture
Related violations: <none>

TIMING-16#379 Warning
Large setup violation  
There is a large setup violation of -1.090 ns between elem_idx_reg[0]/C (clocked by sys_clk_pin) and in_labels_reg[2][3][1]/CE (clocked by sys_clk_pin). Large setup violations at the end of those stages might be difficult to fix during the post-placement implementation flow and could be the result of non-optimal XDC constraints or non-optimal design architecture
Related violations: <none>

TIMING-16#380 Warning
Large setup violation  
There is a large setup violation of -1.090 ns between elem_idx_reg[0]/C (clocked by sys_clk_pin) and in_metrics_reg[2][3][8]/CE (clocked by sys_clk_pin). Large setup violations at the end of those stages might be difficult to fix during the post-placement implementation flow and could be the result of non-optimal XDC constraints or non-optimal design architecture
Related violations: <none>

TIMING-16#381 Warning
Large setup violation  
There is a large setup violation of -1.091 ns between dut/genblk1[5].sort/GEN8.u_sort/r5_m_reg[2][1]/C (clocked by sys_clk_pin) and out_l_buf_reg[5][2][0]/D (clocked by sys_clk_pin). Large setup violations at the end of those stages might be difficult to fix during the post-placement implementation flow and could be the result of non-optimal XDC constraints or non-optimal design architecture
Related violations: <none>

TIMING-16#382 Warning
Large setup violation  
There is a large setup violation of -1.092 ns between dut/genblk1[5].sort/GEN8.u_sort/r5_m_reg[5][3]/C (clocked by sys_clk_pin) and out_m_buf_reg[5][5][9]/D (clocked by sys_clk_pin). Large setup violations at the end of those stages might be difficult to fix during the post-placement implementation flow and could be the result of non-optimal XDC constraints or non-optimal design architecture
Related violations: <none>

TIMING-16#383 Warning
Large setup violation  
There is a large setup violation of -1.093 ns between dut/genblk1[3].sort/GEN8.u_sort/r5_m_reg[3][2]/C (clocked by sys_clk_pin) and out_m_buf_reg[3][2][0]/D (clocked by sys_clk_pin). Large setup violations at the end of those stages might be difficult to fix during the post-placement implementation flow and could be the result of non-optimal XDC constraints or non-optimal design architecture
Related violations: <none>

TIMING-16#384 Warning
Large setup violation  
There is a large setup violation of -1.093 ns between dut/genblk1[6].sort/GEN8.u_sort/r3_m_reg[1][4]/C (clocked by sys_clk_pin) and dut/genblk1[6].sort/GEN8.u_sort/r4_m_reg[5][4]/D (clocked by sys_clk_pin). Large setup violations at the end of those stages might be difficult to fix during the post-placement implementation flow and could be the result of non-optimal XDC constraints or non-optimal design architecture
Related violations: <none>

TIMING-16#385 Warning
Large setup violation  
There is a large setup violation of -1.095 ns between dut/genblk1[0].sort/GEN8.u_sort/r5_m_reg[7][3]/C (clocked by sys_clk_pin) and out_l_buf_reg[0][7][3]/D (clocked by sys_clk_pin). Large setup violations at the end of those stages might be difficult to fix during the post-placement implementation flow and could be the result of non-optimal XDC constraints or non-optimal design architecture
Related violations: <none>

TIMING-16#386 Warning
Large setup violation  
There is a large setup violation of -1.095 ns between elem_idx_reg[0]/C (clocked by sys_clk_pin) and in_metrics_reg[1][0][0]/CE (clocked by sys_clk_pin). Large setup violations at the end of those stages might be difficult to fix during the post-placement implementation flow and could be the result of non-optimal XDC constraints or non-optimal design architecture
Related violations: <none>

TIMING-16#387 Warning
Large setup violation  
There is a large setup violation of -1.095 ns between elem_idx_reg[0]/C (clocked by sys_clk_pin) and in_metrics_reg[1][0][1]/CE (clocked by sys_clk_pin). Large setup violations at the end of those stages might be difficult to fix during the post-placement implementation flow and could be the result of non-optimal XDC constraints or non-optimal design architecture
Related violations: <none>

TIMING-16#388 Warning
Large setup violation  
There is a large setup violation of -1.095 ns between elem_idx_reg[0]/C (clocked by sys_clk_pin) and in_metrics_reg[1][0][2]/CE (clocked by sys_clk_pin). Large setup violations at the end of those stages might be difficult to fix during the post-placement implementation flow and could be the result of non-optimal XDC constraints or non-optimal design architecture
Related violations: <none>

TIMING-16#389 Warning
Large setup violation  
There is a large setup violation of -1.095 ns between elem_idx_reg[0]/C (clocked by sys_clk_pin) and in_metrics_reg[1][0][3]/CE (clocked by sys_clk_pin). Large setup violations at the end of those stages might be difficult to fix during the post-placement implementation flow and could be the result of non-optimal XDC constraints or non-optimal design architecture
Related violations: <none>

TIMING-16#390 Warning
Large setup violation  
There is a large setup violation of -1.096 ns between elem_idx_reg[0]/C (clocked by sys_clk_pin) and in_labels_reg[2][6][0]/CE (clocked by sys_clk_pin). Large setup violations at the end of those stages might be difficult to fix during the post-placement implementation flow and could be the result of non-optimal XDC constraints or non-optimal design architecture
Related violations: <none>

TIMING-16#391 Warning
Large setup violation  
There is a large setup violation of -1.099 ns between dut/genblk1[6].sort/GEN8.u_sort/r4_m_reg[3][7]/C (clocked by sys_clk_pin) and dut/genblk1[6].sort/GEN8.u_sort/r5_m_reg[3][0]/D (clocked by sys_clk_pin). Large setup violations at the end of those stages might be difficult to fix during the post-placement implementation flow and could be the result of non-optimal XDC constraints or non-optimal design architecture
Related violations: <none>

TIMING-16#392 Warning
Large setup violation  
There is a large setup violation of -1.099 ns between dut/genblk1[6].sort/GEN8.u_sort/r4_m_reg[3][7]/C (clocked by sys_clk_pin) and dut/genblk1[6].sort/GEN8.u_sort/r5_m_reg[3][4]/D (clocked by sys_clk_pin). Large setup violations at the end of those stages might be difficult to fix during the post-placement implementation flow and could be the result of non-optimal XDC constraints or non-optimal design architecture
Related violations: <none>

TIMING-16#393 Warning
Large setup violation  
There is a large setup violation of -1.100 ns between dut/genblk1[2].sort/GEN8.u_sort/r3_m_reg[7][7]/C (clocked by sys_clk_pin) and dut/genblk1[2].sort/GEN8.u_sort/r4_m_reg[3][3]/D (clocked by sys_clk_pin). Large setup violations at the end of those stages might be difficult to fix during the post-placement implementation flow and could be the result of non-optimal XDC constraints or non-optimal design architecture
Related violations: <none>

TIMING-16#394 Warning
Large setup violation  
There is a large setup violation of -1.101 ns between dut/genblk1[7].sort/GEN8.u_sort/r4_m_reg[7][5]/C (clocked by sys_clk_pin) and dut/genblk1[7].sort/GEN8.u_sort/r5_m_reg[7][0]/D (clocked by sys_clk_pin). Large setup violations at the end of those stages might be difficult to fix during the post-placement implementation flow and could be the result of non-optimal XDC constraints or non-optimal design architecture
Related violations: <none>

TIMING-16#395 Warning
Large setup violation  
There is a large setup violation of -1.111 ns between dut/genblk1[6].sort/GEN8.u_sort/r3_m_reg[7][2]/C (clocked by sys_clk_pin) and dut/genblk1[6].sort/GEN8.u_sort/r4_m_reg[7][3]/D (clocked by sys_clk_pin). Large setup violations at the end of those stages might be difficult to fix during the post-placement implementation flow and could be the result of non-optimal XDC constraints or non-optimal design architecture
Related violations: <none>

TIMING-16#396 Warning
Large setup violation  
There is a large setup violation of -1.112 ns between dut/genblk1[0].sort/GEN8.u_sort/r4_m_reg[3][1]/C (clocked by sys_clk_pin) and dut/genblk1[0].sort/GEN8.u_sort/r5_m_reg[3][2]/D (clocked by sys_clk_pin). Large setup violations at the end of those stages might be difficult to fix during the post-placement implementation flow and could be the result of non-optimal XDC constraints or non-optimal design architecture
Related violations: <none>

TIMING-16#397 Warning
Large setup violation  
There is a large setup violation of -1.115 ns between dut/genblk1[3].sort/GEN8.u_sort/r5_m_reg[3][2]/C (clocked by sys_clk_pin) and out_l_buf_reg[3][2][0]/D (clocked by sys_clk_pin). Large setup violations at the end of those stages might be difficult to fix during the post-placement implementation flow and could be the result of non-optimal XDC constraints or non-optimal design architecture
Related violations: <none>

TIMING-16#398 Warning
Large setup violation  
There is a large setup violation of -1.115 ns between dut/genblk1[5].sort/GEN8.u_sort/r5_m_reg[2][1]/C (clocked by sys_clk_pin) and out_m_buf_reg[5][3][4]/D (clocked by sys_clk_pin). Large setup violations at the end of those stages might be difficult to fix during the post-placement implementation flow and could be the result of non-optimal XDC constraints or non-optimal design architecture
Related violations: <none>

TIMING-16#399 Warning
Large setup violation  
There is a large setup violation of -1.116 ns between dut/genblk1[6].sort/GEN8.u_sort/r3_m_reg[7][2]/C (clocked by sys_clk_pin) and dut/genblk1[6].sort/GEN8.u_sort/r4_m_reg[7][4]/D (clocked by sys_clk_pin). Large setup violations at the end of those stages might be difficult to fix during the post-placement implementation flow and could be the result of non-optimal XDC constraints or non-optimal design architecture
Related violations: <none>

TIMING-16#400 Warning
Large setup violation  
There is a large setup violation of -1.119 ns between elem_idx_reg[0]/C (clocked by sys_clk_pin) and in_metrics_reg[4][7][9]/CE (clocked by sys_clk_pin). Large setup violations at the end of those stages might be difficult to fix during the post-placement implementation flow and could be the result of non-optimal XDC constraints or non-optimal design architecture
Related violations: <none>

TIMING-16#401 Warning
Large setup violation  
There is a large setup violation of -1.120 ns between dut/genblk1[6].sort/GEN8.u_sort/r4_m_reg[4][6]/C (clocked by sys_clk_pin) and dut/genblk1[6].sort/GEN8.u_sort/r5_m_reg[4][3]/D (clocked by sys_clk_pin). Large setup violations at the end of those stages might be difficult to fix during the post-placement implementation flow and could be the result of non-optimal XDC constraints or non-optimal design architecture
Related violations: <none>

TIMING-16#402 Warning
Large setup violation  
There is a large setup violation of -1.121 ns between dut/genblk1[6].sort/GEN8.u_sort/r4_m_reg[3][7]/C (clocked by sys_clk_pin) and dut/genblk1[6].sort/GEN8.u_sort/r5_m_reg[3][6]/D (clocked by sys_clk_pin). Large setup violations at the end of those stages might be difficult to fix during the post-placement implementation flow and could be the result of non-optimal XDC constraints or non-optimal design architecture
Related violations: <none>

TIMING-16#403 Warning
Large setup violation  
There is a large setup violation of -1.122 ns between dut/genblk1[3].sort/GEN8.u_sort/r3_m_reg[1][1]/C (clocked by sys_clk_pin) and dut/genblk1[3].sort/GEN8.u_sort/r4_m_reg[5][2]/D (clocked by sys_clk_pin). Large setup violations at the end of those stages might be difficult to fix during the post-placement implementation flow and could be the result of non-optimal XDC constraints or non-optimal design architecture
Related violations: <none>

TIMING-16#404 Warning
Large setup violation  
There is a large setup violation of -1.125 ns between dut/genblk1[6].sort/GEN8.u_sort/r4_m_reg[5][1]/C (clocked by sys_clk_pin) and dut/genblk1[6].sort/GEN8.u_sort/r5_m_reg[7][6]/D (clocked by sys_clk_pin). Large setup violations at the end of those stages might be difficult to fix during the post-placement implementation flow and could be the result of non-optimal XDC constraints or non-optimal design architecture
Related violations: <none>

TIMING-16#405 Warning
Large setup violation  
There is a large setup violation of -1.126 ns between dut/genblk1[6].sort/GEN8.u_sort/r4_m_reg[4][6]/C (clocked by sys_clk_pin) and dut/genblk1[6].sort/GEN8.u_sort/r5_m_reg[4][2]/D (clocked by sys_clk_pin). Large setup violations at the end of those stages might be difficult to fix during the post-placement implementation flow and could be the result of non-optimal XDC constraints or non-optimal design architecture
Related violations: <none>

TIMING-16#406 Warning
Large setup violation  
There is a large setup violation of -1.127 ns between dut/genblk1[6].sort/GEN8.u_sort/r4_m_reg[5][1]/C (clocked by sys_clk_pin) and dut/genblk1[6].sort/GEN8.u_sort/r5_m_reg[7][7]/D (clocked by sys_clk_pin). Large setup violations at the end of those stages might be difficult to fix during the post-placement implementation flow and could be the result of non-optimal XDC constraints or non-optimal design architecture
Related violations: <none>

TIMING-16#407 Warning
Large setup violation  
There is a large setup violation of -1.128 ns between dut/genblk1[6].sort/GEN8.u_sort/r5_m_reg[1][6]/C (clocked by sys_clk_pin) and out_l_buf_reg[6][1][1]/D (clocked by sys_clk_pin). Large setup violations at the end of those stages might be difficult to fix during the post-placement implementation flow and could be the result of non-optimal XDC constraints or non-optimal design architecture
Related violations: <none>

TIMING-16#408 Warning
Large setup violation  
There is a large setup violation of -1.130 ns between dut/genblk1[2].sort/GEN8.u_sort/r2_m_reg[5][0]/C (clocked by sys_clk_pin) and dut/genblk1[2].sort/GEN8.u_sort/r3_m_reg[4][2]/D (clocked by sys_clk_pin). Large setup violations at the end of those stages might be difficult to fix during the post-placement implementation flow and could be the result of non-optimal XDC constraints or non-optimal design architecture
Related violations: <none>

TIMING-16#409 Warning
Large setup violation  
There is a large setup violation of -1.130 ns between dut/genblk1[6].sort/GEN8.u_sort/r5_m_reg[1][6]/C (clocked by sys_clk_pin) and out_l_buf_reg[6][0][1]/D (clocked by sys_clk_pin). Large setup violations at the end of those stages might be difficult to fix during the post-placement implementation flow and could be the result of non-optimal XDC constraints or non-optimal design architecture
Related violations: <none>

TIMING-16#410 Warning
Large setup violation  
There is a large setup violation of -1.133 ns between elem_idx_reg[2]/C (clocked by sys_clk_pin) and in_labels_reg[1][1][0]/CE (clocked by sys_clk_pin). Large setup violations at the end of those stages might be difficult to fix during the post-placement implementation flow and could be the result of non-optimal XDC constraints or non-optimal design architecture
Related violations: <none>

TIMING-16#411 Warning
Large setup violation  
There is a large setup violation of -1.133 ns between elem_idx_reg[2]/C (clocked by sys_clk_pin) and in_labels_reg[1][1][2]/CE (clocked by sys_clk_pin). Large setup violations at the end of those stages might be difficult to fix during the post-placement implementation flow and could be the result of non-optimal XDC constraints or non-optimal design architecture
Related violations: <none>

TIMING-16#412 Warning
Large setup violation  
There is a large setup violation of -1.133 ns between elem_idx_reg[2]/C (clocked by sys_clk_pin) and in_metrics_reg[1][1][8]/CE (clocked by sys_clk_pin). Large setup violations at the end of those stages might be difficult to fix during the post-placement implementation flow and could be the result of non-optimal XDC constraints or non-optimal design architecture
Related violations: <none>

TIMING-16#413 Warning
Large setup violation  
There is a large setup violation of -1.134 ns between dut/genblk1[6].sort/GEN8.u_sort/r4_m_reg[4][6]/C (clocked by sys_clk_pin) and dut/genblk1[6].sort/GEN8.u_sort/r5_m_reg[4][5]/D (clocked by sys_clk_pin). Large setup violations at the end of those stages might be difficult to fix during the post-placement implementation flow and could be the result of non-optimal XDC constraints or non-optimal design architecture
Related violations: <none>

TIMING-16#414 Warning
Large setup violation  
There is a large setup violation of -1.135 ns between dut/genblk1[6].sort/GEN8.u_sort/r4_m_reg[5][1]/C (clocked by sys_clk_pin) and dut/genblk1[6].sort/GEN8.u_sort/r5_m_reg[7][5]/D (clocked by sys_clk_pin). Large setup violations at the end of those stages might be difficult to fix during the post-placement implementation flow and could be the result of non-optimal XDC constraints or non-optimal design architecture
Related violations: <none>

TIMING-16#415 Warning
Large setup violation  
There is a large setup violation of -1.135 ns between elem_idx_reg[0]/C (clocked by sys_clk_pin) and in_labels_reg[2][3][3]/CE (clocked by sys_clk_pin). Large setup violations at the end of those stages might be difficult to fix during the post-placement implementation flow and could be the result of non-optimal XDC constraints or non-optimal design architecture
Related violations: <none>

TIMING-16#416 Warning
Large setup violation  
There is a large setup violation of -1.139 ns between elem_idx_reg[2]/C (clocked by sys_clk_pin) and in_labels_reg[1][1][1]/CE (clocked by sys_clk_pin). Large setup violations at the end of those stages might be difficult to fix during the post-placement implementation flow and could be the result of non-optimal XDC constraints or non-optimal design architecture
Related violations: <none>

TIMING-16#417 Warning
Large setup violation  
There is a large setup violation of -1.139 ns between elem_idx_reg[2]/C (clocked by sys_clk_pin) and in_labels_reg[1][1][3]/CE (clocked by sys_clk_pin). Large setup violations at the end of those stages might be difficult to fix during the post-placement implementation flow and could be the result of non-optimal XDC constraints or non-optimal design architecture
Related violations: <none>

TIMING-16#418 Warning
Large setup violation  
There is a large setup violation of -1.139 ns between elem_idx_reg[2]/C (clocked by sys_clk_pin) and in_metrics_reg[1][1][9]/CE (clocked by sys_clk_pin). Large setup violations at the end of those stages might be difficult to fix during the post-placement implementation flow and could be the result of non-optimal XDC constraints or non-optimal design architecture
Related violations: <none>

TIMING-16#419 Warning
Large setup violation  
There is a large setup violation of -1.140 ns between elem_idx_reg[0]/C (clocked by sys_clk_pin) and in_labels_reg[0][6][1]/CE (clocked by sys_clk_pin). Large setup violations at the end of those stages might be difficult to fix during the post-placement implementation flow and could be the result of non-optimal XDC constraints or non-optimal design architecture
Related violations: <none>

TIMING-16#420 Warning
Large setup violation  
There is a large setup violation of -1.141 ns between dut/genblk1[5].sort/GEN8.u_sort/r5_m_reg[2][1]/C (clocked by sys_clk_pin) and out_l_buf_reg[5][3][3]/D (clocked by sys_clk_pin). Large setup violations at the end of those stages might be difficult to fix during the post-placement implementation flow and could be the result of non-optimal XDC constraints or non-optimal design architecture
Related violations: <none>

TIMING-16#421 Warning
Large setup violation  
There is a large setup violation of -1.142 ns between dut/genblk1[7].sort/GEN8.u_sort/r4_m_reg[7][5]/C (clocked by sys_clk_pin) and dut/genblk1[7].sort/GEN8.u_sort/r5_m_reg[7][3]/D (clocked by sys_clk_pin). Large setup violations at the end of those stages might be difficult to fix during the post-placement implementation flow and could be the result of non-optimal XDC constraints or non-optimal design architecture
Related violations: <none>

TIMING-16#422 Warning
Large setup violation  
There is a large setup violation of -1.152 ns between elem_idx_reg[0]/C (clocked by sys_clk_pin) and in_labels_reg[1][0][0]/CE (clocked by sys_clk_pin). Large setup violations at the end of those stages might be difficult to fix during the post-placement implementation flow and could be the result of non-optimal XDC constraints or non-optimal design architecture
Related violations: <none>

TIMING-16#423 Warning
Large setup violation  
There is a large setup violation of -1.156 ns between dut/genblk1[3].sort/GEN8.u_sort/r5_m_reg[0][3]/C (clocked by sys_clk_pin) and out_m_buf_reg[3][1][4]/D (clocked by sys_clk_pin). Large setup violations at the end of those stages might be difficult to fix during the post-placement implementation flow and could be the result of non-optimal XDC constraints or non-optimal design architecture
Related violations: <none>

TIMING-16#424 Warning
Large setup violation  
There is a large setup violation of -1.157 ns between dut/genblk1[3].sort/GEN8.u_sort/r5_m_reg[0][3]/C (clocked by sys_clk_pin) and out_m_buf_reg[3][0][5]/D (clocked by sys_clk_pin). Large setup violations at the end of those stages might be difficult to fix during the post-placement implementation flow and could be the result of non-optimal XDC constraints or non-optimal design architecture
Related violations: <none>

TIMING-16#425 Warning
Large setup violation  
There is a large setup violation of -1.158 ns between elem_idx_reg[0]/C (clocked by sys_clk_pin) and in_labels_reg[1][0][2]/CE (clocked by sys_clk_pin). Large setup violations at the end of those stages might be difficult to fix during the post-placement implementation flow and could be the result of non-optimal XDC constraints or non-optimal design architecture
Related violations: <none>

TIMING-16#426 Warning
Large setup violation  
There is a large setup violation of -1.163 ns between dut/genblk1[3].sort/GEN8.u_sort/r5_m_reg[4][0]/C (clocked by sys_clk_pin) and out_m_buf_reg[3][5][1]/D (clocked by sys_clk_pin). Large setup violations at the end of those stages might be difficult to fix during the post-placement implementation flow and could be the result of non-optimal XDC constraints or non-optimal design architecture
Related violations: <none>

TIMING-16#427 Warning
Large setup violation  
There is a large setup violation of -1.168 ns between elem_idx_reg[0]/C (clocked by sys_clk_pin) and in_labels_reg[2][6][1]/CE (clocked by sys_clk_pin). Large setup violations at the end of those stages might be difficult to fix during the post-placement implementation flow and could be the result of non-optimal XDC constraints or non-optimal design architecture
Related violations: <none>

TIMING-16#428 Warning
Large setup violation  
There is a large setup violation of -1.168 ns between elem_idx_reg[0]/C (clocked by sys_clk_pin) and in_labels_reg[2][6][2]/CE (clocked by sys_clk_pin). Large setup violations at the end of those stages might be difficult to fix during the post-placement implementation flow and could be the result of non-optimal XDC constraints or non-optimal design architecture
Related violations: <none>

TIMING-16#429 Warning
Large setup violation  
There is a large setup violation of -1.168 ns between elem_idx_reg[0]/C (clocked by sys_clk_pin) and in_labels_reg[2][6][3]/CE (clocked by sys_clk_pin). Large setup violations at the end of those stages might be difficult to fix during the post-placement implementation flow and could be the result of non-optimal XDC constraints or non-optimal design architecture
Related violations: <none>

TIMING-16#430 Warning
Large setup violation  
There is a large setup violation of -1.168 ns between elem_idx_reg[0]/C (clocked by sys_clk_pin) and in_metrics_reg[2][6][0]/CE (clocked by sys_clk_pin). Large setup violations at the end of those stages might be difficult to fix during the post-placement implementation flow and could be the result of non-optimal XDC constraints or non-optimal design architecture
Related violations: <none>

TIMING-16#431 Warning
Large setup violation  
There is a large setup violation of -1.176 ns between dut/genblk1[3].sort/GEN8.u_sort/r5_m_reg[7][2]/C (clocked by sys_clk_pin) and out_m_buf_reg[3][7][5]/D (clocked by sys_clk_pin). Large setup violations at the end of those stages might be difficult to fix during the post-placement implementation flow and could be the result of non-optimal XDC constraints or non-optimal design architecture
Related violations: <none>

TIMING-16#432 Warning
Large setup violation  
There is a large setup violation of -1.182 ns between elem_idx_reg[0]/C (clocked by sys_clk_pin) and in_labels_reg[2][3][0]/CE (clocked by sys_clk_pin). Large setup violations at the end of those stages might be difficult to fix during the post-placement implementation flow and could be the result of non-optimal XDC constraints or non-optimal design architecture
Related violations: <none>

TIMING-16#433 Warning
Large setup violation  
There is a large setup violation of -1.182 ns between elem_idx_reg[0]/C (clocked by sys_clk_pin) and in_labels_reg[4][5][0]/CE (clocked by sys_clk_pin). Large setup violations at the end of those stages might be difficult to fix during the post-placement implementation flow and could be the result of non-optimal XDC constraints or non-optimal design architecture
Related violations: <none>

TIMING-16#434 Warning
Large setup violation  
There is a large setup violation of -1.182 ns between elem_idx_reg[0]/C (clocked by sys_clk_pin) and in_labels_reg[4][5][1]/CE (clocked by sys_clk_pin). Large setup violations at the end of those stages might be difficult to fix during the post-placement implementation flow and could be the result of non-optimal XDC constraints or non-optimal design architecture
Related violations: <none>

TIMING-16#435 Warning
Large setup violation  
There is a large setup violation of -1.182 ns between elem_idx_reg[0]/C (clocked by sys_clk_pin) and in_labels_reg[4][5][3]/CE (clocked by sys_clk_pin). Large setup violations at the end of those stages might be difficult to fix during the post-placement implementation flow and could be the result of non-optimal XDC constraints or non-optimal design architecture
Related violations: <none>

TIMING-16#436 Warning
Large setup violation  
There is a large setup violation of -1.188 ns between elem_idx_reg[0]/C (clocked by sys_clk_pin) and in_metrics_reg[2][3][9]/CE (clocked by sys_clk_pin). Large setup violations at the end of those stages might be difficult to fix during the post-placement implementation flow and could be the result of non-optimal XDC constraints or non-optimal design architecture
Related violations: <none>

TIMING-16#437 Warning
Large setup violation  
There is a large setup violation of -1.190 ns between dut/genblk1[3].sort/GEN8.u_sort/r5_m_reg[4][0]/C (clocked by sys_clk_pin) and out_m_buf_reg[3][4][2]/D (clocked by sys_clk_pin). Large setup violations at the end of those stages might be difficult to fix during the post-placement implementation flow and could be the result of non-optimal XDC constraints or non-optimal design architecture
Related violations: <none>

TIMING-16#438 Warning
Large setup violation  
There is a large setup violation of -1.201 ns between dut/genblk1[5].sort/GEN8.u_sort/r5_m_reg[0][7]/C (clocked by sys_clk_pin) and out_m_buf_reg[5][0][4]/D (clocked by sys_clk_pin). Large setup violations at the end of those stages might be difficult to fix during the post-placement implementation flow and could be the result of non-optimal XDC constraints or non-optimal design architecture
Related violations: <none>

TIMING-16#439 Warning
Large setup violation  
There is a large setup violation of -1.202 ns between dut/genblk1[3].sort/GEN8.u_sort/r5_m_reg[4][0]/C (clocked by sys_clk_pin) and out_m_buf_reg[3][5][9]/D (clocked by sys_clk_pin). Large setup violations at the end of those stages might be difficult to fix during the post-placement implementation flow and could be the result of non-optimal XDC constraints or non-optimal design architecture
Related violations: <none>

TIMING-16#440 Warning
Large setup violation  
There is a large setup violation of -1.204 ns between elem_idx_reg[0]/C (clocked by sys_clk_pin) and in_labels_reg[2][4][0]/CE (clocked by sys_clk_pin). Large setup violations at the end of those stages might be difficult to fix during the post-placement implementation flow and could be the result of non-optimal XDC constraints or non-optimal design architecture
Related violations: <none>

TIMING-16#441 Warning
Large setup violation  
There is a large setup violation of -1.204 ns between elem_idx_reg[0]/C (clocked by sys_clk_pin) and in_labels_reg[2][4][3]/CE (clocked by sys_clk_pin). Large setup violations at the end of those stages might be difficult to fix during the post-placement implementation flow and could be the result of non-optimal XDC constraints or non-optimal design architecture
Related violations: <none>

TIMING-16#442 Warning
Large setup violation  
There is a large setup violation of -1.208 ns between dut/genblk1[5].sort/GEN8.u_sort/r5_m_reg[0][7]/C (clocked by sys_clk_pin) and out_l_buf_reg[5][0][0]/D (clocked by sys_clk_pin). Large setup violations at the end of those stages might be difficult to fix during the post-placement implementation flow and could be the result of non-optimal XDC constraints or non-optimal design architecture
Related violations: <none>

TIMING-16#443 Warning
Large setup violation  
There is a large setup violation of -1.212 ns between dut/genblk1[3].sort/GEN8.u_sort/r5_m_reg[0][3]/C (clocked by sys_clk_pin) and out_m_buf_reg[3][1][7]/D (clocked by sys_clk_pin). Large setup violations at the end of those stages might be difficult to fix during the post-placement implementation flow and could be the result of non-optimal XDC constraints or non-optimal design architecture
Related violations: <none>

TIMING-16#444 Warning
Large setup violation  
There is a large setup violation of -1.214 ns between dut/genblk1[3].sort/GEN8.u_sort/r5_m_reg[7][2]/C (clocked by sys_clk_pin) and out_m_buf_reg[3][7][2]/D (clocked by sys_clk_pin). Large setup violations at the end of those stages might be difficult to fix during the post-placement implementation flow and could be the result of non-optimal XDC constraints or non-optimal design architecture
Related violations: <none>

TIMING-16#445 Warning
Large setup violation  
There is a large setup violation of -1.231 ns between dut/genblk1[5].sort/GEN8.u_sort/r5_m_reg[5][3]/C (clocked by sys_clk_pin) and out_m_buf_reg[5][4][1]/D (clocked by sys_clk_pin). Large setup violations at the end of those stages might be difficult to fix during the post-placement implementation flow and could be the result of non-optimal XDC constraints or non-optimal design architecture
Related violations: <none>

TIMING-16#446 Warning
Large setup violation  
There is a large setup violation of -1.236 ns between dut/genblk1[7].sort/GEN8.u_sort/r5_m_reg[7][7]/C (clocked by sys_clk_pin) and out_l_buf_reg[7][7][0]/D (clocked by sys_clk_pin). Large setup violations at the end of those stages might be difficult to fix during the post-placement implementation flow and could be the result of non-optimal XDC constraints or non-optimal design architecture
Related violations: <none>

TIMING-16#447 Warning
Large setup violation  
There is a large setup violation of -1.240 ns between elem_idx_reg[0]/C (clocked by sys_clk_pin) and in_metrics_reg[2][6][4]/CE (clocked by sys_clk_pin). Large setup violations at the end of those stages might be difficult to fix during the post-placement implementation flow and could be the result of non-optimal XDC constraints or non-optimal design architecture
Related violations: <none>

TIMING-16#448 Warning
Large setup violation  
There is a large setup violation of -1.240 ns between elem_idx_reg[0]/C (clocked by sys_clk_pin) and in_metrics_reg[2][6][7]/CE (clocked by sys_clk_pin). Large setup violations at the end of those stages might be difficult to fix during the post-placement implementation flow and could be the result of non-optimal XDC constraints or non-optimal design architecture
Related violations: <none>

TIMING-16#449 Warning
Large setup violation  
There is a large setup violation of -1.240 ns between elem_idx_reg[0]/C (clocked by sys_clk_pin) and in_metrics_reg[2][6][9]/CE (clocked by sys_clk_pin). Large setup violations at the end of those stages might be difficult to fix during the post-placement implementation flow and could be the result of non-optimal XDC constraints or non-optimal design architecture
Related violations: <none>

TIMING-16#450 Warning
Large setup violation  
There is a large setup violation of -1.242 ns between dut/genblk1[5].sort/GEN8.u_sort/r5_m_reg[5][3]/C (clocked by sys_clk_pin) and out_m_buf_reg[5][5][1]/D (clocked by sys_clk_pin). Large setup violations at the end of those stages might be difficult to fix during the post-placement implementation flow and could be the result of non-optimal XDC constraints or non-optimal design architecture
Related violations: <none>

TIMING-16#451 Warning
Large setup violation  
There is a large setup violation of -1.246 ns between elem_idx_reg[0]/C (clocked by sys_clk_pin) and in_metrics_reg[2][6][6]/CE (clocked by sys_clk_pin). Large setup violations at the end of those stages might be difficult to fix during the post-placement implementation flow and could be the result of non-optimal XDC constraints or non-optimal design architecture
Related violations: <none>

TIMING-16#452 Warning
Large setup violation  
There is a large setup violation of -1.246 ns between elem_idx_reg[0]/C (clocked by sys_clk_pin) and in_metrics_reg[2][6][8]/CE (clocked by sys_clk_pin). Large setup violations at the end of those stages might be difficult to fix during the post-placement implementation flow and could be the result of non-optimal XDC constraints or non-optimal design architecture
Related violations: <none>

TIMING-16#453 Warning
Large setup violation  
There is a large setup violation of -1.247 ns between dut/genblk1[3].sort/GEN8.u_sort/r5_m_reg[0][7]/C (clocked by sys_clk_pin) and out_l_buf_reg[3][1][0]/D (clocked by sys_clk_pin). Large setup violations at the end of those stages might be difficult to fix during the post-placement implementation flow and could be the result of non-optimal XDC constraints or non-optimal design architecture
Related violations: <none>

TIMING-16#454 Warning
Large setup violation  
There is a large setup violation of -1.253 ns between dut/genblk1[3].sort/GEN8.u_sort/r5_m_reg[0][3]/C (clocked by sys_clk_pin) and out_l_buf_reg[3][0][0]/D (clocked by sys_clk_pin). Large setup violations at the end of those stages might be difficult to fix during the post-placement implementation flow and could be the result of non-optimal XDC constraints or non-optimal design architecture
Related violations: <none>

TIMING-16#455 Warning
Large setup violation  
There is a large setup violation of -1.288 ns between elem_idx_reg[0]/C (clocked by sys_clk_pin) and in_labels_reg[1][7][0]/CE (clocked by sys_clk_pin). Large setup violations at the end of those stages might be difficult to fix during the post-placement implementation flow and could be the result of non-optimal XDC constraints or non-optimal design architecture
Related violations: <none>

TIMING-16#456 Warning
Large setup violation  
There is a large setup violation of -1.288 ns between elem_idx_reg[0]/C (clocked by sys_clk_pin) and in_labels_reg[1][7][3]/CE (clocked by sys_clk_pin). Large setup violations at the end of those stages might be difficult to fix during the post-placement implementation flow and could be the result of non-optimal XDC constraints or non-optimal design architecture
Related violations: <none>

TIMING-16#457 Warning
Large setup violation  
There is a large setup violation of -1.295 ns between elem_idx_reg[0]/C (clocked by sys_clk_pin) and in_labels_reg[1][7][1]/CE (clocked by sys_clk_pin). Large setup violations at the end of those stages might be difficult to fix during the post-placement implementation flow and could be the result of non-optimal XDC constraints or non-optimal design architecture
Related violations: <none>

TIMING-16#458 Warning
Large setup violation  
There is a large setup violation of -1.310 ns between dut/genblk1[0].sort/GEN8.u_sort/r5_m_reg[3][3]/C (clocked by sys_clk_pin) and out_m_buf_reg[0][3][7]/D (clocked by sys_clk_pin). Large setup violations at the end of those stages might be difficult to fix during the post-placement implementation flow and could be the result of non-optimal XDC constraints or non-optimal design architecture
Related violations: <none>

TIMING-16#459 Warning
Large setup violation  
There is a large setup violation of -1.316 ns between dut/genblk1[5].sort/GEN8.u_sort/r5_m_reg[2][1]/C (clocked by sys_clk_pin) and out_m_buf_reg[5][2][6]/D (clocked by sys_clk_pin). Large setup violations at the end of those stages might be difficult to fix during the post-placement implementation flow and could be the result of non-optimal XDC constraints or non-optimal design architecture
Related violations: <none>

TIMING-16#460 Warning
Large setup violation  
There is a large setup violation of -1.350 ns between out_l_buf_reg[5][6][0]/C (clocked by sys_clk_pin) and o_label_reg[0]/D (clocked by sys_clk_pin). Large setup violations at the end of those stages might be difficult to fix during the post-placement implementation flow and could be the result of non-optimal XDC constraints or non-optimal design architecture
Related violations: <none>

TIMING-16#461 Warning
Large setup violation  
There is a large setup violation of -1.352 ns between elem_idx_reg[0]/C (clocked by sys_clk_pin) and in_metrics_reg[2][4][0]/CE (clocked by sys_clk_pin). Large setup violations at the end of those stages might be difficult to fix during the post-placement implementation flow and could be the result of non-optimal XDC constraints or non-optimal design architecture
Related violations: <none>

TIMING-16#462 Warning
Large setup violation  
There is a large setup violation of -1.352 ns between elem_idx_reg[0]/C (clocked by sys_clk_pin) and in_metrics_reg[2][4][3]/CE (clocked by sys_clk_pin). Large setup violations at the end of those stages might be difficult to fix during the post-placement implementation flow and could be the result of non-optimal XDC constraints or non-optimal design architecture
Related violations: <none>

TIMING-16#463 Warning
Large setup violation  
There is a large setup violation of -1.352 ns between elem_idx_reg[0]/C (clocked by sys_clk_pin) and in_metrics_reg[2][4][5]/CE (clocked by sys_clk_pin). Large setup violations at the end of those stages might be difficult to fix during the post-placement implementation flow and could be the result of non-optimal XDC constraints or non-optimal design architecture
Related violations: <none>

TIMING-16#464 Warning
Large setup violation  
There is a large setup violation of -1.352 ns between elem_idx_reg[0]/C (clocked by sys_clk_pin) and in_metrics_reg[2][4][8]/CE (clocked by sys_clk_pin). Large setup violations at the end of those stages might be difficult to fix during the post-placement implementation flow and could be the result of non-optimal XDC constraints or non-optimal design architecture
Related violations: <none>

TIMING-16#465 Warning
Large setup violation  
There is a large setup violation of -1.359 ns between elem_idx_reg[0]/C (clocked by sys_clk_pin) and in_metrics_reg[2][4][1]/CE (clocked by sys_clk_pin). Large setup violations at the end of those stages might be difficult to fix during the post-placement implementation flow and could be the result of non-optimal XDC constraints or non-optimal design architecture
Related violations: <none>

TIMING-16#466 Warning
Large setup violation  
There is a large setup violation of -1.359 ns between elem_idx_reg[0]/C (clocked by sys_clk_pin) and in_metrics_reg[2][4][4]/CE (clocked by sys_clk_pin). Large setup violations at the end of those stages might be difficult to fix during the post-placement implementation flow and could be the result of non-optimal XDC constraints or non-optimal design architecture
Related violations: <none>

TIMING-16#467 Warning
Large setup violation  
There is a large setup violation of -1.359 ns between elem_idx_reg[0]/C (clocked by sys_clk_pin) and in_metrics_reg[2][4][6]/CE (clocked by sys_clk_pin). Large setup violations at the end of those stages might be difficult to fix during the post-placement implementation flow and could be the result of non-optimal XDC constraints or non-optimal design architecture
Related violations: <none>

TIMING-16#468 Warning
Large setup violation  
There is a large setup violation of -1.359 ns between elem_idx_reg[0]/C (clocked by sys_clk_pin) and in_metrics_reg[2][4][9]/CE (clocked by sys_clk_pin). Large setup violations at the end of those stages might be difficult to fix during the post-placement implementation flow and could be the result of non-optimal XDC constraints or non-optimal design architecture
Related violations: <none>

TIMING-16#469 Warning
Large setup violation  
There is a large setup violation of -1.377 ns between out_l_buf_reg[0][5][2]/C (clocked by sys_clk_pin) and o_label_reg[2]/D (clocked by sys_clk_pin). Large setup violations at the end of those stages might be difficult to fix during the post-placement implementation flow and could be the result of non-optimal XDC constraints or non-optimal design architecture
Related violations: <none>

TIMING-16#470 Warning
Large setup violation  
There is a large setup violation of -1.392 ns between out_m_buf_reg[5][2][3]/C (clocked by sys_clk_pin) and o_metric_reg[3]/D (clocked by sys_clk_pin). Large setup violations at the end of those stages might be difficult to fix during the post-placement implementation flow and could be the result of non-optimal XDC constraints or non-optimal design architecture
Related violations: <none>

TIMING-16#471 Warning
Large setup violation  
There is a large setup violation of -1.398 ns between out_l_buf_reg[5][2][3]/C (clocked by sys_clk_pin) and o_label_reg[3]/D (clocked by sys_clk_pin). Large setup violations at the end of those stages might be difficult to fix during the post-placement implementation flow and could be the result of non-optimal XDC constraints or non-optimal design architecture
Related violations: <none>

TIMING-16#472 Warning
Large setup violation  
There is a large setup violation of -1.413 ns between out_m_buf_reg[0][5][7]/C (clocked by sys_clk_pin) and o_metric_reg[7]/D (clocked by sys_clk_pin). Large setup violations at the end of those stages might be difficult to fix during the post-placement implementation flow and could be the result of non-optimal XDC constraints or non-optimal design architecture
Related violations: <none>

TIMING-16#473 Warning
Large setup violation  
There is a large setup violation of -1.422 ns between out_m_buf_reg[0][4][4]/C (clocked by sys_clk_pin) and o_metric_reg[4]/D (clocked by sys_clk_pin). Large setup violations at the end of those stages might be difficult to fix during the post-placement implementation flow and could be the result of non-optimal XDC constraints or non-optimal design architecture
Related violations: <none>

TIMING-16#474 Warning
Large setup violation  
There is a large setup violation of -1.426 ns between out_l_buf_reg[0][7][1]/C (clocked by sys_clk_pin) and o_label_reg[1]/D (clocked by sys_clk_pin). Large setup violations at the end of those stages might be difficult to fix during the post-placement implementation flow and could be the result of non-optimal XDC constraints or non-optimal design architecture
Related violations: <none>

TIMING-16#475 Warning
Large setup violation  
There is a large setup violation of -1.433 ns between dut/genblk1[7].sort/GEN8.u_sort/r5_m_reg[7][2]/C (clocked by sys_clk_pin) and out_l_buf_reg[7][6][0]/D (clocked by sys_clk_pin). Large setup violations at the end of those stages might be difficult to fix during the post-placement implementation flow and could be the result of non-optimal XDC constraints or non-optimal design architecture
Related violations: <none>

TIMING-16#476 Warning
Large setup violation  
There is a large setup violation of -1.434 ns between dut/genblk1[0].sort/GEN8.u_sort/r5_m_reg[4][5]/C (clocked by sys_clk_pin) and out_m_buf_reg[0][4][6]/D (clocked by sys_clk_pin). Large setup violations at the end of those stages might be difficult to fix during the post-placement implementation flow and could be the result of non-optimal XDC constraints or non-optimal design architecture
Related violations: <none>

TIMING-16#477 Warning
Large setup violation  
There is a large setup violation of -1.454 ns between dut/genblk1[0].sort/GEN8.u_sort/r5_m_reg[7][0]/C (clocked by sys_clk_pin) and out_m_buf_reg[0][6][3]/D (clocked by sys_clk_pin). Large setup violations at the end of those stages might be difficult to fix during the post-placement implementation flow and could be the result of non-optimal XDC constraints or non-optimal design architecture
Related violations: <none>

TIMING-16#478 Warning
Large setup violation  
There is a large setup violation of -1.455 ns between out_m_buf_reg[0][5][9]/C (clocked by sys_clk_pin) and o_metric_reg[9]/D (clocked by sys_clk_pin). Large setup violations at the end of those stages might be difficult to fix during the post-placement implementation flow and could be the result of non-optimal XDC constraints or non-optimal design architecture
Related violations: <none>

TIMING-16#479 Warning
Large setup violation  
There is a large setup violation of -1.455 ns between out_m_buf_reg[0][6][5]/C (clocked by sys_clk_pin) and o_metric_reg[5]/D (clocked by sys_clk_pin). Large setup violations at the end of those stages might be difficult to fix during the post-placement implementation flow and could be the result of non-optimal XDC constraints or non-optimal design architecture
Related violations: <none>

TIMING-16#480 Warning
Large setup violation  
There is a large setup violation of -1.459 ns between out_m_buf_reg[0][5][0]/C (clocked by sys_clk_pin) and o_metric_reg[0]/D (clocked by sys_clk_pin). Large setup violations at the end of those stages might be difficult to fix during the post-placement implementation flow and could be the result of non-optimal XDC constraints or non-optimal design architecture
Related violations: <none>

TIMING-16#481 Warning
Large setup violation  
There is a large setup violation of -1.460 ns between out_m_buf_reg[0][5][1]/C (clocked by sys_clk_pin) and o_metric_reg[1]/D (clocked by sys_clk_pin). Large setup violations at the end of those stages might be difficult to fix during the post-placement implementation flow and could be the result of non-optimal XDC constraints or non-optimal design architecture
Related violations: <none>

TIMING-16#482 Warning
Large setup violation  
There is a large setup violation of -1.460 ns between out_m_buf_reg[0][5][6]/C (clocked by sys_clk_pin) and o_metric_reg[6]/D (clocked by sys_clk_pin). Large setup violations at the end of those stages might be difficult to fix during the post-placement implementation flow and could be the result of non-optimal XDC constraints or non-optimal design architecture
Related violations: <none>

TIMING-16#483 Warning
Large setup violation  
There is a large setup violation of -1.491 ns between dut/genblk1[7].sort/GEN8.u_sort/r5_m_reg[7][7]/C (clocked by sys_clk_pin) and out_m_buf_reg[7][7][8]/D (clocked by sys_clk_pin). Large setup violations at the end of those stages might be difficult to fix during the post-placement implementation flow and could be the result of non-optimal XDC constraints or non-optimal design architecture
Related violations: <none>

TIMING-16#484 Warning
Large setup violation  
There is a large setup violation of -1.492 ns between out_m_buf_reg[0][4][8]/C (clocked by sys_clk_pin) and o_metric_reg[8]/D (clocked by sys_clk_pin). Large setup violations at the end of those stages might be difficult to fix during the post-placement implementation flow and could be the result of non-optimal XDC constraints or non-optimal design architecture
Related violations: <none>

TIMING-16#485 Warning
Large setup violation  
There is a large setup violation of -1.497 ns between dut/genblk1[0].sort/GEN8.u_sort/r5_m_reg[0][0]/C (clocked by sys_clk_pin) and out_l_buf_reg[0][1][0]/D (clocked by sys_clk_pin). Large setup violations at the end of those stages might be difficult to fix during the post-placement implementation flow and could be the result of non-optimal XDC constraints or non-optimal design architecture
Related violations: <none>

TIMING-16#486 Warning
Large setup violation  
There is a large setup violation of -1.500 ns between dut/genblk1[7].sort/GEN8.u_sort/r5_m_reg[7][2]/C (clocked by sys_clk_pin) and out_m_buf_reg[7][7][6]/D (clocked by sys_clk_pin). Large setup violations at the end of those stages might be difficult to fix during the post-placement implementation flow and could be the result of non-optimal XDC constraints or non-optimal design architecture
Related violations: <none>

TIMING-16#487 Warning
Large setup violation  
There is a large setup violation of -1.511 ns between out_m_buf_reg[0][6][2]/C (clocked by sys_clk_pin) and o_metric_reg[2]/D (clocked by sys_clk_pin). Large setup violations at the end of those stages might be difficult to fix during the post-placement implementation flow and could be the result of non-optimal XDC constraints or non-optimal design architecture
Related violations: <none>

TIMING-18#1 Warning
Missing input or output delay  
An input delay is missing on i_label[0] relative to clock(s) sys_clk_pin
Related violations: <none>

TIMING-18#2 Warning
Missing input or output delay  
An input delay is missing on i_label[1] relative to clock(s) sys_clk_pin
Related violations: <none>

TIMING-18#3 Warning
Missing input or output delay  
An input delay is missing on i_label[2] relative to clock(s) sys_clk_pin
Related violations: <none>

TIMING-18#4 Warning
Missing input or output delay  
An input delay is missing on i_label[3] relative to clock(s) sys_clk_pin
Related violations: <none>

TIMING-18#5 Warning
Missing input or output delay  
An input delay is missing on i_metric[0] relative to clock(s) sys_clk_pin
Related violations: <none>

TIMING-18#6 Warning
Missing input or output delay  
An input delay is missing on i_metric[1] relative to clock(s) sys_clk_pin
Related violations: <none>

TIMING-18#7 Warning
Missing input or output delay  
An input delay is missing on i_metric[2] relative to clock(s) sys_clk_pin
Related violations: <none>

TIMING-18#8 Warning
Missing input or output delay  
An input delay is missing on i_metric[3] relative to clock(s) sys_clk_pin
Related violations: <none>

TIMING-18#9 Warning
Missing input or output delay  
An input delay is missing on i_metric[4] relative to clock(s) sys_clk_pin
Related violations: <none>

TIMING-18#10 Warning
Missing input or output delay  
An input delay is missing on i_metric[5] relative to clock(s) sys_clk_pin
Related violations: <none>

TIMING-18#11 Warning
Missing input or output delay  
An input delay is missing on i_metric[6] relative to clock(s) sys_clk_pin
Related violations: <none>

TIMING-18#12 Warning
Missing input or output delay  
An input delay is missing on i_metric[7] relative to clock(s) sys_clk_pin
Related violations: <none>

TIMING-18#13 Warning
Missing input or output delay  
An input delay is missing on i_metric[8] relative to clock(s) sys_clk_pin
Related violations: <none>

TIMING-18#14 Warning
Missing input or output delay  
An input delay is missing on i_metric[9] relative to clock(s) sys_clk_pin
Related violations: <none>

TIMING-18#15 Warning
Missing input or output delay  
An input delay is missing on i_valid relative to clock(s) sys_clk_pin
Related violations: <none>

TIMING-18#16 Warning
Missing input or output delay  
An input delay is missing on rst relative to clock(s) sys_clk_pin
Related violations: <none>

TIMING-18#17 Warning
Missing input or output delay  
An output delay is missing on o_label[0] relative to clock(s) sys_clk_pin
Related violations: <none>

TIMING-18#18 Warning
Missing input or output delay  
An output delay is missing on o_label[1] relative to clock(s) sys_clk_pin
Related violations: <none>

TIMING-18#19 Warning
Missing input or output delay  
An output delay is missing on o_label[2] relative to clock(s) sys_clk_pin
Related violations: <none>

TIMING-18#20 Warning
Missing input or output delay  
An output delay is missing on o_label[3] relative to clock(s) sys_clk_pin
Related violations: <none>

TIMING-18#21 Warning
Missing input or output delay  
An output delay is missing on o_metric[0] relative to clock(s) sys_clk_pin
Related violations: <none>

TIMING-18#22 Warning
Missing input or output delay  
An output delay is missing on o_metric[1] relative to clock(s) sys_clk_pin
Related violations: <none>

TIMING-18#23 Warning
Missing input or output delay  
An output delay is missing on o_metric[2] relative to clock(s) sys_clk_pin
Related violations: <none>

TIMING-18#24 Warning
Missing input or output delay  
An output delay is missing on o_metric[3] relative to clock(s) sys_clk_pin
Related violations: <none>

TIMING-18#25 Warning
Missing input or output delay  
An output delay is missing on o_metric[4] relative to clock(s) sys_clk_pin
Related violations: <none>

TIMING-18#26 Warning
Missing input or output delay  
An output delay is missing on o_metric[5] relative to clock(s) sys_clk_pin
Related violations: <none>

TIMING-18#27 Warning
Missing input or output delay  
An output delay is missing on o_metric[6] relative to clock(s) sys_clk_pin
Related violations: <none>

TIMING-18#28 Warning
Missing input or output delay  
An output delay is missing on o_metric[7] relative to clock(s) sys_clk_pin
Related violations: <none>

TIMING-18#29 Warning
Missing input or output delay  
An output delay is missing on o_metric[8] relative to clock(s) sys_clk_pin
Related violations: <none>

TIMING-18#30 Warning
Missing input or output delay  
An output delay is missing on o_metric[9] relative to clock(s) sys_clk_pin
Related violations: <none>

TIMING-18#31 Warning
Missing input or output delay  
An output delay is missing on o_valid relative to clock(s) sys_clk_pin
Related violations: <none>


