Copyright 1986-2022 Xilinx, Inc. All Rights Reserved.
--------------------------------------------------------------------------------------------------------------------------------------------------------------------------------------------------------------------------------------------------------
| Tool Version      : Vivado v.2022.1 (win64) Build 3526262 Mon Apr 18 15:48:16 MDT 2022
| Date              : Sat May  2 23:26:38 2026
| Host              : feduuk running 64-bit major release  (build 9200)
| Command           : report_timing_summary -max_paths 10 -report_unconstrained -file merge_tree_wrapper_timing_summary_routed.rpt -pb merge_tree_wrapper_timing_summary_routed.pb -rpx merge_tree_wrapper_timing_summary_routed.rpx -warn_on_violation
| Design            : merge_tree_wrapper
| Device            : xcku035-fbva676
| Speed File        : -1  PRODUCTION 1.25 12-04-2018
| Temperature Grade : I
--------------------------------------------------------------------------------------------------------------------------------------------------------------------------------------------------------------------------------------------------------

Timing Summary Report

------------------------------------------------------------------------------------------------
| Timer Settings
| --------------
------------------------------------------------------------------------------------------------

  Enable Multi Corner Analysis               :  Yes
  Enable Pessimism Removal                   :  Yes
  Pessimism Removal Resolution               :  Nearest Common Node
  Enable Input Delay Default Clock           :  No
  Enable Preset / Clear Arcs                 :  No
  Disable Flight Delays                      :  No
  Ignore I/O Paths                           :  No
  Timing Early Launch at Borrowing Latches   :  No
  Borrow Time for Max Delay Exceptions       :  Yes
  Merge Timing Exceptions                    :  Yes

  Corner  Analyze    Analyze    
  Name    Max Paths  Min Paths  
  ------  ---------  ---------  
  Slow    Yes        Yes        
  Fast    Yes        Yes        


------------------------------------------------------------------------------------------------
| Report Methodology
| ------------------
------------------------------------------------------------------------------------------------

Rule       Severity  Description                    Violations  
---------  --------  -----------------------------  ----------  
TIMING-16  Warning   Large setup violation          1000        
TIMING-18  Warning   Missing input or output delay  55          

Note: This report is based on the most recent report_methodology run and may not be up-to-date. Run report_methodology on the current design for the latest report.



check_timing report

Table of Contents
-----------------
1. checking no_clock (0)
2. checking constant_clock (0)
3. checking pulse_width_clock (0)
4. checking unconstrained_internal_endpoints (0)
5. checking no_input_delay (28)
6. checking no_output_delay (27)
7. checking multiple_clock (0)
8. checking generated_clocks (0)
9. checking loops (0)
10. checking partial_input_delay (0)
11. checking partial_output_delay (0)
12. checking latch_loops (0)

1. checking no_clock (0)
------------------------
 There are 0 register/latch pins with no clock.


2. checking constant_clock (0)
------------------------------
 There are 0 register/latch pins with constant_clock.


3. checking pulse_width_clock (0)
---------------------------------
 There are 0 register/latch pins which need pulse_width check


4. checking unconstrained_internal_endpoints (0)
------------------------------------------------
 There are 0 pins that are not constrained for maximum delay.

 There are 0 pins that are not constrained for maximum delay due to constant clock.


5. checking no_input_delay (28)
-------------------------------
 There are 28 input ports with no input delay specified. (HIGH)

 There are 0 input ports with no input delay but user has a false path constraint.


6. checking no_output_delay (27)
--------------------------------
 There are 27 ports with no output delay specified. (HIGH)

 There are 0 ports with no output delay but user has a false path constraint

 There are 0 ports with no output delay but with a timing clock defined on it or propagating through it


7. checking multiple_clock (0)
------------------------------
 There are 0 register/latch pins with multiple clocks.


8. checking generated_clocks (0)
--------------------------------
 There are 0 generated clocks that are not connected to a clock source.


9. checking loops (0)
---------------------
 There are 0 combinational loops in the design.


10. checking partial_input_delay (0)
------------------------------------
 There are 0 input ports with partial input delay specified.


11. checking partial_output_delay (0)
-------------------------------------
 There are 0 ports with partial output delay specified.


12. checking latch_loops (0)
----------------------------
 There are 0 combinational latch loops in the design through latch input



------------------------------------------------------------------------------------------------
| Design Timing Summary
| ---------------------
------------------------------------------------------------------------------------------------

    WNS(ns)      TNS(ns)  TNS Failing Endpoints  TNS Total Endpoints      WHS(ns)      THS(ns)  THS Failing Endpoints  THS Total Endpoints     WPWS(ns)     TPWS(ns)  TPWS Failing Endpoints  TPWS Total Endpoints  
    -------      -------  ---------------------  -------------------      -------      -------  ---------------------  -------------------     --------     --------  ----------------------  --------------------  
     -1.279    -6483.753                   7649                 8537        0.028        0.000                      0                 8537       -0.587     -130.527                     366                  8498  


Timing constraints are not met.


------------------------------------------------------------------------------------------------
| Clock Summary
| -------------
------------------------------------------------------------------------------------------------

Clock        Waveform(ns)         Period(ns)      Frequency(MHz)
-----        ------------         ----------      --------------
sys_clk_pin  {0.000 0.500}        1.000           1000.000        


------------------------------------------------------------------------------------------------
| Intra Clock Table
| -----------------
------------------------------------------------------------------------------------------------

Clock             WNS(ns)      TNS(ns)  TNS Failing Endpoints  TNS Total Endpoints      WHS(ns)      THS(ns)  THS Failing Endpoints  THS Total Endpoints     WPWS(ns)     TPWS(ns)  TPWS Failing Endpoints  TPWS Total Endpoints  
-----             -------      -------  ---------------------  -------------------      -------      -------  ---------------------  -------------------     --------     --------  ----------------------  --------------------  
sys_clk_pin        -1.279    -6483.753                   7649                 8537        0.028        0.000                      0                 8537       -0.587     -130.527                     366                  8498  


------------------------------------------------------------------------------------------------
| Inter Clock Table
| -----------------
------------------------------------------------------------------------------------------------

From Clock    To Clock          WNS(ns)      TNS(ns)  TNS Failing Endpoints  TNS Total Endpoints      WHS(ns)      THS(ns)  THS Failing Endpoints  THS Total Endpoints  
----------    --------          -------      -------  ---------------------  -------------------      -------      -------  ---------------------  -------------------  


------------------------------------------------------------------------------------------------
| Other Path Groups Table
| -----------------------
------------------------------------------------------------------------------------------------

Path Group    From Clock    To Clock          WNS(ns)      TNS(ns)  TNS Failing Endpoints  TNS Total Endpoints      WHS(ns)      THS(ns)  THS Failing Endpoints  THS Total Endpoints  
----------    ----------    --------          -------      -------  ---------------------  -------------------      -------      -------  ---------------------  -------------------  


------------------------------------------------------------------------------------------------
| User Ignored Path Table
| -----------------------
------------------------------------------------------------------------------------------------

Path Group    From Clock    To Clock    
----------    ----------    --------    


------------------------------------------------------------------------------------------------
| Unconstrained Path Table
| ------------------------
------------------------------------------------------------------------------------------------

Path Group    From Clock    To Clock    
----------    ----------    --------    
(none)        sys_clk_pin                 
(none)                      sys_clk_pin   


------------------------------------------------------------------------------------------------
| Timing Details
| --------------
------------------------------------------------------------------------------------------------


---------------------------------------------------------------------------------------------------
From Clock:  sys_clk_pin
  To Clock:  sys_clk_pin

Setup :         7649  Failing Endpoints,  Worst Slack       -1.279ns,  Total Violation    -6483.754ns
Hold  :            0  Failing Endpoints,  Worst Slack        0.028ns,  Total Violation        0.000ns
PW    :          366  Failing Endpoints,  Worst Slack       -0.587ns,  Total Violation     -130.527ns
---------------------------------------------------------------------------------------------------


Max Delay Paths
--------------------------------------------------------------------------------------
Slack (VIOLATED) :        -1.279ns  (required time - arrival time)
  Source:                 i_m_buf_reg[0][0][0]/C
                            (rising edge-triggered cell FDRE clocked by sys_clk_pin  {rise@0.000ns fall@0.500ns period=1.000ns})
  Destination:            dut/gen_layer[0].gen_node[0].merge_inst/genblk2[2].genblk1[0].delay_line_dut/dreg_reg[22]_srl3/D
                            (rising edge-triggered cell SRL16E clocked by sys_clk_pin  {rise@0.000ns fall@0.500ns period=1.000ns})
  Path Group:             sys_clk_pin
  Path Type:              Setup (Max at Slow Process Corner)
  Requirement:            1.000ns  (sys_clk_pin rise@1.000ns - sys_clk_pin rise@0.000ns)
  Data Path Delay:        2.038ns  (logic 0.879ns (43.131%)  route 1.159ns (56.869%))
  Logic Levels:           3  (CARRY8=1 LUT3=1 LUT4=1)
  Clock Path Skew:        -0.151ns (DCD - SCD + CPR)
    Destination Clock Delay (DCD):    3.551ns = ( 4.551 - 1.000 ) 
    Source Clock Delay      (SCD):    4.309ns
    Clock Pessimism Removal (CPR):    0.607ns
  Clock Uncertainty:      0.035ns  ((TSJ^2 + TIJ^2)^1/2 + DJ) / 2 + PE
    Total System Jitter     (TSJ):    0.071ns
    Total Input Jitter      (TIJ):    0.000ns
    Discrete Jitter          (DJ):    0.000ns
    Phase Error              (PE):    0.000ns
  Clock Net Delay (Source):      2.260ns (routing 0.756ns, distribution 1.504ns)
  Clock Net Delay (Destination): 1.976ns (routing 0.696ns, distribution 1.280ns)

    Location             Delay type                Incr(ns)  Path(ns)    Netlist Resource(s)
  -------------------------------------------------------------------    -------------------
                         (clock sys_clk_pin rise edge)
                                                      0.000     0.000 r  
    AA13                                              0.000     0.000 r  clk (IN)
                         net (fo=0)                   0.000     0.000    clk_IBUF_inst/I
    AA13                 INBUF (Prop_INBUF_HRIO_PAD_O)
                                                      0.955     0.955 r  clk_IBUF_inst/INBUF_INST/O
                         net (fo=1, routed)           0.105     1.060    clk_IBUF_inst/OUT
    AA13                 IBUFCTRL (Prop_IBUFCTRL_HRIO_I_O)
                                                      0.049     1.109 r  clk_IBUF_inst/IBUFCTRL_INST/O
                         net (fo=1, routed)           0.839     1.948    clk_IBUF
    BUFGCE_X1Y0          BUFGCE (Prop_BUFCE_BUFGCE_I_O)
                                                      0.101     2.049 r  clk_IBUF_BUFG_inst/O
    X2Y1 (CLOCK_ROOT)    net (fo=8497, routed)        2.260     4.309    clk_IBUF_BUFG
    SLICE_X50Y102        FDRE                                         r  i_m_buf_reg[0][0][0]/C
  -------------------------------------------------------------------    -------------------
    SLICE_X50Y102        FDRE (Prop_BFF2_SLICEM_C_Q)
                                                      0.138     4.447 f  i_m_buf_reg[0][0][0]/Q
                         net (fo=4, routed)           0.386     4.833    dut/gen_layer[0].gen_node[0].merge_inst/genblk2[8].genblk2[0].genblk1[0].cas_l_dut/o_max_reg[9]_0[0]
    SLICE_X52Y99         LUT4 (Prop_A5LUT_SLICEM_I1_O)
                                                      0.173     5.006 r  dut/gen_layer[0].gen_node[0].merge_inst/genblk2[8].genblk2[0].genblk1[0].cas_l_dut/o_min1_carry_i_5/O
                         net (fo=1, routed)           0.000     5.006    dut/gen_layer[0].gen_node[0].merge_inst/genblk2[8].genblk2[0].genblk1[0].cas_l_dut/o_min1_carry_i_5_n_0
    SLICE_X52Y99         CARRY8 (Prop_CARRY8_SLICEM_DI[0]_CO[4])
                                                      0.323     5.329 r  dut/gen_layer[0].gen_node[0].merge_inst/genblk2[8].genblk2[0].genblk1[0].cas_l_dut/o_min1_carry/CO[4]
                         net (fo=52, routed)          0.349     5.678    dut/gen_layer[0].gen_node[0].merge_inst/genblk2[8].genblk2[0].genblk1[0].cas_l_dut/o_min1_carry_n_3
    SLICE_X52Y99         LUT3 (Prop_F6LUT_SLICEM_I2_O)
                                                      0.245     5.923 r  dut/gen_layer[0].gen_node[0].merge_inst/genblk2[8].genblk2[0].genblk1[0].cas_l_dut/dreg_reg[22]_srl3_i_1/O
                         net (fo=1, routed)           0.424     6.347    dut/gen_layer[0].gen_node[0].merge_inst/genblk2[2].genblk1[0].delay_line_dut/p_0_in[6]
    SLICE_X53Y100        SRL16E                                       r  dut/gen_layer[0].gen_node[0].merge_inst/genblk2[2].genblk1[0].delay_line_dut/dreg_reg[22]_srl3/D
  -------------------------------------------------------------------    -------------------

                         (clock sys_clk_pin rise edge)
                                                      1.000     1.000 r  
    AA13                                              0.000     1.000 r  clk (IN)
                         net (fo=0)                   0.000     1.000    clk_IBUF_inst/I
    AA13                 INBUF (Prop_INBUF_HRIO_PAD_O)
                                                      0.662     1.662 r  clk_IBUF_inst/INBUF_INST/O
                         net (fo=1, routed)           0.066     1.728    clk_IBUF_inst/OUT
    AA13                 IBUFCTRL (Prop_IBUFCTRL_HRIO_I_O)
                                                      0.034     1.762 r  clk_IBUF_inst/IBUFCTRL_INST/O
                         net (fo=1, routed)           0.722     2.484    clk_IBUF
    BUFGCE_X1Y0          BUFGCE (Prop_BUFCE_BUFGCE_I_O)
                                                      0.091     2.575 r  clk_IBUF_BUFG_inst/O
    X2Y1 (CLOCK_ROOT)    net (fo=8497, routed)        1.976     4.551    dut/gen_layer[0].gen_node[0].merge_inst/genblk2[2].genblk1[0].delay_line_dut/clk_IBUF_BUFG
    SLICE_X53Y100        SRL16E                                       r  dut/gen_layer[0].gen_node[0].merge_inst/genblk2[2].genblk1[0].delay_line_dut/dreg_reg[22]_srl3/CLK
                         clock pessimism              0.607     5.158    
                         clock uncertainty           -0.035     5.123    
    SLICE_X53Y100        SRL16E (Setup_G6LUT_SLICEM_CLK_D)
                                                     -0.055     5.068    dut/gen_layer[0].gen_node[0].merge_inst/genblk2[2].genblk1[0].delay_line_dut/dreg_reg[22]_srl3
  -------------------------------------------------------------------
                         required time                          5.068    
                         arrival time                          -6.347    
  -------------------------------------------------------------------
                         slack                                 -1.279    

Slack (VIOLATED) :        -1.254ns  (required time - arrival time)
  Source:                 i_m_buf_reg[1][1][3]/C
                            (rising edge-triggered cell FDRE clocked by sys_clk_pin  {rise@0.000ns fall@0.500ns period=1.000ns})
  Destination:            dut/gen_layer[0].gen_node[0].merge_inst/genblk2[4].genblk1[1].delay_line_dut/dreg_reg[1]_srl2/D
                            (rising edge-triggered cell SRL16E clocked by sys_clk_pin  {rise@0.000ns fall@0.500ns period=1.000ns})
  Path Group:             sys_clk_pin
  Path Type:              Setup (Max at Slow Process Corner)
  Requirement:            1.000ns  (sys_clk_pin rise@1.000ns - sys_clk_pin rise@0.000ns)
  Data Path Delay:        1.994ns  (logic 0.747ns (37.462%)  route 1.247ns (62.538%))
  Logic Levels:           3  (CARRY8=1 LUT3=1 LUT4=1)
  Clock Path Skew:        -0.169ns (DCD - SCD + CPR)
    Destination Clock Delay (DCD):    3.550ns = ( 4.550 - 1.000 ) 
    Source Clock Delay      (SCD):    4.326ns
    Clock Pessimism Removal (CPR):    0.607ns
  Clock Uncertainty:      0.035ns  ((TSJ^2 + TIJ^2)^1/2 + DJ) / 2 + PE
    Total System Jitter     (TSJ):    0.071ns
    Total Input Jitter      (TIJ):    0.000ns
    Discrete Jitter          (DJ):    0.000ns
    Phase Error              (PE):    0.000ns
  Clock Net Delay (Source):      2.277ns (routing 0.756ns, distribution 1.521ns)
  Clock Net Delay (Destination): 1.975ns (routing 0.696ns, distribution 1.279ns)

    Location             Delay type                Incr(ns)  Path(ns)    Netlist Resource(s)
  -------------------------------------------------------------------    -------------------
                         (clock sys_clk_pin rise edge)
                                                      0.000     0.000 r  
    AA13                                              0.000     0.000 r  clk (IN)
                         net (fo=0)                   0.000     0.000    clk_IBUF_inst/I
    AA13                 INBUF (Prop_INBUF_HRIO_PAD_O)
                                                      0.955     0.955 r  clk_IBUF_inst/INBUF_INST/O
                         net (fo=1, routed)           0.105     1.060    clk_IBUF_inst/OUT
    AA13                 IBUFCTRL (Prop_IBUFCTRL_HRIO_I_O)
                                                      0.049     1.109 r  clk_IBUF_inst/IBUFCTRL_INST/O
                         net (fo=1, routed)           0.839     1.948    clk_IBUF
    BUFGCE_X1Y0          BUFGCE (Prop_BUFCE_BUFGCE_I_O)
                                                      0.101     2.049 r  clk_IBUF_BUFG_inst/O
    X2Y1 (CLOCK_ROOT)    net (fo=8497, routed)        2.277     4.326    clk_IBUF_BUFG
    SLICE_X56Y106        FDRE                                         r  i_m_buf_reg[1][1][3]/C
  -------------------------------------------------------------------    -------------------
    SLICE_X56Y106        FDRE (Prop_FFF2_SLICEL_C_Q)
                                                      0.138     4.464 r  i_m_buf_reg[1][1][3]/Q
                         net (fo=4, routed)           0.382     4.846    dut/gen_layer[0].gen_node[0].merge_inst/genblk2[8].genblk2[0].genblk1[1].cas_l_dut/o_max_reg[9]_1[3]
    SLICE_X56Y106        LUT4 (Prop_B5LUT_SLICEL_I3_O)
                                                      0.201     5.047 r  dut/gen_layer[0].gen_node[0].merge_inst/genblk2[8].genblk2[0].genblk1[1].cas_l_dut/o_min1_carry_i_4__0/O
                         net (fo=1, routed)           0.000     5.047    dut/gen_layer[0].gen_node[0].merge_inst/genblk2[8].genblk2[0].genblk1[1].cas_l_dut/o_min1_carry_i_4__0_n_0
    SLICE_X56Y106        CARRY8 (Prop_CARRY8_SLICEL_DI[1]_CO[4])
                                                      0.319     5.366 r  dut/gen_layer[0].gen_node[0].merge_inst/genblk2[8].genblk2[0].genblk1[1].cas_l_dut/o_min1_carry/CO[4]
                         net (fo=52, routed)          0.391     5.757    dut/gen_layer[0].gen_node[0].merge_inst/genblk2[8].genblk2[0].genblk1[1].cas_l_dut/o_min1_carry_n_3
    SLICE_X57Y107        LUT3 (Prop_G6LUT_SLICEM_I2_O)
                                                      0.089     5.846 r  dut/gen_layer[0].gen_node[0].merge_inst/genblk2[8].genblk2[0].genblk1[1].cas_l_dut/dreg_reg[1]_srl2_i_1/O
                         net (fo=1, routed)           0.474     6.320    dut/gen_layer[0].gen_node[0].merge_inst/genblk2[4].genblk1[1].delay_line_dut/dreg_reg[1]
    SLICE_X57Y108        SRL16E                                       r  dut/gen_layer[0].gen_node[0].merge_inst/genblk2[4].genblk1[1].delay_line_dut/dreg_reg[1]_srl2/D
  -------------------------------------------------------------------    -------------------

                         (clock sys_clk_pin rise edge)
                                                      1.000     1.000 r  
    AA13                                              0.000     1.000 r  clk (IN)
                         net (fo=0)                   0.000     1.000    clk_IBUF_inst/I
    AA13                 INBUF (Prop_INBUF_HRIO_PAD_O)
                                                      0.662     1.662 r  clk_IBUF_inst/INBUF_INST/O
                         net (fo=1, routed)           0.066     1.728    clk_IBUF_inst/OUT
    AA13                 IBUFCTRL (Prop_IBUFCTRL_HRIO_I_O)
                                                      0.034     1.762 r  clk_IBUF_inst/IBUFCTRL_INST/O
                         net (fo=1, routed)           0.722     2.484    clk_IBUF
    BUFGCE_X1Y0          BUFGCE (Prop_BUFCE_BUFGCE_I_O)
                                                      0.091     2.575 r  clk_IBUF_BUFG_inst/O
    X2Y1 (CLOCK_ROOT)    net (fo=8497, routed)        1.975     4.550    dut/gen_layer[0].gen_node[0].merge_inst/genblk2[4].genblk1[1].delay_line_dut/clk_IBUF_BUFG
    SLICE_X57Y108        SRL16E                                       r  dut/gen_layer[0].gen_node[0].merge_inst/genblk2[4].genblk1[1].delay_line_dut/dreg_reg[1]_srl2/CLK
                         clock pessimism              0.607     5.157    
                         clock uncertainty           -0.035     5.121    
    SLICE_X57Y108        SRL16E (Setup_B6LUT_SLICEM_CLK_D)
                                                     -0.055     5.066    dut/gen_layer[0].gen_node[0].merge_inst/genblk2[4].genblk1[1].delay_line_dut/dreg_reg[1]_srl2
  -------------------------------------------------------------------
                         required time                          5.066    
                         arrival time                          -6.320    
  -------------------------------------------------------------------
                         slack                                 -1.254    

Slack (VIOLATED) :        -1.251ns  (required time - arrival time)
  Source:                 i_m_buf_reg[1][1][3]/C
                            (rising edge-triggered cell FDRE clocked by sys_clk_pin  {rise@0.000ns fall@0.500ns period=1.000ns})
  Destination:            dut/gen_layer[0].gen_node[0].merge_inst/genblk2[4].genblk1[1].delay_line_dut/dreg_reg[22]_srl2/D
                            (rising edge-triggered cell SRL16E clocked by sys_clk_pin  {rise@0.000ns fall@0.500ns period=1.000ns})
  Path Group:             sys_clk_pin
  Path Type:              Setup (Max at Slow Process Corner)
  Requirement:            1.000ns  (sys_clk_pin rise@1.000ns - sys_clk_pin rise@0.000ns)
  Data Path Delay:        1.997ns  (logic 0.804ns (40.260%)  route 1.193ns (59.740%))
  Logic Levels:           3  (CARRY8=1 LUT3=1 LUT4=1)
  Clock Path Skew:        -0.163ns (DCD - SCD + CPR)
    Destination Clock Delay (DCD):    3.556ns = ( 4.556 - 1.000 ) 
    Source Clock Delay      (SCD):    4.326ns
    Clock Pessimism Removal (CPR):    0.607ns
  Clock Uncertainty:      0.035ns  ((TSJ^2 + TIJ^2)^1/2 + DJ) / 2 + PE
    Total System Jitter     (TSJ):    0.071ns
    Total Input Jitter      (TIJ):    0.000ns
    Discrete Jitter          (DJ):    0.000ns
    Phase Error              (PE):    0.000ns
  Clock Net Delay (Source):      2.277ns (routing 0.756ns, distribution 1.521ns)
  Clock Net Delay (Destination): 1.981ns (routing 0.696ns, distribution 1.285ns)

    Location             Delay type                Incr(ns)  Path(ns)    Netlist Resource(s)
  -------------------------------------------------------------------    -------------------
                         (clock sys_clk_pin rise edge)
                                                      0.000     0.000 r  
    AA13                                              0.000     0.000 r  clk (IN)
                         net (fo=0)                   0.000     0.000    clk_IBUF_inst/I
    AA13                 INBUF (Prop_INBUF_HRIO_PAD_O)
                                                      0.955     0.955 r  clk_IBUF_inst/INBUF_INST/O
                         net (fo=1, routed)           0.105     1.060    clk_IBUF_inst/OUT
    AA13                 IBUFCTRL (Prop_IBUFCTRL_HRIO_I_O)
                                                      0.049     1.109 r  clk_IBUF_inst/IBUFCTRL_INST/O
                         net (fo=1, routed)           0.839     1.948    clk_IBUF
    BUFGCE_X1Y0          BUFGCE (Prop_BUFCE_BUFGCE_I_O)
                                                      0.101     2.049 r  clk_IBUF_BUFG_inst/O
    X2Y1 (CLOCK_ROOT)    net (fo=8497, routed)        2.277     4.326    clk_IBUF_BUFG
    SLICE_X56Y106        FDRE                                         r  i_m_buf_reg[1][1][3]/C
  -------------------------------------------------------------------    -------------------
    SLICE_X56Y106        FDRE (Prop_FFF2_SLICEL_C_Q)
                                                      0.138     4.464 r  i_m_buf_reg[1][1][3]/Q
                         net (fo=4, routed)           0.382     4.846    dut/gen_layer[0].gen_node[0].merge_inst/genblk2[8].genblk2[0].genblk1[1].cas_l_dut/o_max_reg[9]_1[3]
    SLICE_X56Y106        LUT4 (Prop_B5LUT_SLICEL_I3_O)
                                                      0.201     5.047 r  dut/gen_layer[0].gen_node[0].merge_inst/genblk2[8].genblk2[0].genblk1[1].cas_l_dut/o_min1_carry_i_4__0/O
                         net (fo=1, routed)           0.000     5.047    dut/gen_layer[0].gen_node[0].merge_inst/genblk2[8].genblk2[0].genblk1[1].cas_l_dut/o_min1_carry_i_4__0_n_0
    SLICE_X56Y106        CARRY8 (Prop_CARRY8_SLICEL_DI[1]_CO[4])
                                                      0.319     5.366 r  dut/gen_layer[0].gen_node[0].merge_inst/genblk2[8].genblk2[0].genblk1[1].cas_l_dut/o_min1_carry/CO[4]
                         net (fo=52, routed)          0.393     5.759    dut/gen_layer[0].gen_node[0].merge_inst/genblk2[8].genblk2[0].genblk1[1].cas_l_dut/o_min1_carry_n_3
    SLICE_X57Y107        LUT3 (Prop_C6LUT_SLICEM_I2_O)
                                                      0.146     5.905 r  dut/gen_layer[0].gen_node[0].merge_inst/genblk2[8].genblk2[0].genblk1[1].cas_l_dut/dreg_reg[22]_srl2_i_1/O
                         net (fo=1, routed)           0.418     6.323    dut/gen_layer[0].gen_node[0].merge_inst/genblk2[4].genblk1[1].delay_line_dut/p_0_in[6]
    SLICE_X58Y108        SRL16E                                       r  dut/gen_layer[0].gen_node[0].merge_inst/genblk2[4].genblk1[1].delay_line_dut/dreg_reg[22]_srl2/D
  -------------------------------------------------------------------    -------------------

                         (clock sys_clk_pin rise edge)
                                                      1.000     1.000 r  
    AA13                                              0.000     1.000 r  clk (IN)
                         net (fo=0)                   0.000     1.000    clk_IBUF_inst/I
    AA13                 INBUF (Prop_INBUF_HRIO_PAD_O)
                                                      0.662     1.662 r  clk_IBUF_inst/INBUF_INST/O
                         net (fo=1, routed)           0.066     1.728    clk_IBUF_inst/OUT
    AA13                 IBUFCTRL (Prop_IBUFCTRL_HRIO_I_O)
                                                      0.034     1.762 r  clk_IBUF_inst/IBUFCTRL_INST/O
                         net (fo=1, routed)           0.722     2.484    clk_IBUF
    BUFGCE_X1Y0          BUFGCE (Prop_BUFCE_BUFGCE_I_O)
                                                      0.091     2.575 r  clk_IBUF_BUFG_inst/O
    X2Y1 (CLOCK_ROOT)    net (fo=8497, routed)        1.981     4.556    dut/gen_layer[0].gen_node[0].merge_inst/genblk2[4].genblk1[1].delay_line_dut/clk_IBUF_BUFG
    SLICE_X58Y108        SRL16E                                       r  dut/gen_layer[0].gen_node[0].merge_inst/genblk2[4].genblk1[1].delay_line_dut/dreg_reg[22]_srl2/CLK
                         clock pessimism              0.607     5.163    
                         clock uncertainty           -0.035     5.127    
    SLICE_X58Y108        SRL16E (Setup_G6LUT_SLICEM_CLK_D)
                                                     -0.055     5.072    dut/gen_layer[0].gen_node[0].merge_inst/genblk2[4].genblk1[1].delay_line_dut/dreg_reg[22]_srl2
  -------------------------------------------------------------------
                         required time                          5.072    
                         arrival time                          -6.323    
  -------------------------------------------------------------------
                         slack                                 -1.251    

Slack (VIOLATED) :        -1.244ns  (required time - arrival time)
  Source:                 i_m_buf_reg[5][1][2]/C
                            (rising edge-triggered cell FDRE clocked by sys_clk_pin  {rise@0.000ns fall@0.500ns period=1.000ns})
  Destination:            dut/gen_layer[0].gen_node[2].merge_inst/genblk2[4].genblk1[1].delay_line_dut/dreg_reg[2]_srl2/D
                            (rising edge-triggered cell SRL16E clocked by sys_clk_pin  {rise@0.000ns fall@0.500ns period=1.000ns})
  Path Group:             sys_clk_pin
  Path Type:              Setup (Max at Slow Process Corner)
  Requirement:            1.000ns  (sys_clk_pin rise@1.000ns - sys_clk_pin rise@0.000ns)
  Data Path Delay:        1.987ns  (logic 0.907ns (45.647%)  route 1.080ns (54.353%))
  Logic Levels:           3  (CARRY8=1 LUT3=1 LUT4=1)
  Clock Path Skew:        -0.167ns (DCD - SCD + CPR)
    Destination Clock Delay (DCD):    3.585ns = ( 4.585 - 1.000 ) 
    Source Clock Delay      (SCD):    4.358ns
    Clock Pessimism Removal (CPR):    0.606ns
  Clock Uncertainty:      0.035ns  ((TSJ^2 + TIJ^2)^1/2 + DJ) / 2 + PE
    Total System Jitter     (TSJ):    0.071ns
    Total Input Jitter      (TIJ):    0.000ns
    Discrete Jitter          (DJ):    0.000ns
    Phase Error              (PE):    0.000ns
  Clock Net Delay (Source):      2.309ns (routing 0.756ns, distribution 1.553ns)
  Clock Net Delay (Destination): 2.010ns (routing 0.696ns, distribution 1.314ns)

    Location             Delay type                Incr(ns)  Path(ns)    Netlist Resource(s)
  -------------------------------------------------------------------    -------------------
                         (clock sys_clk_pin rise edge)
                                                      0.000     0.000 r  
    AA13                                              0.000     0.000 r  clk (IN)
                         net (fo=0)                   0.000     0.000    clk_IBUF_inst/I
    AA13                 INBUF (Prop_INBUF_HRIO_PAD_O)
                                                      0.955     0.955 r  clk_IBUF_inst/INBUF_INST/O
                         net (fo=1, routed)           0.105     1.060    clk_IBUF_inst/OUT
    AA13                 IBUFCTRL (Prop_IBUFCTRL_HRIO_I_O)
                                                      0.049     1.109 r  clk_IBUF_inst/IBUFCTRL_INST/O
                         net (fo=1, routed)           0.839     1.948    clk_IBUF
    BUFGCE_X1Y0          BUFGCE (Prop_BUFCE_BUFGCE_I_O)
                                                      0.101     2.049 r  clk_IBUF_BUFG_inst/O
    X2Y1 (CLOCK_ROOT)    net (fo=8497, routed)        2.309     4.358    clk_IBUF_BUFG
    SLICE_X67Y91         FDRE                                         r  i_m_buf_reg[5][1][2]/C
  -------------------------------------------------------------------    -------------------
    SLICE_X67Y91         FDRE (Prop_DFF_SLICEM_C_Q)
                                                      0.139     4.497 r  i_m_buf_reg[5][1][2]/Q
                         net (fo=4, routed)           0.264     4.761    dut/gen_layer[0].gen_node[2].merge_inst/genblk2[8].genblk2[0].genblk1[1].cas_l_dut/o_max_reg[9]_1[2]
    SLICE_X67Y91         LUT4 (Prop_B5LUT_SLICEM_I0_O)
                                                      0.277     5.038 r  dut/gen_layer[0].gen_node[2].merge_inst/genblk2[8].genblk2[0].genblk1[1].cas_l_dut/o_min1_carry_i_4__40/O
                         net (fo=1, routed)           0.000     5.038    dut/gen_layer[0].gen_node[2].merge_inst/genblk2[8].genblk2[0].genblk1[1].cas_l_dut/o_min1_carry_i_4__40_n_0
    SLICE_X67Y91         CARRY8 (Prop_CARRY8_SLICEM_DI[1]_CO[4])
                                                      0.319     5.357 r  dut/gen_layer[0].gen_node[2].merge_inst/genblk2[8].genblk2[0].genblk1[1].cas_l_dut/o_min1_carry/CO[4]
                         net (fo=52, routed)          0.322     5.679    dut/gen_layer[0].gen_node[2].merge_inst/genblk2[8].genblk2[0].genblk1[1].cas_l_dut/o_min1_carry_n_3
    SLICE_X67Y90         LUT3 (Prop_B6LUT_SLICEM_I2_O)
                                                      0.172     5.851 r  dut/gen_layer[0].gen_node[2].merge_inst/genblk2[8].genblk2[0].genblk1[1].cas_l_dut/dreg_reg[2]_srl2_i_1__1/O
                         net (fo=1, routed)           0.494     6.345    dut/gen_layer[0].gen_node[2].merge_inst/genblk2[4].genblk1[1].delay_line_dut/dreg_reg[2]
    SLICE_X67Y88         SRL16E                                       r  dut/gen_layer[0].gen_node[2].merge_inst/genblk2[4].genblk1[1].delay_line_dut/dreg_reg[2]_srl2/D
  -------------------------------------------------------------------    -------------------

                         (clock sys_clk_pin rise edge)
                                                      1.000     1.000 r  
    AA13                                              0.000     1.000 r  clk (IN)
                         net (fo=0)                   0.000     1.000    clk_IBUF_inst/I
    AA13                 INBUF (Prop_INBUF_HRIO_PAD_O)
                                                      0.662     1.662 r  clk_IBUF_inst/INBUF_INST/O
                         net (fo=1, routed)           0.066     1.728    clk_IBUF_inst/OUT
    AA13                 IBUFCTRL (Prop_IBUFCTRL_HRIO_I_O)
                                                      0.034     1.762 r  clk_IBUF_inst/IBUFCTRL_INST/O
                         net (fo=1, routed)           0.722     2.484    clk_IBUF
    BUFGCE_X1Y0          BUFGCE (Prop_BUFCE_BUFGCE_I_O)
                                                      0.091     2.575 r  clk_IBUF_BUFG_inst/O
    X2Y1 (CLOCK_ROOT)    net (fo=8497, routed)        2.010     4.585    dut/gen_layer[0].gen_node[2].merge_inst/genblk2[4].genblk1[1].delay_line_dut/clk_IBUF_BUFG
    SLICE_X67Y88         SRL16E                                       r  dut/gen_layer[0].gen_node[2].merge_inst/genblk2[4].genblk1[1].delay_line_dut/dreg_reg[2]_srl2/CLK
                         clock pessimism              0.606     5.191    
                         clock uncertainty           -0.035     5.156    
    SLICE_X67Y88         SRL16E (Setup_C6LUT_SLICEM_CLK_D)
                                                     -0.055     5.101    dut/gen_layer[0].gen_node[2].merge_inst/genblk2[4].genblk1[1].delay_line_dut/dreg_reg[2]_srl2
  -------------------------------------------------------------------
                         required time                          5.101    
                         arrival time                          -6.345    
  -------------------------------------------------------------------
                         slack                                 -1.244    

Slack (VIOLATED) :        -1.233ns  (required time - arrival time)
  Source:                 list_idx_reg[3]/C
                            (rising edge-triggered cell FDRE clocked by sys_clk_pin  {rise@0.000ns fall@0.500ns period=1.000ns})
  Destination:            i_m_buf_reg[5][3][5]/CE
                            (rising edge-triggered cell FDRE clocked by sys_clk_pin  {rise@0.000ns fall@0.500ns period=1.000ns})
  Path Group:             sys_clk_pin
  Path Type:              Setup (Max at Slow Process Corner)
  Requirement:            1.000ns  (sys_clk_pin rise@1.000ns - sys_clk_pin rise@0.000ns)
  Data Path Delay:        2.001ns  (logic 0.335ns (16.742%)  route 1.666ns (83.258%))
  Logic Levels:           2  (LUT4=1 LUT6=1)
  Clock Path Skew:        -0.141ns (DCD - SCD + CPR)
    Destination Clock Delay (DCD):    3.573ns = ( 4.573 - 1.000 ) 
    Source Clock Delay      (SCD):    4.321ns
    Clock Pessimism Removal (CPR):    0.606ns
  Clock Uncertainty:      0.035ns  ((TSJ^2 + TIJ^2)^1/2 + DJ) / 2 + PE
    Total System Jitter     (TSJ):    0.071ns
    Total Input Jitter      (TIJ):    0.000ns
    Discrete Jitter          (DJ):    0.000ns
    Phase Error              (PE):    0.000ns
  Clock Net Delay (Source):      2.272ns (routing 0.756ns, distribution 1.516ns)
  Clock Net Delay (Destination): 1.998ns (routing 0.696ns, distribution 1.302ns)

    Location             Delay type                Incr(ns)  Path(ns)    Netlist Resource(s)
  -------------------------------------------------------------------    -------------------
                         (clock sys_clk_pin rise edge)
                                                      0.000     0.000 r  
    AA13                                              0.000     0.000 r  clk (IN)
                         net (fo=0)                   0.000     0.000    clk_IBUF_inst/I
    AA13                 INBUF (Prop_INBUF_HRIO_PAD_O)
                                                      0.955     0.955 r  clk_IBUF_inst/INBUF_INST/O
                         net (fo=1, routed)           0.105     1.060    clk_IBUF_inst/OUT
    AA13                 IBUFCTRL (Prop_IBUFCTRL_HRIO_I_O)
                                                      0.049     1.109 r  clk_IBUF_inst/IBUFCTRL_INST/O
                         net (fo=1, routed)           0.839     1.948    clk_IBUF
    BUFGCE_X1Y0          BUFGCE (Prop_BUFCE_BUFGCE_I_O)
                                                      0.101     2.049 r  clk_IBUF_BUFG_inst/O
    X2Y1 (CLOCK_ROOT)    net (fo=8497, routed)        2.272     4.321    clk_IBUF_BUFG
    SLICE_X61Y97         FDRE                                         r  list_idx_reg[3]/C
  -------------------------------------------------------------------    -------------------
    SLICE_X61Y97         FDRE (Prop_CFF_SLICEM_C_Q)
                                                      0.138     4.459 f  list_idx_reg[3]/Q
                         net (fo=9, routed)           0.418     4.877    list_idx_reg[3]
    SLICE_X60Y91         LUT6 (Prop_C6LUT_SLICEL_I3_O)
                                                      0.146     5.023 r  i_m_buf[5][0][9]_i_2/O
                         net (fo=8, routed)           0.522     5.545    i_m_buf[5][0][9]_i_2_n_0
    SLICE_X66Y90         LUT4 (Prop_G6LUT_SLICEM_I1_O)
                                                      0.051     5.596 r  i_m_buf[5][3][9]_i_1/O
                         net (fo=26, routed)          0.726     6.322    i_m_buf[5][3][9]_i_1_n_0
    SLICE_X72Y83         FDRE                                         r  i_m_buf_reg[5][3][5]/CE
  -------------------------------------------------------------------    -------------------

                         (clock sys_clk_pin rise edge)
                                                      1.000     1.000 r  
    AA13                                              0.000     1.000 r  clk (IN)
                         net (fo=0)                   0.000     1.000    clk_IBUF_inst/I
    AA13                 INBUF (Prop_INBUF_HRIO_PAD_O)
                                                      0.662     1.662 r  clk_IBUF_inst/INBUF_INST/O
                         net (fo=1, routed)           0.066     1.728    clk_IBUF_inst/OUT
    AA13                 IBUFCTRL (Prop_IBUFCTRL_HRIO_I_O)
                                                      0.034     1.762 r  clk_IBUF_inst/IBUFCTRL_INST/O
                         net (fo=1, routed)           0.722     2.484    clk_IBUF
    BUFGCE_X1Y0          BUFGCE (Prop_BUFCE_BUFGCE_I_O)
                                                      0.091     2.575 r  clk_IBUF_BUFG_inst/O
    X2Y1 (CLOCK_ROOT)    net (fo=8497, routed)        1.998     4.573    clk_IBUF_BUFG
    SLICE_X72Y83         FDRE                                         r  i_m_buf_reg[5][3][5]/C
                         clock pessimism              0.606     5.180    
                         clock uncertainty           -0.035     5.144    
    SLICE_X72Y83         FDRE (Setup_HFF_SLICEM_C_CE)
                                                     -0.055     5.089    i_m_buf_reg[5][3][5]
  -------------------------------------------------------------------
                         required time                          5.089    
                         arrival time                          -6.322    
  -------------------------------------------------------------------
                         slack                                 -1.233    

Slack (VIOLATED) :        -1.233ns  (required time - arrival time)
  Source:                 list_idx_reg[3]/C
                            (rising edge-triggered cell FDRE clocked by sys_clk_pin  {rise@0.000ns fall@0.500ns period=1.000ns})
  Destination:            i_m_buf_reg[5][3][6]/CE
                            (rising edge-triggered cell FDRE clocked by sys_clk_pin  {rise@0.000ns fall@0.500ns period=1.000ns})
  Path Group:             sys_clk_pin
  Path Type:              Setup (Max at Slow Process Corner)
  Requirement:            1.000ns  (sys_clk_pin rise@1.000ns - sys_clk_pin rise@0.000ns)
  Data Path Delay:        2.001ns  (logic 0.335ns (16.742%)  route 1.666ns (83.258%))
  Logic Levels:           2  (LUT4=1 LUT6=1)
  Clock Path Skew:        -0.141ns (DCD - SCD + CPR)
    Destination Clock Delay (DCD):    3.573ns = ( 4.573 - 1.000 ) 
    Source Clock Delay      (SCD):    4.321ns
    Clock Pessimism Removal (CPR):    0.606ns
  Clock Uncertainty:      0.035ns  ((TSJ^2 + TIJ^2)^1/2 + DJ) / 2 + PE
    Total System Jitter     (TSJ):    0.071ns
    Total Input Jitter      (TIJ):    0.000ns
    Discrete Jitter          (DJ):    0.000ns
    Phase Error              (PE):    0.000ns
  Clock Net Delay (Source):      2.272ns (routing 0.756ns, distribution 1.516ns)
  Clock Net Delay (Destination): 1.998ns (routing 0.696ns, distribution 1.302ns)

    Location             Delay type                Incr(ns)  Path(ns)    Netlist Resource(s)
  -------------------------------------------------------------------    -------------------
                         (clock sys_clk_pin rise edge)
                                                      0.000     0.000 r  
    AA13                                              0.000     0.000 r  clk (IN)
                         net (fo=0)                   0.000     0.000    clk_IBUF_inst/I
    AA13                 INBUF (Prop_INBUF_HRIO_PAD_O)
                                                      0.955     0.955 r  clk_IBUF_inst/INBUF_INST/O
                         net (fo=1, routed)           0.105     1.060    clk_IBUF_inst/OUT
    AA13                 IBUFCTRL (Prop_IBUFCTRL_HRIO_I_O)
                                                      0.049     1.109 r  clk_IBUF_inst/IBUFCTRL_INST/O
                         net (fo=1, routed)           0.839     1.948    clk_IBUF
    BUFGCE_X1Y0          BUFGCE (Prop_BUFCE_BUFGCE_I_O)
                                                      0.101     2.049 r  clk_IBUF_BUFG_inst/O
    X2Y1 (CLOCK_ROOT)    net (fo=8497, routed)        2.272     4.321    clk_IBUF_BUFG
    SLICE_X61Y97         FDRE                                         r  list_idx_reg[3]/C
  -------------------------------------------------------------------    -------------------
    SLICE_X61Y97         FDRE (Prop_CFF_SLICEM_C_Q)
                                                      0.138     4.459 f  list_idx_reg[3]/Q
                         net (fo=9, routed)           0.418     4.877    list_idx_reg[3]
    SLICE_X60Y91         LUT6 (Prop_C6LUT_SLICEL_I3_O)
                                                      0.146     5.023 r  i_m_buf[5][0][9]_i_2/O
                         net (fo=8, routed)           0.522     5.545    i_m_buf[5][0][9]_i_2_n_0
    SLICE_X66Y90         LUT4 (Prop_G6LUT_SLICEM_I1_O)
                                                      0.051     5.596 r  i_m_buf[5][3][9]_i_1/O
                         net (fo=26, routed)          0.726     6.322    i_m_buf[5][3][9]_i_1_n_0
    SLICE_X72Y83         FDRE                                         r  i_m_buf_reg[5][3][6]/CE
  -------------------------------------------------------------------    -------------------

                         (clock sys_clk_pin rise edge)
                                                      1.000     1.000 r  
    AA13                                              0.000     1.000 r  clk (IN)
                         net (fo=0)                   0.000     1.000    clk_IBUF_inst/I
    AA13                 INBUF (Prop_INBUF_HRIO_PAD_O)
                                                      0.662     1.662 r  clk_IBUF_inst/INBUF_INST/O
                         net (fo=1, routed)           0.066     1.728    clk_IBUF_inst/OUT
    AA13                 IBUFCTRL (Prop_IBUFCTRL_HRIO_I_O)
                                                      0.034     1.762 r  clk_IBUF_inst/IBUFCTRL_INST/O
                         net (fo=1, routed)           0.722     2.484    clk_IBUF
    BUFGCE_X1Y0          BUFGCE (Prop_BUFCE_BUFGCE_I_O)
                                                      0.091     2.575 r  clk_IBUF_BUFG_inst/O
    X2Y1 (CLOCK_ROOT)    net (fo=8497, routed)        1.998     4.573    clk_IBUF_BUFG
    SLICE_X72Y83         FDRE                                         r  i_m_buf_reg[5][3][6]/C
                         clock pessimism              0.606     5.180    
                         clock uncertainty           -0.035     5.144    
    SLICE_X72Y83         FDRE (Setup_GFF_SLICEM_C_CE)
                                                     -0.055     5.089    i_m_buf_reg[5][3][6]
  -------------------------------------------------------------------
                         required time                          5.089    
                         arrival time                          -6.322    
  -------------------------------------------------------------------
                         slack                                 -1.233    

Slack (VIOLATED) :        -1.207ns  (required time - arrival time)
  Source:                 i_m_buf_reg[3][1][1]/C
                            (rising edge-triggered cell FDRE clocked by sys_clk_pin  {rise@0.000ns fall@0.500ns period=1.000ns})
  Destination:            dut/gen_layer[0].gen_node[1].merge_inst/genblk2[4].genblk1[1].delay_line_dut/dreg_reg[5]_srl2/D
                            (rising edge-triggered cell SRL16E clocked by sys_clk_pin  {rise@0.000ns fall@0.500ns period=1.000ns})
  Path Group:             sys_clk_pin
  Path Type:              Setup (Max at Slow Process Corner)
  Requirement:            1.000ns  (sys_clk_pin rise@1.000ns - sys_clk_pin rise@0.000ns)
  Data Path Delay:        1.948ns  (logic 0.800ns (41.068%)  route 1.148ns (58.932%))
  Logic Levels:           3  (CARRY8=1 LUT3=1 LUT4=1)
  Clock Path Skew:        -0.169ns (DCD - SCD + CPR)
    Destination Clock Delay (DCD):    3.596ns = ( 4.596 - 1.000 ) 
    Source Clock Delay      (SCD):    4.371ns
    Clock Pessimism Removal (CPR):    0.606ns
  Clock Uncertainty:      0.035ns  ((TSJ^2 + TIJ^2)^1/2 + DJ) / 2 + PE
    Total System Jitter     (TSJ):    0.071ns
    Total Input Jitter      (TIJ):    0.000ns
    Discrete Jitter          (DJ):    0.000ns
    Phase Error              (PE):    0.000ns
  Clock Net Delay (Source):      2.322ns (routing 0.756ns, distribution 1.566ns)
  Clock Net Delay (Destination): 2.021ns (routing 0.696ns, distribution 1.325ns)

    Location             Delay type                Incr(ns)  Path(ns)    Netlist Resource(s)
  -------------------------------------------------------------------    -------------------
                         (clock sys_clk_pin rise edge)
                                                      0.000     0.000 r  
    AA13                                              0.000     0.000 r  clk (IN)
                         net (fo=0)                   0.000     0.000    clk_IBUF_inst/I
    AA13                 INBUF (Prop_INBUF_HRIO_PAD_O)
                                                      0.955     0.955 r  clk_IBUF_inst/INBUF_INST/O
                         net (fo=1, routed)           0.105     1.060    clk_IBUF_inst/OUT
    AA13                 IBUFCTRL (Prop_IBUFCTRL_HRIO_I_O)
                                                      0.049     1.109 r  clk_IBUF_inst/IBUFCTRL_INST/O
                         net (fo=1, routed)           0.839     1.948    clk_IBUF
    BUFGCE_X1Y0          BUFGCE (Prop_BUFCE_BUFGCE_I_O)
                                                      0.101     2.049 r  clk_IBUF_BUFG_inst/O
    X2Y1 (CLOCK_ROOT)    net (fo=8497, routed)        2.322     4.371    clk_IBUF_BUFG
    SLICE_X68Y107        FDRE                                         r  i_m_buf_reg[3][1][1]/C
  -------------------------------------------------------------------    -------------------
    SLICE_X68Y107        FDRE (Prop_FFF2_SLICEL_C_Q)
                                                      0.138     4.509 r  i_m_buf_reg[3][1][1]/Q
                         net (fo=4, routed)           0.345     4.854    dut/gen_layer[0].gen_node[1].merge_inst/genblk2[8].genblk2[0].genblk1[1].cas_l_dut/o_max_reg[9]_3[1]
    SLICE_X69Y108        LUT4 (Prop_A5LUT_SLICEM_I3_O)
                                                      0.173     5.027 r  dut/gen_layer[0].gen_node[1].merge_inst/genblk2[8].genblk2[0].genblk1[1].cas_l_dut/o_min1_carry_i_5__20/O
                         net (fo=1, routed)           0.000     5.027    dut/gen_layer[0].gen_node[1].merge_inst/genblk2[8].genblk2[0].genblk1[1].cas_l_dut/o_min1_carry_i_5__20_n_0
    SLICE_X69Y108        CARRY8 (Prop_CARRY8_SLICEM_DI[0]_CO[4])
                                                      0.323     5.350 r  dut/gen_layer[0].gen_node[1].merge_inst/genblk2[8].genblk2[0].genblk1[1].cas_l_dut/o_min1_carry/CO[4]
                         net (fo=52, routed)          0.386     5.736    dut/gen_layer[0].gen_node[1].merge_inst/genblk2[8].genblk2[0].genblk1[1].cas_l_dut/o_min1_carry_n_3
    SLICE_X68Y109        LUT3 (Prop_B6LUT_SLICEL_I2_O)
                                                      0.166     5.902 r  dut/gen_layer[0].gen_node[1].merge_inst/genblk2[8].genblk2[0].genblk1[1].cas_l_dut/dreg_reg[5]_srl2_i_1__0/O
                         net (fo=1, routed)           0.417     6.319    dut/gen_layer[0].gen_node[1].merge_inst/genblk2[4].genblk1[1].delay_line_dut/dreg_reg[5]
    SLICE_X69Y110        SRL16E                                       r  dut/gen_layer[0].gen_node[1].merge_inst/genblk2[4].genblk1[1].delay_line_dut/dreg_reg[5]_srl2/D
  -------------------------------------------------------------------    -------------------

                         (clock sys_clk_pin rise edge)
                                                      1.000     1.000 r  
    AA13                                              0.000     1.000 r  clk (IN)
                         net (fo=0)                   0.000     1.000    clk_IBUF_inst/I
    AA13                 INBUF (Prop_INBUF_HRIO_PAD_O)
                                                      0.662     1.662 r  clk_IBUF_inst/INBUF_INST/O
                         net (fo=1, routed)           0.066     1.728    clk_IBUF_inst/OUT
    AA13                 IBUFCTRL (Prop_IBUFCTRL_HRIO_I_O)
                                                      0.034     1.762 r  clk_IBUF_inst/IBUFCTRL_INST/O
                         net (fo=1, routed)           0.722     2.484    clk_IBUF
    BUFGCE_X1Y0          BUFGCE (Prop_BUFCE_BUFGCE_I_O)
                                                      0.091     2.575 r  clk_IBUF_BUFG_inst/O
    X2Y1 (CLOCK_ROOT)    net (fo=8497, routed)        2.021     4.596    dut/gen_layer[0].gen_node[1].merge_inst/genblk2[4].genblk1[1].delay_line_dut/clk_IBUF_BUFG
    SLICE_X69Y110        SRL16E                                       r  dut/gen_layer[0].gen_node[1].merge_inst/genblk2[4].genblk1[1].delay_line_dut/dreg_reg[5]_srl2/CLK
                         clock pessimism              0.606     5.202    
                         clock uncertainty           -0.035     5.167    
    SLICE_X69Y110        SRL16E (Setup_F6LUT_SLICEM_CLK_D)
                                                     -0.055     5.112    dut/gen_layer[0].gen_node[1].merge_inst/genblk2[4].genblk1[1].delay_line_dut/dreg_reg[5]_srl2
  -------------------------------------------------------------------
                         required time                          5.112    
                         arrival time                          -6.319    
  -------------------------------------------------------------------
                         slack                                 -1.207    

Slack (VIOLATED) :        -1.196ns  (required time - arrival time)
  Source:                 dut/gen_layer[0].gen_node[3].merge_inst/genblk2[1].genblk1[0].delay_line_dut/dreg_reg[17]_srl3_srlopt/C
                            (rising edge-triggered cell FDRE clocked by sys_clk_pin  {rise@0.000ns fall@0.500ns period=1.000ns})
  Destination:            dut/gen_layer[1].gen_node[1].merge_inst/genblk2[2].genblk1[0].delay_line_dut/dreg_reg[12]_srl3/D
                            (rising edge-triggered cell SRL16E clocked by sys_clk_pin  {rise@0.000ns fall@0.500ns period=1.000ns})
  Path Group:             sys_clk_pin
  Path Type:              Setup (Max at Slow Process Corner)
  Requirement:            1.000ns  (sys_clk_pin rise@1.000ns - sys_clk_pin rise@0.000ns)
  Data Path Delay:        2.046ns  (logic 0.825ns (40.323%)  route 1.221ns (59.677%))
  Logic Levels:           3  (CARRY8=1 LUT3=1 LUT4=1)
  Clock Path Skew:        -0.096ns (DCD - SCD + CPR)
    Destination Clock Delay (DCD):    3.550ns = ( 4.550 - 1.000 ) 
    Source Clock Delay      (SCD):    4.333ns
    Clock Pessimism Removal (CPR):    0.687ns
  Clock Uncertainty:      0.035ns  ((TSJ^2 + TIJ^2)^1/2 + DJ) / 2 + PE
    Total System Jitter     (TSJ):    0.071ns
    Total Input Jitter      (TIJ):    0.000ns
    Discrete Jitter          (DJ):    0.000ns
    Phase Error              (PE):    0.000ns
  Clock Net Delay (Source):      2.284ns (routing 0.756ns, distribution 1.528ns)
  Clock Net Delay (Destination): 1.975ns (routing 0.696ns, distribution 1.279ns)

    Location             Delay type                Incr(ns)  Path(ns)    Netlist Resource(s)
  -------------------------------------------------------------------    -------------------
                         (clock sys_clk_pin rise edge)
                                                      0.000     0.000 r  
    AA13                                              0.000     0.000 r  clk (IN)
                         net (fo=0)                   0.000     0.000    clk_IBUF_inst/I
    AA13                 INBUF (Prop_INBUF_HRIO_PAD_O)
                                                      0.955     0.955 r  clk_IBUF_inst/INBUF_INST/O
                         net (fo=1, routed)           0.105     1.060    clk_IBUF_inst/OUT
    AA13                 IBUFCTRL (Prop_IBUFCTRL_HRIO_I_O)
                                                      0.049     1.109 r  clk_IBUF_inst/IBUFCTRL_INST/O
                         net (fo=1, routed)           0.839     1.948    clk_IBUF
    BUFGCE_X1Y0          BUFGCE (Prop_BUFCE_BUFGCE_I_O)
                                                      0.101     2.049 r  clk_IBUF_BUFG_inst/O
    X2Y1 (CLOCK_ROOT)    net (fo=8497, routed)        2.284     4.333    dut/gen_layer[0].gen_node[3].merge_inst/genblk2[1].genblk1[0].delay_line_dut/clk_IBUF_BUFG
    SLICE_X56Y96         FDRE                                         r  dut/gen_layer[0].gen_node[3].merge_inst/genblk2[1].genblk1[0].delay_line_dut/dreg_reg[17]_srl3_srlopt/C
  -------------------------------------------------------------------    -------------------
    SLICE_X56Y96         FDRE (Prop_FFF_SLICEL_C_Q)
                                                      0.139     4.472 r  dut/gen_layer[0].gen_node[3].merge_inst/genblk2[1].genblk1[0].delay_line_dut/dreg_reg[17]_srl3_srlopt/Q
                         net (fo=4, routed)           0.417     4.889    dut/gen_layer[0].gen_node[3].merge_inst/genblk2[1].genblk1[0].delay_line_dut/tree_m[1][3][0]_10[1]
    SLICE_X56Y96         LUT4 (Prop_A5LUT_SLICEL_I3_O)
                                                      0.191     5.080 r  dut/gen_layer[0].gen_node[3].merge_inst/genblk2[1].genblk1[0].delay_line_dut/o_min1_carry_i_5__99/O
                         net (fo=1, routed)           0.000     5.080    dut/gen_layer[1].gen_node[1].merge_inst/genblk2[8].genblk2[0].genblk1[0].cas_l_dut/DI[0]
    SLICE_X56Y96         CARRY8 (Prop_CARRY8_SLICEL_DI[0]_CO[4])
                                                      0.323     5.403 r  dut/gen_layer[1].gen_node[1].merge_inst/genblk2[8].genblk2[0].genblk1[0].cas_l_dut/o_min1_carry/CO[4]
                         net (fo=52, routed)          0.351     5.754    dut/gen_layer[0].gen_node[3].merge_inst/genblk2[8].genblk2[0].genblk1[0].cas_l_dut/CO[0]
    SLICE_X55Y94         LUT3 (Prop_B6LUT_SLICEM_I2_O)
                                                      0.172     5.926 r  dut/gen_layer[0].gen_node[3].merge_inst/genblk2[8].genblk2[0].genblk1[0].cas_l_dut/dreg_reg[12]_srl3_i_1__4/O
                         net (fo=1, routed)           0.453     6.379    dut/gen_layer[1].gen_node[1].merge_inst/genblk2[2].genblk1[0].delay_line_dut/dreg_reg[12]_0
    SLICE_X55Y95         SRL16E                                       r  dut/gen_layer[1].gen_node[1].merge_inst/genblk2[2].genblk1[0].delay_line_dut/dreg_reg[12]_srl3/D
  -------------------------------------------------------------------    -------------------

                         (clock sys_clk_pin rise edge)
                                                      1.000     1.000 r  
    AA13                                              0.000     1.000 r  clk (IN)
                         net (fo=0)                   0.000     1.000    clk_IBUF_inst/I
    AA13                 INBUF (Prop_INBUF_HRIO_PAD_O)
                                                      0.662     1.662 r  clk_IBUF_inst/INBUF_INST/O
                         net (fo=1, routed)           0.066     1.728    clk_IBUF_inst/OUT
    AA13                 IBUFCTRL (Prop_IBUFCTRL_HRIO_I_O)
                                                      0.034     1.762 r  clk_IBUF_inst/IBUFCTRL_INST/O
                         net (fo=1, routed)           0.722     2.484    clk_IBUF
    BUFGCE_X1Y0          BUFGCE (Prop_BUFCE_BUFGCE_I_O)
                                                      0.091     2.575 r  clk_IBUF_BUFG_inst/O
    X2Y1 (CLOCK_ROOT)    net (fo=8497, routed)        1.975     4.550    dut/gen_layer[1].gen_node[1].merge_inst/genblk2[2].genblk1[0].delay_line_dut/clk_IBUF_BUFG
    SLICE_X55Y95         SRL16E                                       r  dut/gen_layer[1].gen_node[1].merge_inst/genblk2[2].genblk1[0].delay_line_dut/dreg_reg[12]_srl3/CLK
                         clock pessimism              0.687     5.237    
                         clock uncertainty           -0.035     5.202    
    SLICE_X55Y95         SRL16E (Setup_E5LUT_SLICEM_CLK_D)
                                                     -0.019     5.183    dut/gen_layer[1].gen_node[1].merge_inst/genblk2[2].genblk1[0].delay_line_dut/dreg_reg[12]_srl3
  -------------------------------------------------------------------
                         required time                          5.183    
                         arrival time                          -6.379    
  -------------------------------------------------------------------
                         slack                                 -1.196    

Slack (VIOLATED) :        -1.189ns  (required time - arrival time)
  Source:                 i_m_buf_reg[0][0][0]/C
                            (rising edge-triggered cell FDRE clocked by sys_clk_pin  {rise@0.000ns fall@0.500ns period=1.000ns})
  Destination:            dut/gen_layer[0].gen_node[0].merge_inst/genblk2[2].genblk1[0].delay_line_dut/dreg_reg[15]_srl3/D
                            (rising edge-triggered cell SRL16E clocked by sys_clk_pin  {rise@0.000ns fall@0.500ns period=1.000ns})
  Path Group:             sys_clk_pin
  Path Type:              Setup (Max at Slow Process Corner)
  Requirement:            1.000ns  (sys_clk_pin rise@1.000ns - sys_clk_pin rise@0.000ns)
  Data Path Delay:        2.080ns  (logic 0.878ns (42.212%)  route 1.202ns (57.788%))
  Logic Levels:           3  (CARRY8=1 LUT3=1 LUT4=1)
  Clock Path Skew:        -0.175ns (DCD - SCD + CPR)
    Destination Clock Delay (DCD):    3.527ns = ( 4.527 - 1.000 ) 
    Source Clock Delay      (SCD):    4.309ns
    Clock Pessimism Removal (CPR):    0.607ns
  Clock Uncertainty:      0.035ns  ((TSJ^2 + TIJ^2)^1/2 + DJ) / 2 + PE
    Total System Jitter     (TSJ):    0.071ns
    Total Input Jitter      (TIJ):    0.000ns
    Discrete Jitter          (DJ):    0.000ns
    Phase Error              (PE):    0.000ns
  Clock Net Delay (Source):      2.260ns (routing 0.756ns, distribution 1.504ns)
  Clock Net Delay (Destination): 1.952ns (routing 0.696ns, distribution 1.256ns)

    Location             Delay type                Incr(ns)  Path(ns)    Netlist Resource(s)
  -------------------------------------------------------------------    -------------------
                         (clock sys_clk_pin rise edge)
                                                      0.000     0.000 r  
    AA13                                              0.000     0.000 r  clk (IN)
                         net (fo=0)                   0.000     0.000    clk_IBUF_inst/I
    AA13                 INBUF (Prop_INBUF_HRIO_PAD_O)
                                                      0.955     0.955 r  clk_IBUF_inst/INBUF_INST/O
                         net (fo=1, routed)           0.105     1.060    clk_IBUF_inst/OUT
    AA13                 IBUFCTRL (Prop_IBUFCTRL_HRIO_I_O)
                                                      0.049     1.109 r  clk_IBUF_inst/IBUFCTRL_INST/O
                         net (fo=1, routed)           0.839     1.948    clk_IBUF
    BUFGCE_X1Y0          BUFGCE (Prop_BUFCE_BUFGCE_I_O)
                                                      0.101     2.049 r  clk_IBUF_BUFG_inst/O
    X2Y1 (CLOCK_ROOT)    net (fo=8497, routed)        2.260     4.309    clk_IBUF_BUFG
    SLICE_X50Y102        FDRE                                         r  i_m_buf_reg[0][0][0]/C
  -------------------------------------------------------------------    -------------------
    SLICE_X50Y102        FDRE (Prop_BFF2_SLICEM_C_Q)
                                                      0.138     4.447 f  i_m_buf_reg[0][0][0]/Q
                         net (fo=4, routed)           0.386     4.833    dut/gen_layer[0].gen_node[0].merge_inst/genblk2[8].genblk2[0].genblk1[0].cas_l_dut/o_max_reg[9]_0[0]
    SLICE_X52Y99         LUT4 (Prop_A5LUT_SLICEM_I1_O)
                                                      0.173     5.006 r  dut/gen_layer[0].gen_node[0].merge_inst/genblk2[8].genblk2[0].genblk1[0].cas_l_dut/o_min1_carry_i_5/O
                         net (fo=1, routed)           0.000     5.006    dut/gen_layer[0].gen_node[0].merge_inst/genblk2[8].genblk2[0].genblk1[0].cas_l_dut/o_min1_carry_i_5_n_0
    SLICE_X52Y99         CARRY8 (Prop_CARRY8_SLICEM_DI[0]_CO[4])
                                                      0.323     5.329 r  dut/gen_layer[0].gen_node[0].merge_inst/genblk2[8].genblk2[0].genblk1[0].cas_l_dut/o_min1_carry/CO[4]
                         net (fo=52, routed)          0.389     5.718    dut/gen_layer[0].gen_node[0].merge_inst/genblk2[8].genblk2[0].genblk1[0].cas_l_dut/o_min1_carry_n_3
    SLICE_X50Y100        LUT3 (Prop_H6LUT_SLICEM_I2_O)
                                                      0.244     5.962 r  dut/gen_layer[0].gen_node[0].merge_inst/genblk2[8].genblk2[0].genblk1[0].cas_l_dut/dreg_reg[15]_srl3_i_1/O
                         net (fo=1, routed)           0.427     6.389    dut/gen_layer[0].gen_node[0].merge_inst/genblk2[2].genblk1[0].delay_line_dut/dreg_reg[15]
    SLICE_X52Y101        SRL16E                                       r  dut/gen_layer[0].gen_node[0].merge_inst/genblk2[2].genblk1[0].delay_line_dut/dreg_reg[15]_srl3/D
  -------------------------------------------------------------------    -------------------

                         (clock sys_clk_pin rise edge)
                                                      1.000     1.000 r  
    AA13                                              0.000     1.000 r  clk (IN)
                         net (fo=0)                   0.000     1.000    clk_IBUF_inst/I
    AA13                 INBUF (Prop_INBUF_HRIO_PAD_O)
                                                      0.662     1.662 r  clk_IBUF_inst/INBUF_INST/O
                         net (fo=1, routed)           0.066     1.728    clk_IBUF_inst/OUT
    AA13                 IBUFCTRL (Prop_IBUFCTRL_HRIO_I_O)
                                                      0.034     1.762 r  clk_IBUF_inst/IBUFCTRL_INST/O
                         net (fo=1, routed)           0.722     2.484    clk_IBUF
    BUFGCE_X1Y0          BUFGCE (Prop_BUFCE_BUFGCE_I_O)
                                                      0.091     2.575 r  clk_IBUF_BUFG_inst/O
    X2Y1 (CLOCK_ROOT)    net (fo=8497, routed)        1.952     4.527    dut/gen_layer[0].gen_node[0].merge_inst/genblk2[2].genblk1[0].delay_line_dut/clk_IBUF_BUFG
    SLICE_X52Y101        SRL16E                                       r  dut/gen_layer[0].gen_node[0].merge_inst/genblk2[2].genblk1[0].delay_line_dut/dreg_reg[15]_srl3/CLK
                         clock pessimism              0.607     5.134    
                         clock uncertainty           -0.035     5.099    
    SLICE_X52Y101        SRL16E (Setup_H5LUT_SLICEM_CLK_D)
                                                      0.101     5.200    dut/gen_layer[0].gen_node[0].merge_inst/genblk2[2].genblk1[0].delay_line_dut/dreg_reg[15]_srl3
  -------------------------------------------------------------------
                         required time                          5.200    
                         arrival time                          -6.389    
  -------------------------------------------------------------------
                         slack                                 -1.189    

Slack (VIOLATED) :        -1.186ns  (required time - arrival time)
  Source:                 i_m_buf_reg[3][1][1]/C
                            (rising edge-triggered cell FDRE clocked by sys_clk_pin  {rise@0.000ns fall@0.500ns period=1.000ns})
  Destination:            dut/gen_layer[0].gen_node[1].merge_inst/genblk2[4].genblk1[1].delay_line_dut/dreg_reg[15]_srl2/D
                            (rising edge-triggered cell SRL16E clocked by sys_clk_pin  {rise@0.000ns fall@0.500ns period=1.000ns})
  Path Group:             sys_clk_pin
  Path Type:              Setup (Max at Slow Process Corner)
  Requirement:            1.000ns  (sys_clk_pin rise@1.000ns - sys_clk_pin rise@0.000ns)
  Data Path Delay:        2.083ns  (logic 0.723ns (34.710%)  route 1.360ns (65.290%))
  Logic Levels:           3  (CARRY8=1 LUT3=1 LUT4=1)
  Clock Path Skew:        -0.169ns (DCD - SCD + CPR)
    Destination Clock Delay (DCD):    3.596ns = ( 4.596 - 1.000 ) 
    Source Clock Delay      (SCD):    4.371ns
    Clock Pessimism Removal (CPR):    0.606ns
  Clock Uncertainty:      0.035ns  ((TSJ^2 + TIJ^2)^1/2 + DJ) / 2 + PE
    Total System Jitter     (TSJ):    0.071ns
    Total Input Jitter      (TIJ):    0.000ns
    Discrete Jitter          (DJ):    0.000ns
    Phase Error              (PE):    0.000ns
  Clock Net Delay (Source):      2.322ns (routing 0.756ns, distribution 1.566ns)
  Clock Net Delay (Destination): 2.021ns (routing 0.696ns, distribution 1.325ns)

    Location             Delay type                Incr(ns)  Path(ns)    Netlist Resource(s)
  -------------------------------------------------------------------    -------------------
                         (clock sys_clk_pin rise edge)
                                                      0.000     0.000 r  
    AA13                                              0.000     0.000 r  clk (IN)
                         net (fo=0)                   0.000     0.000    clk_IBUF_inst/I
    AA13                 INBUF (Prop_INBUF_HRIO_PAD_O)
                                                      0.955     0.955 r  clk_IBUF_inst/INBUF_INST/O
                         net (fo=1, routed)           0.105     1.060    clk_IBUF_inst/OUT
    AA13                 IBUFCTRL (Prop_IBUFCTRL_HRIO_I_O)
                                                      0.049     1.109 r  clk_IBUF_inst/IBUFCTRL_INST/O
                         net (fo=1, routed)           0.839     1.948    clk_IBUF
    BUFGCE_X1Y0          BUFGCE (Prop_BUFCE_BUFGCE_I_O)
                                                      0.101     2.049 r  clk_IBUF_BUFG_inst/O
    X2Y1 (CLOCK_ROOT)    net (fo=8497, routed)        2.322     4.371    clk_IBUF_BUFG
    SLICE_X68Y107        FDRE                                         r  i_m_buf_reg[3][1][1]/C
  -------------------------------------------------------------------    -------------------
    SLICE_X68Y107        FDRE (Prop_FFF2_SLICEL_C_Q)
                                                      0.138     4.509 r  i_m_buf_reg[3][1][1]/Q
                         net (fo=4, routed)           0.345     4.854    dut/gen_layer[0].gen_node[1].merge_inst/genblk2[8].genblk2[0].genblk1[1].cas_l_dut/o_max_reg[9]_3[1]
    SLICE_X69Y108        LUT4 (Prop_A5LUT_SLICEM_I3_O)
                                                      0.173     5.027 r  dut/gen_layer[0].gen_node[1].merge_inst/genblk2[8].genblk2[0].genblk1[1].cas_l_dut/o_min1_carry_i_5__20/O
                         net (fo=1, routed)           0.000     5.027    dut/gen_layer[0].gen_node[1].merge_inst/genblk2[8].genblk2[0].genblk1[1].cas_l_dut/o_min1_carry_i_5__20_n_0
    SLICE_X69Y108        CARRY8 (Prop_CARRY8_SLICEM_DI[0]_CO[4])
                                                      0.323     5.350 r  dut/gen_layer[0].gen_node[1].merge_inst/genblk2[8].genblk2[0].genblk1[1].cas_l_dut/o_min1_carry/CO[4]
                         net (fo=52, routed)          0.481     5.831    dut/gen_layer[0].gen_node[1].merge_inst/genblk2[8].genblk2[0].genblk1[1].cas_l_dut/o_min1_carry_n_3
    SLICE_X68Y109        LUT3 (Prop_G6LUT_SLICEL_I2_O)
                                                      0.089     5.920 r  dut/gen_layer[0].gen_node[1].merge_inst/genblk2[8].genblk2[0].genblk1[1].cas_l_dut/dreg_reg[15]_srl2_i_1__0/O
                         net (fo=1, routed)           0.534     6.454    dut/gen_layer[0].gen_node[1].merge_inst/genblk2[4].genblk1[1].delay_line_dut/dreg_reg[15]
    SLICE_X69Y110        SRL16E                                       r  dut/gen_layer[0].gen_node[1].merge_inst/genblk2[4].genblk1[1].delay_line_dut/dreg_reg[15]_srl2/D
  -------------------------------------------------------------------    -------------------

                         (clock sys_clk_pin rise edge)
                                                      1.000     1.000 r  
    AA13                                              0.000     1.000 r  clk (IN)
                         net (fo=0)                   0.000     1.000    clk_IBUF_inst/I
    AA13                 INBUF (Prop_INBUF_HRIO_PAD_O)
                                                      0.662     1.662 r  clk_IBUF_inst/INBUF_INST/O
                         net (fo=1, routed)           0.066     1.728    clk_IBUF_inst/OUT
    AA13                 IBUFCTRL (Prop_IBUFCTRL_HRIO_I_O)
                                                      0.034     1.762 r  clk_IBUF_inst/IBUFCTRL_INST/O
                         net (fo=1, routed)           0.722     2.484    clk_IBUF
    BUFGCE_X1Y0          BUFGCE (Prop_BUFCE_BUFGCE_I_O)
                                                      0.091     2.575 r  clk_IBUF_BUFG_inst/O
    X2Y1 (CLOCK_ROOT)    net (fo=8497, routed)        2.021     4.596    dut/gen_layer[0].gen_node[1].merge_inst/genblk2[4].genblk1[1].delay_line_dut/clk_IBUF_BUFG
    SLICE_X69Y110        SRL16E                                       r  dut/gen_layer[0].gen_node[1].merge_inst/genblk2[4].genblk1[1].delay_line_dut/dreg_reg[15]_srl2/CLK
                         clock pessimism              0.606     5.202    
                         clock uncertainty           -0.035     5.167    
    SLICE_X69Y110        SRL16E (Setup_H5LUT_SLICEM_CLK_D)
                                                      0.101     5.268    dut/gen_layer[0].gen_node[1].merge_inst/genblk2[4].genblk1[1].delay_line_dut/dreg_reg[15]_srl2
  -------------------------------------------------------------------
                         required time                          5.268    
                         arrival time                          -6.454    
  -------------------------------------------------------------------
                         slack                                 -1.186    





Min Delay Paths
--------------------------------------------------------------------------------------
Slack (MET) :             0.028ns  (arrival time - required time)
  Source:                 i_l_buf_reg[4][1][12]/C
                            (rising edge-triggered cell FDRE clocked by sys_clk_pin  {rise@0.000ns fall@0.500ns period=1.000ns})
  Destination:            dut/gen_layer[0].gen_node[2].merge_inst/genblk2[4].genblk1[1].delay_line_dut/dreg_reg[12]_srl2/D
                            (rising edge-triggered cell SRL16E clocked by sys_clk_pin  {rise@0.000ns fall@0.500ns period=1.000ns})
  Path Group:             sys_clk_pin
  Path Type:              Hold (Min at Fast Process Corner)
  Requirement:            0.000ns  (sys_clk_pin rise@0.000ns - sys_clk_pin rise@0.000ns)
  Data Path Delay:        0.249ns  (logic 0.078ns (31.325%)  route 0.171ns (68.675%))
  Logic Levels:           1  (LUT3=1)
  Clock Path Skew:        0.098ns (DCD - SCD - CPR)
    Destination Clock Delay (DCD):    2.438ns
    Source Clock Delay      (SCD):    1.803ns
    Clock Pessimism Removal (CPR):    0.537ns
  Clock Net Delay (Source):      0.824ns (routing 0.278ns, distribution 0.546ns)
  Clock Net Delay (Destination): 0.996ns (routing 0.309ns, distribution 0.687ns)

    Location             Delay type                Incr(ns)  Path(ns)    Netlist Resource(s)
  -------------------------------------------------------------------    -------------------
                         (clock sys_clk_pin rise edge)
                                                      0.000     0.000 r  
    AA13                                              0.000     0.000 r  clk (IN)
                         net (fo=0)                   0.000     0.000    clk_IBUF_inst/I
    AA13                 INBUF (Prop_INBUF_HRIO_PAD_O)
                                                      0.562     0.562 r  clk_IBUF_inst/INBUF_INST/O
                         net (fo=1, routed)           0.025     0.587    clk_IBUF_inst/OUT
    AA13                 IBUFCTRL (Prop_IBUFCTRL_HRIO_I_O)
                                                      0.015     0.602 r  clk_IBUF_inst/IBUFCTRL_INST/O
                         net (fo=1, routed)           0.350     0.952    clk_IBUF
    BUFGCE_X1Y0          BUFGCE (Prop_BUFCE_BUFGCE_I_O)
                                                      0.027     0.979 r  clk_IBUF_BUFG_inst/O
    X2Y1 (CLOCK_ROOT)    net (fo=8497, routed)        0.824     1.803    clk_IBUF_BUFG
    SLICE_X67Y90         FDRE                                         r  i_l_buf_reg[4][1][12]/C
  -------------------------------------------------------------------    -------------------
    SLICE_X67Y90         FDRE (Prop_CFF_SLICEM_C_Q)
                                                      0.048     1.851 r  i_l_buf_reg[4][1][12]/Q
                         net (fo=2, routed)           0.039     1.890    dut/gen_layer[0].gen_node[2].merge_inst/genblk2[8].genblk2[0].genblk1[1].cas_l_dut/o_lmax_reg[15]_0[12]
    SLICE_X67Y90         LUT3 (Prop_C6LUT_SLICEM_I0_O)
                                                      0.030     1.920 r  dut/gen_layer[0].gen_node[2].merge_inst/genblk2[8].genblk2[0].genblk1[1].cas_l_dut/dreg_reg[12]_srl2_i_1__1/O
                         net (fo=1, routed)           0.132     2.052    dut/gen_layer[0].gen_node[2].merge_inst/genblk2[4].genblk1[1].delay_line_dut/dreg_reg[12]
    SLICE_X67Y88         SRL16E                                       r  dut/gen_layer[0].gen_node[2].merge_inst/genblk2[4].genblk1[1].delay_line_dut/dreg_reg[12]_srl2/D
  -------------------------------------------------------------------    -------------------

                         (clock sys_clk_pin rise edge)
                                                      0.000     0.000 r  
    AA13                                              0.000     0.000 r  clk (IN)
                         net (fo=0)                   0.000     0.000    clk_IBUF_inst/I
    AA13                 INBUF (Prop_INBUF_HRIO_PAD_O)
                                                      0.938     0.938 r  clk_IBUF_inst/INBUF_INST/O
                         net (fo=1, routed)           0.042     0.980    clk_IBUF_inst/OUT
    AA13                 IBUFCTRL (Prop_IBUFCTRL_HRIO_I_O)
                                                      0.022     1.002 r  clk_IBUF_inst/IBUFCTRL_INST/O
                         net (fo=1, routed)           0.409     1.411    clk_IBUF
    BUFGCE_X1Y0          BUFGCE (Prop_BUFCE_BUFGCE_I_O)
                                                      0.031     1.442 r  clk_IBUF_BUFG_inst/O
    X2Y1 (CLOCK_ROOT)    net (fo=8497, routed)        0.996     2.438    dut/gen_layer[0].gen_node[2].merge_inst/genblk2[4].genblk1[1].delay_line_dut/clk_IBUF_BUFG
    SLICE_X67Y88         SRL16E                                       r  dut/gen_layer[0].gen_node[2].merge_inst/genblk2[4].genblk1[1].delay_line_dut/dreg_reg[12]_srl2/CLK
                         clock pessimism             -0.537     1.901    
    SLICE_X67Y88         SRL16E (Hold_E5LUT_SLICEM_CLK_D)
                                                      0.123     2.024    dut/gen_layer[0].gen_node[2].merge_inst/genblk2[4].genblk1[1].delay_line_dut/dreg_reg[12]_srl2
  -------------------------------------------------------------------
                         required time                         -2.024    
                         arrival time                           2.052    
  -------------------------------------------------------------------
                         slack                                  0.028    

Slack (MET) :             0.030ns  (arrival time - required time)
  Source:                 dut/gen_layer[0].gen_node[0].merge_inst/genblk2[4].genblk2[4].genblk1[0].cas_l_dut/o_lmin_reg[1]/C
                            (rising edge-triggered cell FDRE clocked by sys_clk_pin  {rise@0.000ns fall@0.500ns period=1.000ns})
  Destination:            dut/gen_layer[0].gen_node[0].merge_inst/genblk2[2].genblk2[2].genblk1[0].cas_l_dut/o_lmax_reg[1]/D
                            (rising edge-triggered cell FDRE clocked by sys_clk_pin  {rise@0.000ns fall@0.500ns period=1.000ns})
  Path Group:             sys_clk_pin
  Path Type:              Hold (Min at Fast Process Corner)
  Requirement:            0.000ns  (sys_clk_pin rise@0.000ns - sys_clk_pin rise@0.000ns)
  Data Path Delay:        0.175ns  (logic 0.081ns (46.286%)  route 0.094ns (53.714%))
  Logic Levels:           1  (LUT3=1)
  Clock Path Skew:        0.089ns (DCD - SCD - CPR)
    Destination Clock Delay (DCD):    2.409ns
    Source Clock Delay      (SCD):    1.782ns
    Clock Pessimism Removal (CPR):    0.538ns
  Clock Net Delay (Source):      0.803ns (routing 0.278ns, distribution 0.525ns)
  Clock Net Delay (Destination): 0.967ns (routing 0.309ns, distribution 0.658ns)

    Location             Delay type                Incr(ns)  Path(ns)    Netlist Resource(s)
  -------------------------------------------------------------------    -------------------
                         (clock sys_clk_pin rise edge)
                                                      0.000     0.000 r  
    AA13                                              0.000     0.000 r  clk (IN)
                         net (fo=0)                   0.000     0.000    clk_IBUF_inst/I
    AA13                 INBUF (Prop_INBUF_HRIO_PAD_O)
                                                      0.562     0.562 r  clk_IBUF_inst/INBUF_INST/O
                         net (fo=1, routed)           0.025     0.587    clk_IBUF_inst/OUT
    AA13                 IBUFCTRL (Prop_IBUFCTRL_HRIO_I_O)
                                                      0.015     0.602 r  clk_IBUF_inst/IBUFCTRL_INST/O
                         net (fo=1, routed)           0.350     0.952    clk_IBUF
    BUFGCE_X1Y0          BUFGCE (Prop_BUFCE_BUFGCE_I_O)
                                                      0.027     0.979 r  clk_IBUF_BUFG_inst/O
    X2Y1 (CLOCK_ROOT)    net (fo=8497, routed)        0.803     1.782    dut/gen_layer[0].gen_node[0].merge_inst/genblk2[4].genblk2[4].genblk1[0].cas_l_dut/clk_IBUF_BUFG
    SLICE_X54Y112        FDRE                                         r  dut/gen_layer[0].gen_node[0].merge_inst/genblk2[4].genblk2[4].genblk1[0].cas_l_dut/o_lmin_reg[1]/C
  -------------------------------------------------------------------    -------------------
    SLICE_X54Y112        FDRE (Prop_FFF_SLICEL_C_Q)
                                                      0.049     1.831 r  dut/gen_layer[0].gen_node[0].merge_inst/genblk2[4].genblk2[4].genblk1[0].cas_l_dut/o_lmin_reg[1]/Q
                         net (fo=2, routed)           0.078     1.909    dut/gen_layer[0].gen_node[0].merge_inst/genblk2[2].genblk2[2].genblk1[0].cas_l_dut/o_lmin_reg[15]_1[1]
    SLICE_X55Y112        LUT3 (Prop_H6LUT_SLICEM_I0_O)
                                                      0.032     1.941 r  dut/gen_layer[0].gen_node[0].merge_inst/genblk2[2].genblk2[2].genblk1[0].cas_l_dut/o_lmax[1]_i_1/O
                         net (fo=1, routed)           0.016     1.957    dut/gen_layer[0].gen_node[0].merge_inst/genblk2[2].genblk2[2].genblk1[0].cas_l_dut/o_lmax[1]_i_1_n_0
    SLICE_X55Y112        FDRE                                         r  dut/gen_layer[0].gen_node[0].merge_inst/genblk2[2].genblk2[2].genblk1[0].cas_l_dut/o_lmax_reg[1]/D
  -------------------------------------------------------------------    -------------------

                         (clock sys_clk_pin rise edge)
                                                      0.000     0.000 r  
    AA13                                              0.000     0.000 r  clk (IN)
                         net (fo=0)                   0.000     0.000    clk_IBUF_inst/I
    AA13                 INBUF (Prop_INBUF_HRIO_PAD_O)
                                                      0.938     0.938 r  clk_IBUF_inst/INBUF_INST/O
                         net (fo=1, routed)           0.042     0.980    clk_IBUF_inst/OUT
    AA13                 IBUFCTRL (Prop_IBUFCTRL_HRIO_I_O)
                                                      0.022     1.002 r  clk_IBUF_inst/IBUFCTRL_INST/O
                         net (fo=1, routed)           0.409     1.411    clk_IBUF
    BUFGCE_X1Y0          BUFGCE (Prop_BUFCE_BUFGCE_I_O)
                                                      0.031     1.442 r  clk_IBUF_BUFG_inst/O
    X2Y1 (CLOCK_ROOT)    net (fo=8497, routed)        0.967     2.409    dut/gen_layer[0].gen_node[0].merge_inst/genblk2[2].genblk2[2].genblk1[0].cas_l_dut/clk_IBUF_BUFG
    SLICE_X55Y112        FDRE                                         r  dut/gen_layer[0].gen_node[0].merge_inst/genblk2[2].genblk2[2].genblk1[0].cas_l_dut/o_lmax_reg[1]/C
                         clock pessimism             -0.538     1.871    
    SLICE_X55Y112        FDRE (Hold_HFF_SLICEM_C_D)
                                                      0.056     1.927    dut/gen_layer[0].gen_node[0].merge_inst/genblk2[2].genblk2[2].genblk1[0].cas_l_dut/o_lmax_reg[1]
  -------------------------------------------------------------------
                         required time                         -1.927    
                         arrival time                           1.957    
  -------------------------------------------------------------------
                         slack                                  0.030    

Slack (MET) :             0.030ns  (arrival time - required time)
  Source:                 dut/gen_layer[0].gen_node[0].merge_inst/genblk2[1].genblk2[3].genblk1[0].cas_l_dut/o_min_reg[9]/C
                            (rising edge-triggered cell FDRE clocked by sys_clk_pin  {rise@0.000ns fall@0.500ns period=1.000ns})
  Destination:            dut/gen_layer[1].gen_node[0].merge_inst/genblk2[8].genblk2[0].genblk1[3].cas_l_dut/o_max_reg[9]/D
                            (rising edge-triggered cell FDRE clocked by sys_clk_pin  {rise@0.000ns fall@0.500ns period=1.000ns})
  Path Group:             sys_clk_pin
  Path Type:              Hold (Min at Fast Process Corner)
  Requirement:            0.000ns  (sys_clk_pin rise@0.000ns - sys_clk_pin rise@0.000ns)
  Data Path Delay:        0.245ns  (logic 0.064ns (26.122%)  route 0.181ns (73.878%))
  Logic Levels:           1  (LUT3=1)
  Clock Path Skew:        0.159ns (DCD - SCD - CPR)
    Destination Clock Delay (DCD):    2.439ns
    Source Clock Delay      (SCD):    1.786ns
    Clock Pessimism Removal (CPR):    0.494ns
  Clock Net Delay (Source):      0.807ns (routing 0.278ns, distribution 0.529ns)
  Clock Net Delay (Destination): 0.997ns (routing 0.309ns, distribution 0.688ns)

    Location             Delay type                Incr(ns)  Path(ns)    Netlist Resource(s)
  -------------------------------------------------------------------    -------------------
                         (clock sys_clk_pin rise edge)
                                                      0.000     0.000 r  
    AA13                                              0.000     0.000 r  clk (IN)
                         net (fo=0)                   0.000     0.000    clk_IBUF_inst/I
    AA13                 INBUF (Prop_INBUF_HRIO_PAD_O)
                                                      0.562     0.562 r  clk_IBUF_inst/INBUF_INST/O
                         net (fo=1, routed)           0.025     0.587    clk_IBUF_inst/OUT
    AA13                 IBUFCTRL (Prop_IBUFCTRL_HRIO_I_O)
                                                      0.015     0.602 r  clk_IBUF_inst/IBUFCTRL_INST/O
                         net (fo=1, routed)           0.350     0.952    clk_IBUF
    BUFGCE_X1Y0          BUFGCE (Prop_BUFCE_BUFGCE_I_O)
                                                      0.027     0.979 r  clk_IBUF_BUFG_inst/O
    X2Y1 (CLOCK_ROOT)    net (fo=8497, routed)        0.807     1.786    dut/gen_layer[0].gen_node[0].merge_inst/genblk2[1].genblk2[3].genblk1[0].cas_l_dut/clk_IBUF_BUFG
    SLICE_X57Y117        FDRE                                         r  dut/gen_layer[0].gen_node[0].merge_inst/genblk2[1].genblk2[3].genblk1[0].cas_l_dut/o_min_reg[9]/C
  -------------------------------------------------------------------    -------------------
    SLICE_X57Y117        FDRE (Prop_BFF_SLICEM_C_Q)
                                                      0.049     1.835 r  dut/gen_layer[0].gen_node[0].merge_inst/genblk2[1].genblk2[3].genblk1[0].cas_l_dut/o_min_reg[9]/Q
                         net (fo=4, routed)           0.165     2.000    dut/gen_layer[0].gen_node[1].merge_inst/genblk2[8].genblk2[0].genblk1[3].cas_l_dut/o_max_reg[9]_0[9]
    SLICE_X59Y121        LUT3 (Prop_D6LUT_SLICEL_I1_O)
                                                      0.015     2.015 r  dut/gen_layer[0].gen_node[1].merge_inst/genblk2[8].genblk2[0].genblk1[3].cas_l_dut/o_max[9]_i_1__3/O
                         net (fo=1, routed)           0.016     2.031    dut/gen_layer[1].gen_node[0].merge_inst/genblk2[8].genblk2[0].genblk1[3].cas_l_dut/o_max_reg[9]_0[9]
    SLICE_X59Y121        FDRE                                         r  dut/gen_layer[1].gen_node[0].merge_inst/genblk2[8].genblk2[0].genblk1[3].cas_l_dut/o_max_reg[9]/D
  -------------------------------------------------------------------    -------------------

                         (clock sys_clk_pin rise edge)
                                                      0.000     0.000 r  
    AA13                                              0.000     0.000 r  clk (IN)
                         net (fo=0)                   0.000     0.000    clk_IBUF_inst/I
    AA13                 INBUF (Prop_INBUF_HRIO_PAD_O)
                                                      0.938     0.938 r  clk_IBUF_inst/INBUF_INST/O
                         net (fo=1, routed)           0.042     0.980    clk_IBUF_inst/OUT
    AA13                 IBUFCTRL (Prop_IBUFCTRL_HRIO_I_O)
                                                      0.022     1.002 r  clk_IBUF_inst/IBUFCTRL_INST/O
                         net (fo=1, routed)           0.409     1.411    clk_IBUF
    BUFGCE_X1Y0          BUFGCE (Prop_BUFCE_BUFGCE_I_O)
                                                      0.031     1.442 r  clk_IBUF_BUFG_inst/O
    X2Y1 (CLOCK_ROOT)    net (fo=8497, routed)        0.997     2.439    dut/gen_layer[1].gen_node[0].merge_inst/genblk2[8].genblk2[0].genblk1[3].cas_l_dut/clk_IBUF_BUFG
    SLICE_X59Y121        FDRE                                         r  dut/gen_layer[1].gen_node[0].merge_inst/genblk2[8].genblk2[0].genblk1[3].cas_l_dut/o_max_reg[9]/C
                         clock pessimism             -0.494     1.945    
    SLICE_X59Y121        FDRE (Hold_DFF_SLICEL_C_D)
                                                      0.056     2.001    dut/gen_layer[1].gen_node[0].merge_inst/genblk2[8].genblk2[0].genblk1[3].cas_l_dut/o_max_reg[9]
  -------------------------------------------------------------------
                         required time                         -2.001    
                         arrival time                           2.031    
  -------------------------------------------------------------------
                         slack                                  0.030    

Slack (MET) :             0.030ns  (arrival time - required time)
  Source:                 dut/gen_layer[2].gen_node[0].merge_inst/genblk2[8].genblk2[0].genblk1[6].cas_l_dut/o_lmin_reg[1]/C
                            (rising edge-triggered cell FDRE clocked by sys_clk_pin  {rise@0.000ns fall@0.500ns period=1.000ns})
  Destination:            dut/gen_layer[2].gen_node[0].merge_inst/genblk2[4].genblk2[4].genblk1[2].cas_l_dut/o_lmin_reg[1]/D
                            (rising edge-triggered cell FDRE clocked by sys_clk_pin  {rise@0.000ns fall@0.500ns period=1.000ns})
  Path Group:             sys_clk_pin
  Path Type:              Hold (Min at Fast Process Corner)
  Requirement:            0.000ns  (sys_clk_pin rise@0.000ns - sys_clk_pin rise@0.000ns)
  Data Path Delay:        0.182ns  (logic 0.094ns (51.648%)  route 0.088ns (48.352%))
  Logic Levels:           1  (LUT3=1)
  Clock Path Skew:        0.096ns (DCD - SCD - CPR)
    Destination Clock Delay (DCD):    2.441ns
    Source Clock Delay      (SCD):    1.808ns
    Clock Pessimism Removal (CPR):    0.537ns
  Clock Net Delay (Source):      0.829ns (routing 0.278ns, distribution 0.551ns)
  Clock Net Delay (Destination): 0.999ns (routing 0.309ns, distribution 0.690ns)

    Location             Delay type                Incr(ns)  Path(ns)    Netlist Resource(s)
  -------------------------------------------------------------------    -------------------
                         (clock sys_clk_pin rise edge)
                                                      0.000     0.000 r  
    AA13                                              0.000     0.000 r  clk (IN)
                         net (fo=0)                   0.000     0.000    clk_IBUF_inst/I
    AA13                 INBUF (Prop_INBUF_HRIO_PAD_O)
                                                      0.562     0.562 r  clk_IBUF_inst/INBUF_INST/O
                         net (fo=1, routed)           0.025     0.587    clk_IBUF_inst/OUT
    AA13                 IBUFCTRL (Prop_IBUFCTRL_HRIO_I_O)
                                                      0.015     0.602 r  clk_IBUF_inst/IBUFCTRL_INST/O
                         net (fo=1, routed)           0.350     0.952    clk_IBUF
    BUFGCE_X1Y0          BUFGCE (Prop_BUFCE_BUFGCE_I_O)
                                                      0.027     0.979 r  clk_IBUF_BUFG_inst/O
    X2Y1 (CLOCK_ROOT)    net (fo=8497, routed)        0.829     1.808    dut/gen_layer[2].gen_node[0].merge_inst/genblk2[8].genblk2[0].genblk1[6].cas_l_dut/clk_IBUF_BUFG
    SLICE_X63Y101        FDRE                                         r  dut/gen_layer[2].gen_node[0].merge_inst/genblk2[8].genblk2[0].genblk1[6].cas_l_dut/o_lmin_reg[1]/C
  -------------------------------------------------------------------    -------------------
    SLICE_X63Y101        FDRE (Prop_DFF_SLICEL_C_Q)
                                                      0.049     1.857 r  dut/gen_layer[2].gen_node[0].merge_inst/genblk2[8].genblk2[0].genblk1[6].cas_l_dut/o_lmin_reg[1]/Q
                         net (fo=1, routed)           0.076     1.933    dut/gen_layer[2].gen_node[0].merge_inst/genblk2[4].genblk2[4].genblk1[2].cas_l_dut/o_lmin_reg[15]_1[1]
    SLICE_X64Y101        LUT3 (Prop_E6LUT_SLICEM_I0_O)
                                                      0.045     1.978 r  dut/gen_layer[2].gen_node[0].merge_inst/genblk2[4].genblk2[4].genblk1[2].cas_l_dut/o_lmin[1]_i_1__5/O
                         net (fo=1, routed)           0.012     1.990    dut/gen_layer[2].gen_node[0].merge_inst/genblk2[4].genblk2[4].genblk1[2].cas_l_dut/o_lmin[1]_i_1__5_n_0
    SLICE_X64Y101        FDRE                                         r  dut/gen_layer[2].gen_node[0].merge_inst/genblk2[4].genblk2[4].genblk1[2].cas_l_dut/o_lmin_reg[1]/D
  -------------------------------------------------------------------    -------------------

                         (clock sys_clk_pin rise edge)
                                                      0.000     0.000 r  
    AA13                                              0.000     0.000 r  clk (IN)
                         net (fo=0)                   0.000     0.000    clk_IBUF_inst/I
    AA13                 INBUF (Prop_INBUF_HRIO_PAD_O)
                                                      0.938     0.938 r  clk_IBUF_inst/INBUF_INST/O
                         net (fo=1, routed)           0.042     0.980    clk_IBUF_inst/OUT
    AA13                 IBUFCTRL (Prop_IBUFCTRL_HRIO_I_O)
                                                      0.022     1.002 r  clk_IBUF_inst/IBUFCTRL_INST/O
                         net (fo=1, routed)           0.409     1.411    clk_IBUF
    BUFGCE_X1Y0          BUFGCE (Prop_BUFCE_BUFGCE_I_O)
                                                      0.031     1.442 r  clk_IBUF_BUFG_inst/O
    X2Y1 (CLOCK_ROOT)    net (fo=8497, routed)        0.999     2.441    dut/gen_layer[2].gen_node[0].merge_inst/genblk2[4].genblk2[4].genblk1[2].cas_l_dut/clk_IBUF_BUFG
    SLICE_X64Y101        FDRE                                         r  dut/gen_layer[2].gen_node[0].merge_inst/genblk2[4].genblk2[4].genblk1[2].cas_l_dut/o_lmin_reg[1]/C
                         clock pessimism             -0.537     1.904    
    SLICE_X64Y101        FDRE (Hold_EFF_SLICEM_C_D)
                                                      0.056     1.960    dut/gen_layer[2].gen_node[0].merge_inst/genblk2[4].genblk2[4].genblk1[2].cas_l_dut/o_lmin_reg[1]
  -------------------------------------------------------------------
                         required time                         -1.960    
                         arrival time                           1.990    
  -------------------------------------------------------------------
                         slack                                  0.030    

Slack (MET) :             0.030ns  (arrival time - required time)
  Source:                 dut/gen_layer[1].gen_node[0].merge_inst/genblk2[2].genblk1[0].delay_line_dut/dreg_reg[2]_srl3_srlopt/C
                            (rising edge-triggered cell FDRE clocked by sys_clk_pin  {rise@0.000ns fall@0.500ns period=1.000ns})
  Destination:            dut/gen_layer[1].gen_node[0].merge_inst/genblk2[2].genblk1[0].delay_line_dut/dreg_reg[2]_srl3/D
                            (rising edge-triggered cell SRL16E clocked by sys_clk_pin  {rise@0.000ns fall@0.500ns period=1.000ns})
  Path Group:             sys_clk_pin
  Path Type:              Hold (Min at Fast Process Corner)
  Requirement:            0.000ns  (sys_clk_pin rise@0.000ns - sys_clk_pin rise@0.000ns)
  Data Path Delay:        0.212ns  (logic 0.048ns (22.642%)  route 0.164ns (77.359%))
  Logic Levels:           0  
  Clock Path Skew:        0.062ns (DCD - SCD - CPR)
    Destination Clock Delay (DCD):    2.410ns
    Source Clock Delay      (SCD):    1.780ns
    Clock Pessimism Removal (CPR):    0.568ns
  Clock Net Delay (Source):      0.801ns (routing 0.278ns, distribution 0.523ns)
  Clock Net Delay (Destination): 0.968ns (routing 0.309ns, distribution 0.659ns)

    Location             Delay type                Incr(ns)  Path(ns)    Netlist Resource(s)
  -------------------------------------------------------------------    -------------------
                         (clock sys_clk_pin rise edge)
                                                      0.000     0.000 r  
    AA13                                              0.000     0.000 r  clk (IN)
                         net (fo=0)                   0.000     0.000    clk_IBUF_inst/I
    AA13                 INBUF (Prop_INBUF_HRIO_PAD_O)
                                                      0.562     0.562 r  clk_IBUF_inst/INBUF_INST/O
                         net (fo=1, routed)           0.025     0.587    clk_IBUF_inst/OUT
    AA13                 IBUFCTRL (Prop_IBUFCTRL_HRIO_I_O)
                                                      0.015     0.602 r  clk_IBUF_inst/IBUFCTRL_INST/O
                         net (fo=1, routed)           0.350     0.952    clk_IBUF
    BUFGCE_X1Y0          BUFGCE (Prop_BUFCE_BUFGCE_I_O)
                                                      0.027     0.979 r  clk_IBUF_BUFG_inst/O
    X2Y1 (CLOCK_ROOT)    net (fo=8497, routed)        0.801     1.780    dut/gen_layer[1].gen_node[0].merge_inst/genblk2[2].genblk1[0].delay_line_dut/clk_IBUF_BUFG
    SLICE_X53Y102        FDRE                                         r  dut/gen_layer[1].gen_node[0].merge_inst/genblk2[2].genblk1[0].delay_line_dut/dreg_reg[2]_srl3_srlopt/C
  -------------------------------------------------------------------    -------------------
    SLICE_X53Y102        FDRE (Prop_FFF2_SLICEM_C_Q)
                                                      0.048     1.828 r  dut/gen_layer[1].gen_node[0].merge_inst/genblk2[2].genblk1[0].delay_line_dut/dreg_reg[2]_srl3_srlopt/Q
                         net (fo=1, routed)           0.164     1.992    dut/gen_layer[1].gen_node[0].merge_inst/genblk2[2].genblk1[0].delay_line_dut/srlopt_n_12
    SLICE_X53Y99         SRL16E                                       r  dut/gen_layer[1].gen_node[0].merge_inst/genblk2[2].genblk1[0].delay_line_dut/dreg_reg[2]_srl3/D
  -------------------------------------------------------------------    -------------------

                         (clock sys_clk_pin rise edge)
                                                      0.000     0.000 r  
    AA13                                              0.000     0.000 r  clk (IN)
                         net (fo=0)                   0.000     0.000    clk_IBUF_inst/I
    AA13                 INBUF (Prop_INBUF_HRIO_PAD_O)
                                                      0.938     0.938 r  clk_IBUF_inst/INBUF_INST/O
                         net (fo=1, routed)           0.042     0.980    clk_IBUF_inst/OUT
    AA13                 IBUFCTRL (Prop_IBUFCTRL_HRIO_I_O)
                                                      0.022     1.002 r  clk_IBUF_inst/IBUFCTRL_INST/O
                         net (fo=1, routed)           0.409     1.411    clk_IBUF
    BUFGCE_X1Y0          BUFGCE (Prop_BUFCE_BUFGCE_I_O)
                                                      0.031     1.442 r  clk_IBUF_BUFG_inst/O
    X2Y1 (CLOCK_ROOT)    net (fo=8497, routed)        0.968     2.410    dut/gen_layer[1].gen_node[0].merge_inst/genblk2[2].genblk1[0].delay_line_dut/clk_IBUF_BUFG
    SLICE_X53Y99         SRL16E                                       r  dut/gen_layer[1].gen_node[0].merge_inst/genblk2[2].genblk1[0].delay_line_dut/dreg_reg[2]_srl3/CLK
                         clock pessimism             -0.568     1.842    
    SLICE_X53Y99         SRL16E (Hold_C6LUT_SLICEM_CLK_D)
                                                      0.120     1.962    dut/gen_layer[1].gen_node[0].merge_inst/genblk2[2].genblk1[0].delay_line_dut/dreg_reg[2]_srl3
  -------------------------------------------------------------------
                         required time                         -1.962    
                         arrival time                           1.992    
  -------------------------------------------------------------------
                         slack                                  0.030    

Slack (MET) :             0.031ns  (arrival time - required time)
  Source:                 dut/gen_layer[0].gen_node[0].merge_inst/genblk2[4].genblk1[2].delay_line_dut/dreg_reg[10]/C
                            (rising edge-triggered cell FDRE clocked by sys_clk_pin  {rise@0.000ns fall@0.500ns period=1.000ns})
  Destination:            dut/gen_layer[0].gen_node[0].merge_inst/genblk2[2].genblk2[2].genblk1[0].cas_l_dut/o_lmin_reg[10]/D
                            (rising edge-triggered cell FDRE clocked by sys_clk_pin  {rise@0.000ns fall@0.500ns period=1.000ns})
  Path Group:             sys_clk_pin
  Path Type:              Hold (Min at Fast Process Corner)
  Requirement:            0.000ns  (sys_clk_pin rise@0.000ns - sys_clk_pin rise@0.000ns)
  Data Path Delay:        0.173ns  (logic 0.079ns (45.665%)  route 0.094ns (54.335%))
  Logic Levels:           1  (LUT3=1)
  Clock Path Skew:        0.086ns (DCD - SCD - CPR)
    Destination Clock Delay (DCD):    2.409ns
    Source Clock Delay      (SCD):    1.785ns
    Clock Pessimism Removal (CPR):    0.538ns
  Clock Net Delay (Source):      0.806ns (routing 0.278ns, distribution 0.528ns)
  Clock Net Delay (Destination): 0.967ns (routing 0.309ns, distribution 0.658ns)

    Location             Delay type                Incr(ns)  Path(ns)    Netlist Resource(s)
  -------------------------------------------------------------------    -------------------
                         (clock sys_clk_pin rise edge)
                                                      0.000     0.000 r  
    AA13                                              0.000     0.000 r  clk (IN)
                         net (fo=0)                   0.000     0.000    clk_IBUF_inst/I
    AA13                 INBUF (Prop_INBUF_HRIO_PAD_O)
                                                      0.562     0.562 r  clk_IBUF_inst/INBUF_INST/O
                         net (fo=1, routed)           0.025     0.587    clk_IBUF_inst/OUT
    AA13                 IBUFCTRL (Prop_IBUFCTRL_HRIO_I_O)
                                                      0.015     0.602 r  clk_IBUF_inst/IBUFCTRL_INST/O
                         net (fo=1, routed)           0.350     0.952    clk_IBUF
    BUFGCE_X1Y0          BUFGCE (Prop_BUFCE_BUFGCE_I_O)
                                                      0.027     0.979 r  clk_IBUF_BUFG_inst/O
    X2Y1 (CLOCK_ROOT)    net (fo=8497, routed)        0.806     1.785    dut/gen_layer[0].gen_node[0].merge_inst/genblk2[4].genblk1[2].delay_line_dut/clk_IBUF_BUFG
    SLICE_X53Y115        FDRE                                         r  dut/gen_layer[0].gen_node[0].merge_inst/genblk2[4].genblk1[2].delay_line_dut/dreg_reg[10]/C
  -------------------------------------------------------------------    -------------------
    SLICE_X53Y115        FDRE (Prop_EFF_SLICEM_C_Q)
                                                      0.049     1.834 r  dut/gen_layer[0].gen_node[0].merge_inst/genblk2[4].genblk1[2].delay_line_dut/dreg_reg[10]/Q
                         net (fo=2, routed)           0.080     1.914    dut/gen_layer[0].gen_node[0].merge_inst/genblk2[2].genblk2[2].genblk1[0].cas_l_dut/o_min_reg[9]_0[10]
    SLICE_X55Y115        LUT3 (Prop_G6LUT_SLICEM_I0_O)
                                                      0.030     1.944 r  dut/gen_layer[0].gen_node[0].merge_inst/genblk2[2].genblk2[2].genblk1[0].cas_l_dut/o_lmin[10]_i_1/O
                         net (fo=1, routed)           0.014     1.958    dut/gen_layer[0].gen_node[0].merge_inst/genblk2[2].genblk2[2].genblk1[0].cas_l_dut/o_lmin[10]_i_1_n_0
    SLICE_X55Y115        FDRE                                         r  dut/gen_layer[0].gen_node[0].merge_inst/genblk2[2].genblk2[2].genblk1[0].cas_l_dut/o_lmin_reg[10]/D
  -------------------------------------------------------------------    -------------------

                         (clock sys_clk_pin rise edge)
                                                      0.000     0.000 r  
    AA13                                              0.000     0.000 r  clk (IN)
                         net (fo=0)                   0.000     0.000    clk_IBUF_inst/I
    AA13                 INBUF (Prop_INBUF_HRIO_PAD_O)
                                                      0.938     0.938 r  clk_IBUF_inst/INBUF_INST/O
                         net (fo=1, routed)           0.042     0.980    clk_IBUF_inst/OUT
    AA13                 IBUFCTRL (Prop_IBUFCTRL_HRIO_I_O)
                                                      0.022     1.002 r  clk_IBUF_inst/IBUFCTRL_INST/O
                         net (fo=1, routed)           0.409     1.411    clk_IBUF
    BUFGCE_X1Y0          BUFGCE (Prop_BUFCE_BUFGCE_I_O)
                                                      0.031     1.442 r  clk_IBUF_BUFG_inst/O
    X2Y1 (CLOCK_ROOT)    net (fo=8497, routed)        0.967     2.409    dut/gen_layer[0].gen_node[0].merge_inst/genblk2[2].genblk2[2].genblk1[0].cas_l_dut/clk_IBUF_BUFG
    SLICE_X55Y115        FDRE                                         r  dut/gen_layer[0].gen_node[0].merge_inst/genblk2[2].genblk2[2].genblk1[0].cas_l_dut/o_lmin_reg[10]/C
                         clock pessimism             -0.538     1.871    
    SLICE_X55Y115        FDRE (Hold_GFF_SLICEM_C_D)
                                                      0.056     1.927    dut/gen_layer[0].gen_node[0].merge_inst/genblk2[2].genblk2[2].genblk1[0].cas_l_dut/o_lmin_reg[10]
  -------------------------------------------------------------------
                         required time                         -1.927    
                         arrival time                           1.958    
  -------------------------------------------------------------------
                         slack                                  0.031    

Slack (MET) :             0.031ns  (arrival time - required time)
  Source:                 i_l_buf_reg[3][5][2]/C
                            (rising edge-triggered cell FDRE clocked by sys_clk_pin  {rise@0.000ns fall@0.500ns period=1.000ns})
  Destination:            dut/gen_layer[0].gen_node[1].merge_inst/genblk2[8].genblk2[0].genblk1[5].cas_l_dut/o_lmin_reg[2]/D
                            (rising edge-triggered cell FDRE clocked by sys_clk_pin  {rise@0.000ns fall@0.500ns period=1.000ns})
  Path Group:             sys_clk_pin
  Path Type:              Hold (Min at Fast Process Corner)
  Requirement:            0.000ns  (sys_clk_pin rise@0.000ns - sys_clk_pin rise@0.000ns)
  Data Path Delay:        0.170ns  (logic 0.078ns (45.882%)  route 0.092ns (54.118%))
  Logic Levels:           1  (LUT3=1)
  Clock Path Skew:        0.083ns (DCD - SCD - CPR)
    Destination Clock Delay (DCD):    2.442ns
    Source Clock Delay      (SCD):    1.822ns
    Clock Pessimism Removal (CPR):    0.537ns
  Clock Net Delay (Source):      0.843ns (routing 0.278ns, distribution 0.565ns)
  Clock Net Delay (Destination): 1.000ns (routing 0.309ns, distribution 0.691ns)

    Location             Delay type                Incr(ns)  Path(ns)    Netlist Resource(s)
  -------------------------------------------------------------------    -------------------
                         (clock sys_clk_pin rise edge)
                                                      0.000     0.000 r  
    AA13                                              0.000     0.000 r  clk (IN)
                         net (fo=0)                   0.000     0.000    clk_IBUF_inst/I
    AA13                 INBUF (Prop_INBUF_HRIO_PAD_O)
                                                      0.562     0.562 r  clk_IBUF_inst/INBUF_INST/O
                         net (fo=1, routed)           0.025     0.587    clk_IBUF_inst/OUT
    AA13                 IBUFCTRL (Prop_IBUFCTRL_HRIO_I_O)
                                                      0.015     0.602 r  clk_IBUF_inst/IBUFCTRL_INST/O
                         net (fo=1, routed)           0.350     0.952    clk_IBUF
    BUFGCE_X1Y0          BUFGCE (Prop_BUFCE_BUFGCE_I_O)
                                                      0.027     0.979 r  clk_IBUF_BUFG_inst/O
    X2Y1 (CLOCK_ROOT)    net (fo=8497, routed)        0.843     1.822    clk_IBUF_BUFG
    SLICE_X69Y105        FDRE                                         r  i_l_buf_reg[3][5][2]/C
  -------------------------------------------------------------------    -------------------
    SLICE_X69Y105        FDRE (Prop_CFF2_SLICEM_C_Q)
                                                      0.048     1.870 r  i_l_buf_reg[3][5][2]/Q
                         net (fo=1, routed)           0.076     1.946    dut/gen_layer[0].gen_node[1].merge_inst/genblk2[8].genblk2[0].genblk1[5].cas_l_dut/o_lmin_reg[15]_5[2]
    SLICE_X68Y105        LUT3 (Prop_D6LUT_SLICEL_I1_O)
                                                      0.030     1.976 r  dut/gen_layer[0].gen_node[1].merge_inst/genblk2[8].genblk2[0].genblk1[5].cas_l_dut/o_lmin[2]_i_1__0/O
                         net (fo=1, routed)           0.016     1.992    dut/gen_layer[0].gen_node[1].merge_inst/genblk2[8].genblk2[0].genblk1[5].cas_l_dut/o_lmin[2]_i_1__0_n_0
    SLICE_X68Y105        FDRE                                         r  dut/gen_layer[0].gen_node[1].merge_inst/genblk2[8].genblk2[0].genblk1[5].cas_l_dut/o_lmin_reg[2]/D
  -------------------------------------------------------------------    -------------------

                         (clock sys_clk_pin rise edge)
                                                      0.000     0.000 r  
    AA13                                              0.000     0.000 r  clk (IN)
                         net (fo=0)                   0.000     0.000    clk_IBUF_inst/I
    AA13                 INBUF (Prop_INBUF_HRIO_PAD_O)
                                                      0.938     0.938 r  clk_IBUF_inst/INBUF_INST/O
                         net (fo=1, routed)           0.042     0.980    clk_IBUF_inst/OUT
    AA13                 IBUFCTRL (Prop_IBUFCTRL_HRIO_I_O)
                                                      0.022     1.002 r  clk_IBUF_inst/IBUFCTRL_INST/O
                         net (fo=1, routed)           0.409     1.411    clk_IBUF
    BUFGCE_X1Y0          BUFGCE (Prop_BUFCE_BUFGCE_I_O)
                                                      0.031     1.442 r  clk_IBUF_BUFG_inst/O
    X2Y1 (CLOCK_ROOT)    net (fo=8497, routed)        1.000     2.442    dut/gen_layer[0].gen_node[1].merge_inst/genblk2[8].genblk2[0].genblk1[5].cas_l_dut/clk_IBUF_BUFG
    SLICE_X68Y105        FDRE                                         r  dut/gen_layer[0].gen_node[1].merge_inst/genblk2[8].genblk2[0].genblk1[5].cas_l_dut/o_lmin_reg[2]/C
                         clock pessimism             -0.537     1.905    
    SLICE_X68Y105        FDRE (Hold_DFF_SLICEL_C_D)
                                                      0.056     1.961    dut/gen_layer[0].gen_node[1].merge_inst/genblk2[8].genblk2[0].genblk1[5].cas_l_dut/o_lmin_reg[2]
  -------------------------------------------------------------------
                         required time                         -1.961    
                         arrival time                           1.992    
  -------------------------------------------------------------------
                         slack                                  0.031    

Slack (MET) :             0.031ns  (arrival time - required time)
  Source:                 dut/gen_layer[0].gen_node[0].merge_inst/genblk2[4].genblk2[4].genblk1[1].cas_l_dut/o_lmin_reg[14]/C
                            (rising edge-triggered cell FDRE clocked by sys_clk_pin  {rise@0.000ns fall@0.500ns period=1.000ns})
  Destination:            dut/gen_layer[0].gen_node[0].merge_inst/genblk2[2].genblk2[2].genblk1[1].cas_l_dut/o_lmax_reg[14]/D
                            (rising edge-triggered cell FDRE clocked by sys_clk_pin  {rise@0.000ns fall@0.500ns period=1.000ns})
  Path Group:             sys_clk_pin
  Path Type:              Hold (Min at Fast Process Corner)
  Requirement:            0.000ns  (sys_clk_pin rise@0.000ns - sys_clk_pin rise@0.000ns)
  Data Path Delay:        0.236ns  (logic 0.095ns (40.254%)  route 0.141ns (59.746%))
  Logic Levels:           1  (LUT3=1)
  Clock Path Skew:        0.149ns (DCD - SCD - CPR)
    Destination Clock Delay (DCD):    2.426ns
    Source Clock Delay      (SCD):    1.783ns
    Clock Pessimism Removal (CPR):    0.494ns
  Clock Net Delay (Source):      0.804ns (routing 0.278ns, distribution 0.526ns)
  Clock Net Delay (Destination): 0.984ns (routing 0.309ns, distribution 0.675ns)

    Location             Delay type                Incr(ns)  Path(ns)    Netlist Resource(s)
  -------------------------------------------------------------------    -------------------
                         (clock sys_clk_pin rise edge)
                                                      0.000     0.000 r  
    AA13                                              0.000     0.000 r  clk (IN)
                         net (fo=0)                   0.000     0.000    clk_IBUF_inst/I
    AA13                 INBUF (Prop_INBUF_HRIO_PAD_O)
                                                      0.562     0.562 r  clk_IBUF_inst/INBUF_INST/O
                         net (fo=1, routed)           0.025     0.587    clk_IBUF_inst/OUT
    AA13                 IBUFCTRL (Prop_IBUFCTRL_HRIO_I_O)
                                                      0.015     0.602 r  clk_IBUF_inst/IBUFCTRL_INST/O
                         net (fo=1, routed)           0.350     0.952    clk_IBUF
    BUFGCE_X1Y0          BUFGCE (Prop_BUFCE_BUFGCE_I_O)
                                                      0.027     0.979 r  clk_IBUF_BUFG_inst/O
    X2Y1 (CLOCK_ROOT)    net (fo=8497, routed)        0.804     1.783    dut/gen_layer[0].gen_node[0].merge_inst/genblk2[4].genblk2[4].genblk1[1].cas_l_dut/clk_IBUF_BUFG
    SLICE_X54Y114        FDRE                                         r  dut/gen_layer[0].gen_node[0].merge_inst/genblk2[4].genblk2[4].genblk1[1].cas_l_dut/o_lmin_reg[14]/C
  -------------------------------------------------------------------    -------------------
    SLICE_X54Y114        FDRE (Prop_EFF_SLICEL_C_Q)
                                                      0.049     1.832 r  dut/gen_layer[0].gen_node[0].merge_inst/genblk2[4].genblk2[4].genblk1[1].cas_l_dut/o_lmin_reg[14]/Q
                         net (fo=2, routed)           0.126     1.958    dut/gen_layer[0].gen_node[0].merge_inst/genblk2[2].genblk2[2].genblk1[1].cas_l_dut/o_lmin_reg[15]_1[14]
    SLICE_X53Y120        LUT3 (Prop_B6LUT_SLICEM_I0_O)
                                                      0.046     2.004 r  dut/gen_layer[0].gen_node[0].merge_inst/genblk2[2].genblk2[2].genblk1[1].cas_l_dut/o_lmax[14]_i_1/O
                         net (fo=1, routed)           0.015     2.019    dut/gen_layer[0].gen_node[0].merge_inst/genblk2[2].genblk2[2].genblk1[1].cas_l_dut/o_lmax[14]_i_1_n_0
    SLICE_X53Y120        FDRE                                         r  dut/gen_layer[0].gen_node[0].merge_inst/genblk2[2].genblk2[2].genblk1[1].cas_l_dut/o_lmax_reg[14]/D
  -------------------------------------------------------------------    -------------------

                         (clock sys_clk_pin rise edge)
                                                      0.000     0.000 r  
    AA13                                              0.000     0.000 r  clk (IN)
                         net (fo=0)                   0.000     0.000    clk_IBUF_inst/I
    AA13                 INBUF (Prop_INBUF_HRIO_PAD_O)
                                                      0.938     0.938 r  clk_IBUF_inst/INBUF_INST/O
                         net (fo=1, routed)           0.042     0.980    clk_IBUF_inst/OUT
    AA13                 IBUFCTRL (Prop_IBUFCTRL_HRIO_I_O)
                                                      0.022     1.002 r  clk_IBUF_inst/IBUFCTRL_INST/O
                         net (fo=1, routed)           0.409     1.411    clk_IBUF
    BUFGCE_X1Y0          BUFGCE (Prop_BUFCE_BUFGCE_I_O)
                                                      0.031     1.442 r  clk_IBUF_BUFG_inst/O
    X2Y1 (CLOCK_ROOT)    net (fo=8497, routed)        0.984     2.426    dut/gen_layer[0].gen_node[0].merge_inst/genblk2[2].genblk2[2].genblk1[1].cas_l_dut/clk_IBUF_BUFG
    SLICE_X53Y120        FDRE                                         r  dut/gen_layer[0].gen_node[0].merge_inst/genblk2[2].genblk2[2].genblk1[1].cas_l_dut/o_lmax_reg[14]/C
                         clock pessimism             -0.494     1.932    
    SLICE_X53Y120        FDRE (Hold_BFF_SLICEM_C_D)
                                                      0.056     1.988    dut/gen_layer[0].gen_node[0].merge_inst/genblk2[2].genblk2[2].genblk1[1].cas_l_dut/o_lmax_reg[14]
  -------------------------------------------------------------------
                         required time                         -1.988    
                         arrival time                           2.019    
  -------------------------------------------------------------------
                         slack                                  0.031    

Slack (MET) :             0.031ns  (arrival time - required time)
  Source:                 dut/gen_layer[0].gen_node[2].merge_inst/genblk2[4].genblk2[4].genblk1[3].cas_l_dut/o_lmin_reg[1]/C
                            (rising edge-triggered cell FDRE clocked by sys_clk_pin  {rise@0.000ns fall@0.500ns period=1.000ns})
  Destination:            dut/gen_layer[0].gen_node[2].merge_inst/genblk2[2].genblk2[6].genblk1[1].cas_l_dut/o_lmin_reg[1]/D
                            (rising edge-triggered cell FDRE clocked by sys_clk_pin  {rise@0.000ns fall@0.500ns period=1.000ns})
  Path Group:             sys_clk_pin
  Path Type:              Hold (Min at Fast Process Corner)
  Requirement:            0.000ns  (sys_clk_pin rise@0.000ns - sys_clk_pin rise@0.000ns)
  Data Path Delay:        0.168ns  (logic 0.079ns (47.024%)  route 0.089ns (52.976%))
  Logic Levels:           1  (LUT3=1)
  Clock Path Skew:        0.081ns (DCD - SCD - CPR)
    Destination Clock Delay (DCD):    2.420ns
    Source Clock Delay      (SCD):    1.802ns
    Clock Pessimism Removal (CPR):    0.537ns
  Clock Net Delay (Source):      0.823ns (routing 0.278ns, distribution 0.545ns)
  Clock Net Delay (Destination): 0.978ns (routing 0.309ns, distribution 0.669ns)

    Location             Delay type                Incr(ns)  Path(ns)    Netlist Resource(s)
  -------------------------------------------------------------------    -------------------
                         (clock sys_clk_pin rise edge)
                                                      0.000     0.000 r  
    AA13                                              0.000     0.000 r  clk (IN)
                         net (fo=0)                   0.000     0.000    clk_IBUF_inst/I
    AA13                 INBUF (Prop_INBUF_HRIO_PAD_O)
                                                      0.562     0.562 r  clk_IBUF_inst/INBUF_INST/O
                         net (fo=1, routed)           0.025     0.587    clk_IBUF_inst/OUT
    AA13                 IBUFCTRL (Prop_IBUFCTRL_HRIO_I_O)
                                                      0.015     0.602 r  clk_IBUF_inst/IBUFCTRL_INST/O
                         net (fo=1, routed)           0.350     0.952    clk_IBUF
    BUFGCE_X1Y0          BUFGCE (Prop_BUFCE_BUFGCE_I_O)
                                                      0.027     0.979 r  clk_IBUF_BUFG_inst/O
    X2Y1 (CLOCK_ROOT)    net (fo=8497, routed)        0.823     1.802    dut/gen_layer[0].gen_node[2].merge_inst/genblk2[4].genblk2[4].genblk1[3].cas_l_dut/clk_IBUF_BUFG
    SLICE_X71Y82         FDRE                                         r  dut/gen_layer[0].gen_node[2].merge_inst/genblk2[4].genblk2[4].genblk1[3].cas_l_dut/o_lmin_reg[1]/C
  -------------------------------------------------------------------    -------------------
    SLICE_X71Y82         FDRE (Prop_DFF_SLICEM_C_Q)
                                                      0.049     1.851 r  dut/gen_layer[0].gen_node[2].merge_inst/genblk2[4].genblk2[4].genblk1[3].cas_l_dut/o_lmin_reg[1]/Q
                         net (fo=1, routed)           0.073     1.924    dut/gen_layer[0].gen_node[2].merge_inst/genblk2[2].genblk2[6].genblk1[1].cas_l_dut/o_lmin_reg[15]_1[1]
    SLICE_X70Y82         LUT3 (Prop_C6LUT_SLICEL_I0_O)
                                                      0.030     1.954 r  dut/gen_layer[0].gen_node[2].merge_inst/genblk2[2].genblk2[6].genblk1[1].cas_l_dut/o_lmin[1]_i_1__1/O
                         net (fo=1, routed)           0.016     1.970    dut/gen_layer[0].gen_node[2].merge_inst/genblk2[2].genblk2[6].genblk1[1].cas_l_dut/o_lmin[1]_i_1__1_n_0
    SLICE_X70Y82         FDRE                                         r  dut/gen_layer[0].gen_node[2].merge_inst/genblk2[2].genblk2[6].genblk1[1].cas_l_dut/o_lmin_reg[1]/D
  -------------------------------------------------------------------    -------------------

                         (clock sys_clk_pin rise edge)
                                                      0.000     0.000 r  
    AA13                                              0.000     0.000 r  clk (IN)
                         net (fo=0)                   0.000     0.000    clk_IBUF_inst/I
    AA13                 INBUF (Prop_INBUF_HRIO_PAD_O)
                                                      0.938     0.938 r  clk_IBUF_inst/INBUF_INST/O
                         net (fo=1, routed)           0.042     0.980    clk_IBUF_inst/OUT
    AA13                 IBUFCTRL (Prop_IBUFCTRL_HRIO_I_O)
                                                      0.022     1.002 r  clk_IBUF_inst/IBUFCTRL_INST/O
                         net (fo=1, routed)           0.409     1.411    clk_IBUF
    BUFGCE_X1Y0          BUFGCE (Prop_BUFCE_BUFGCE_I_O)
                                                      0.031     1.442 r  clk_IBUF_BUFG_inst/O
    X2Y1 (CLOCK_ROOT)    net (fo=8497, routed)        0.978     2.420    dut/gen_layer[0].gen_node[2].merge_inst/genblk2[2].genblk2[6].genblk1[1].cas_l_dut/clk_IBUF_BUFG
    SLICE_X70Y82         FDRE                                         r  dut/gen_layer[0].gen_node[2].merge_inst/genblk2[2].genblk2[6].genblk1[1].cas_l_dut/o_lmin_reg[1]/C
                         clock pessimism             -0.537     1.883    
    SLICE_X70Y82         FDRE (Hold_CFF_SLICEL_C_D)
                                                      0.056     1.939    dut/gen_layer[0].gen_node[2].merge_inst/genblk2[2].genblk2[6].genblk1[1].cas_l_dut/o_lmin_reg[1]
  -------------------------------------------------------------------
                         required time                         -1.939    
                         arrival time                           1.970    
  -------------------------------------------------------------------
                         slack                                  0.031    

Slack (MET) :             0.031ns  (arrival time - required time)
  Source:                 dut/gen_layer[1].gen_node[1].merge_inst/genblk2[4].genblk1[1].delay_line_dut/dreg_reg[6]_srl2_srlopt/C
                            (rising edge-triggered cell FDRE clocked by sys_clk_pin  {rise@0.000ns fall@0.500ns period=1.000ns})
  Destination:            dut/gen_layer[1].gen_node[1].merge_inst/genblk2[4].genblk1[1].delay_line_dut/dreg_reg[6]_srl2/D
                            (rising edge-triggered cell SRL16E clocked by sys_clk_pin  {rise@0.000ns fall@0.500ns period=1.000ns})
  Path Group:             sys_clk_pin
  Path Type:              Hold (Min at Fast Process Corner)
  Requirement:            0.000ns  (sys_clk_pin rise@0.000ns - sys_clk_pin rise@0.000ns)
  Data Path Delay:        0.235ns  (logic 0.048ns (20.426%)  route 0.187ns (79.574%))
  Logic Levels:           0  
  Clock Path Skew:        0.084ns (DCD - SCD - CPR)
    Destination Clock Delay (DCD):    2.423ns
    Source Clock Delay      (SCD):    1.802ns
    Clock Pessimism Removal (CPR):    0.537ns
  Clock Net Delay (Source):      0.823ns (routing 0.278ns, distribution 0.545ns)
  Clock Net Delay (Destination): 0.981ns (routing 0.309ns, distribution 0.672ns)

    Location             Delay type                Incr(ns)  Path(ns)    Netlist Resource(s)
  -------------------------------------------------------------------    -------------------
                         (clock sys_clk_pin rise edge)
                                                      0.000     0.000 r  
    AA13                                              0.000     0.000 r  clk (IN)
                         net (fo=0)                   0.000     0.000    clk_IBUF_inst/I
    AA13                 INBUF (Prop_INBUF_HRIO_PAD_O)
                                                      0.562     0.562 r  clk_IBUF_inst/INBUF_INST/O
                         net (fo=1, routed)           0.025     0.587    clk_IBUF_inst/OUT
    AA13                 IBUFCTRL (Prop_IBUFCTRL_HRIO_I_O)
                                                      0.015     0.602 r  clk_IBUF_inst/IBUFCTRL_INST/O
                         net (fo=1, routed)           0.350     0.952    clk_IBUF
    BUFGCE_X1Y0          BUFGCE (Prop_BUFCE_BUFGCE_I_O)
                                                      0.027     0.979 r  clk_IBUF_BUFG_inst/O
    X2Y1 (CLOCK_ROOT)    net (fo=8497, routed)        0.823     1.802    dut/gen_layer[1].gen_node[1].merge_inst/genblk2[4].genblk1[1].delay_line_dut/clk_IBUF_BUFG
    SLICE_X65Y84         FDRE                                         r  dut/gen_layer[1].gen_node[1].merge_inst/genblk2[4].genblk1[1].delay_line_dut/dreg_reg[6]_srl2_srlopt/C
  -------------------------------------------------------------------    -------------------
    SLICE_X65Y84         FDRE (Prop_EFF2_SLICEL_C_Q)
                                                      0.048     1.850 r  dut/gen_layer[1].gen_node[1].merge_inst/genblk2[4].genblk1[1].delay_line_dut/dreg_reg[6]_srl2_srlopt/Q
                         net (fo=1, routed)           0.187     2.037    dut/gen_layer[1].gen_node[1].merge_inst/genblk2[4].genblk1[1].delay_line_dut/srlopt_n_13
    SLICE_X66Y86         SRL16E                                       r  dut/gen_layer[1].gen_node[1].merge_inst/genblk2[4].genblk1[1].delay_line_dut/dreg_reg[6]_srl2/D
  -------------------------------------------------------------------    -------------------

                         (clock sys_clk_pin rise edge)
                                                      0.000     0.000 r  
    AA13                                              0.000     0.000 r  clk (IN)
                         net (fo=0)                   0.000     0.000    clk_IBUF_inst/I
    AA13                 INBUF (Prop_INBUF_HRIO_PAD_O)
                                                      0.938     0.938 r  clk_IBUF_inst/INBUF_INST/O
                         net (fo=1, routed)           0.042     0.980    clk_IBUF_inst/OUT
    AA13                 IBUFCTRL (Prop_IBUFCTRL_HRIO_I_O)
                                                      0.022     1.002 r  clk_IBUF_inst/IBUFCTRL_INST/O
                         net (fo=1, routed)           0.409     1.411    clk_IBUF
    BUFGCE_X1Y0          BUFGCE (Prop_BUFCE_BUFGCE_I_O)
                                                      0.031     1.442 r  clk_IBUF_BUFG_inst/O
    X2Y1 (CLOCK_ROOT)    net (fo=8497, routed)        0.981     2.423    dut/gen_layer[1].gen_node[1].merge_inst/genblk2[4].genblk1[1].delay_line_dut/clk_IBUF_BUFG
    SLICE_X66Y86         SRL16E                                       r  dut/gen_layer[1].gen_node[1].merge_inst/genblk2[4].genblk1[1].delay_line_dut/dreg_reg[6]_srl2/CLK
                         clock pessimism             -0.537     1.886    
    SLICE_X66Y86         SRL16E (Hold_G6LUT_SLICEM_CLK_D)
                                                      0.120     2.006    dut/gen_layer[1].gen_node[1].merge_inst/genblk2[4].genblk1[1].delay_line_dut/dreg_reg[6]_srl2
  -------------------------------------------------------------------
                         required time                         -2.006    
                         arrival time                           2.037    
  -------------------------------------------------------------------
                         slack                                  0.031    





Pulse Width Checks
--------------------------------------------------------------------------------------
Clock Name:         sys_clk_pin
Waveform(ns):       { 0.000 0.500 }
Period(ns):         1.000
Sources:            { clk }

Check Type        Corner  Lib Pin     Reference Pin  Required(ns)  Actual(ns)  Slack(ns)  Location       Pin
Min Period        n/a     BUFGCE/I    n/a            1.587         1.000       -0.587     BUFGCE_X1Y0    clk_IBUF_BUFG_inst/I
Min Period        n/a     SRL16E/CLK  n/a            1.356         1.000       -0.356     SLICE_X52Y101  dut/gen_layer[0].gen_node[0].merge_inst/genblk2[2].genblk1[0].delay_line_dut/dreg_reg[0]_srl3/CLK
Min Period        n/a     SRL16E/CLK  n/a            1.356         1.000       -0.356     SLICE_X52Y101  dut/gen_layer[0].gen_node[0].merge_inst/genblk2[2].genblk1[0].delay_line_dut/dreg_reg[10]_srl3/CLK
Min Period        n/a     SRL16E/CLK  n/a            1.356         1.000       -0.356     SLICE_X52Y101  dut/gen_layer[0].gen_node[0].merge_inst/genblk2[2].genblk1[0].delay_line_dut/dreg_reg[11]_srl3/CLK
Min Period        n/a     SRL16E/CLK  n/a            1.356         1.000       -0.356     SLICE_X52Y101  dut/gen_layer[0].gen_node[0].merge_inst/genblk2[2].genblk1[0].delay_line_dut/dreg_reg[12]_srl3/CLK
Min Period        n/a     SRL16E/CLK  n/a            1.356         1.000       -0.356     SLICE_X52Y101  dut/gen_layer[0].gen_node[0].merge_inst/genblk2[2].genblk1[0].delay_line_dut/dreg_reg[13]_srl3/CLK
Min Period        n/a     SRL16E/CLK  n/a            1.356         1.000       -0.356     SLICE_X52Y101  dut/gen_layer[0].gen_node[0].merge_inst/genblk2[2].genblk1[0].delay_line_dut/dreg_reg[14]_srl3/CLK
Min Period        n/a     SRL16E/CLK  n/a            1.356         1.000       -0.356     SLICE_X52Y101  dut/gen_layer[0].gen_node[0].merge_inst/genblk2[2].genblk1[0].delay_line_dut/dreg_reg[15]_srl3/CLK
Min Period        n/a     SRL16E/CLK  n/a            1.356         1.000       -0.356     SLICE_X53Y100  dut/gen_layer[0].gen_node[0].merge_inst/genblk2[2].genblk1[0].delay_line_dut/dreg_reg[16]_srl3/CLK
Min Period        n/a     SRL16E/CLK  n/a            1.356         1.000       -0.356     SLICE_X53Y100  dut/gen_layer[0].gen_node[0].merge_inst/genblk2[2].genblk1[0].delay_line_dut/dreg_reg[17]_srl3/CLK
Low Pulse Width   Slow    SRL16E/CLK  n/a            0.678         0.500       -0.178     SLICE_X52Y101  dut/gen_layer[0].gen_node[0].merge_inst/genblk2[2].genblk1[0].delay_line_dut/dreg_reg[0]_srl3/CLK
Low Pulse Width   Fast    SRL16E/CLK  n/a            0.678         0.500       -0.178     SLICE_X52Y101  dut/gen_layer[0].gen_node[0].merge_inst/genblk2[2].genblk1[0].delay_line_dut/dreg_reg[0]_srl3/CLK
Low Pulse Width   Slow    SRL16E/CLK  n/a            0.678         0.500       -0.178     SLICE_X52Y101  dut/gen_layer[0].gen_node[0].merge_inst/genblk2[2].genblk1[0].delay_line_dut/dreg_reg[10]_srl3/CLK
Low Pulse Width   Fast    SRL16E/CLK  n/a            0.678         0.500       -0.178     SLICE_X52Y101  dut/gen_layer[0].gen_node[0].merge_inst/genblk2[2].genblk1[0].delay_line_dut/dreg_reg[10]_srl3/CLK
Low Pulse Width   Slow    SRL16E/CLK  n/a            0.678         0.500       -0.178     SLICE_X52Y101  dut/gen_layer[0].gen_node[0].merge_inst/genblk2[2].genblk1[0].delay_line_dut/dreg_reg[11]_srl3/CLK
Low Pulse Width   Fast    SRL16E/CLK  n/a            0.678         0.500       -0.178     SLICE_X52Y101  dut/gen_layer[0].gen_node[0].merge_inst/genblk2[2].genblk1[0].delay_line_dut/dreg_reg[11]_srl3/CLK
Low Pulse Width   Slow    SRL16E/CLK  n/a            0.678         0.500       -0.178     SLICE_X52Y101  dut/gen_layer[0].gen_node[0].merge_inst/genblk2[2].genblk1[0].delay_line_dut/dreg_reg[12]_srl3/CLK
Low Pulse Width   Fast    SRL16E/CLK  n/a            0.678         0.500       -0.178     SLICE_X52Y101  dut/gen_layer[0].gen_node[0].merge_inst/genblk2[2].genblk1[0].delay_line_dut/dreg_reg[12]_srl3/CLK
Low Pulse Width   Slow    SRL16E/CLK  n/a            0.678         0.500       -0.178     SLICE_X52Y101  dut/gen_layer[0].gen_node[0].merge_inst/genblk2[2].genblk1[0].delay_line_dut/dreg_reg[13]_srl3/CLK
Low Pulse Width   Fast    SRL16E/CLK  n/a            0.678         0.500       -0.178     SLICE_X52Y101  dut/gen_layer[0].gen_node[0].merge_inst/genblk2[2].genblk1[0].delay_line_dut/dreg_reg[13]_srl3/CLK
High Pulse Width  Slow    SRL16E/CLK  n/a            0.678         0.500       -0.178     SLICE_X52Y101  dut/gen_layer[0].gen_node[0].merge_inst/genblk2[2].genblk1[0].delay_line_dut/dreg_reg[0]_srl3/CLK
High Pulse Width  Fast    SRL16E/CLK  n/a            0.678         0.500       -0.178     SLICE_X52Y101  dut/gen_layer[0].gen_node[0].merge_inst/genblk2[2].genblk1[0].delay_line_dut/dreg_reg[0]_srl3/CLK
High Pulse Width  Slow    SRL16E/CLK  n/a            0.678         0.500       -0.178     SLICE_X52Y101  dut/gen_layer[0].gen_node[0].merge_inst/genblk2[2].genblk1[0].delay_line_dut/dreg_reg[10]_srl3/CLK
High Pulse Width  Fast    SRL16E/CLK  n/a            0.678         0.500       -0.178     SLICE_X52Y101  dut/gen_layer[0].gen_node[0].merge_inst/genblk2[2].genblk1[0].delay_line_dut/dreg_reg[10]_srl3/CLK
High Pulse Width  Slow    SRL16E/CLK  n/a            0.678         0.500       -0.178     SLICE_X52Y101  dut/gen_layer[0].gen_node[0].merge_inst/genblk2[2].genblk1[0].delay_line_dut/dreg_reg[11]_srl3/CLK
High Pulse Width  Fast    SRL16E/CLK  n/a            0.678         0.500       -0.178     SLICE_X52Y101  dut/gen_layer[0].gen_node[0].merge_inst/genblk2[2].genblk1[0].delay_line_dut/dreg_reg[11]_srl3/CLK
High Pulse Width  Slow    SRL16E/CLK  n/a            0.678         0.500       -0.178     SLICE_X52Y101  dut/gen_layer[0].gen_node[0].merge_inst/genblk2[2].genblk1[0].delay_line_dut/dreg_reg[12]_srl3/CLK
High Pulse Width  Fast    SRL16E/CLK  n/a            0.678         0.500       -0.178     SLICE_X52Y101  dut/gen_layer[0].gen_node[0].merge_inst/genblk2[2].genblk1[0].delay_line_dut/dreg_reg[12]_srl3/CLK
High Pulse Width  Slow    SRL16E/CLK  n/a            0.678         0.500       -0.178     SLICE_X52Y101  dut/gen_layer[0].gen_node[0].merge_inst/genblk2[2].genblk1[0].delay_line_dut/dreg_reg[13]_srl3/CLK
High Pulse Width  Fast    SRL16E/CLK  n/a            0.678         0.500       -0.178     SLICE_X52Y101  dut/gen_layer[0].gen_node[0].merge_inst/genblk2[2].genblk1[0].delay_line_dut/dreg_reg[13]_srl3/CLK



--------------------------------------------------------------------------------------
Path Group:  (none)
From Clock:  sys_clk_pin
  To Clock:  

Max Delay            27 Endpoints
Min Delay            27 Endpoints
--------------------------------------------------------------------------------------


Max Delay Paths
--------------------------------------------------------------------------------------
Slack:                    inf
  Source:                 o_metric_reg[5]/C
                            (rising edge-triggered cell FDRE clocked by sys_clk_pin  {rise@0.000ns fall@0.500ns period=1.000ns})
  Destination:            o_metric[5]
                            (output port)
  Path Group:             (none)
  Path Type:              Max at Slow Process Corner
  Data Path Delay:        5.204ns  (logic 1.014ns (19.481%)  route 4.190ns (80.519%))
  Logic Levels:           1  (OBUF=1)
  Clock Uncertainty:      0.025ns  ((TSJ^2 + TIJ^2)^1/2 + DJ) / 2 + PE
    Total System Jitter     (TSJ):    0.050ns
    Total Input Jitter      (TIJ):    0.000ns
    Discrete Jitter          (DJ):    0.000ns
    Phase Error              (PE):    0.000ns
  Clock Net Delay (Source):      2.312ns (routing 0.756ns, distribution 1.556ns)

    Location             Delay type                Incr(ns)  Path(ns)    Netlist Resource(s)
  -------------------------------------------------------------------    -------------------
                         (clock sys_clk_pin rise edge)
                                                      0.000     0.000 r  
    AA13                                              0.000     0.000 r  clk (IN)
                         net (fo=0)                   0.000     0.000    clk_IBUF_inst/I
    AA13                 INBUF (Prop_INBUF_HRIO_PAD_O)
                                                      0.955     0.955 r  clk_IBUF_inst/INBUF_INST/O
                         net (fo=1, routed)           0.105     1.060    clk_IBUF_inst/OUT
    AA13                 IBUFCTRL (Prop_IBUFCTRL_HRIO_I_O)
                                                      0.049     1.109 r  clk_IBUF_inst/IBUFCTRL_INST/O
                         net (fo=1, routed)           0.839     1.948    clk_IBUF
    BUFGCE_X1Y0          BUFGCE (Prop_BUFCE_BUFGCE_I_O)
                                                      0.101     2.049 r  clk_IBUF_BUFG_inst/O
    X2Y1 (CLOCK_ROOT)    net (fo=8497, routed)        2.312     4.361    clk_IBUF_BUFG
    SLICE_X64Y98         FDRE                                         r  o_metric_reg[5]/C
  -------------------------------------------------------------------    -------------------
    SLICE_X64Y98         FDRE (Prop_HFF_SLICEM_C_Q)
                                                      0.138     4.499 r  o_metric_reg[5]/Q
                         net (fo=1, routed)           4.190     8.689    o_metric_OBUF[5]
    F10                  OBUF (Prop_OUTBUF_HPIOB_I_O)
                                                      0.876     9.565 r  o_metric_OBUF[5]_inst/O
                         net (fo=0)                   0.000     9.565    o_metric[5]
    F10                                                               r  o_metric[5] (OUT)
  -------------------------------------------------------------------    -------------------

Slack:                    inf
  Source:                 o_label_reg[6]/C
                            (rising edge-triggered cell FDRE clocked by sys_clk_pin  {rise@0.000ns fall@0.500ns period=1.000ns})
  Destination:            o_label[6]
                            (output port)
  Path Group:             (none)
  Path Type:              Max at Slow Process Corner
  Data Path Delay:        5.167ns  (logic 1.547ns (29.936%)  route 3.620ns (70.064%))
  Logic Levels:           1  (OBUF=1)
  Clock Uncertainty:      0.025ns  ((TSJ^2 + TIJ^2)^1/2 + DJ) / 2 + PE
    Total System Jitter     (TSJ):    0.050ns
    Total Input Jitter      (TIJ):    0.000ns
    Discrete Jitter          (DJ):    0.000ns
    Phase Error              (PE):    0.000ns
  Clock Net Delay (Source):      2.285ns (routing 0.756ns, distribution 1.529ns)

    Location             Delay type                Incr(ns)  Path(ns)    Netlist Resource(s)
  -------------------------------------------------------------------    -------------------
                         (clock sys_clk_pin rise edge)
                                                      0.000     0.000 r  
    AA13                                              0.000     0.000 r  clk (IN)
                         net (fo=0)                   0.000     0.000    clk_IBUF_inst/I
    AA13                 INBUF (Prop_INBUF_HRIO_PAD_O)
                                                      0.955     0.955 r  clk_IBUF_inst/INBUF_INST/O
                         net (fo=1, routed)           0.105     1.060    clk_IBUF_inst/OUT
    AA13                 IBUFCTRL (Prop_IBUFCTRL_HRIO_I_O)
                                                      0.049     1.109 r  clk_IBUF_inst/IBUFCTRL_INST/O
                         net (fo=1, routed)           0.839     1.948    clk_IBUF
    BUFGCE_X1Y0          BUFGCE (Prop_BUFCE_BUFGCE_I_O)
                                                      0.101     2.049 r  clk_IBUF_BUFG_inst/O
    X2Y1 (CLOCK_ROOT)    net (fo=8497, routed)        2.285     4.334    clk_IBUF_BUFG
    SLICE_X66Y99         FDRE                                         r  o_label_reg[6]/C
  -------------------------------------------------------------------    -------------------
    SLICE_X66Y99         FDRE (Prop_DFF_SLICEM_C_Q)
                                                      0.139     4.473 r  o_label_reg[6]/Q
                         net (fo=1, routed)           3.620     8.093    o_label_OBUF[6]
    W16                  OBUF (Prop_OUTBUF_HRIO_I_O)
                                                      1.408     9.501 r  o_label_OBUF[6]_inst/O
                         net (fo=0)                   0.000     9.501    o_label[6]
    W16                                                               r  o_label[6] (OUT)
  -------------------------------------------------------------------    -------------------

Slack:                    inf
  Source:                 o_metric_reg[2]/C
                            (rising edge-triggered cell FDRE clocked by sys_clk_pin  {rise@0.000ns fall@0.500ns period=1.000ns})
  Destination:            o_metric[2]
                            (output port)
  Path Group:             (none)
  Path Type:              Max at Slow Process Corner
  Data Path Delay:        4.987ns  (logic 1.006ns (20.177%)  route 3.981ns (79.823%))
  Logic Levels:           1  (OBUF=1)
  Clock Uncertainty:      0.025ns  ((TSJ^2 + TIJ^2)^1/2 + DJ) / 2 + PE
    Total System Jitter     (TSJ):    0.050ns
    Total Input Jitter      (TIJ):    0.000ns
    Discrete Jitter          (DJ):    0.000ns
    Phase Error              (PE):    0.000ns
  Clock Net Delay (Source):      2.314ns (routing 0.756ns, distribution 1.558ns)

    Location             Delay type                Incr(ns)  Path(ns)    Netlist Resource(s)
  -------------------------------------------------------------------    -------------------
                         (clock sys_clk_pin rise edge)
                                                      0.000     0.000 r  
    AA13                                              0.000     0.000 r  clk (IN)
                         net (fo=0)                   0.000     0.000    clk_IBUF_inst/I
    AA13                 INBUF (Prop_INBUF_HRIO_PAD_O)
                                                      0.955     0.955 r  clk_IBUF_inst/INBUF_INST/O
                         net (fo=1, routed)           0.105     1.060    clk_IBUF_inst/OUT
    AA13                 IBUFCTRL (Prop_IBUFCTRL_HRIO_I_O)
                                                      0.049     1.109 r  clk_IBUF_inst/IBUFCTRL_INST/O
                         net (fo=1, routed)           0.839     1.948    clk_IBUF
    BUFGCE_X1Y0          BUFGCE (Prop_BUFCE_BUFGCE_I_O)
                                                      0.101     2.049 r  clk_IBUF_BUFG_inst/O
    X2Y1 (CLOCK_ROOT)    net (fo=8497, routed)        2.314     4.363    clk_IBUF_BUFG
    SLICE_X64Y100        FDRE                                         r  o_metric_reg[2]/C
  -------------------------------------------------------------------    -------------------
    SLICE_X64Y100        FDRE (Prop_HFF_SLICEM_C_Q)
                                                      0.138     4.501 r  o_metric_reg[2]/Q
                         net (fo=1, routed)           3.981     8.482    o_metric_OBUF[2]
    J11                  OBUF (Prop_OUTBUF_HPIOB_I_O)
                                                      0.868     9.350 r  o_metric_OBUF[2]_inst/O
                         net (fo=0)                   0.000     9.350    o_metric[2]
    J11                                                               r  o_metric[2] (OUT)
  -------------------------------------------------------------------    -------------------

Slack:                    inf
  Source:                 o_metric_reg[6]/C
                            (rising edge-triggered cell FDRE clocked by sys_clk_pin  {rise@0.000ns fall@0.500ns period=1.000ns})
  Destination:            o_metric[6]
                            (output port)
  Path Group:             (none)
  Path Type:              Max at Slow Process Corner
  Data Path Delay:        4.823ns  (logic 1.007ns (20.886%)  route 3.816ns (79.114%))
  Logic Levels:           1  (OBUF=1)
  Clock Uncertainty:      0.025ns  ((TSJ^2 + TIJ^2)^1/2 + DJ) / 2 + PE
    Total System Jitter     (TSJ):    0.050ns
    Total Input Jitter      (TIJ):    0.000ns
    Discrete Jitter          (DJ):    0.000ns
    Phase Error              (PE):    0.000ns
  Clock Net Delay (Source):      2.314ns (routing 0.756ns, distribution 1.558ns)

    Location             Delay type                Incr(ns)  Path(ns)    Netlist Resource(s)
  -------------------------------------------------------------------    -------------------
                         (clock sys_clk_pin rise edge)
                                                      0.000     0.000 r  
    AA13                                              0.000     0.000 r  clk (IN)
                         net (fo=0)                   0.000     0.000    clk_IBUF_inst/I
    AA13                 INBUF (Prop_INBUF_HRIO_PAD_O)
                                                      0.955     0.955 r  clk_IBUF_inst/INBUF_INST/O
                         net (fo=1, routed)           0.105     1.060    clk_IBUF_inst/OUT
    AA13                 IBUFCTRL (Prop_IBUFCTRL_HRIO_I_O)
                                                      0.049     1.109 r  clk_IBUF_inst/IBUFCTRL_INST/O
                         net (fo=1, routed)           0.839     1.948    clk_IBUF
    BUFGCE_X1Y0          BUFGCE (Prop_BUFCE_BUFGCE_I_O)
                                                      0.101     2.049 r  clk_IBUF_BUFG_inst/O
    X2Y1 (CLOCK_ROOT)    net (fo=8497, routed)        2.314     4.363    clk_IBUF_BUFG
    SLICE_X64Y100        FDRE                                         r  o_metric_reg[6]/C
  -------------------------------------------------------------------    -------------------
    SLICE_X64Y100        FDRE (Prop_FFF_SLICEM_C_Q)
                                                      0.139     4.502 r  o_metric_reg[6]/Q
                         net (fo=1, routed)           3.816     8.318    o_metric_OBUF[6]
    J10                  OBUF (Prop_OUTBUF_HPIOB_I_O)
                                                      0.868     9.186 r  o_metric_OBUF[6]_inst/O
                         net (fo=0)                   0.000     9.186    o_metric[6]
    J10                                                               r  o_metric[6] (OUT)
  -------------------------------------------------------------------    -------------------

Slack:                    inf
  Source:                 o_metric_reg[9]/C
                            (rising edge-triggered cell FDRE clocked by sys_clk_pin  {rise@0.000ns fall@0.500ns period=1.000ns})
  Destination:            o_metric[9]
                            (output port)
  Path Group:             (none)
  Path Type:              Max at Slow Process Corner
  Data Path Delay:        4.640ns  (logic 1.035ns (22.309%)  route 3.605ns (77.691%))
  Logic Levels:           1  (OBUF=1)
  Clock Uncertainty:      0.025ns  ((TSJ^2 + TIJ^2)^1/2 + DJ) / 2 + PE
    Total System Jitter     (TSJ):    0.050ns
    Total Input Jitter      (TIJ):    0.000ns
    Discrete Jitter          (DJ):    0.000ns
    Phase Error              (PE):    0.000ns
  Clock Net Delay (Source):      2.312ns (routing 0.756ns, distribution 1.556ns)

    Location             Delay type                Incr(ns)  Path(ns)    Netlist Resource(s)
  -------------------------------------------------------------------    -------------------
                         (clock sys_clk_pin rise edge)
                                                      0.000     0.000 r  
    AA13                                              0.000     0.000 r  clk (IN)
                         net (fo=0)                   0.000     0.000    clk_IBUF_inst/I
    AA13                 INBUF (Prop_INBUF_HRIO_PAD_O)
                                                      0.955     0.955 r  clk_IBUF_inst/INBUF_INST/O
                         net (fo=1, routed)           0.105     1.060    clk_IBUF_inst/OUT
    AA13                 IBUFCTRL (Prop_IBUFCTRL_HRIO_I_O)
                                                      0.049     1.109 r  clk_IBUF_inst/IBUFCTRL_INST/O
                         net (fo=1, routed)           0.839     1.948    clk_IBUF
    BUFGCE_X1Y0          BUFGCE (Prop_BUFCE_BUFGCE_I_O)
                                                      0.101     2.049 r  clk_IBUF_BUFG_inst/O
    X2Y1 (CLOCK_ROOT)    net (fo=8497, routed)        2.312     4.361    clk_IBUF_BUFG
    SLICE_X64Y98         FDRE                                         r  o_metric_reg[9]/C
  -------------------------------------------------------------------    -------------------
    SLICE_X64Y98         FDRE (Prop_FFF_SLICEM_C_Q)
                                                      0.139     4.500 r  o_metric_reg[9]/Q
                         net (fo=1, routed)           3.605     8.105    o_metric_OBUF[9]
    F8                   OBUF (Prop_OUTBUF_HPIOB_I_O)
                                                      0.896     9.001 r  o_metric_OBUF[9]_inst/O
                         net (fo=0)                   0.000     9.001    o_metric[9]
    F8                                                                r  o_metric[9] (OUT)
  -------------------------------------------------------------------    -------------------

Slack:                    inf
  Source:                 o_label_reg[14]/C
                            (rising edge-triggered cell FDRE clocked by sys_clk_pin  {rise@0.000ns fall@0.500ns period=1.000ns})
  Destination:            o_label[14]
                            (output port)
  Path Group:             (none)
  Path Type:              Max at Slow Process Corner
  Data Path Delay:        4.118ns  (logic 1.576ns (38.267%)  route 2.542ns (61.733%))
  Logic Levels:           1  (OBUF=1)
  Clock Uncertainty:      0.025ns  ((TSJ^2 + TIJ^2)^1/2 + DJ) / 2 + PE
    Total System Jitter     (TSJ):    0.050ns
    Total Input Jitter      (TIJ):    0.000ns
    Discrete Jitter          (DJ):    0.000ns
    Phase Error              (PE):    0.000ns
  Clock Net Delay (Source):      2.314ns (routing 0.756ns, distribution 1.558ns)

    Location             Delay type                Incr(ns)  Path(ns)    Netlist Resource(s)
  -------------------------------------------------------------------    -------------------
                         (clock sys_clk_pin rise edge)
                                                      0.000     0.000 r  
    AA13                                              0.000     0.000 r  clk (IN)
                         net (fo=0)                   0.000     0.000    clk_IBUF_inst/I
    AA13                 INBUF (Prop_INBUF_HRIO_PAD_O)
                                                      0.955     0.955 r  clk_IBUF_inst/INBUF_INST/O
                         net (fo=1, routed)           0.105     1.060    clk_IBUF_inst/OUT
    AA13                 IBUFCTRL (Prop_IBUFCTRL_HRIO_I_O)
                                                      0.049     1.109 r  clk_IBUF_inst/IBUFCTRL_INST/O
                         net (fo=1, routed)           0.839     1.948    clk_IBUF
    BUFGCE_X1Y0          BUFGCE (Prop_BUFCE_BUFGCE_I_O)
                                                      0.101     2.049 r  clk_IBUF_BUFG_inst/O
    X2Y1 (CLOCK_ROOT)    net (fo=8497, routed)        2.314     4.363    clk_IBUF_BUFG
    SLICE_X68Y98         FDRE                                         r  o_label_reg[14]/C
  -------------------------------------------------------------------    -------------------
    SLICE_X68Y98         FDRE (Prop_FFF_SLICEL_C_Q)
                                                      0.139     4.502 r  o_label_reg[14]/Q
                         net (fo=1, routed)           2.542     7.044    o_label_OBUF[14]
    AE17                 OBUF (Prop_OUTBUF_HRIO_I_O)
                                                      1.437     8.481 r  o_label_OBUF[14]_inst/O
                         net (fo=0)                   0.000     8.481    o_label[14]
    AE17                                                              r  o_label[14] (OUT)
  -------------------------------------------------------------------    -------------------

Slack:                    inf
  Source:                 o_label_reg[15]/C
                            (rising edge-triggered cell FDRE clocked by sys_clk_pin  {rise@0.000ns fall@0.500ns period=1.000ns})
  Destination:            o_label[15]
                            (output port)
  Path Group:             (none)
  Path Type:              Max at Slow Process Corner
  Data Path Delay:        4.126ns  (logic 1.570ns (38.050%)  route 2.556ns (61.950%))
  Logic Levels:           1  (OBUF=1)
  Clock Uncertainty:      0.025ns  ((TSJ^2 + TIJ^2)^1/2 + DJ) / 2 + PE
    Total System Jitter     (TSJ):    0.050ns
    Total Input Jitter      (TIJ):    0.000ns
    Discrete Jitter          (DJ):    0.000ns
    Phase Error              (PE):    0.000ns
  Clock Net Delay (Source):      2.286ns (routing 0.756ns, distribution 1.530ns)

    Location             Delay type                Incr(ns)  Path(ns)    Netlist Resource(s)
  -------------------------------------------------------------------    -------------------
                         (clock sys_clk_pin rise edge)
                                                      0.000     0.000 r  
    AA13                                              0.000     0.000 r  clk (IN)
                         net (fo=0)                   0.000     0.000    clk_IBUF_inst/I
    AA13                 INBUF (Prop_INBUF_HRIO_PAD_O)
                                                      0.955     0.955 r  clk_IBUF_inst/INBUF_INST/O
                         net (fo=1, routed)           0.105     1.060    clk_IBUF_inst/OUT
    AA13                 IBUFCTRL (Prop_IBUFCTRL_HRIO_I_O)
                                                      0.049     1.109 r  clk_IBUF_inst/IBUFCTRL_INST/O
                         net (fo=1, routed)           0.839     1.948    clk_IBUF
    BUFGCE_X1Y0          BUFGCE (Prop_BUFCE_BUFGCE_I_O)
                                                      0.101     2.049 r  clk_IBUF_BUFG_inst/O
    X2Y1 (CLOCK_ROOT)    net (fo=8497, routed)        2.286     4.335    clk_IBUF_BUFG
    SLICE_X66Y100        FDRE                                         r  o_label_reg[15]/C
  -------------------------------------------------------------------    -------------------
    SLICE_X66Y100        FDRE (Prop_DFF_SLICEM_C_Q)
                                                      0.139     4.474 r  o_label_reg[15]/Q
                         net (fo=1, routed)           2.556     7.030    o_label_OBUF[15]
    AE18                 OBUF (Prop_OUTBUF_HRIO_I_O)
                                                      1.431     8.461 r  o_label_OBUF[15]_inst/O
                         net (fo=0)                   0.000     8.461    o_label[15]
    AE18                                                              r  o_label[15] (OUT)
  -------------------------------------------------------------------    -------------------

Slack:                    inf
  Source:                 o_label_reg[12]/C
                            (rising edge-triggered cell FDRE clocked by sys_clk_pin  {rise@0.000ns fall@0.500ns period=1.000ns})
  Destination:            o_label[12]
                            (output port)
  Path Group:             (none)
  Path Type:              Max at Slow Process Corner
  Data Path Delay:        4.078ns  (logic 1.551ns (38.032%)  route 2.527ns (61.968%))
  Logic Levels:           1  (OBUF=1)
  Clock Uncertainty:      0.025ns  ((TSJ^2 + TIJ^2)^1/2 + DJ) / 2 + PE
    Total System Jitter     (TSJ):    0.050ns
    Total Input Jitter      (TIJ):    0.000ns
    Discrete Jitter          (DJ):    0.000ns
    Phase Error              (PE):    0.000ns
  Clock Net Delay (Source):      2.321ns (routing 0.756ns, distribution 1.565ns)

    Location             Delay type                Incr(ns)  Path(ns)    Netlist Resource(s)
  -------------------------------------------------------------------    -------------------
                         (clock sys_clk_pin rise edge)
                                                      0.000     0.000 r  
    AA13                                              0.000     0.000 r  clk (IN)
                         net (fo=0)                   0.000     0.000    clk_IBUF_inst/I
    AA13                 INBUF (Prop_INBUF_HRIO_PAD_O)
                                                      0.955     0.955 r  clk_IBUF_inst/INBUF_INST/O
                         net (fo=1, routed)           0.105     1.060    clk_IBUF_inst/OUT
    AA13                 IBUFCTRL (Prop_IBUFCTRL_HRIO_I_O)
                                                      0.049     1.109 r  clk_IBUF_inst/IBUFCTRL_INST/O
                         net (fo=1, routed)           0.839     1.948    clk_IBUF
    BUFGCE_X1Y0          BUFGCE (Prop_BUFCE_BUFGCE_I_O)
                                                      0.101     2.049 r  clk_IBUF_BUFG_inst/O
    X2Y1 (CLOCK_ROOT)    net (fo=8497, routed)        2.321     4.370    clk_IBUF_BUFG
    SLICE_X69Y98         FDRE                                         r  o_label_reg[12]/C
  -------------------------------------------------------------------    -------------------
    SLICE_X69Y98         FDRE (Prop_DFF_SLICEM_C_Q)
                                                      0.139     4.509 r  o_label_reg[12]/Q
                         net (fo=1, routed)           2.527     7.036    o_label_OBUF[12]
    AF19                 OBUF (Prop_OUTBUF_HRIO_I_O)
                                                      1.412     8.448 r  o_label_OBUF[12]_inst/O
                         net (fo=0)                   0.000     8.448    o_label[12]
    AF19                                                              r  o_label[12] (OUT)
  -------------------------------------------------------------------    -------------------

Slack:                    inf
  Source:                 o_label_reg[13]/C
                            (rising edge-triggered cell FDRE clocked by sys_clk_pin  {rise@0.000ns fall@0.500ns period=1.000ns})
  Destination:            o_label[13]
                            (output port)
  Path Group:             (none)
  Path Type:              Max at Slow Process Corner
  Data Path Delay:        4.055ns  (logic 1.552ns (38.268%)  route 2.503ns (61.732%))
  Logic Levels:           1  (OBUF=1)
  Clock Uncertainty:      0.025ns  ((TSJ^2 + TIJ^2)^1/2 + DJ) / 2 + PE
    Total System Jitter     (TSJ):    0.050ns
    Total Input Jitter      (TIJ):    0.000ns
    Discrete Jitter          (DJ):    0.000ns
    Phase Error              (PE):    0.000ns
  Clock Net Delay (Source):      2.316ns (routing 0.756ns, distribution 1.560ns)

    Location             Delay type                Incr(ns)  Path(ns)    Netlist Resource(s)
  -------------------------------------------------------------------    -------------------
                         (clock sys_clk_pin rise edge)
                                                      0.000     0.000 r  
    AA13                                              0.000     0.000 r  clk (IN)
                         net (fo=0)                   0.000     0.000    clk_IBUF_inst/I
    AA13                 INBUF (Prop_INBUF_HRIO_PAD_O)
                                                      0.955     0.955 r  clk_IBUF_inst/INBUF_INST/O
                         net (fo=1, routed)           0.105     1.060    clk_IBUF_inst/OUT
    AA13                 IBUFCTRL (Prop_IBUFCTRL_HRIO_I_O)
                                                      0.049     1.109 r  clk_IBUF_inst/IBUFCTRL_INST/O
                         net (fo=1, routed)           0.839     1.948    clk_IBUF
    BUFGCE_X1Y0          BUFGCE (Prop_BUFCE_BUFGCE_I_O)
                                                      0.101     2.049 r  clk_IBUF_BUFG_inst/O
    X2Y1 (CLOCK_ROOT)    net (fo=8497, routed)        2.316     4.365    clk_IBUF_BUFG
    SLICE_X67Y97         FDRE                                         r  o_label_reg[13]/C
  -------------------------------------------------------------------    -------------------
    SLICE_X67Y97         FDRE (Prop_HFF_SLICEM_C_Q)
                                                      0.138     4.503 r  o_label_reg[13]/Q
                         net (fo=1, routed)           2.503     7.006    o_label_OBUF[13]
    AF20                 OBUF (Prop_OUTBUF_HRIO_I_O)
                                                      1.414     8.420 r  o_label_OBUF[13]_inst/O
                         net (fo=0)                   0.000     8.420    o_label[13]
    AF20                                                              r  o_label[13] (OUT)
  -------------------------------------------------------------------    -------------------

Slack:                    inf
  Source:                 o_label_reg[9]/C
                            (rising edge-triggered cell FDRE clocked by sys_clk_pin  {rise@0.000ns fall@0.500ns period=1.000ns})
  Destination:            o_label[9]
                            (output port)
  Path Group:             (none)
  Path Type:              Max at Slow Process Corner
  Data Path Delay:        4.047ns  (logic 1.547ns (38.220%)  route 2.500ns (61.780%))
  Logic Levels:           1  (OBUF=1)
  Clock Uncertainty:      0.025ns  ((TSJ^2 + TIJ^2)^1/2 + DJ) / 2 + PE
    Total System Jitter     (TSJ):    0.050ns
    Total Input Jitter      (TIJ):    0.000ns
    Discrete Jitter          (DJ):    0.000ns
    Phase Error              (PE):    0.000ns
  Clock Net Delay (Source):      2.313ns (routing 0.756ns, distribution 1.557ns)

    Location             Delay type                Incr(ns)  Path(ns)    Netlist Resource(s)
  -------------------------------------------------------------------    -------------------
                         (clock sys_clk_pin rise edge)
                                                      0.000     0.000 r  
    AA13                                              0.000     0.000 r  clk (IN)
                         net (fo=0)                   0.000     0.000    clk_IBUF_inst/I
    AA13                 INBUF (Prop_INBUF_HRIO_PAD_O)
                                                      0.955     0.955 r  clk_IBUF_inst/INBUF_INST/O
                         net (fo=1, routed)           0.105     1.060    clk_IBUF_inst/OUT
    AA13                 IBUFCTRL (Prop_IBUFCTRL_HRIO_I_O)
                                                      0.049     1.109 r  clk_IBUF_inst/IBUFCTRL_INST/O
                         net (fo=1, routed)           0.839     1.948    clk_IBUF
    BUFGCE_X1Y0          BUFGCE (Prop_BUFCE_BUFGCE_I_O)
                                                      0.101     2.049 r  clk_IBUF_BUFG_inst/O
    X2Y1 (CLOCK_ROOT)    net (fo=8497, routed)        2.313     4.362    clk_IBUF_BUFG
    SLICE_X65Y102        FDRE                                         r  o_label_reg[9]/C
  -------------------------------------------------------------------    -------------------
    SLICE_X65Y102        FDRE (Prop_HFF_SLICEL_C_Q)
                                                      0.138     4.500 r  o_label_reg[9]/Q
                         net (fo=1, routed)           2.500     7.000    o_label_OBUF[9]
    AF18                 OBUF (Prop_OUTBUF_HRIO_I_O)
                                                      1.409     8.409 r  o_label_OBUF[9]_inst/O
                         net (fo=0)                   0.000     8.409    o_label[9]
    AF18                                                              r  o_label[9] (OUT)
  -------------------------------------------------------------------    -------------------





Min Delay Paths
--------------------------------------------------------------------------------------
Slack:                    inf
  Source:                 o_valid_reg/C
                            (rising edge-triggered cell FDRE clocked by sys_clk_pin  {rise@0.000ns fall@0.500ns period=1.000ns})
  Destination:            o_valid
                            (output port)
  Path Group:             (none)
  Path Type:              Min at Fast Process Corner
  Data Path Delay:        1.345ns  (logic 0.577ns (42.919%)  route 0.768ns (57.081%))
  Logic Levels:           1  (OBUF=1)
  Clock Uncertainty:      0.025ns  ((TSJ^2 + TIJ^2)^1/2 + DJ) / 2 + PE
    Total System Jitter     (TSJ):    0.050ns
    Total Input Jitter      (TIJ):    0.000ns
    Discrete Jitter          (DJ):    0.000ns
    Phase Error              (PE):    0.000ns
  Clock Net Delay (Source):      0.771ns (routing 0.278ns, distribution 0.493ns)

    Location             Delay type                Incr(ns)  Path(ns)    Netlist Resource(s)
  -------------------------------------------------------------------    -------------------
                         (clock sys_clk_pin rise edge)
                                                      0.000     0.000 r  
    AA13                                              0.000     0.000 r  clk (IN)
                         net (fo=0)                   0.000     0.000    clk_IBUF_inst/I
    AA13                 INBUF (Prop_INBUF_HRIO_PAD_O)
                                                      0.562     0.562 r  clk_IBUF_inst/INBUF_INST/O
                         net (fo=1, routed)           0.025     0.587    clk_IBUF_inst/OUT
    AA13                 IBUFCTRL (Prop_IBUFCTRL_HRIO_I_O)
                                                      0.015     0.602 r  clk_IBUF_inst/IBUFCTRL_INST/O
                         net (fo=1, routed)           0.350     0.952    clk_IBUF
    BUFGCE_X1Y0          BUFGCE (Prop_BUFCE_BUFGCE_I_O)
                                                      0.027     0.979 r  clk_IBUF_BUFG_inst/O
    X2Y1 (CLOCK_ROOT)    net (fo=8497, routed)        0.771     1.750    clk_IBUF_BUFG
    SLICE_X49Y95         FDRE                                         r  o_valid_reg/C
  -------------------------------------------------------------------    -------------------
    SLICE_X49Y95         FDRE (Prop_EFF_SLICEL_C_Q)
                                                      0.049     1.799 r  o_valid_reg/Q
                         net (fo=1, routed)           0.768     2.567    o_valid_OBUF
    AB17                 OBUF (Prop_OUTBUF_HRIO_I_O)
                                                      0.528     3.096 r  o_valid_OBUF_inst/O
                         net (fo=0)                   0.000     3.096    o_valid
    AB17                                                              r  o_valid (OUT)
  -------------------------------------------------------------------    -------------------

Slack:                    inf
  Source:                 o_label_reg[5]/C
                            (rising edge-triggered cell FDRE clocked by sys_clk_pin  {rise@0.000ns fall@0.500ns period=1.000ns})
  Destination:            o_label[5]
                            (output port)
  Path Group:             (none)
  Path Type:              Min at Fast Process Corner
  Data Path Delay:        1.413ns  (logic 0.568ns (40.206%)  route 0.845ns (59.794%))
  Logic Levels:           1  (OBUF=1)
  Clock Uncertainty:      0.025ns  ((TSJ^2 + TIJ^2)^1/2 + DJ) / 2 + PE
    Total System Jitter     (TSJ):    0.050ns
    Total Input Jitter      (TIJ):    0.000ns
    Discrete Jitter          (DJ):    0.000ns
    Phase Error              (PE):    0.000ns
  Clock Net Delay (Source):      0.833ns (routing 0.278ns, distribution 0.555ns)

    Location             Delay type                Incr(ns)  Path(ns)    Netlist Resource(s)
  -------------------------------------------------------------------    -------------------
                         (clock sys_clk_pin rise edge)
                                                      0.000     0.000 r  
    AA13                                              0.000     0.000 r  clk (IN)
                         net (fo=0)                   0.000     0.000    clk_IBUF_inst/I
    AA13                 INBUF (Prop_INBUF_HRIO_PAD_O)
                                                      0.562     0.562 r  clk_IBUF_inst/INBUF_INST/O
                         net (fo=1, routed)           0.025     0.587    clk_IBUF_inst/OUT
    AA13                 IBUFCTRL (Prop_IBUFCTRL_HRIO_I_O)
                                                      0.015     0.602 r  clk_IBUF_inst/IBUFCTRL_INST/O
                         net (fo=1, routed)           0.350     0.952    clk_IBUF
    BUFGCE_X1Y0          BUFGCE (Prop_BUFCE_BUFGCE_I_O)
                                                      0.027     0.979 r  clk_IBUF_BUFG_inst/O
    X2Y1 (CLOCK_ROOT)    net (fo=8497, routed)        0.833     1.812    clk_IBUF_BUFG
    SLICE_X67Y97         FDRE                                         r  o_label_reg[5]/C
  -------------------------------------------------------------------    -------------------
    SLICE_X67Y97         FDRE (Prop_FFF_SLICEM_C_Q)
                                                      0.049     1.861 r  o_label_reg[5]/Q
                         net (fo=1, routed)           0.845     2.706    o_label_OBUF[5]
    Y21                  OBUF (Prop_OUTBUF_HRIO_I_O)
                                                      0.519     3.225 r  o_label_OBUF[5]_inst/O
                         net (fo=0)                   0.000     3.225    o_label[5]
    Y21                                                               r  o_label[5] (OUT)
  -------------------------------------------------------------------    -------------------

Slack:                    inf
  Source:                 o_label_reg[4]/C
                            (rising edge-triggered cell FDRE clocked by sys_clk_pin  {rise@0.000ns fall@0.500ns period=1.000ns})
  Destination:            o_label[4]
                            (output port)
  Path Group:             (none)
  Path Type:              Min at Fast Process Corner
  Data Path Delay:        1.418ns  (logic 0.564ns (39.778%)  route 0.854ns (60.222%))
  Logic Levels:           1  (OBUF=1)
  Clock Uncertainty:      0.025ns  ((TSJ^2 + TIJ^2)^1/2 + DJ) / 2 + PE
    Total System Jitter     (TSJ):    0.050ns
    Total Input Jitter      (TIJ):    0.000ns
    Discrete Jitter          (DJ):    0.000ns
    Phase Error              (PE):    0.000ns
  Clock Net Delay (Source):      0.830ns (routing 0.278ns, distribution 0.552ns)

    Location             Delay type                Incr(ns)  Path(ns)    Netlist Resource(s)
  -------------------------------------------------------------------    -------------------
                         (clock sys_clk_pin rise edge)
                                                      0.000     0.000 r  
    AA13                                              0.000     0.000 r  clk (IN)
                         net (fo=0)                   0.000     0.000    clk_IBUF_inst/I
    AA13                 INBUF (Prop_INBUF_HRIO_PAD_O)
                                                      0.562     0.562 r  clk_IBUF_inst/INBUF_INST/O
                         net (fo=1, routed)           0.025     0.587    clk_IBUF_inst/OUT
    AA13                 IBUFCTRL (Prop_IBUFCTRL_HRIO_I_O)
                                                      0.015     0.602 r  clk_IBUF_inst/IBUFCTRL_INST/O
                         net (fo=1, routed)           0.350     0.952    clk_IBUF
    BUFGCE_X1Y0          BUFGCE (Prop_BUFCE_BUFGCE_I_O)
                                                      0.027     0.979 r  clk_IBUF_BUFG_inst/O
    X2Y1 (CLOCK_ROOT)    net (fo=8497, routed)        0.830     1.809    clk_IBUF_BUFG
    SLICE_X68Y96         FDRE                                         r  o_label_reg[4]/C
  -------------------------------------------------------------------    -------------------
    SLICE_X68Y96         FDRE (Prop_HFF_SLICEL_C_Q)
                                                      0.048     1.857 r  o_label_reg[4]/Q
                         net (fo=1, routed)           0.854     2.711    o_label_OBUF[4]
    W21                  OBUF (Prop_OUTBUF_HRIO_I_O)
                                                      0.516     3.227 r  o_label_OBUF[4]_inst/O
                         net (fo=0)                   0.000     3.227    o_label[4]
    W21                                                               r  o_label[4] (OUT)
  -------------------------------------------------------------------    -------------------

Slack:                    inf
  Source:                 o_label_reg[1]/C
                            (rising edge-triggered cell FDRE clocked by sys_clk_pin  {rise@0.000ns fall@0.500ns period=1.000ns})
  Destination:            o_label[1]
                            (output port)
  Path Group:             (none)
  Path Type:              Min at Fast Process Corner
  Data Path Delay:        1.451ns  (logic 0.554ns (38.161%)  route 0.897ns (61.839%))
  Logic Levels:           1  (OBUF=1)
  Clock Uncertainty:      0.025ns  ((TSJ^2 + TIJ^2)^1/2 + DJ) / 2 + PE
    Total System Jitter     (TSJ):    0.050ns
    Total Input Jitter      (TIJ):    0.000ns
    Discrete Jitter          (DJ):    0.000ns
    Phase Error              (PE):    0.000ns
  Clock Net Delay (Source):      0.831ns (routing 0.278ns, distribution 0.553ns)

    Location             Delay type                Incr(ns)  Path(ns)    Netlist Resource(s)
  -------------------------------------------------------------------    -------------------
                         (clock sys_clk_pin rise edge)
                                                      0.000     0.000 r  
    AA13                                              0.000     0.000 r  clk (IN)
                         net (fo=0)                   0.000     0.000    clk_IBUF_inst/I
    AA13                 INBUF (Prop_INBUF_HRIO_PAD_O)
                                                      0.562     0.562 r  clk_IBUF_inst/INBUF_INST/O
                         net (fo=1, routed)           0.025     0.587    clk_IBUF_inst/OUT
    AA13                 IBUFCTRL (Prop_IBUFCTRL_HRIO_I_O)
                                                      0.015     0.602 r  clk_IBUF_inst/IBUFCTRL_INST/O
                         net (fo=1, routed)           0.350     0.952    clk_IBUF
    BUFGCE_X1Y0          BUFGCE (Prop_BUFCE_BUFGCE_I_O)
                                                      0.027     0.979 r  clk_IBUF_BUFG_inst/O
    X2Y1 (CLOCK_ROOT)    net (fo=8497, routed)        0.831     1.810    clk_IBUF_BUFG
    SLICE_X68Y97         FDRE                                         r  o_label_reg[1]/C
  -------------------------------------------------------------------    -------------------
    SLICE_X68Y97         FDRE (Prop_FFF_SLICEL_C_Q)
                                                      0.049     1.859 r  o_label_reg[1]/Q
                         net (fo=1, routed)           0.897     2.756    o_label_OBUF[1]
    V19                  OBUF (Prop_OUTBUF_HRIO_I_O)
                                                      0.505     3.261 r  o_label_OBUF[1]_inst/O
                         net (fo=0)                   0.000     3.261    o_label[1]
    V19                                                               r  o_label[1] (OUT)
  -------------------------------------------------------------------    -------------------

Slack:                    inf
  Source:                 o_label_reg[0]/C
                            (rising edge-triggered cell FDRE clocked by sys_clk_pin  {rise@0.000ns fall@0.500ns period=1.000ns})
  Destination:            o_label[0]
                            (output port)
  Path Group:             (none)
  Path Type:              Min at Fast Process Corner
  Data Path Delay:        1.460ns  (logic 0.554ns (37.924%)  route 0.906ns (62.076%))
  Logic Levels:           1  (OBUF=1)
  Clock Uncertainty:      0.025ns  ((TSJ^2 + TIJ^2)^1/2 + DJ) / 2 + PE
    Total System Jitter     (TSJ):    0.050ns
    Total Input Jitter      (TIJ):    0.000ns
    Discrete Jitter          (DJ):    0.000ns
    Phase Error              (PE):    0.000ns
  Clock Net Delay (Source):      0.826ns (routing 0.278ns, distribution 0.548ns)

    Location             Delay type                Incr(ns)  Path(ns)    Netlist Resource(s)
  -------------------------------------------------------------------    -------------------
                         (clock sys_clk_pin rise edge)
                                                      0.000     0.000 r  
    AA13                                              0.000     0.000 r  clk (IN)
                         net (fo=0)                   0.000     0.000    clk_IBUF_inst/I
    AA13                 INBUF (Prop_INBUF_HRIO_PAD_O)
                                                      0.562     0.562 r  clk_IBUF_inst/INBUF_INST/O
                         net (fo=1, routed)           0.025     0.587    clk_IBUF_inst/OUT
    AA13                 IBUFCTRL (Prop_IBUFCTRL_HRIO_I_O)
                                                      0.015     0.602 r  clk_IBUF_inst/IBUFCTRL_INST/O
                         net (fo=1, routed)           0.350     0.952    clk_IBUF
    BUFGCE_X1Y0          BUFGCE (Prop_BUFCE_BUFGCE_I_O)
                                                      0.027     0.979 r  clk_IBUF_BUFG_inst/O
    X2Y1 (CLOCK_ROOT)    net (fo=8497, routed)        0.826     1.805    clk_IBUF_BUFG
    SLICE_X71Y96         FDRE                                         r  o_label_reg[0]/C
  -------------------------------------------------------------------    -------------------
    SLICE_X71Y96         FDRE (Prop_HFF_SLICEM_C_Q)
                                                      0.048     1.853 r  o_label_reg[0]/Q
                         net (fo=1, routed)           0.906     2.759    o_label_OBUF[0]
    V18                  OBUF (Prop_OUTBUF_HRIO_I_O)
                                                      0.506     3.265 r  o_label_OBUF[0]_inst/O
                         net (fo=0)                   0.000     3.265    o_label[0]
    V18                                                               r  o_label[0] (OUT)
  -------------------------------------------------------------------    -------------------

Slack:                    inf
  Source:                 o_label_reg[7]/C
                            (rising edge-triggered cell FDRE clocked by sys_clk_pin  {rise@0.000ns fall@0.500ns period=1.000ns})
  Destination:            o_label[7]
                            (output port)
  Path Group:             (none)
  Path Type:              Min at Fast Process Corner
  Data Path Delay:        1.459ns  (logic 0.571ns (39.148%)  route 0.888ns (60.852%))
  Logic Levels:           1  (OBUF=1)
  Clock Uncertainty:      0.025ns  ((TSJ^2 + TIJ^2)^1/2 + DJ) / 2 + PE
    Total System Jitter     (TSJ):    0.050ns
    Total Input Jitter      (TIJ):    0.000ns
    Discrete Jitter          (DJ):    0.000ns
    Phase Error              (PE):    0.000ns
  Clock Net Delay (Source):      0.837ns (routing 0.278ns, distribution 0.559ns)

    Location             Delay type                Incr(ns)  Path(ns)    Netlist Resource(s)
  -------------------------------------------------------------------    -------------------
                         (clock sys_clk_pin rise edge)
                                                      0.000     0.000 r  
    AA13                                              0.000     0.000 r  clk (IN)
                         net (fo=0)                   0.000     0.000    clk_IBUF_inst/I
    AA13                 INBUF (Prop_INBUF_HRIO_PAD_O)
                                                      0.562     0.562 r  clk_IBUF_inst/INBUF_INST/O
                         net (fo=1, routed)           0.025     0.587    clk_IBUF_inst/OUT
    AA13                 IBUFCTRL (Prop_IBUFCTRL_HRIO_I_O)
                                                      0.015     0.602 r  clk_IBUF_inst/IBUFCTRL_INST/O
                         net (fo=1, routed)           0.350     0.952    clk_IBUF
    BUFGCE_X1Y0          BUFGCE (Prop_BUFCE_BUFGCE_I_O)
                                                      0.027     0.979 r  clk_IBUF_BUFG_inst/O
    X2Y1 (CLOCK_ROOT)    net (fo=8497, routed)        0.837     1.816    clk_IBUF_BUFG
    SLICE_X69Y98         FDRE                                         r  o_label_reg[7]/C
  -------------------------------------------------------------------    -------------------
    SLICE_X69Y98         FDRE (Prop_BFF_SLICEM_C_Q)
                                                      0.049     1.865 r  o_label_reg[7]/Q
                         net (fo=1, routed)           0.888     2.753    o_label_OBUF[7]
    Y16                  OBUF (Prop_OUTBUF_HRIO_I_O)
                                                      0.522     3.275 r  o_label_OBUF[7]_inst/O
                         net (fo=0)                   0.000     3.275    o_label[7]
    Y16                                                               r  o_label[7] (OUT)
  -------------------------------------------------------------------    -------------------

Slack:                    inf
  Source:                 o_label_reg[3]/C
                            (rising edge-triggered cell FDRE clocked by sys_clk_pin  {rise@0.000ns fall@0.500ns period=1.000ns})
  Destination:            o_label[3]
                            (output port)
  Path Group:             (none)
  Path Type:              Min at Fast Process Corner
  Data Path Delay:        1.484ns  (logic 0.581ns (39.166%)  route 0.903ns (60.834%))
  Logic Levels:           1  (OBUF=1)
  Clock Uncertainty:      0.025ns  ((TSJ^2 + TIJ^2)^1/2 + DJ) / 2 + PE
    Total System Jitter     (TSJ):    0.050ns
    Total Input Jitter      (TIJ):    0.000ns
    Discrete Jitter          (DJ):    0.000ns
    Phase Error              (PE):    0.000ns
  Clock Net Delay (Source):      0.826ns (routing 0.278ns, distribution 0.548ns)

    Location             Delay type                Incr(ns)  Path(ns)    Netlist Resource(s)
  -------------------------------------------------------------------    -------------------
                         (clock sys_clk_pin rise edge)
                                                      0.000     0.000 r  
    AA13                                              0.000     0.000 r  clk (IN)
                         net (fo=0)                   0.000     0.000    clk_IBUF_inst/I
    AA13                 INBUF (Prop_INBUF_HRIO_PAD_O)
                                                      0.562     0.562 r  clk_IBUF_inst/INBUF_INST/O
                         net (fo=1, routed)           0.025     0.587    clk_IBUF_inst/OUT
    AA13                 IBUFCTRL (Prop_IBUFCTRL_HRIO_I_O)
                                                      0.015     0.602 r  clk_IBUF_inst/IBUFCTRL_INST/O
                         net (fo=1, routed)           0.350     0.952    clk_IBUF
    BUFGCE_X1Y0          BUFGCE (Prop_BUFCE_BUFGCE_I_O)
                                                      0.027     0.979 r  clk_IBUF_BUFG_inst/O
    X2Y1 (CLOCK_ROOT)    net (fo=8497, routed)        0.826     1.805    clk_IBUF_BUFG
    SLICE_X71Y96         FDRE                                         r  o_label_reg[3]/C
  -------------------------------------------------------------------    -------------------
    SLICE_X71Y96         FDRE (Prop_FFF_SLICEM_C_Q)
                                                      0.049     1.854 r  o_label_reg[3]/Q
                         net (fo=1, routed)           0.903     2.757    o_label_OBUF[3]
    W19                  OBUF (Prop_OUTBUF_HRIO_I_O)
                                                      0.532     3.290 r  o_label_OBUF[3]_inst/O
                         net (fo=0)                   0.000     3.290    o_label[3]
    W19                                                               r  o_label[3] (OUT)
  -------------------------------------------------------------------    -------------------

Slack:                    inf
  Source:                 o_label_reg[11]/C
                            (rising edge-triggered cell FDRE clocked by sys_clk_pin  {rise@0.000ns fall@0.500ns period=1.000ns})
  Destination:            o_label[11]
                            (output port)
  Path Group:             (none)
  Path Type:              Min at Fast Process Corner
  Data Path Delay:        1.513ns  (logic 0.596ns (39.393%)  route 0.917ns (60.607%))
  Logic Levels:           1  (OBUF=1)
  Clock Uncertainty:      0.025ns  ((TSJ^2 + TIJ^2)^1/2 + DJ) / 2 + PE
    Total System Jitter     (TSJ):    0.050ns
    Total Input Jitter      (TIJ):    0.000ns
    Discrete Jitter          (DJ):    0.000ns
    Phase Error              (PE):    0.000ns
  Clock Net Delay (Source):      0.831ns (routing 0.278ns, distribution 0.553ns)

    Location             Delay type                Incr(ns)  Path(ns)    Netlist Resource(s)
  -------------------------------------------------------------------    -------------------
                         (clock sys_clk_pin rise edge)
                                                      0.000     0.000 r  
    AA13                                              0.000     0.000 r  clk (IN)
                         net (fo=0)                   0.000     0.000    clk_IBUF_inst/I
    AA13                 INBUF (Prop_INBUF_HRIO_PAD_O)
                                                      0.562     0.562 r  clk_IBUF_inst/INBUF_INST/O
                         net (fo=1, routed)           0.025     0.587    clk_IBUF_inst/OUT
    AA13                 IBUFCTRL (Prop_IBUFCTRL_HRIO_I_O)
                                                      0.015     0.602 r  clk_IBUF_inst/IBUFCTRL_INST/O
                         net (fo=1, routed)           0.350     0.952    clk_IBUF
    BUFGCE_X1Y0          BUFGCE (Prop_BUFCE_BUFGCE_I_O)
                                                      0.027     0.979 r  clk_IBUF_BUFG_inst/O
    X2Y1 (CLOCK_ROOT)    net (fo=8497, routed)        0.831     1.810    clk_IBUF_BUFG
    SLICE_X68Y97         FDRE                                         r  o_label_reg[11]/C
  -------------------------------------------------------------------    -------------------
    SLICE_X68Y97         FDRE (Prop_HFF_SLICEL_C_Q)
                                                      0.048     1.858 r  o_label_reg[11]/Q
                         net (fo=1, routed)           0.917     2.775    o_label_OBUF[11]
    AD18                 OBUF (Prop_OUTBUF_HRIO_I_O)
                                                      0.548     3.323 r  o_label_OBUF[11]_inst/O
                         net (fo=0)                   0.000     3.323    o_label[11]
    AD18                                                              r  o_label[11] (OUT)
  -------------------------------------------------------------------    -------------------

Slack:                    inf
  Source:                 o_label_reg[8]/C
                            (rising edge-triggered cell FDRE clocked by sys_clk_pin  {rise@0.000ns fall@0.500ns period=1.000ns})
  Destination:            o_label[8]
                            (output port)
  Path Group:             (none)
  Path Type:              Min at Fast Process Corner
  Data Path Delay:        1.524ns  (logic 0.575ns (37.745%)  route 0.949ns (62.255%))
  Logic Levels:           1  (OBUF=1)
  Clock Uncertainty:      0.025ns  ((TSJ^2 + TIJ^2)^1/2 + DJ) / 2 + PE
    Total System Jitter     (TSJ):    0.050ns
    Total Input Jitter      (TIJ):    0.000ns
    Discrete Jitter          (DJ):    0.000ns
    Phase Error              (PE):    0.000ns
  Clock Net Delay (Source):      0.825ns (routing 0.278ns, distribution 0.547ns)

    Location             Delay type                Incr(ns)  Path(ns)    Netlist Resource(s)
  -------------------------------------------------------------------    -------------------
                         (clock sys_clk_pin rise edge)
                                                      0.000     0.000 r  
    AA13                                              0.000     0.000 r  clk (IN)
                         net (fo=0)                   0.000     0.000    clk_IBUF_inst/I
    AA13                 INBUF (Prop_INBUF_HRIO_PAD_O)
                                                      0.562     0.562 r  clk_IBUF_inst/INBUF_INST/O
                         net (fo=1, routed)           0.025     0.587    clk_IBUF_inst/OUT
    AA13                 IBUFCTRL (Prop_IBUFCTRL_HRIO_I_O)
                                                      0.015     0.602 r  clk_IBUF_inst/IBUFCTRL_INST/O
                         net (fo=1, routed)           0.350     0.952    clk_IBUF
    BUFGCE_X1Y0          BUFGCE (Prop_BUFCE_BUFGCE_I_O)
                                                      0.027     0.979 r  clk_IBUF_BUFG_inst/O
    X2Y1 (CLOCK_ROOT)    net (fo=8497, routed)        0.825     1.804    clk_IBUF_BUFG
    SLICE_X66Y99         FDRE                                         r  o_label_reg[8]/C
  -------------------------------------------------------------------    -------------------
    SLICE_X66Y99         FDRE (Prop_BFF_SLICEM_C_Q)
                                                      0.049     1.853 r  o_label_reg[8]/Q
                         net (fo=1, routed)           0.949     2.802    o_label_OBUF[8]
    AF17                 OBUF (Prop_OUTBUF_HRIO_I_O)
                                                      0.526     3.329 r  o_label_OBUF[8]_inst/O
                         net (fo=0)                   0.000     3.329    o_label[8]
    AF17                                                              r  o_label[8] (OUT)
  -------------------------------------------------------------------    -------------------

Slack:                    inf
  Source:                 o_label_reg[9]/C
                            (rising edge-triggered cell FDRE clocked by sys_clk_pin  {rise@0.000ns fall@0.500ns period=1.000ns})
  Destination:            o_label[9]
                            (output port)
  Path Group:             (none)
  Path Type:              Min at Fast Process Corner
  Data Path Delay:        1.530ns  (logic 0.574ns (37.534%)  route 0.956ns (62.466%))
  Logic Levels:           1  (OBUF=1)
  Clock Uncertainty:      0.025ns  ((TSJ^2 + TIJ^2)^1/2 + DJ) / 2 + PE
    Total System Jitter     (TSJ):    0.050ns
    Total Input Jitter      (TIJ):    0.000ns
    Discrete Jitter          (DJ):    0.000ns
    Phase Error              (PE):    0.000ns
  Clock Net Delay (Source):      0.831ns (routing 0.278ns, distribution 0.553ns)

    Location             Delay type                Incr(ns)  Path(ns)    Netlist Resource(s)
  -------------------------------------------------------------------    -------------------
                         (clock sys_clk_pin rise edge)
                                                      0.000     0.000 r  
    AA13                                              0.000     0.000 r  clk (IN)
                         net (fo=0)                   0.000     0.000    clk_IBUF_inst/I
    AA13                 INBUF (Prop_INBUF_HRIO_PAD_O)
                                                      0.562     0.562 r  clk_IBUF_inst/INBUF_INST/O
                         net (fo=1, routed)           0.025     0.587    clk_IBUF_inst/OUT
    AA13                 IBUFCTRL (Prop_IBUFCTRL_HRIO_I_O)
                                                      0.015     0.602 r  clk_IBUF_inst/IBUFCTRL_INST/O
                         net (fo=1, routed)           0.350     0.952    clk_IBUF
    BUFGCE_X1Y0          BUFGCE (Prop_BUFCE_BUFGCE_I_O)
                                                      0.027     0.979 r  clk_IBUF_BUFG_inst/O
    X2Y1 (CLOCK_ROOT)    net (fo=8497, routed)        0.831     1.810    clk_IBUF_BUFG
    SLICE_X65Y102        FDRE                                         r  o_label_reg[9]/C
  -------------------------------------------------------------------    -------------------
    SLICE_X65Y102        FDRE (Prop_HFF_SLICEL_C_Q)
                                                      0.048     1.858 r  o_label_reg[9]/Q
                         net (fo=1, routed)           0.956     2.814    o_label_OBUF[9]
    AF18                 OBUF (Prop_OUTBUF_HRIO_I_O)
                                                      0.526     3.341 r  o_label_OBUF[9]_inst/O
                         net (fo=0)                   0.000     3.341    o_label[9]
    AF18                                                              r  o_label[9] (OUT)
  -------------------------------------------------------------------    -------------------





--------------------------------------------------------------------------------------
Path Group:  (none)
From Clock:  
  To Clock:  sys_clk_pin

Max Delay          3387 Endpoints
Min Delay          3387 Endpoints
--------------------------------------------------------------------------------------


Max Delay Paths
--------------------------------------------------------------------------------------
Slack:                    inf
  Source:                 i_metric[3]
                            (input port)
  Destination:            i_m_buf_reg[3][6][3]/D
                            (rising edge-triggered cell FDRE clocked by sys_clk_pin  {rise@0.000ns fall@0.500ns period=1.000ns})
  Path Group:             (none)
  Path Type:              Setup (Max at Slow Process Corner)
  Data Path Delay:        6.078ns  (logic 0.844ns (13.887%)  route 5.234ns (86.113%))
  Logic Levels:           2  (IBUFCTRL=1 INBUF=1)
  Clock Path Skew:        3.594ns (DCD - SCD + CPR)
    Destination Clock Delay (DCD):    3.594ns
    Source Clock Delay      (SCD):    0.000ns
    Clock Pessimism Removal (CPR):    0.000ns
  Clock Uncertainty:      0.025ns  ((TSJ^2 + TIJ^2)^1/2 + DJ) / 2 + PE
    Total System Jitter     (TSJ):    0.050ns
    Total Input Jitter      (TIJ):    0.000ns
    Discrete Jitter          (DJ):    0.000ns
    Phase Error              (PE):    0.000ns
  Clock Net Delay (Destination): 2.019ns (routing 0.696ns, distribution 1.323ns)

    Location             Delay type                Incr(ns)  Path(ns)    Netlist Resource(s)
  -------------------------------------------------------------------    -------------------
    AD19                                              0.000     0.000 r  i_metric[3] (IN)
                         net (fo=0)                   0.000     0.000    i_metric_IBUF[3]_inst/I
    AD19                 INBUF (Prop_INBUF_HRIO_PAD_O)
                                                      0.795     0.795 r  i_metric_IBUF[3]_inst/INBUF_INST/O
                         net (fo=1, routed)           0.105     0.900    i_metric_IBUF[3]_inst/OUT
    AD19                 IBUFCTRL (Prop_IBUFCTRL_HRIO_I_O)
                                                      0.049     0.949 r  i_metric_IBUF[3]_inst/IBUFCTRL_INST/O
                         net (fo=64, routed)          5.129     6.078    i_metric_IBUF[3]
    SLICE_X67Y111        FDRE                                         r  i_m_buf_reg[3][6][3]/D
  -------------------------------------------------------------------    -------------------

                         (clock sys_clk_pin rise edge)
                                                      0.000     0.000 r  
    AA13                                              0.000     0.000 r  clk (IN)
                         net (fo=0)                   0.000     0.000    clk_IBUF_inst/I
    AA13                 INBUF (Prop_INBUF_HRIO_PAD_O)
                                                      0.662     0.662 r  clk_IBUF_inst/INBUF_INST/O
                         net (fo=1, routed)           0.066     0.728    clk_IBUF_inst/OUT
    AA13                 IBUFCTRL (Prop_IBUFCTRL_HRIO_I_O)
                                                      0.034     0.762 r  clk_IBUF_inst/IBUFCTRL_INST/O
                         net (fo=1, routed)           0.722     1.484    clk_IBUF
    BUFGCE_X1Y0          BUFGCE (Prop_BUFCE_BUFGCE_I_O)
                                                      0.091     1.575 r  clk_IBUF_BUFG_inst/O
    X2Y1 (CLOCK_ROOT)    net (fo=8497, routed)        2.019     3.594    clk_IBUF_BUFG
    SLICE_X67Y111        FDRE                                         r  i_m_buf_reg[3][6][3]/C

Slack:                    inf
  Source:                 i_metric[3]
                            (input port)
  Destination:            i_m_buf_reg[2][5][3]/D
                            (rising edge-triggered cell FDRE clocked by sys_clk_pin  {rise@0.000ns fall@0.500ns period=1.000ns})
  Path Group:             (none)
  Path Type:              Setup (Max at Slow Process Corner)
  Data Path Delay:        5.874ns  (logic 0.844ns (14.370%)  route 5.030ns (85.630%))
  Logic Levels:           2  (IBUFCTRL=1 INBUF=1)
  Clock Path Skew:        3.594ns (DCD - SCD + CPR)
    Destination Clock Delay (DCD):    3.594ns
    Source Clock Delay      (SCD):    0.000ns
    Clock Pessimism Removal (CPR):    0.000ns
  Clock Uncertainty:      0.025ns  ((TSJ^2 + TIJ^2)^1/2 + DJ) / 2 + PE
    Total System Jitter     (TSJ):    0.050ns
    Total Input Jitter      (TIJ):    0.000ns
    Discrete Jitter          (DJ):    0.000ns
    Phase Error              (PE):    0.000ns
  Clock Net Delay (Destination): 2.019ns (routing 0.696ns, distribution 1.323ns)

    Location             Delay type                Incr(ns)  Path(ns)    Netlist Resource(s)
  -------------------------------------------------------------------    -------------------
    AD19                                              0.000     0.000 r  i_metric[3] (IN)
                         net (fo=0)                   0.000     0.000    i_metric_IBUF[3]_inst/I
    AD19                 INBUF (Prop_INBUF_HRIO_PAD_O)
                                                      0.795     0.795 r  i_metric_IBUF[3]_inst/INBUF_INST/O
                         net (fo=1, routed)           0.105     0.900    i_metric_IBUF[3]_inst/OUT
    AD19                 IBUFCTRL (Prop_IBUFCTRL_HRIO_I_O)
                                                      0.049     0.949 r  i_metric_IBUF[3]_inst/IBUFCTRL_INST/O
                         net (fo=64, routed)          4.925     5.874    i_metric_IBUF[3]
    SLICE_X69Y106        FDRE                                         r  i_m_buf_reg[2][5][3]/D
  -------------------------------------------------------------------    -------------------

                         (clock sys_clk_pin rise edge)
                                                      0.000     0.000 r  
    AA13                                              0.000     0.000 r  clk (IN)
                         net (fo=0)                   0.000     0.000    clk_IBUF_inst/I
    AA13                 INBUF (Prop_INBUF_HRIO_PAD_O)
                                                      0.662     0.662 r  clk_IBUF_inst/INBUF_INST/O
                         net (fo=1, routed)           0.066     0.728    clk_IBUF_inst/OUT
    AA13                 IBUFCTRL (Prop_IBUFCTRL_HRIO_I_O)
                                                      0.034     0.762 r  clk_IBUF_inst/IBUFCTRL_INST/O
                         net (fo=1, routed)           0.722     1.484    clk_IBUF
    BUFGCE_X1Y0          BUFGCE (Prop_BUFCE_BUFGCE_I_O)
                                                      0.091     1.575 r  clk_IBUF_BUFG_inst/O
    X2Y1 (CLOCK_ROOT)    net (fo=8497, routed)        2.019     3.594    clk_IBUF_BUFG
    SLICE_X69Y106        FDRE                                         r  i_m_buf_reg[2][5][3]/C

Slack:                    inf
  Source:                 i_metric[3]
                            (input port)
  Destination:            i_m_buf_reg[2][6][3]/D
                            (rising edge-triggered cell FDRE clocked by sys_clk_pin  {rise@0.000ns fall@0.500ns period=1.000ns})
  Path Group:             (none)
  Path Type:              Setup (Max at Slow Process Corner)
  Data Path Delay:        5.865ns  (logic 0.844ns (14.392%)  route 5.021ns (85.608%))
  Logic Levels:           2  (IBUFCTRL=1 INBUF=1)
  Clock Path Skew:        3.592ns (DCD - SCD + CPR)
    Destination Clock Delay (DCD):    3.592ns
    Source Clock Delay      (SCD):    0.000ns
    Clock Pessimism Removal (CPR):    0.000ns
  Clock Uncertainty:      0.025ns  ((TSJ^2 + TIJ^2)^1/2 + DJ) / 2 + PE
    Total System Jitter     (TSJ):    0.050ns
    Total Input Jitter      (TIJ):    0.000ns
    Discrete Jitter          (DJ):    0.000ns
    Phase Error              (PE):    0.000ns
  Clock Net Delay (Destination): 2.017ns (routing 0.696ns, distribution 1.321ns)

    Location             Delay type                Incr(ns)  Path(ns)    Netlist Resource(s)
  -------------------------------------------------------------------    -------------------
    AD19                                              0.000     0.000 r  i_metric[3] (IN)
                         net (fo=0)                   0.000     0.000    i_metric_IBUF[3]_inst/I
    AD19                 INBUF (Prop_INBUF_HRIO_PAD_O)
                                                      0.795     0.795 r  i_metric_IBUF[3]_inst/INBUF_INST/O
                         net (fo=1, routed)           0.105     0.900    i_metric_IBUF[3]_inst/OUT
    AD19                 IBUFCTRL (Prop_IBUFCTRL_HRIO_I_O)
                                                      0.049     0.949 r  i_metric_IBUF[3]_inst/IBUFCTRL_INST/O
                         net (fo=64, routed)          4.916     5.865    i_metric_IBUF[3]
    SLICE_X67Y110        FDRE                                         r  i_m_buf_reg[2][6][3]/D
  -------------------------------------------------------------------    -------------------

                         (clock sys_clk_pin rise edge)
                                                      0.000     0.000 r  
    AA13                                              0.000     0.000 r  clk (IN)
                         net (fo=0)                   0.000     0.000    clk_IBUF_inst/I
    AA13                 INBUF (Prop_INBUF_HRIO_PAD_O)
                                                      0.662     0.662 r  clk_IBUF_inst/INBUF_INST/O
                         net (fo=1, routed)           0.066     0.728    clk_IBUF_inst/OUT
    AA13                 IBUFCTRL (Prop_IBUFCTRL_HRIO_I_O)
                                                      0.034     0.762 r  clk_IBUF_inst/IBUFCTRL_INST/O
                         net (fo=1, routed)           0.722     1.484    clk_IBUF
    BUFGCE_X1Y0          BUFGCE (Prop_BUFCE_BUFGCE_I_O)
                                                      0.091     1.575 r  clk_IBUF_BUFG_inst/O
    X2Y1 (CLOCK_ROOT)    net (fo=8497, routed)        2.017     3.592    clk_IBUF_BUFG
    SLICE_X67Y110        FDRE                                         r  i_m_buf_reg[2][6][3]/C

Slack:                    inf
  Source:                 i_metric[3]
                            (input port)
  Destination:            i_m_buf_reg[3][5][3]/D
                            (rising edge-triggered cell FDRE clocked by sys_clk_pin  {rise@0.000ns fall@0.500ns period=1.000ns})
  Path Group:             (none)
  Path Type:              Setup (Max at Slow Process Corner)
  Data Path Delay:        5.762ns  (logic 0.844ns (14.649%)  route 4.918ns (85.351%))
  Logic Levels:           2  (IBUFCTRL=1 INBUF=1)
  Clock Path Skew:        3.592ns (DCD - SCD + CPR)
    Destination Clock Delay (DCD):    3.592ns
    Source Clock Delay      (SCD):    0.000ns
    Clock Pessimism Removal (CPR):    0.000ns
  Clock Uncertainty:      0.025ns  ((TSJ^2 + TIJ^2)^1/2 + DJ) / 2 + PE
    Total System Jitter     (TSJ):    0.050ns
    Total Input Jitter      (TIJ):    0.000ns
    Discrete Jitter          (DJ):    0.000ns
    Phase Error              (PE):    0.000ns
  Clock Net Delay (Destination): 2.017ns (routing 0.696ns, distribution 1.321ns)

    Location             Delay type                Incr(ns)  Path(ns)    Netlist Resource(s)
  -------------------------------------------------------------------    -------------------
    AD19                                              0.000     0.000 r  i_metric[3] (IN)
                         net (fo=0)                   0.000     0.000    i_metric_IBUF[3]_inst/I
    AD19                 INBUF (Prop_INBUF_HRIO_PAD_O)
                                                      0.795     0.795 r  i_metric_IBUF[3]_inst/INBUF_INST/O
                         net (fo=1, routed)           0.105     0.900    i_metric_IBUF[3]_inst/OUT
    AD19                 IBUFCTRL (Prop_IBUFCTRL_HRIO_I_O)
                                                      0.049     0.949 r  i_metric_IBUF[3]_inst/IBUFCTRL_INST/O
                         net (fo=64, routed)          4.813     5.762    i_metric_IBUF[3]
    SLICE_X69Y106        FDRE                                         r  i_m_buf_reg[3][5][3]/D
  -------------------------------------------------------------------    -------------------

                         (clock sys_clk_pin rise edge)
                                                      0.000     0.000 r  
    AA13                                              0.000     0.000 r  clk (IN)
                         net (fo=0)                   0.000     0.000    clk_IBUF_inst/I
    AA13                 INBUF (Prop_INBUF_HRIO_PAD_O)
                                                      0.662     0.662 r  clk_IBUF_inst/INBUF_INST/O
                         net (fo=1, routed)           0.066     0.728    clk_IBUF_inst/OUT
    AA13                 IBUFCTRL (Prop_IBUFCTRL_HRIO_I_O)
                                                      0.034     0.762 r  clk_IBUF_inst/IBUFCTRL_INST/O
                         net (fo=1, routed)           0.722     1.484    clk_IBUF
    BUFGCE_X1Y0          BUFGCE (Prop_BUFCE_BUFGCE_I_O)
                                                      0.091     1.575 r  clk_IBUF_BUFG_inst/O
    X2Y1 (CLOCK_ROOT)    net (fo=8497, routed)        2.017     3.592    clk_IBUF_BUFG
    SLICE_X69Y106        FDRE                                         r  i_m_buf_reg[3][5][3]/C

Slack:                    inf
  Source:                 i_metric[3]
                            (input port)
  Destination:            i_m_buf_reg[3][2][3]/D
                            (rising edge-triggered cell FDRE clocked by sys_clk_pin  {rise@0.000ns fall@0.500ns period=1.000ns})
  Path Group:             (none)
  Path Type:              Setup (Max at Slow Process Corner)
  Data Path Delay:        5.753ns  (logic 0.844ns (14.672%)  route 4.909ns (85.328%))
  Logic Levels:           2  (IBUFCTRL=1 INBUF=1)
  Clock Path Skew:        3.597ns (DCD - SCD + CPR)
    Destination Clock Delay (DCD):    3.597ns
    Source Clock Delay      (SCD):    0.000ns
    Clock Pessimism Removal (CPR):    0.000ns
  Clock Uncertainty:      0.025ns  ((TSJ^2 + TIJ^2)^1/2 + DJ) / 2 + PE
    Total System Jitter     (TSJ):    0.050ns
    Total Input Jitter      (TIJ):    0.000ns
    Discrete Jitter          (DJ):    0.000ns
    Phase Error              (PE):    0.000ns
  Clock Net Delay (Destination): 2.022ns (routing 0.696ns, distribution 1.326ns)

    Location             Delay type                Incr(ns)  Path(ns)    Netlist Resource(s)
  -------------------------------------------------------------------    -------------------
    AD19                                              0.000     0.000 r  i_metric[3] (IN)
                         net (fo=0)                   0.000     0.000    i_metric_IBUF[3]_inst/I
    AD19                 INBUF (Prop_INBUF_HRIO_PAD_O)
                                                      0.795     0.795 r  i_metric_IBUF[3]_inst/INBUF_INST/O
                         net (fo=1, routed)           0.105     0.900    i_metric_IBUF[3]_inst/OUT
    AD19                 IBUFCTRL (Prop_IBUFCTRL_HRIO_I_O)
                                                      0.049     0.949 r  i_metric_IBUF[3]_inst/IBUFCTRL_INST/O
                         net (fo=64, routed)          4.804     5.753    i_metric_IBUF[3]
    SLICE_X73Y106        FDRE                                         r  i_m_buf_reg[3][2][3]/D
  -------------------------------------------------------------------    -------------------

                         (clock sys_clk_pin rise edge)
                                                      0.000     0.000 r  
    AA13                                              0.000     0.000 r  clk (IN)
                         net (fo=0)                   0.000     0.000    clk_IBUF_inst/I
    AA13                 INBUF (Prop_INBUF_HRIO_PAD_O)
                                                      0.662     0.662 r  clk_IBUF_inst/INBUF_INST/O
                         net (fo=1, routed)           0.066     0.728    clk_IBUF_inst/OUT
    AA13                 IBUFCTRL (Prop_IBUFCTRL_HRIO_I_O)
                                                      0.034     0.762 r  clk_IBUF_inst/IBUFCTRL_INST/O
                         net (fo=1, routed)           0.722     1.484    clk_IBUF
    BUFGCE_X1Y0          BUFGCE (Prop_BUFCE_BUFGCE_I_O)
                                                      0.091     1.575 r  clk_IBUF_BUFG_inst/O
    X2Y1 (CLOCK_ROOT)    net (fo=8497, routed)        2.022     3.597    clk_IBUF_BUFG
    SLICE_X73Y106        FDRE                                         r  i_m_buf_reg[3][2][3]/C

Slack:                    inf
  Source:                 i_metric[3]
                            (input port)
  Destination:            i_m_buf_reg[3][1][3]/D
                            (rising edge-triggered cell FDRE clocked by sys_clk_pin  {rise@0.000ns fall@0.500ns period=1.000ns})
  Path Group:             (none)
  Path Type:              Setup (Max at Slow Process Corner)
  Data Path Delay:        5.752ns  (logic 0.844ns (14.675%)  route 4.908ns (85.325%))
  Logic Levels:           2  (IBUFCTRL=1 INBUF=1)
  Clock Path Skew:        3.592ns (DCD - SCD + CPR)
    Destination Clock Delay (DCD):    3.592ns
    Source Clock Delay      (SCD):    0.000ns
    Clock Pessimism Removal (CPR):    0.000ns
  Clock Uncertainty:      0.025ns  ((TSJ^2 + TIJ^2)^1/2 + DJ) / 2 + PE
    Total System Jitter     (TSJ):    0.050ns
    Total Input Jitter      (TIJ):    0.000ns
    Discrete Jitter          (DJ):    0.000ns
    Phase Error              (PE):    0.000ns
  Clock Net Delay (Destination): 2.017ns (routing 0.696ns, distribution 1.321ns)

    Location             Delay type                Incr(ns)  Path(ns)    Netlist Resource(s)
  -------------------------------------------------------------------    -------------------
    AD19                                              0.000     0.000 r  i_metric[3] (IN)
                         net (fo=0)                   0.000     0.000    i_metric_IBUF[3]_inst/I
    AD19                 INBUF (Prop_INBUF_HRIO_PAD_O)
                                                      0.795     0.795 r  i_metric_IBUF[3]_inst/INBUF_INST/O
                         net (fo=1, routed)           0.105     0.900    i_metric_IBUF[3]_inst/OUT
    AD19                 IBUFCTRL (Prop_IBUFCTRL_HRIO_I_O)
                                                      0.049     0.949 r  i_metric_IBUF[3]_inst/IBUFCTRL_INST/O
                         net (fo=64, routed)          4.803     5.752    i_metric_IBUF[3]
    SLICE_X69Y107        FDRE                                         r  i_m_buf_reg[3][1][3]/D
  -------------------------------------------------------------------    -------------------

                         (clock sys_clk_pin rise edge)
                                                      0.000     0.000 r  
    AA13                                              0.000     0.000 r  clk (IN)
                         net (fo=0)                   0.000     0.000    clk_IBUF_inst/I
    AA13                 INBUF (Prop_INBUF_HRIO_PAD_O)
                                                      0.662     0.662 r  clk_IBUF_inst/INBUF_INST/O
                         net (fo=1, routed)           0.066     0.728    clk_IBUF_inst/OUT
    AA13                 IBUFCTRL (Prop_IBUFCTRL_HRIO_I_O)
                                                      0.034     0.762 r  clk_IBUF_inst/IBUFCTRL_INST/O
                         net (fo=1, routed)           0.722     1.484    clk_IBUF
    BUFGCE_X1Y0          BUFGCE (Prop_BUFCE_BUFGCE_I_O)
                                                      0.091     1.575 r  clk_IBUF_BUFG_inst/O
    X2Y1 (CLOCK_ROOT)    net (fo=8497, routed)        2.017     3.592    clk_IBUF_BUFG
    SLICE_X69Y107        FDRE                                         r  i_m_buf_reg[3][1][3]/C

Slack:                    inf
  Source:                 i_metric[3]
                            (input port)
  Destination:            i_m_buf_reg[2][3][3]/D
                            (rising edge-triggered cell FDRE clocked by sys_clk_pin  {rise@0.000ns fall@0.500ns period=1.000ns})
  Path Group:             (none)
  Path Type:              Setup (Max at Slow Process Corner)
  Data Path Delay:        5.718ns  (logic 0.844ns (14.762%)  route 4.874ns (85.238%))
  Logic Levels:           2  (IBUFCTRL=1 INBUF=1)
  Clock Path Skew:        3.593ns (DCD - SCD + CPR)
    Destination Clock Delay (DCD):    3.593ns
    Source Clock Delay      (SCD):    0.000ns
    Clock Pessimism Removal (CPR):    0.000ns
  Clock Uncertainty:      0.025ns  ((TSJ^2 + TIJ^2)^1/2 + DJ) / 2 + PE
    Total System Jitter     (TSJ):    0.050ns
    Total Input Jitter      (TIJ):    0.000ns
    Discrete Jitter          (DJ):    0.000ns
    Phase Error              (PE):    0.000ns
  Clock Net Delay (Destination): 2.018ns (routing 0.696ns, distribution 1.322ns)

    Location             Delay type                Incr(ns)  Path(ns)    Netlist Resource(s)
  -------------------------------------------------------------------    -------------------
    AD19                                              0.000     0.000 r  i_metric[3] (IN)
                         net (fo=0)                   0.000     0.000    i_metric_IBUF[3]_inst/I
    AD19                 INBUF (Prop_INBUF_HRIO_PAD_O)
                                                      0.795     0.795 r  i_metric_IBUF[3]_inst/INBUF_INST/O
                         net (fo=1, routed)           0.105     0.900    i_metric_IBUF[3]_inst/OUT
    AD19                 IBUFCTRL (Prop_IBUFCTRL_HRIO_I_O)
                                                      0.049     0.949 r  i_metric_IBUF[3]_inst/IBUFCTRL_INST/O
                         net (fo=64, routed)          4.769     5.718    i_metric_IBUF[3]
    SLICE_X68Y113        FDRE                                         r  i_m_buf_reg[2][3][3]/D
  -------------------------------------------------------------------    -------------------

                         (clock sys_clk_pin rise edge)
                                                      0.000     0.000 r  
    AA13                                              0.000     0.000 r  clk (IN)
                         net (fo=0)                   0.000     0.000    clk_IBUF_inst/I
    AA13                 INBUF (Prop_INBUF_HRIO_PAD_O)
                                                      0.662     0.662 r  clk_IBUF_inst/INBUF_INST/O
                         net (fo=1, routed)           0.066     0.728    clk_IBUF_inst/OUT
    AA13                 IBUFCTRL (Prop_IBUFCTRL_HRIO_I_O)
                                                      0.034     0.762 r  clk_IBUF_inst/IBUFCTRL_INST/O
                         net (fo=1, routed)           0.722     1.484    clk_IBUF
    BUFGCE_X1Y0          BUFGCE (Prop_BUFCE_BUFGCE_I_O)
                                                      0.091     1.575 r  clk_IBUF_BUFG_inst/O
    X2Y1 (CLOCK_ROOT)    net (fo=8497, routed)        2.018     3.593    clk_IBUF_BUFG
    SLICE_X68Y113        FDRE                                         r  i_m_buf_reg[2][3][3]/C

Slack:                    inf
  Source:                 i_label[7]
                            (input port)
  Destination:            i_l_buf_reg[5][3][7]/D
                            (rising edge-triggered cell FDRE clocked by sys_clk_pin  {rise@0.000ns fall@0.500ns period=1.000ns})
  Path Group:             (none)
  Path Type:              Setup (Max at Slow Process Corner)
  Data Path Delay:        5.689ns  (logic 0.906ns (15.928%)  route 4.783ns (84.072%))
  Logic Levels:           2  (IBUFCTRL=1 INBUF=1)
  Clock Path Skew:        3.557ns (DCD - SCD + CPR)
    Destination Clock Delay (DCD):    3.557ns
    Source Clock Delay      (SCD):    0.000ns
    Clock Pessimism Removal (CPR):    0.000ns
  Clock Uncertainty:      0.025ns  ((TSJ^2 + TIJ^2)^1/2 + DJ) / 2 + PE
    Total System Jitter     (TSJ):    0.050ns
    Total Input Jitter      (TIJ):    0.000ns
    Discrete Jitter          (DJ):    0.000ns
    Phase Error              (PE):    0.000ns
  Clock Net Delay (Destination): 1.982ns (routing 0.696ns, distribution 1.286ns)

    Location             Delay type                Incr(ns)  Path(ns)    Netlist Resource(s)
  -------------------------------------------------------------------    -------------------
    AF24                                              0.000     0.000 r  i_label[7] (IN)
                         net (fo=0)                   0.000     0.000    i_label_IBUF[7]_inst/I
    AF24                 INBUF (Prop_INBUF_HRIO_PAD_O)
                                                      0.857     0.857 r  i_label_IBUF[7]_inst/INBUF_INST/O
                         net (fo=1, routed)           0.105     0.962    i_label_IBUF[7]_inst/OUT
    AF24                 IBUFCTRL (Prop_IBUFCTRL_HRIO_I_O)
                                                      0.049     1.011 r  i_label_IBUF[7]_inst/IBUFCTRL_INST/O
                         net (fo=64, routed)          4.678     5.689    i_label_IBUF[7]
    SLICE_X66Y89         FDRE                                         r  i_l_buf_reg[5][3][7]/D
  -------------------------------------------------------------------    -------------------

                         (clock sys_clk_pin rise edge)
                                                      0.000     0.000 r  
    AA13                                              0.000     0.000 r  clk (IN)
                         net (fo=0)                   0.000     0.000    clk_IBUF_inst/I
    AA13                 INBUF (Prop_INBUF_HRIO_PAD_O)
                                                      0.662     0.662 r  clk_IBUF_inst/INBUF_INST/O
                         net (fo=1, routed)           0.066     0.728    clk_IBUF_inst/OUT
    AA13                 IBUFCTRL (Prop_IBUFCTRL_HRIO_I_O)
                                                      0.034     0.762 r  clk_IBUF_inst/IBUFCTRL_INST/O
                         net (fo=1, routed)           0.722     1.484    clk_IBUF
    BUFGCE_X1Y0          BUFGCE (Prop_BUFCE_BUFGCE_I_O)
                                                      0.091     1.575 r  clk_IBUF_BUFG_inst/O
    X2Y1 (CLOCK_ROOT)    net (fo=8497, routed)        1.982     3.557    clk_IBUF_BUFG
    SLICE_X66Y89         FDRE                                         r  i_l_buf_reg[5][3][7]/C

Slack:                    inf
  Source:                 i_label[7]
                            (input port)
  Destination:            i_l_buf_reg[4][7][7]/D
                            (rising edge-triggered cell FDRE clocked by sys_clk_pin  {rise@0.000ns fall@0.500ns period=1.000ns})
  Path Group:             (none)
  Path Type:              Setup (Max at Slow Process Corner)
  Data Path Delay:        5.682ns  (logic 0.906ns (15.947%)  route 4.776ns (84.053%))
  Logic Levels:           2  (IBUFCTRL=1 INBUF=1)
  Clock Path Skew:        3.569ns (DCD - SCD + CPR)
    Destination Clock Delay (DCD):    3.569ns
    Source Clock Delay      (SCD):    0.000ns
    Clock Pessimism Removal (CPR):    0.000ns
  Clock Uncertainty:      0.025ns  ((TSJ^2 + TIJ^2)^1/2 + DJ) / 2 + PE
    Total System Jitter     (TSJ):    0.050ns
    Total Input Jitter      (TIJ):    0.000ns
    Discrete Jitter          (DJ):    0.000ns
    Phase Error              (PE):    0.000ns
  Clock Net Delay (Destination): 1.994ns (routing 0.696ns, distribution 1.298ns)

    Location             Delay type                Incr(ns)  Path(ns)    Netlist Resource(s)
  -------------------------------------------------------------------    -------------------
    AF24                                              0.000     0.000 r  i_label[7] (IN)
                         net (fo=0)                   0.000     0.000    i_label_IBUF[7]_inst/I
    AF24                 INBUF (Prop_INBUF_HRIO_PAD_O)
                                                      0.857     0.857 r  i_label_IBUF[7]_inst/INBUF_INST/O
                         net (fo=1, routed)           0.105     0.962    i_label_IBUF[7]_inst/OUT
    AF24                 IBUFCTRL (Prop_IBUFCTRL_HRIO_I_O)
                                                      0.049     1.011 r  i_label_IBUF[7]_inst/IBUFCTRL_INST/O
                         net (fo=64, routed)          4.671     5.682    i_label_IBUF[7]
    SLICE_X71Y84         FDRE                                         r  i_l_buf_reg[4][7][7]/D
  -------------------------------------------------------------------    -------------------

                         (clock sys_clk_pin rise edge)
                                                      0.000     0.000 r  
    AA13                                              0.000     0.000 r  clk (IN)
                         net (fo=0)                   0.000     0.000    clk_IBUF_inst/I
    AA13                 INBUF (Prop_INBUF_HRIO_PAD_O)
                                                      0.662     0.662 r  clk_IBUF_inst/INBUF_INST/O
                         net (fo=1, routed)           0.066     0.728    clk_IBUF_inst/OUT
    AA13                 IBUFCTRL (Prop_IBUFCTRL_HRIO_I_O)
                                                      0.034     0.762 r  clk_IBUF_inst/IBUFCTRL_INST/O
                         net (fo=1, routed)           0.722     1.484    clk_IBUF
    BUFGCE_X1Y0          BUFGCE (Prop_BUFCE_BUFGCE_I_O)
                                                      0.091     1.575 r  clk_IBUF_BUFG_inst/O
    X2Y1 (CLOCK_ROOT)    net (fo=8497, routed)        1.994     3.569    clk_IBUF_BUFG
    SLICE_X71Y84         FDRE                                         r  i_l_buf_reg[4][7][7]/C

Slack:                    inf
  Source:                 i_label[5]
                            (input port)
  Destination:            i_l_buf_reg[5][2][5]/D
                            (rising edge-triggered cell FDRE clocked by sys_clk_pin  {rise@0.000ns fall@0.500ns period=1.000ns})
  Path Group:             (none)
  Path Type:              Setup (Max at Slow Process Corner)
  Data Path Delay:        5.670ns  (logic 0.878ns (15.490%)  route 4.792ns (84.510%))
  Logic Levels:           2  (IBUFCTRL=1 INBUF=1)
  Clock Path Skew:        3.562ns (DCD - SCD + CPR)
    Destination Clock Delay (DCD):    3.562ns
    Source Clock Delay      (SCD):    0.000ns
    Clock Pessimism Removal (CPR):    0.000ns
  Clock Uncertainty:      0.025ns  ((TSJ^2 + TIJ^2)^1/2 + DJ) / 2 + PE
    Total System Jitter     (TSJ):    0.050ns
    Total Input Jitter      (TIJ):    0.000ns
    Discrete Jitter          (DJ):    0.000ns
    Phase Error              (PE):    0.000ns
  Clock Net Delay (Destination): 1.987ns (routing 0.696ns, distribution 1.291ns)

    Location             Delay type                Incr(ns)  Path(ns)    Netlist Resource(s)
  -------------------------------------------------------------------    -------------------
    AE26                                              0.000     0.000 r  i_label[5] (IN)
                         net (fo=0)                   0.000     0.000    i_label_IBUF[5]_inst/I
    AE26                 INBUF (Prop_INBUF_HRIO_PAD_O)
                                                      0.829     0.829 r  i_label_IBUF[5]_inst/INBUF_INST/O
                         net (fo=1, routed)           0.105     0.934    i_label_IBUF[5]_inst/OUT
    AE26                 IBUFCTRL (Prop_IBUFCTRL_HRIO_I_O)
                                                      0.049     0.983 r  i_label_IBUF[5]_inst/IBUFCTRL_INST/O
                         net (fo=64, routed)          4.687     5.670    i_label_IBUF[5]
    SLICE_X71Y90         FDRE                                         r  i_l_buf_reg[5][2][5]/D
  -------------------------------------------------------------------    -------------------

                         (clock sys_clk_pin rise edge)
                                                      0.000     0.000 r  
    AA13                                              0.000     0.000 r  clk (IN)
                         net (fo=0)                   0.000     0.000    clk_IBUF_inst/I
    AA13                 INBUF (Prop_INBUF_HRIO_PAD_O)
                                                      0.662     0.662 r  clk_IBUF_inst/INBUF_INST/O
                         net (fo=1, routed)           0.066     0.728    clk_IBUF_inst/OUT
    AA13                 IBUFCTRL (Prop_IBUFCTRL_HRIO_I_O)
                                                      0.034     0.762 r  clk_IBUF_inst/IBUFCTRL_INST/O
                         net (fo=1, routed)           0.722     1.484    clk_IBUF
    BUFGCE_X1Y0          BUFGCE (Prop_BUFCE_BUFGCE_I_O)
                                                      0.091     1.575 r  clk_IBUF_BUFG_inst/O
    X2Y1 (CLOCK_ROOT)    net (fo=8497, routed)        1.987     3.562    clk_IBUF_BUFG
    SLICE_X71Y90         FDRE                                         r  i_l_buf_reg[5][2][5]/C





Min Delay Paths
--------------------------------------------------------------------------------------
Slack:                    inf
  Source:                 i_metric[9]
                            (input port)
  Destination:            i_m_buf_reg[6][3][9]/D
                            (rising edge-triggered cell FDRE clocked by sys_clk_pin  {rise@0.000ns fall@0.500ns period=1.000ns})
  Path Group:             (none)
  Path Type:              Hold (Min at Fast Process Corner)
  Data Path Delay:        0.898ns  (logic 0.379ns (42.174%)  route 0.519ns (57.826%))
  Logic Levels:           2  (IBUFCTRL=1 INBUF=1)
  Clock Path Skew:        2.361ns (DCD - SCD - CPR)
    Destination Clock Delay (DCD):    2.361ns
    Source Clock Delay      (SCD):    0.000ns
    Clock Pessimism Removal (CPR):    -0.000ns
  Clock Net Delay (Destination): 0.919ns (routing 0.309ns, distribution 0.610ns)

    Location             Delay type                Incr(ns)  Path(ns)    Netlist Resource(s)
  -------------------------------------------------------------------    -------------------
    Y20                                               0.000     0.000 r  i_metric[9] (IN)
                         net (fo=0)                   0.000     0.000    i_metric_IBUF[9]_inst/I
    Y20                  INBUF (Prop_INBUF_HRIO_PAD_O)
                                                      0.364     0.364 r  i_metric_IBUF[9]_inst/INBUF_INST/O
                         net (fo=1, routed)           0.025     0.389    i_metric_IBUF[9]_inst/OUT
    Y20                  IBUFCTRL (Prop_IBUFCTRL_HRIO_I_O)
                                                      0.015     0.404 r  i_metric_IBUF[9]_inst/IBUFCTRL_INST/O
                         net (fo=64, routed)          0.494     0.898    i_metric_IBUF[9]
    SLICE_X52Y89         FDRE                                         r  i_m_buf_reg[6][3][9]/D
  -------------------------------------------------------------------    -------------------

                         (clock sys_clk_pin rise edge)
                                                      0.000     0.000 r  
    AA13                                              0.000     0.000 r  clk (IN)
                         net (fo=0)                   0.000     0.000    clk_IBUF_inst/I
    AA13                 INBUF (Prop_INBUF_HRIO_PAD_O)
                                                      0.938     0.938 r  clk_IBUF_inst/INBUF_INST/O
                         net (fo=1, routed)           0.042     0.980    clk_IBUF_inst/OUT
    AA13                 IBUFCTRL (Prop_IBUFCTRL_HRIO_I_O)
                                                      0.022     1.002 r  clk_IBUF_inst/IBUFCTRL_INST/O
                         net (fo=1, routed)           0.409     1.411    clk_IBUF
    BUFGCE_X1Y0          BUFGCE (Prop_BUFCE_BUFGCE_I_O)
                                                      0.031     1.442 r  clk_IBUF_BUFG_inst/O
    X2Y1 (CLOCK_ROOT)    net (fo=8497, routed)        0.919     2.361    clk_IBUF_BUFG
    SLICE_X52Y89         FDRE                                         r  i_m_buf_reg[6][3][9]/C

Slack:                    inf
  Source:                 i_label[13]
                            (input port)
  Destination:            i_l_buf_reg[1][7][13]/D
                            (rising edge-triggered cell FDRE clocked by sys_clk_pin  {rise@0.000ns fall@0.500ns period=1.000ns})
  Path Group:             (none)
  Path Type:              Hold (Min at Fast Process Corner)
  Data Path Delay:        0.922ns  (logic 0.403ns (43.694%)  route 0.519ns (56.306%))
  Logic Levels:           2  (IBUFCTRL=1 INBUF=1)
  Clock Path Skew:        2.393ns (DCD - SCD - CPR)
    Destination Clock Delay (DCD):    2.393ns
    Source Clock Delay      (SCD):    0.000ns
    Clock Pessimism Removal (CPR):    -0.000ns
  Clock Net Delay (Destination): 0.951ns (routing 0.309ns, distribution 0.642ns)

    Location             Delay type                Incr(ns)  Path(ns)    Netlist Resource(s)
  -------------------------------------------------------------------    -------------------
    AD21                                              0.000     0.000 r  i_label[13] (IN)
                         net (fo=0)                   0.000     0.000    i_label_IBUF[13]_inst/I
    AD21                 INBUF (Prop_INBUF_HRIO_PAD_O)
                                                      0.388     0.388 r  i_label_IBUF[13]_inst/INBUF_INST/O
                         net (fo=1, routed)           0.025     0.413    i_label_IBUF[13]_inst/OUT
    AD21                 IBUFCTRL (Prop_IBUFCTRL_HRIO_I_O)
                                                      0.015     0.428 r  i_label_IBUF[13]_inst/IBUFCTRL_INST/O
                         net (fo=64, routed)          0.494     0.922    i_label_IBUF[13]
    SLICE_X51Y104        FDRE                                         r  i_l_buf_reg[1][7][13]/D
  -------------------------------------------------------------------    -------------------

                         (clock sys_clk_pin rise edge)
                                                      0.000     0.000 r  
    AA13                                              0.000     0.000 r  clk (IN)
                         net (fo=0)                   0.000     0.000    clk_IBUF_inst/I
    AA13                 INBUF (Prop_INBUF_HRIO_PAD_O)
                                                      0.938     0.938 r  clk_IBUF_inst/INBUF_INST/O
                         net (fo=1, routed)           0.042     0.980    clk_IBUF_inst/OUT
    AA13                 IBUFCTRL (Prop_IBUFCTRL_HRIO_I_O)
                                                      0.022     1.002 r  clk_IBUF_inst/IBUFCTRL_INST/O
                         net (fo=1, routed)           0.409     1.411    clk_IBUF
    BUFGCE_X1Y0          BUFGCE (Prop_BUFCE_BUFGCE_I_O)
                                                      0.031     1.442 r  clk_IBUF_BUFG_inst/O
    X2Y1 (CLOCK_ROOT)    net (fo=8497, routed)        0.951     2.393    clk_IBUF_BUFG
    SLICE_X51Y104        FDRE                                         r  i_l_buf_reg[1][7][13]/C

Slack:                    inf
  Source:                 i_metric[8]
                            (input port)
  Destination:            i_m_buf_reg[6][3][8]/D
                            (rising edge-triggered cell FDRE clocked by sys_clk_pin  {rise@0.000ns fall@0.500ns period=1.000ns})
  Path Group:             (none)
  Path Type:              Hold (Min at Fast Process Corner)
  Data Path Delay:        0.933ns  (logic 0.376ns (40.319%)  route 0.557ns (59.681%))
  Logic Levels:           2  (IBUFCTRL=1 INBUF=1)
  Clock Path Skew:        2.361ns (DCD - SCD - CPR)
    Destination Clock Delay (DCD):    2.361ns
    Source Clock Delay      (SCD):    0.000ns
    Clock Pessimism Removal (CPR):    -0.000ns
  Clock Net Delay (Destination): 0.919ns (routing 0.309ns, distribution 0.610ns)

    Location             Delay type                Incr(ns)  Path(ns)    Netlist Resource(s)
  -------------------------------------------------------------------    -------------------
    W20                                               0.000     0.000 r  i_metric[8] (IN)
                         net (fo=0)                   0.000     0.000    i_metric_IBUF[8]_inst/I
    W20                  INBUF (Prop_INBUF_HRIO_PAD_O)
                                                      0.361     0.361 r  i_metric_IBUF[8]_inst/INBUF_INST/O
                         net (fo=1, routed)           0.025     0.386    i_metric_IBUF[8]_inst/OUT
    W20                  IBUFCTRL (Prop_IBUFCTRL_HRIO_I_O)
                                                      0.015     0.401 r  i_metric_IBUF[8]_inst/IBUFCTRL_INST/O
                         net (fo=64, routed)          0.532     0.933    i_metric_IBUF[8]
    SLICE_X52Y89         FDRE                                         r  i_m_buf_reg[6][3][8]/D
  -------------------------------------------------------------------    -------------------

                         (clock sys_clk_pin rise edge)
                                                      0.000     0.000 r  
    AA13                                              0.000     0.000 r  clk (IN)
                         net (fo=0)                   0.000     0.000    clk_IBUF_inst/I
    AA13                 INBUF (Prop_INBUF_HRIO_PAD_O)
                                                      0.938     0.938 r  clk_IBUF_inst/INBUF_INST/O
                         net (fo=1, routed)           0.042     0.980    clk_IBUF_inst/OUT
    AA13                 IBUFCTRL (Prop_IBUFCTRL_HRIO_I_O)
                                                      0.022     1.002 r  clk_IBUF_inst/IBUFCTRL_INST/O
                         net (fo=1, routed)           0.409     1.411    clk_IBUF
    BUFGCE_X1Y0          BUFGCE (Prop_BUFCE_BUFGCE_I_O)
                                                      0.031     1.442 r  clk_IBUF_BUFG_inst/O
    X2Y1 (CLOCK_ROOT)    net (fo=8497, routed)        0.919     2.361    clk_IBUF_BUFG
    SLICE_X52Y89         FDRE                                         r  i_m_buf_reg[6][3][8]/C

Slack:                    inf
  Source:                 i_metric[6]
                            (input port)
  Destination:            i_m_buf_reg[7][0][6]/D
                            (rising edge-triggered cell FDRE clocked by sys_clk_pin  {rise@0.000ns fall@0.500ns period=1.000ns})
  Path Group:             (none)
  Path Type:              Hold (Min at Fast Process Corner)
  Data Path Delay:        0.947ns  (logic 0.404ns (42.651%)  route 0.543ns (57.349%))
  Logic Levels:           2  (IBUFCTRL=1 INBUF=1)
  Clock Path Skew:        2.374ns (DCD - SCD - CPR)
    Destination Clock Delay (DCD):    2.374ns
    Source Clock Delay      (SCD):    0.000ns
    Clock Pessimism Removal (CPR):    -0.000ns
  Clock Net Delay (Destination): 0.932ns (routing 0.309ns, distribution 0.623ns)

    Location             Delay type                Incr(ns)  Path(ns)    Netlist Resource(s)
  -------------------------------------------------------------------    -------------------
    AA19                                              0.000     0.000 r  i_metric[6] (IN)
                         net (fo=0)                   0.000     0.000    i_metric_IBUF[6]_inst/I
    AA19                 INBUF (Prop_INBUF_HRIO_PAD_O)
                                                      0.389     0.389 r  i_metric_IBUF[6]_inst/INBUF_INST/O
                         net (fo=1, routed)           0.025     0.414    i_metric_IBUF[6]_inst/OUT
    AA19                 IBUFCTRL (Prop_IBUFCTRL_HRIO_I_O)
                                                      0.015     0.429 r  i_metric_IBUF[6]_inst/IBUFCTRL_INST/O
                         net (fo=64, routed)          0.518     0.947    i_metric_IBUF[6]
    SLICE_X51Y91         FDRE                                         r  i_m_buf_reg[7][0][6]/D
  -------------------------------------------------------------------    -------------------

                         (clock sys_clk_pin rise edge)
                                                      0.000     0.000 r  
    AA13                                              0.000     0.000 r  clk (IN)
                         net (fo=0)                   0.000     0.000    clk_IBUF_inst/I
    AA13                 INBUF (Prop_INBUF_HRIO_PAD_O)
                                                      0.938     0.938 r  clk_IBUF_inst/INBUF_INST/O
                         net (fo=1, routed)           0.042     0.980    clk_IBUF_inst/OUT
    AA13                 IBUFCTRL (Prop_IBUFCTRL_HRIO_I_O)
                                                      0.022     1.002 r  clk_IBUF_inst/IBUFCTRL_INST/O
                         net (fo=1, routed)           0.409     1.411    clk_IBUF
    BUFGCE_X1Y0          BUFGCE (Prop_BUFCE_BUFGCE_I_O)
                                                      0.031     1.442 r  clk_IBUF_BUFG_inst/O
    X2Y1 (CLOCK_ROOT)    net (fo=8497, routed)        0.932     2.374    clk_IBUF_BUFG
    SLICE_X51Y91         FDRE                                         r  i_m_buf_reg[7][0][6]/C

Slack:                    inf
  Source:                 i_metric[4]
                            (input port)
  Destination:            i_m_buf_reg[7][0][4]/D
                            (rising edge-triggered cell FDRE clocked by sys_clk_pin  {rise@0.000ns fall@0.500ns period=1.000ns})
  Path Group:             (none)
  Path Type:              Hold (Min at Fast Process Corner)
  Data Path Delay:        0.948ns  (logic 0.401ns (42.304%)  route 0.547ns (57.696%))
  Logic Levels:           2  (IBUFCTRL=1 INBUF=1)
  Clock Path Skew:        2.374ns (DCD - SCD - CPR)
    Destination Clock Delay (DCD):    2.374ns
    Source Clock Delay      (SCD):    0.000ns
    Clock Pessimism Removal (CPR):    -0.000ns
  Clock Net Delay (Destination): 0.932ns (routing 0.309ns, distribution 0.623ns)

    Location             Delay type                Incr(ns)  Path(ns)    Netlist Resource(s)
  -------------------------------------------------------------------    -------------------
    AB19                                              0.000     0.000 r  i_metric[4] (IN)
                         net (fo=0)                   0.000     0.000    i_metric_IBUF[4]_inst/I
    AB19                 INBUF (Prop_INBUF_HRIO_PAD_O)
                                                      0.386     0.386 r  i_metric_IBUF[4]_inst/INBUF_INST/O
                         net (fo=1, routed)           0.025     0.411    i_metric_IBUF[4]_inst/OUT
    AB19                 IBUFCTRL (Prop_IBUFCTRL_HRIO_I_O)
                                                      0.015     0.426 r  i_metric_IBUF[4]_inst/IBUFCTRL_INST/O
                         net (fo=64, routed)          0.522     0.948    i_metric_IBUF[4]
    SLICE_X51Y91         FDRE                                         r  i_m_buf_reg[7][0][4]/D
  -------------------------------------------------------------------    -------------------

                         (clock sys_clk_pin rise edge)
                                                      0.000     0.000 r  
    AA13                                              0.000     0.000 r  clk (IN)
                         net (fo=0)                   0.000     0.000    clk_IBUF_inst/I
    AA13                 INBUF (Prop_INBUF_HRIO_PAD_O)
                                                      0.938     0.938 r  clk_IBUF_inst/INBUF_INST/O
                         net (fo=1, routed)           0.042     0.980    clk_IBUF_inst/OUT
    AA13                 IBUFCTRL (Prop_IBUFCTRL_HRIO_I_O)
                                                      0.022     1.002 r  clk_IBUF_inst/IBUFCTRL_INST/O
                         net (fo=1, routed)           0.409     1.411    clk_IBUF
    BUFGCE_X1Y0          BUFGCE (Prop_BUFCE_BUFGCE_I_O)
                                                      0.031     1.442 r  clk_IBUF_BUFG_inst/O
    X2Y1 (CLOCK_ROOT)    net (fo=8497, routed)        0.932     2.374    clk_IBUF_BUFG
    SLICE_X51Y91         FDRE                                         r  i_m_buf_reg[7][0][4]/C

Slack:                    inf
  Source:                 i_label[13]
                            (input port)
  Destination:            i_l_buf_reg[1][3][13]/D
                            (rising edge-triggered cell FDRE clocked by sys_clk_pin  {rise@0.000ns fall@0.500ns period=1.000ns})
  Path Group:             (none)
  Path Type:              Hold (Min at Fast Process Corner)
  Data Path Delay:        0.956ns  (logic 0.403ns (42.139%)  route 0.553ns (57.861%))
  Logic Levels:           2  (IBUFCTRL=1 INBUF=1)
  Clock Path Skew:        2.389ns (DCD - SCD - CPR)
    Destination Clock Delay (DCD):    2.389ns
    Source Clock Delay      (SCD):    0.000ns
    Clock Pessimism Removal (CPR):    -0.000ns
  Clock Net Delay (Destination): 0.947ns (routing 0.309ns, distribution 0.638ns)

    Location             Delay type                Incr(ns)  Path(ns)    Netlist Resource(s)
  -------------------------------------------------------------------    -------------------
    AD21                                              0.000     0.000 r  i_label[13] (IN)
                         net (fo=0)                   0.000     0.000    i_label_IBUF[13]_inst/I
    AD21                 INBUF (Prop_INBUF_HRIO_PAD_O)
                                                      0.388     0.388 r  i_label_IBUF[13]_inst/INBUF_INST/O
                         net (fo=1, routed)           0.025     0.413    i_label_IBUF[13]_inst/OUT
    AD21                 IBUFCTRL (Prop_IBUFCTRL_HRIO_I_O)
                                                      0.015     0.428 r  i_label_IBUF[13]_inst/IBUFCTRL_INST/O
                         net (fo=64, routed)          0.528     0.956    i_label_IBUF[13]
    SLICE_X51Y103        FDRE                                         r  i_l_buf_reg[1][3][13]/D
  -------------------------------------------------------------------    -------------------

                         (clock sys_clk_pin rise edge)
                                                      0.000     0.000 r  
    AA13                                              0.000     0.000 r  clk (IN)
                         net (fo=0)                   0.000     0.000    clk_IBUF_inst/I
    AA13                 INBUF (Prop_INBUF_HRIO_PAD_O)
                                                      0.938     0.938 r  clk_IBUF_inst/INBUF_INST/O
                         net (fo=1, routed)           0.042     0.980    clk_IBUF_inst/OUT
    AA13                 IBUFCTRL (Prop_IBUFCTRL_HRIO_I_O)
                                                      0.022     1.002 r  clk_IBUF_inst/IBUFCTRL_INST/O
                         net (fo=1, routed)           0.409     1.411    clk_IBUF
    BUFGCE_X1Y0          BUFGCE (Prop_BUFCE_BUFGCE_I_O)
                                                      0.031     1.442 r  clk_IBUF_BUFG_inst/O
    X2Y1 (CLOCK_ROOT)    net (fo=8497, routed)        0.947     2.389    clk_IBUF_BUFG
    SLICE_X51Y103        FDRE                                         r  i_l_buf_reg[1][3][13]/C

Slack:                    inf
  Source:                 i_metric[5]
                            (input port)
  Destination:            i_m_buf_reg[6][2][5]/D
                            (rising edge-triggered cell FDRE clocked by sys_clk_pin  {rise@0.000ns fall@0.500ns period=1.000ns})
  Path Group:             (none)
  Path Type:              Hold (Min at Fast Process Corner)
  Data Path Delay:        0.959ns  (logic 0.404ns (42.101%)  route 0.555ns (57.899%))
  Logic Levels:           2  (IBUFCTRL=1 INBUF=1)
  Clock Path Skew:        2.377ns (DCD - SCD - CPR)
    Destination Clock Delay (DCD):    2.377ns
    Source Clock Delay      (SCD):    0.000ns
    Clock Pessimism Removal (CPR):    -0.000ns
  Clock Net Delay (Destination): 0.935ns (routing 0.309ns, distribution 0.626ns)

    Location             Delay type                Incr(ns)  Path(ns)    Netlist Resource(s)
  -------------------------------------------------------------------    -------------------
    AB20                                              0.000     0.000 r  i_metric[5] (IN)
                         net (fo=0)                   0.000     0.000    i_metric_IBUF[5]_inst/I
    AB20                 INBUF (Prop_INBUF_HRIO_PAD_O)
                                                      0.389     0.389 r  i_metric_IBUF[5]_inst/INBUF_INST/O
                         net (fo=1, routed)           0.025     0.414    i_metric_IBUF[5]_inst/OUT
    AB20                 IBUFCTRL (Prop_IBUFCTRL_HRIO_I_O)
                                                      0.015     0.429 r  i_metric_IBUF[5]_inst/IBUFCTRL_INST/O
                         net (fo=64, routed)          0.530     0.959    i_metric_IBUF[5]
    SLICE_X51Y91         FDRE                                         r  i_m_buf_reg[6][2][5]/D
  -------------------------------------------------------------------    -------------------

                         (clock sys_clk_pin rise edge)
                                                      0.000     0.000 r  
    AA13                                              0.000     0.000 r  clk (IN)
                         net (fo=0)                   0.000     0.000    clk_IBUF_inst/I
    AA13                 INBUF (Prop_INBUF_HRIO_PAD_O)
                                                      0.938     0.938 r  clk_IBUF_inst/INBUF_INST/O
                         net (fo=1, routed)           0.042     0.980    clk_IBUF_inst/OUT
    AA13                 IBUFCTRL (Prop_IBUFCTRL_HRIO_I_O)
                                                      0.022     1.002 r  clk_IBUF_inst/IBUFCTRL_INST/O
                         net (fo=1, routed)           0.409     1.411    clk_IBUF
    BUFGCE_X1Y0          BUFGCE (Prop_BUFCE_BUFGCE_I_O)
                                                      0.031     1.442 r  clk_IBUF_BUFG_inst/O
    X2Y1 (CLOCK_ROOT)    net (fo=8497, routed)        0.935     2.377    clk_IBUF_BUFG
    SLICE_X51Y91         FDRE                                         r  i_m_buf_reg[6][2][5]/C

Slack:                    inf
  Source:                 i_metric[3]
                            (input port)
  Destination:            i_m_buf_reg[7][0][3]/D
                            (rising edge-triggered cell FDRE clocked by sys_clk_pin  {rise@0.000ns fall@0.500ns period=1.000ns})
  Path Group:             (none)
  Path Type:              Hold (Min at Fast Process Corner)
  Data Path Delay:        0.961ns  (logic 0.411ns (42.739%)  route 0.550ns (57.261%))
  Logic Levels:           2  (IBUFCTRL=1 INBUF=1)
  Clock Path Skew:        2.369ns (DCD - SCD - CPR)
    Destination Clock Delay (DCD):    2.369ns
    Source Clock Delay      (SCD):    0.000ns
    Clock Pessimism Removal (CPR):    -0.000ns
  Clock Net Delay (Destination): 0.927ns (routing 0.309ns, distribution 0.618ns)

    Location             Delay type                Incr(ns)  Path(ns)    Netlist Resource(s)
  -------------------------------------------------------------------    -------------------
    AD19                                              0.000     0.000 r  i_metric[3] (IN)
                         net (fo=0)                   0.000     0.000    i_metric_IBUF[3]_inst/I
    AD19                 INBUF (Prop_INBUF_HRIO_PAD_O)
                                                      0.396     0.396 r  i_metric_IBUF[3]_inst/INBUF_INST/O
                         net (fo=1, routed)           0.025     0.421    i_metric_IBUF[3]_inst/OUT
    AD19                 IBUFCTRL (Prop_IBUFCTRL_HRIO_I_O)
                                                      0.015     0.436 r  i_metric_IBUF[3]_inst/IBUFCTRL_INST/O
                         net (fo=64, routed)          0.525     0.961    i_metric_IBUF[3]
    SLICE_X51Y96         FDRE                                         r  i_m_buf_reg[7][0][3]/D
  -------------------------------------------------------------------    -------------------

                         (clock sys_clk_pin rise edge)
                                                      0.000     0.000 r  
    AA13                                              0.000     0.000 r  clk (IN)
                         net (fo=0)                   0.000     0.000    clk_IBUF_inst/I
    AA13                 INBUF (Prop_INBUF_HRIO_PAD_O)
                                                      0.938     0.938 r  clk_IBUF_inst/INBUF_INST/O
                         net (fo=1, routed)           0.042     0.980    clk_IBUF_inst/OUT
    AA13                 IBUFCTRL (Prop_IBUFCTRL_HRIO_I_O)
                                                      0.022     1.002 r  clk_IBUF_inst/IBUFCTRL_INST/O
                         net (fo=1, routed)           0.409     1.411    clk_IBUF
    BUFGCE_X1Y0          BUFGCE (Prop_BUFCE_BUFGCE_I_O)
                                                      0.031     1.442 r  clk_IBUF_BUFG_inst/O
    X2Y1 (CLOCK_ROOT)    net (fo=8497, routed)        0.927     2.369    clk_IBUF_BUFG
    SLICE_X51Y96         FDRE                                         r  i_m_buf_reg[7][0][3]/C

Slack:                    inf
  Source:                 i_metric[0]
                            (input port)
  Destination:            i_m_buf_reg[0][3][0]/D
                            (rising edge-triggered cell FDRE clocked by sys_clk_pin  {rise@0.000ns fall@0.500ns period=1.000ns})
  Path Group:             (none)
  Path Type:              Hold (Min at Fast Process Corner)
  Data Path Delay:        0.965ns  (logic 0.408ns (42.293%)  route 0.557ns (57.707%))
  Logic Levels:           2  (IBUFCTRL=1 INBUF=1)
  Clock Path Skew:        2.362ns (DCD - SCD - CPR)
    Destination Clock Delay (DCD):    2.362ns
    Source Clock Delay      (SCD):    0.000ns
    Clock Pessimism Removal (CPR):    -0.000ns
  Clock Net Delay (Destination): 0.920ns (routing 0.309ns, distribution 0.611ns)

    Location             Delay type                Incr(ns)  Path(ns)    Netlist Resource(s)
  -------------------------------------------------------------------    -------------------
    AE20                                              0.000     0.000 r  i_metric[0] (IN)
                         net (fo=0)                   0.000     0.000    i_metric_IBUF[0]_inst/I
    AE20                 INBUF (Prop_INBUF_HRIO_PAD_O)
                                                      0.393     0.393 r  i_metric_IBUF[0]_inst/INBUF_INST/O
                         net (fo=1, routed)           0.025     0.418    i_metric_IBUF[0]_inst/OUT
    AE20                 IBUFCTRL (Prop_IBUFCTRL_HRIO_I_O)
                                                      0.015     0.433 r  i_metric_IBUF[0]_inst/IBUFCTRL_INST/O
                         net (fo=64, routed)          0.532     0.965    i_metric_IBUF[0]
    SLICE_X49Y101        FDRE                                         r  i_m_buf_reg[0][3][0]/D
  -------------------------------------------------------------------    -------------------

                         (clock sys_clk_pin rise edge)
                                                      0.000     0.000 r  
    AA13                                              0.000     0.000 r  clk (IN)
                         net (fo=0)                   0.000     0.000    clk_IBUF_inst/I
    AA13                 INBUF (Prop_INBUF_HRIO_PAD_O)
                                                      0.938     0.938 r  clk_IBUF_inst/INBUF_INST/O
                         net (fo=1, routed)           0.042     0.980    clk_IBUF_inst/OUT
    AA13                 IBUFCTRL (Prop_IBUFCTRL_HRIO_I_O)
                                                      0.022     1.002 r  clk_IBUF_inst/IBUFCTRL_INST/O
                         net (fo=1, routed)           0.409     1.411    clk_IBUF
    BUFGCE_X1Y0          BUFGCE (Prop_BUFCE_BUFGCE_I_O)
                                                      0.031     1.442 r  clk_IBUF_BUFG_inst/O
    X2Y1 (CLOCK_ROOT)    net (fo=8497, routed)        0.920     2.362    clk_IBUF_BUFG
    SLICE_X49Y101        FDRE                                         r  i_m_buf_reg[0][3][0]/C

Slack:                    inf
  Source:                 i_metric[6]
                            (input port)
  Destination:            i_m_buf_reg[6][3][6]/D
                            (rising edge-triggered cell FDRE clocked by sys_clk_pin  {rise@0.000ns fall@0.500ns period=1.000ns})
  Path Group:             (none)
  Path Type:              Hold (Min at Fast Process Corner)
  Data Path Delay:        0.967ns  (logic 0.404ns (41.769%)  route 0.563ns (58.231%))
  Logic Levels:           2  (IBUFCTRL=1 INBUF=1)
  Clock Path Skew:        2.362ns (DCD - SCD - CPR)
    Destination Clock Delay (DCD):    2.362ns
    Source Clock Delay      (SCD):    0.000ns
    Clock Pessimism Removal (CPR):    -0.000ns
  Clock Net Delay (Destination): 0.920ns (routing 0.309ns, distribution 0.611ns)

    Location             Delay type                Incr(ns)  Path(ns)    Netlist Resource(s)
  -------------------------------------------------------------------    -------------------
    AA19                                              0.000     0.000 r  i_metric[6] (IN)
                         net (fo=0)                   0.000     0.000    i_metric_IBUF[6]_inst/I
    AA19                 INBUF (Prop_INBUF_HRIO_PAD_O)
                                                      0.389     0.389 r  i_metric_IBUF[6]_inst/INBUF_INST/O
                         net (fo=1, routed)           0.025     0.414    i_metric_IBUF[6]_inst/OUT
    AA19                 IBUFCTRL (Prop_IBUFCTRL_HRIO_I_O)
                                                      0.015     0.429 r  i_metric_IBUF[6]_inst/IBUFCTRL_INST/O
                         net (fo=64, routed)          0.538     0.967    i_metric_IBUF[6]
    SLICE_X52Y90         FDRE                                         r  i_m_buf_reg[6][3][6]/D
  -------------------------------------------------------------------    -------------------

                         (clock sys_clk_pin rise edge)
                                                      0.000     0.000 r  
    AA13                                              0.000     0.000 r  clk (IN)
                         net (fo=0)                   0.000     0.000    clk_IBUF_inst/I
    AA13                 INBUF (Prop_INBUF_HRIO_PAD_O)
                                                      0.938     0.938 r  clk_IBUF_inst/INBUF_INST/O
                         net (fo=1, routed)           0.042     0.980    clk_IBUF_inst/OUT
    AA13                 IBUFCTRL (Prop_IBUFCTRL_HRIO_I_O)
                                                      0.022     1.002 r  clk_IBUF_inst/IBUFCTRL_INST/O
                         net (fo=1, routed)           0.409     1.411    clk_IBUF
    BUFGCE_X1Y0          BUFGCE (Prop_BUFCE_BUFGCE_I_O)
                                                      0.031     1.442 r  clk_IBUF_BUFG_inst/O
    X2Y1 (CLOCK_ROOT)    net (fo=8497, routed)        0.920     2.362    clk_IBUF_BUFG
    SLICE_X52Y90         FDRE                                         r  i_m_buf_reg[6][3][6]/C





