Copyright 1986-2022 Xilinx, Inc. All Rights Reserved.
-----------------------------------------------------------------------------------------------------------------------------------------------------------------------
| Tool Version : Vivado v.2022.1 (win64) Build 3526262 Mon Apr 18 15:48:16 MDT 2022
| Date         : Mon May  4 18:59:20 2026
| Host         : feduuk running 64-bit major release  (build 9200)
| Command      : report_methodology -file wp_top_comb_methodology_drc_routed.rpt -pb wp_top_comb_methodology_drc_routed.pb -rpx wp_top_comb_methodology_drc_routed.rpx
| Design       : wp_top_comb
| Device       : xcku035-fbva676-1-i
| Speed File   : -1
| Design State : Fully Routed
-----------------------------------------------------------------------------------------------------------------------------------------------------------------------

Report Methodology

Table of Contents
-----------------
1. REPORT SUMMARY
2. REPORT DETAILS

1. REPORT SUMMARY
-----------------
            Netlist: netlist
          Floorplan: design_1
      Design limits: <entire design considered>
             Max violations: <unlimited>
             Violations found: 1161
+-----------+----------+-------------------------------+------------+
| Rule      | Severity | Description                   | Violations |
+-----------+----------+-------------------------------+------------+
| TIMING-16 | Warning  | Large setup violation         | 1000       |
| TIMING-18 | Warning  | Missing input or output delay | 161        |
+-----------+----------+-------------------------------+------------+

2. REPORT DETAILS
-----------------
TIMING-16#1 Warning
Large setup violation  
There is a large setup violation of -1.000 ns between dut/COSSET[2].unite_lists/genblk1_0.dut/SS_00/m_p_reg[0][6][2]/C (clocked by sys_clk_pin) and dut/COSSET[2].unite_lists/genblk1_0.dut/SS_00/m_p_reg[1][4][2]/D (clocked by sys_clk_pin). Large setup violations at the end of those stages might be difficult to fix during the post-placement implementation flow and could be the result of non-optimal XDC constraints or non-optimal design architecture
Related violations: <none>

TIMING-16#2 Warning
Large setup violation  
There is a large setup violation of -1.000 ns between dut/COSSET[3].unite_lists/genblk1_0.dut/SS_00/m_p_reg[4][3][4]/C (clocked by sys_clk_pin) and dut/COSSET[3].unite_lists/genblk1_0.dut/SS_00/m_p_reg[5][4][6]/D (clocked by sys_clk_pin). Large setup violations at the end of those stages might be difficult to fix during the post-placement implementation flow and could be the result of non-optimal XDC constraints or non-optimal design architecture
Related violations: <none>

TIMING-16#3 Warning
Large setup violation  
There is a large setup violation of -1.001 ns between dut/COSSET[1].unite_lists/genblk1_0.dut/SS_00/m_p_reg[1][1][3]/C (clocked by sys_clk_pin) and dut/COSSET[1].unite_lists/genblk1_0.dut/SS_00/m_p_reg[2][1][1]/D (clocked by sys_clk_pin). Large setup violations at the end of those stages might be difficult to fix during the post-placement implementation flow and could be the result of non-optimal XDC constraints or non-optimal design architecture
Related violations: <none>

TIMING-16#4 Warning
Large setup violation  
There is a large setup violation of -1.001 ns between dut/COSSET[1].unite_lists/genblk1_0.dut/SS_00/m_p_reg[4][6][3]/C (clocked by sys_clk_pin) and dut/COSSET[1].unite_lists/genblk1_0.dut/SS_00/m_p_reg[5][6][10]/D (clocked by sys_clk_pin). Large setup violations at the end of those stages might be difficult to fix during the post-placement implementation flow and could be the result of non-optimal XDC constraints or non-optimal design architecture
Related violations: <none>

TIMING-16#5 Warning
Large setup violation  
There is a large setup violation of -1.001 ns between dut/COSSET[4].unite_lists/genblk1_0.dut/SS_00/m_p_reg[3][3][7]/C (clocked by sys_clk_pin) and dut/COSSET[4].unite_lists/genblk1_0.dut/SS_00/idx_p_reg[4][3][2]/D (clocked by sys_clk_pin). Large setup violations at the end of those stages might be difficult to fix during the post-placement implementation flow and could be the result of non-optimal XDC constraints or non-optimal design architecture
Related violations: <none>

TIMING-16#6 Warning
Large setup violation  
There is a large setup violation of -1.001 ns between in_labels1_reg[3][130]/C (clocked by sys_clk_pin) and dut/COSSET[3].unite_lists/genblk1_0.dut/SS_00/conc_d_reg[4][5][2]_srl7/D (clocked by sys_clk_pin). Large setup violations at the end of those stages might be difficult to fix during the post-placement implementation flow and could be the result of non-optimal XDC constraints or non-optimal design architecture
Related violations: <none>

TIMING-16#7 Warning
Large setup violation  
There is a large setup violation of -1.002 ns between dut/COSSET[1].unite_lists/genblk1_0.dut/SS_00/m_p_reg[0][5][3]/C (clocked by sys_clk_pin) and dut/COSSET[1].unite_lists/genblk1_0.dut/SS_00/m_p_reg[1][7][2]/D (clocked by sys_clk_pin). Large setup violations at the end of those stages might be difficult to fix during the post-placement implementation flow and could be the result of non-optimal XDC constraints or non-optimal design architecture
Related violations: <none>

TIMING-16#8 Warning
Large setup violation  
There is a large setup violation of -1.002 ns between dut/COSSET[2].unite_lists/genblk1_0.dut/SS_00/m_p_reg[3][5][4]/C (clocked by sys_clk_pin) and dut/COSSET[2].unite_lists/genblk1_0.dut/SS_00/m_p_reg[4][5][2]/D (clocked by sys_clk_pin). Large setup violations at the end of those stages might be difficult to fix during the post-placement implementation flow and could be the result of non-optimal XDC constraints or non-optimal design architecture
Related violations: <none>

TIMING-16#9 Warning
Large setup violation  
There is a large setup violation of -1.002 ns between dut/COSSET[4].unite_lists/genblk1_0.dut/SS_00/m_p_reg[0][0][4]/C (clocked by sys_clk_pin) and dut/COSSET[4].unite_lists/genblk1_0.dut/SS_00/idx_p_reg[1][2][0]/D (clocked by sys_clk_pin). Large setup violations at the end of those stages might be difficult to fix during the post-placement implementation flow and could be the result of non-optimal XDC constraints or non-optimal design architecture
Related violations: <none>

TIMING-16#10 Warning
Large setup violation  
There is a large setup violation of -1.003 ns between dut/COSSET[0].unite_lists/genblk1_0.dut/SS_00/m_p_reg[0][1][6]/C (clocked by sys_clk_pin) and dut/COSSET[0].unite_lists/genblk1_0.dut/SS_00/m_p_reg[1][1][7]/D (clocked by sys_clk_pin). Large setup violations at the end of those stages might be difficult to fix during the post-placement implementation flow and could be the result of non-optimal XDC constraints or non-optimal design architecture
Related violations: <none>

TIMING-16#11 Warning
Large setup violation  
There is a large setup violation of -1.003 ns between dut/COSSET[1].unite_lists/genblk1_0.dut/SS_00/m_p_reg[0][5][3]/C (clocked by sys_clk_pin) and dut/COSSET[1].unite_lists/genblk1_0.dut/SS_00/m_p_reg[1][5][2]/D (clocked by sys_clk_pin). Large setup violations at the end of those stages might be difficult to fix during the post-placement implementation flow and could be the result of non-optimal XDC constraints or non-optimal design architecture
Related violations: <none>

TIMING-16#12 Warning
Large setup violation  
There is a large setup violation of -1.003 ns between dut/COSSET[1].unite_lists/genblk1_0.dut/SS_00/m_p_reg[2][5][0]/C (clocked by sys_clk_pin) and dut/COSSET[1].unite_lists/genblk1_0.dut/SS_00/idx_p_reg[3][1][2]/D (clocked by sys_clk_pin). Large setup violations at the end of those stages might be difficult to fix during the post-placement implementation flow and could be the result of non-optimal XDC constraints or non-optimal design architecture
Related violations: <none>

TIMING-16#13 Warning
Large setup violation  
There is a large setup violation of -1.003 ns between dut/COSSET[2].unite_lists/genblk1_0.dut/SS_00/m_p_reg[2][1][0]/C (clocked by sys_clk_pin) and dut/COSSET[2].unite_lists/genblk1_0.dut/SS_00/m_p_reg[3][1][7]/D (clocked by sys_clk_pin). Large setup violations at the end of those stages might be difficult to fix during the post-placement implementation flow and could be the result of non-optimal XDC constraints or non-optimal design architecture
Related violations: <none>

TIMING-16#14 Warning
Large setup violation  
There is a large setup violation of -1.003 ns between dut/COSSET[2].unite_lists/genblk1_0.dut/SS_00/m_p_reg[3][5][4]/C (clocked by sys_clk_pin) and dut/COSSET[2].unite_lists/genblk1_0.dut/SS_00/m_p_reg[4][5][6]/D (clocked by sys_clk_pin). Large setup violations at the end of those stages might be difficult to fix during the post-placement implementation flow and could be the result of non-optimal XDC constraints or non-optimal design architecture
Related violations: <none>

TIMING-16#15 Warning
Large setup violation  
There is a large setup violation of -1.003 ns between dut/COSSET[4].unite_lists/genblk1_0.dut/SS_00/m_p_reg[0][0][4]/C (clocked by sys_clk_pin) and dut/COSSET[4].unite_lists/genblk1_0.dut/SS_00/idx_p_reg[1][0][0]/D (clocked by sys_clk_pin). Large setup violations at the end of those stages might be difficult to fix during the post-placement implementation flow and could be the result of non-optimal XDC constraints or non-optimal design architecture
Related violations: <none>

TIMING-16#16 Warning
Large setup violation  
There is a large setup violation of -1.004 ns between dut/COSSET[0].unite_lists/genblk1_0.dut/SS_00/m_p_reg[0][7][1]/C (clocked by sys_clk_pin) and dut/COSSET[0].unite_lists/genblk1_0.dut/SS_00/m_p_reg[1][7][10]/D (clocked by sys_clk_pin). Large setup violations at the end of those stages might be difficult to fix during the post-placement implementation flow and could be the result of non-optimal XDC constraints or non-optimal design architecture
Related violations: <none>

TIMING-16#17 Warning
Large setup violation  
There is a large setup violation of -1.005 ns between dut/COSSET[0].unite_lists/genblk1_0.dut/SS_00/m_p_reg[0][4][4]/C (clocked by sys_clk_pin) and dut/COSSET[0].unite_lists/genblk1_0.dut/SS_00/idx_p_reg[1][4][1]/D (clocked by sys_clk_pin). Large setup violations at the end of those stages might be difficult to fix during the post-placement implementation flow and could be the result of non-optimal XDC constraints or non-optimal design architecture
Related violations: <none>

TIMING-16#18 Warning
Large setup violation  
There is a large setup violation of -1.005 ns between dut/COSSET[2].unite_lists/genblk1_0.dut/SS_00/m_p_reg[3][5][4]/C (clocked by sys_clk_pin) and dut/COSSET[2].unite_lists/genblk1_0.dut/SS_00/m_p_reg[4][3][8]/D (clocked by sys_clk_pin). Large setup violations at the end of those stages might be difficult to fix during the post-placement implementation flow and could be the result of non-optimal XDC constraints or non-optimal design architecture
Related violations: <none>

TIMING-16#19 Warning
Large setup violation  
There is a large setup violation of -1.006 ns between dut/COSSET[3].unite_lists/genblk1_0.dut/SS_00/m_p_reg[0][3][8]/C (clocked by sys_clk_pin) and dut/COSSET[3].unite_lists/genblk1_0.dut/SS_00/m_p_reg[1][3][2]/D (clocked by sys_clk_pin). Large setup violations at the end of those stages might be difficult to fix during the post-placement implementation flow and could be the result of non-optimal XDC constraints or non-optimal design architecture
Related violations: <none>

TIMING-16#20 Warning
Large setup violation  
There is a large setup violation of -1.006 ns between dut/COSSET[3].unite_lists/genblk1_0.dut/SS_00/m_p_reg[0][3][8]/C (clocked by sys_clk_pin) and dut/COSSET[3].unite_lists/genblk1_0.dut/SS_00/m_p_reg[1][3][3]/D (clocked by sys_clk_pin). Large setup violations at the end of those stages might be difficult to fix during the post-placement implementation flow and could be the result of non-optimal XDC constraints or non-optimal design architecture
Related violations: <none>

TIMING-16#21 Warning
Large setup violation  
There is a large setup violation of -1.007 ns between dut/COSSET[2].unite_lists/genblk1_0.dut/SS_00/m_p_reg[0][6][2]/C (clocked by sys_clk_pin) and dut/COSSET[2].unite_lists/genblk1_0.dut/SS_00/m_p_reg[1][6][2]/D (clocked by sys_clk_pin). Large setup violations at the end of those stages might be difficult to fix during the post-placement implementation flow and could be the result of non-optimal XDC constraints or non-optimal design architecture
Related violations: <none>

TIMING-16#22 Warning
Large setup violation  
There is a large setup violation of -1.007 ns between dut/COSSET[3].unite_lists/genblk1_0.dut/SS_00/m_p_reg[0][3][8]/C (clocked by sys_clk_pin) and dut/COSSET[3].unite_lists/genblk1_0.dut/SS_00/m_p_reg[1][3][6]/D (clocked by sys_clk_pin). Large setup violations at the end of those stages might be difficult to fix during the post-placement implementation flow and could be the result of non-optimal XDC constraints or non-optimal design architecture
Related violations: <none>

TIMING-16#23 Warning
Large setup violation  
There is a large setup violation of -1.008 ns between dut/COSSET[0].unite_lists/genblk1_0.dut/SS_00/m_p_reg[0][0][1]/C (clocked by sys_clk_pin) and dut/COSSET[0].unite_lists/genblk1_0.dut/SS_00/idx_p_reg[1][0][0]/D (clocked by sys_clk_pin). Large setup violations at the end of those stages might be difficult to fix during the post-placement implementation flow and could be the result of non-optimal XDC constraints or non-optimal design architecture
Related violations: <none>

TIMING-16#24 Warning
Large setup violation  
There is a large setup violation of -1.008 ns between dut/COSSET[3].unite_lists/genblk1_0.dut/SS_00/m_p_reg[0][4][8]/C (clocked by sys_clk_pin) and dut/COSSET[3].unite_lists/genblk1_0.dut/SS_00/m_p_reg[1][4][2]/D (clocked by sys_clk_pin). Large setup violations at the end of those stages might be difficult to fix during the post-placement implementation flow and could be the result of non-optimal XDC constraints or non-optimal design architecture
Related violations: <none>

TIMING-16#25 Warning
Large setup violation  
There is a large setup violation of -1.009 ns between dut/COSSET[1].unite_lists/genblk1_0.dut/SS_00/m_p_reg[0][2][9]/C (clocked by sys_clk_pin) and dut/COSSET[1].unite_lists/genblk1_0.dut/SS_00/m_p_reg[1][2][1]/D (clocked by sys_clk_pin). Large setup violations at the end of those stages might be difficult to fix during the post-placement implementation flow and could be the result of non-optimal XDC constraints or non-optimal design architecture
Related violations: <none>

TIMING-16#26 Warning
Large setup violation  
There is a large setup violation of -1.009 ns between dut/COSSET[2].unite_lists/genblk1_0.dut/SS_00/m_p_reg[3][5][4]/C (clocked by sys_clk_pin) and dut/COSSET[2].unite_lists/genblk1_0.dut/SS_00/m_p_reg[4][3][6]/D (clocked by sys_clk_pin). Large setup violations at the end of those stages might be difficult to fix during the post-placement implementation flow and could be the result of non-optimal XDC constraints or non-optimal design architecture
Related violations: <none>

TIMING-16#27 Warning
Large setup violation  
There is a large setup violation of -1.009 ns between dut/COSSET[3].unite_lists/genblk1_0.dut/SS_00/m_p_reg[0][4][8]/C (clocked by sys_clk_pin) and dut/COSSET[3].unite_lists/genblk1_0.dut/SS_00/idx_p_reg[1][4][1]/D (clocked by sys_clk_pin). Large setup violations at the end of those stages might be difficult to fix during the post-placement implementation flow and could be the result of non-optimal XDC constraints or non-optimal design architecture
Related violations: <none>

TIMING-16#28 Warning
Large setup violation  
There is a large setup violation of -1.010 ns between dut/COSSET[1].unite_lists/genblk1_0.dut/SS_00/m_p_reg[3][5][5]/C (clocked by sys_clk_pin) and dut/COSSET[1].unite_lists/genblk1_0.dut/SS_00/idx_p_reg[4][3][0]/D (clocked by sys_clk_pin). Large setup violations at the end of those stages might be difficult to fix during the post-placement implementation flow and could be the result of non-optimal XDC constraints or non-optimal design architecture
Related violations: <none>

TIMING-16#29 Warning
Large setup violation  
There is a large setup violation of -1.010 ns between dut/COSSET[1].unite_lists/genblk1_0.dut/SS_00/m_p_reg[3][5][5]/C (clocked by sys_clk_pin) and dut/COSSET[1].unite_lists/genblk1_0.dut/SS_00/idx_p_reg[4][5][0]/D (clocked by sys_clk_pin). Large setup violations at the end of those stages might be difficult to fix during the post-placement implementation flow and could be the result of non-optimal XDC constraints or non-optimal design architecture
Related violations: <none>

TIMING-16#30 Warning
Large setup violation  
There is a large setup violation of -1.010 ns between dut/COSSET[1].unite_lists/genblk1_0.dut/SS_00/m_p_reg[4][6][3]/C (clocked by sys_clk_pin) and dut/COSSET[1].unite_lists/genblk1_0.dut/SS_00/m_p_reg[5][5][4]/D (clocked by sys_clk_pin). Large setup violations at the end of those stages might be difficult to fix during the post-placement implementation flow and could be the result of non-optimal XDC constraints or non-optimal design architecture
Related violations: <none>

TIMING-16#31 Warning
Large setup violation  
There is a large setup violation of -1.010 ns between dut/COSSET[4].unite_lists/genblk1_0.dut/SS_00/m_p_reg[0][0][4]/C (clocked by sys_clk_pin) and dut/COSSET[4].unite_lists/genblk1_0.dut/SS_00/idx_p_reg[1][0][1]/D (clocked by sys_clk_pin). Large setup violations at the end of those stages might be difficult to fix during the post-placement implementation flow and could be the result of non-optimal XDC constraints or non-optimal design architecture
Related violations: <none>

TIMING-16#32 Warning
Large setup violation  
There is a large setup violation of -1.012 ns between dut/COSSET[2].unite_lists/genblk1_0.dut/SS_00/m_p_reg[0][7][4]/C (clocked by sys_clk_pin) and dut/COSSET[2].unite_lists/genblk1_0.dut/SS_00/m_p_reg[1][5][9]/D (clocked by sys_clk_pin). Large setup violations at the end of those stages might be difficult to fix during the post-placement implementation flow and could be the result of non-optimal XDC constraints or non-optimal design architecture
Related violations: <none>

TIMING-16#33 Warning
Large setup violation  
There is a large setup violation of -1.014 ns between dut/COSSET[2].unite_lists/genblk1_0.dut/FDRE/C (clocked by sys_clk_pin) and dut/COSSET[2].unite_lists/genblk1_0.dut/valid_d_reg[5]_srl7_srlopt_replica_3/D (clocked by sys_clk_pin). Large setup violations at the end of those stages might be difficult to fix during the post-placement implementation flow and could be the result of non-optimal XDC constraints or non-optimal design architecture
Related violations: <none>

TIMING-16#34 Warning
Large setup violation  
There is a large setup violation of -1.015 ns between dut/COSSET[0].unite_lists/genblk1_0.dut/SS_00/m_p_reg[4][2][0]/C (clocked by sys_clk_pin) and dut/COSSET[0].unite_lists/genblk1_0.dut/SS_00/m_p_reg[5][1][1]/D (clocked by sys_clk_pin). Large setup violations at the end of those stages might be difficult to fix during the post-placement implementation flow and could be the result of non-optimal XDC constraints or non-optimal design architecture
Related violations: <none>

TIMING-16#35 Warning
Large setup violation  
There is a large setup violation of -1.015 ns between dut/COSSET[2].unite_lists/genblk1_0.dut/SS_00/m_p_reg[0][6][2]/C (clocked by sys_clk_pin) and dut/COSSET[2].unite_lists/genblk1_0.dut/SS_00/m_p_reg[1][6][8]/D (clocked by sys_clk_pin). Large setup violations at the end of those stages might be difficult to fix during the post-placement implementation flow and could be the result of non-optimal XDC constraints or non-optimal design architecture
Related violations: <none>

TIMING-16#36 Warning
Large setup violation  
There is a large setup violation of -1.015 ns between dut/COSSET[3].unite_lists/genblk1_0.dut/SS_00/m_p_reg[4][5][7]/C (clocked by sys_clk_pin) and dut/COSSET[3].unite_lists/genblk1_0.dut/SS_00/idx_p_reg[5][5][0]/D (clocked by sys_clk_pin). Large setup violations at the end of those stages might be difficult to fix during the post-placement implementation flow and could be the result of non-optimal XDC constraints or non-optimal design architecture
Related violations: <none>

TIMING-16#37 Warning
Large setup violation  
There is a large setup violation of -1.016 ns between dut/COSSET[0].unite_lists/genblk1_0.dut/SS_00/m_p_reg[4][2][0]/C (clocked by sys_clk_pin) and dut/COSSET[0].unite_lists/genblk1_0.dut/SS_00/m_p_reg[5][1][4]/D (clocked by sys_clk_pin). Large setup violations at the end of those stages might be difficult to fix during the post-placement implementation flow and could be the result of non-optimal XDC constraints or non-optimal design architecture
Related violations: <none>

TIMING-16#38 Warning
Large setup violation  
There is a large setup violation of -1.016 ns between dut/COSSET[4].unite_lists/genblk1_0.dut/SS_00/m_p_reg[2][1][3]/C (clocked by sys_clk_pin) and dut/COSSET[4].unite_lists/genblk1_0.dut/SS_00/m_p_reg[3][5][1]/D (clocked by sys_clk_pin). Large setup violations at the end of those stages might be difficult to fix during the post-placement implementation flow and could be the result of non-optimal XDC constraints or non-optimal design architecture
Related violations: <none>

TIMING-16#39 Warning
Large setup violation  
There is a large setup violation of -1.017 ns between dut/COSSET[1].unite_lists/genblk1_0.dut/SS_00/m_p_reg[2][4][3]/C (clocked by sys_clk_pin) and dut/COSSET[1].unite_lists/genblk1_0.dut/SS_00/m_p_reg[3][4][10]/D (clocked by sys_clk_pin). Large setup violations at the end of those stages might be difficult to fix during the post-placement implementation flow and could be the result of non-optimal XDC constraints or non-optimal design architecture
Related violations: <none>

TIMING-16#40 Warning
Large setup violation  
There is a large setup violation of -1.017 ns between dut/COSSET[4].unite_lists/genblk1_0.dut/SS_00/m_p_reg[2][6][3]/C (clocked by sys_clk_pin) and dut/COSSET[4].unite_lists/genblk1_0.dut/SS_00/m_p_reg[3][6][10]/D (clocked by sys_clk_pin). Large setup violations at the end of those stages might be difficult to fix during the post-placement implementation flow and could be the result of non-optimal XDC constraints or non-optimal design architecture
Related violations: <none>

TIMING-16#41 Warning
Large setup violation  
There is a large setup violation of -1.018 ns between dut/COSSET[2].unite_lists/genblk1_0.dut/SS_00/m_p_reg[0][0][5]/C (clocked by sys_clk_pin) and dut/COSSET[2].unite_lists/genblk1_0.dut/SS_00/m_p_reg[1][0][7]/D (clocked by sys_clk_pin). Large setup violations at the end of those stages might be difficult to fix during the post-placement implementation flow and could be the result of non-optimal XDC constraints or non-optimal design architecture
Related violations: <none>

TIMING-16#42 Warning
Large setup violation  
There is a large setup violation of -1.020 ns between dut/COSSET[3].unite_lists/genblk1_0.dut/SS_00/m_p_reg[0][4][8]/C (clocked by sys_clk_pin) and dut/COSSET[3].unite_lists/genblk1_0.dut/SS_00/m_p_reg[1][6][9]/D (clocked by sys_clk_pin). Large setup violations at the end of those stages might be difficult to fix during the post-placement implementation flow and could be the result of non-optimal XDC constraints or non-optimal design architecture
Related violations: <none>

TIMING-16#43 Warning
Large setup violation  
There is a large setup violation of -1.020 ns between dut/COSSET[3].unite_lists/genblk1_0.dut/SS_00/m_p_reg[2][6][5]/C (clocked by sys_clk_pin) and dut/COSSET[3].unite_lists/genblk1_0.dut/SS_00/idx_p_reg[3][6][0]/D (clocked by sys_clk_pin). Large setup violations at the end of those stages might be difficult to fix during the post-placement implementation flow and could be the result of non-optimal XDC constraints or non-optimal design architecture
Related violations: <none>

TIMING-16#44 Warning
Large setup violation  
There is a large setup violation of -1.020 ns between dut/COSSET[3].unite_lists/genblk1_0.dut/SS_00/m_p_reg[4][1][1]/C (clocked by sys_clk_pin) and dut/COSSET[3].unite_lists/genblk1_0.dut/SS_00/m_p_reg[5][2][5]/D (clocked by sys_clk_pin). Large setup violations at the end of those stages might be difficult to fix during the post-placement implementation flow and could be the result of non-optimal XDC constraints or non-optimal design architecture
Related violations: <none>

TIMING-16#45 Warning
Large setup violation  
There is a large setup violation of -1.020 ns between dut/COSSET[3].unite_lists/genblk1_0.dut/metrics_r_reg[30]/C (clocked by sys_clk_pin) and dut/COSSET[3].unite_lists/genblk1_0.dut/SS_00/s0_d_reg[4][0]_srl5/D (clocked by sys_clk_pin). Large setup violations at the end of those stages might be difficult to fix during the post-placement implementation flow and could be the result of non-optimal XDC constraints or non-optimal design architecture
Related violations: <none>

TIMING-16#46 Warning
Large setup violation  
There is a large setup violation of -1.021 ns between dut/COSSET[2].unite_lists/genblk1_0.dut/SS_00/m_p_reg[0][6][2]/C (clocked by sys_clk_pin) and dut/COSSET[2].unite_lists/genblk1_0.dut/SS_00/m_p_reg[1][4][6]/D (clocked by sys_clk_pin). Large setup violations at the end of those stages might be difficult to fix during the post-placement implementation flow and could be the result of non-optimal XDC constraints or non-optimal design architecture
Related violations: <none>

TIMING-16#47 Warning
Large setup violation  
There is a large setup violation of -1.021 ns between dut/COSSET[2].unite_lists/genblk1_0.dut/SS_00/m_p_reg[0][6][2]/C (clocked by sys_clk_pin) and dut/COSSET[2].unite_lists/genblk1_0.dut/SS_00/m_p_reg[1][4][8]/D (clocked by sys_clk_pin). Large setup violations at the end of those stages might be difficult to fix during the post-placement implementation flow and could be the result of non-optimal XDC constraints or non-optimal design architecture
Related violations: <none>

TIMING-16#48 Warning
Large setup violation  
There is a large setup violation of -1.021 ns between dut/COSSET[2].unite_lists/genblk1_0.dut/SS_00/m_p_reg[0][6][2]/C (clocked by sys_clk_pin) and dut/COSSET[2].unite_lists/genblk1_0.dut/SS_00/m_p_reg[1][6][6]/D (clocked by sys_clk_pin). Large setup violations at the end of those stages might be difficult to fix during the post-placement implementation flow and could be the result of non-optimal XDC constraints or non-optimal design architecture
Related violations: <none>

TIMING-16#49 Warning
Large setup violation  
There is a large setup violation of -1.021 ns between dut/COSSET[4].unite_lists/genblk1_0.dut/SS_00/m_p_reg[0][3][0]/C (clocked by sys_clk_pin) and dut/COSSET[4].unite_lists/genblk1_0.dut/SS_00/m_p_reg[1][1][8]/D (clocked by sys_clk_pin). Large setup violations at the end of those stages might be difficult to fix during the post-placement implementation flow and could be the result of non-optimal XDC constraints or non-optimal design architecture
Related violations: <none>

TIMING-16#50 Warning
Large setup violation  
There is a large setup violation of -1.022 ns between dut/COSSET[0].unite_lists/genblk1_0.dut/SS_00/m_p_reg[2][1][2]/C (clocked by sys_clk_pin) and dut/COSSET[0].unite_lists/genblk1_0.dut/SS_00/m_p_reg[3][5][6]/D (clocked by sys_clk_pin). Large setup violations at the end of those stages might be difficult to fix during the post-placement implementation flow and could be the result of non-optimal XDC constraints or non-optimal design architecture
Related violations: <none>

TIMING-16#51 Warning
Large setup violation  
There is a large setup violation of -1.022 ns between dut/COSSET[0].unite_lists/genblk1_0.dut/SS_00/m_p_reg[2][3][0]/C (clocked by sys_clk_pin) and dut/COSSET[0].unite_lists/genblk1_0.dut/SS_00/m_p_reg[4][7][9]_srl2/D (clocked by sys_clk_pin). Large setup violations at the end of those stages might be difficult to fix during the post-placement implementation flow and could be the result of non-optimal XDC constraints or non-optimal design architecture
Related violations: <none>

TIMING-16#52 Warning
Large setup violation  
There is a large setup violation of -1.022 ns between dut/COSSET[1].unite_lists/genblk1_0.dut/SS_00/m_p_reg[1][1][3]/C (clocked by sys_clk_pin) and dut/COSSET[1].unite_lists/genblk1_0.dut/SS_00/m_p_reg[2][1][8]/D (clocked by sys_clk_pin). Large setup violations at the end of those stages might be difficult to fix during the post-placement implementation flow and could be the result of non-optimal XDC constraints or non-optimal design architecture
Related violations: <none>

TIMING-16#53 Warning
Large setup violation  
There is a large setup violation of -1.022 ns between dut/COSSET[4].unite_lists/genblk1_0.dut/SS_00/m_p_reg[0][6][7]/C (clocked by sys_clk_pin) and dut/COSSET[4].unite_lists/genblk1_0.dut/SS_00/m_p_reg[1][4][0]/D (clocked by sys_clk_pin). Large setup violations at the end of those stages might be difficult to fix during the post-placement implementation flow and could be the result of non-optimal XDC constraints or non-optimal design architecture
Related violations: <none>

TIMING-16#54 Warning
Large setup violation  
There is a large setup violation of -1.022 ns between dut/COSSET[4].unite_lists/genblk1_0.dut/SS_00/m_p_reg[2][6][3]/C (clocked by sys_clk_pin) and dut/COSSET[4].unite_lists/genblk1_0.dut/SS_00/m_p_reg[3][2][10]/D (clocked by sys_clk_pin). Large setup violations at the end of those stages might be difficult to fix during the post-placement implementation flow and could be the result of non-optimal XDC constraints or non-optimal design architecture
Related violations: <none>

TIMING-16#55 Warning
Large setup violation  
There is a large setup violation of -1.023 ns between dut/COSSET[0].unite_lists/genblk1_0.dut/SS_00/m_p_reg[2][1][2]/C (clocked by sys_clk_pin) and dut/COSSET[0].unite_lists/genblk1_0.dut/SS_00/m_p_reg[3][1][6]/D (clocked by sys_clk_pin). Large setup violations at the end of those stages might be difficult to fix during the post-placement implementation flow and could be the result of non-optimal XDC constraints or non-optimal design architecture
Related violations: <none>

TIMING-16#56 Warning
Large setup violation  
There is a large setup violation of -1.023 ns between dut/COSSET[3].unite_lists/genblk1_0.dut/SS_00/m_p_reg[0][4][8]/C (clocked by sys_clk_pin) and dut/COSSET[3].unite_lists/genblk1_0.dut/SS_00/idx_p_reg[1][6][0]/D (clocked by sys_clk_pin). Large setup violations at the end of those stages might be difficult to fix during the post-placement implementation flow and could be the result of non-optimal XDC constraints or non-optimal design architecture
Related violations: <none>

TIMING-16#57 Warning
Large setup violation  
There is a large setup violation of -1.023 ns between dut/COSSET[3].unite_lists/genblk1_0.dut/SS_00/m_p_reg[3][2][0]/C (clocked by sys_clk_pin) and dut/COSSET[3].unite_lists/genblk1_0.dut/SS_00/m_p_reg[4][4][3]/D (clocked by sys_clk_pin). Large setup violations at the end of those stages might be difficult to fix during the post-placement implementation flow and could be the result of non-optimal XDC constraints or non-optimal design architecture
Related violations: <none>

TIMING-16#58 Warning
Large setup violation  
There is a large setup violation of -1.024 ns between dut/COSSET[0].unite_lists/genblk1_0.dut/SS_00/m_p_reg[3][4][4]/C (clocked by sys_clk_pin) and dut/COSSET[0].unite_lists/genblk1_0.dut/SS_00/m_p_reg[4][2][7]/D (clocked by sys_clk_pin). Large setup violations at the end of those stages might be difficult to fix during the post-placement implementation flow and could be the result of non-optimal XDC constraints or non-optimal design architecture
Related violations: <none>

TIMING-16#59 Warning
Large setup violation  
There is a large setup violation of -1.024 ns between dut/COSSET[2].unite_lists/genblk1_0.dut/SS_00/m_p_reg[1][1][7]/C (clocked by sys_clk_pin) and dut/COSSET[2].unite_lists/genblk1_0.dut/SS_00/m_p_reg[2][1][0]/D (clocked by sys_clk_pin). Large setup violations at the end of those stages might be difficult to fix during the post-placement implementation flow and could be the result of non-optimal XDC constraints or non-optimal design architecture
Related violations: <none>

TIMING-16#60 Warning
Large setup violation  
There is a large setup violation of -1.025 ns between dut/COSSET[0].unite_lists/genblk1_0.dut/SS_00/m_p_reg[3][3][8]/C (clocked by sys_clk_pin) and dut/COSSET[0].unite_lists/genblk1_0.dut/SS_00/m_p_reg[4][3][2]/D (clocked by sys_clk_pin). Large setup violations at the end of those stages might be difficult to fix during the post-placement implementation flow and could be the result of non-optimal XDC constraints or non-optimal design architecture
Related violations: <none>

TIMING-16#61 Warning
Large setup violation  
There is a large setup violation of -1.025 ns between dut/COSSET[2].unite_lists/genblk1_0.dut/SS_00/m_p_reg[0][0][5]/C (clocked by sys_clk_pin) and dut/COSSET[2].unite_lists/genblk1_0.dut/SS_00/m_p_reg[1][0][6]/D (clocked by sys_clk_pin). Large setup violations at the end of those stages might be difficult to fix during the post-placement implementation flow and could be the result of non-optimal XDC constraints or non-optimal design architecture
Related violations: <none>

TIMING-16#62 Warning
Large setup violation  
There is a large setup violation of -1.025 ns between dut/COSSET[3].unite_lists/genblk1_0.dut/SS_00/m_p_reg[1][1][0]/C (clocked by sys_clk_pin) and dut/COSSET[3].unite_lists/genblk1_0.dut/SS_00/idx_p_reg[2][2][1]/D (clocked by sys_clk_pin). Large setup violations at the end of those stages might be difficult to fix during the post-placement implementation flow and could be the result of non-optimal XDC constraints or non-optimal design architecture
Related violations: <none>

TIMING-16#63 Warning
Large setup violation  
There is a large setup violation of -1.025 ns between dut/COSSET[3].unite_lists/genblk1_0.dut/SS_00/m_p_reg[4][1][1]/C (clocked by sys_clk_pin) and dut/COSSET[3].unite_lists/genblk1_0.dut/SS_00/m_p_reg[5][1][10]/D (clocked by sys_clk_pin). Large setup violations at the end of those stages might be difficult to fix during the post-placement implementation flow and could be the result of non-optimal XDC constraints or non-optimal design architecture
Related violations: <none>

TIMING-16#64 Warning
Large setup violation  
There is a large setup violation of -1.026 ns between dut/COSSET[2].unite_lists/genblk1_0.dut/SS_00/m_p_reg[4][1][8]/C (clocked by sys_clk_pin) and dut/COSSET[2].unite_lists/genblk1_0.dut/SS_00/m_p_reg[5][2][7]/D (clocked by sys_clk_pin). Large setup violations at the end of those stages might be difficult to fix during the post-placement implementation flow and could be the result of non-optimal XDC constraints or non-optimal design architecture
Related violations: <none>

TIMING-16#65 Warning
Large setup violation  
There is a large setup violation of -1.026 ns between dut/COSSET[3].unite_lists/genblk1_0.dut/SS_00/m_p_reg[4][1][1]/C (clocked by sys_clk_pin) and dut/COSSET[3].unite_lists/genblk1_0.dut/SS_00/m_p_reg[5][2][10]/D (clocked by sys_clk_pin). Large setup violations at the end of those stages might be difficult to fix during the post-placement implementation flow and could be the result of non-optimal XDC constraints or non-optimal design architecture
Related violations: <none>

TIMING-16#66 Warning
Large setup violation  
There is a large setup violation of -1.026 ns between dut/COSSET[4].unite_lists/genblk1_0.dut/SS_00/m_p_reg[0][3][0]/C (clocked by sys_clk_pin) and dut/COSSET[4].unite_lists/genblk1_0.dut/SS_00/m_p_reg[1][3][2]/D (clocked by sys_clk_pin). Large setup violations at the end of those stages might be difficult to fix during the post-placement implementation flow and could be the result of non-optimal XDC constraints or non-optimal design architecture
Related violations: <none>

TIMING-16#67 Warning
Large setup violation  
There is a large setup violation of -1.026 ns between dut/COSSET[4].unite_lists/genblk1_0.dut/SS_00/m_p_reg[0][6][7]/C (clocked by sys_clk_pin) and dut/COSSET[4].unite_lists/genblk1_0.dut/SS_00/m_p_reg[1][6][0]/D (clocked by sys_clk_pin). Large setup violations at the end of those stages might be difficult to fix during the post-placement implementation flow and could be the result of non-optimal XDC constraints or non-optimal design architecture
Related violations: <none>

TIMING-16#68 Warning
Large setup violation  
There is a large setup violation of -1.027 ns between dut/COSSET[2].unite_lists/genblk1_0.dut/SS_00/m_p_reg[3][5][4]/C (clocked by sys_clk_pin) and dut/COSSET[2].unite_lists/genblk1_0.dut/SS_00/m_p_reg[4][3][4]/D (clocked by sys_clk_pin). Large setup violations at the end of those stages might be difficult to fix during the post-placement implementation flow and could be the result of non-optimal XDC constraints or non-optimal design architecture
Related violations: <none>

TIMING-16#69 Warning
Large setup violation  
There is a large setup violation of -1.027 ns between dut/COSSET[3].unite_lists/genblk1_0.dut/SS_00/m_p_reg[1][1][0]/C (clocked by sys_clk_pin) and dut/COSSET[3].unite_lists/genblk1_0.dut/SS_00/idx_p_reg[2][1][1]/D (clocked by sys_clk_pin). Large setup violations at the end of those stages might be difficult to fix during the post-placement implementation flow and could be the result of non-optimal XDC constraints or non-optimal design architecture
Related violations: <none>

TIMING-16#70 Warning
Large setup violation  
There is a large setup violation of -1.027 ns between dut/COSSET[3].unite_lists/genblk1_0.dut/SS_00/m_p_reg[2][6][5]/C (clocked by sys_clk_pin) and dut/COSSET[3].unite_lists/genblk1_0.dut/SS_00/idx_p_reg[3][2][0]/D (clocked by sys_clk_pin). Large setup violations at the end of those stages might be difficult to fix during the post-placement implementation flow and could be the result of non-optimal XDC constraints or non-optimal design architecture
Related violations: <none>

TIMING-16#71 Warning
Large setup violation  
There is a large setup violation of -1.028 ns between dut/COSSET[2].unite_lists/genblk1_0.dut/SS_00/m_p_reg[0][6][2]/C (clocked by sys_clk_pin) and dut/COSSET[2].unite_lists/genblk1_0.dut/SS_00/m_p_reg[1][6][4]/D (clocked by sys_clk_pin). Large setup violations at the end of those stages might be difficult to fix during the post-placement implementation flow and could be the result of non-optimal XDC constraints or non-optimal design architecture
Related violations: <none>

TIMING-16#72 Warning
Large setup violation  
There is a large setup violation of -1.029 ns between dut/COSSET[2].unite_lists/genblk1_0.dut/SS_00/m_p_reg[3][5][4]/C (clocked by sys_clk_pin) and dut/COSSET[2].unite_lists/genblk1_0.dut/SS_00/idx_p_reg[4][3][1]/D (clocked by sys_clk_pin). Large setup violations at the end of those stages might be difficult to fix during the post-placement implementation flow and could be the result of non-optimal XDC constraints or non-optimal design architecture
Related violations: <none>

TIMING-16#73 Warning
Large setup violation  
There is a large setup violation of -1.029 ns between dut/COSSET[4].unite_lists/genblk1_0.dut/SS_00/m_p_reg[4][2][4]/C (clocked by sys_clk_pin) and dut/COSSET[4].unite_lists/genblk1_0.dut/SS_00/idx_p_reg[5][1][2]/D (clocked by sys_clk_pin). Large setup violations at the end of those stages might be difficult to fix during the post-placement implementation flow and could be the result of non-optimal XDC constraints or non-optimal design architecture
Related violations: <none>

TIMING-16#74 Warning
Large setup violation  
There is a large setup violation of -1.030 ns between dut/COSSET[1].unite_lists/genblk1_0.dut/SS_00/m_p_reg[4][6][3]/C (clocked by sys_clk_pin) and dut/COSSET[1].unite_lists/genblk1_0.dut/SS_00/idx_p_reg[5][6][0]/D (clocked by sys_clk_pin). Large setup violations at the end of those stages might be difficult to fix during the post-placement implementation flow and could be the result of non-optimal XDC constraints or non-optimal design architecture
Related violations: <none>

TIMING-16#75 Warning
Large setup violation  
There is a large setup violation of -1.031 ns between dut/COSSET[2].unite_lists/genblk1_0.dut/SS_00/m_p_reg[4][1][8]/C (clocked by sys_clk_pin) and dut/COSSET[2].unite_lists/genblk1_0.dut/SS_00/m_p_reg[5][2][5]/D (clocked by sys_clk_pin). Large setup violations at the end of those stages might be difficult to fix during the post-placement implementation flow and could be the result of non-optimal XDC constraints or non-optimal design architecture
Related violations: <none>

TIMING-16#76 Warning
Large setup violation  
There is a large setup violation of -1.032 ns between dut/COSSET[2].unite_lists/genblk1_0.dut/SS_00/m_p_reg[4][1][8]/C (clocked by sys_clk_pin) and dut/COSSET[2].unite_lists/genblk1_0.dut/SS_00/m_p_reg[5][2][10]/D (clocked by sys_clk_pin). Large setup violations at the end of those stages might be difficult to fix during the post-placement implementation flow and could be the result of non-optimal XDC constraints or non-optimal design architecture
Related violations: <none>

TIMING-16#77 Warning
Large setup violation  
There is a large setup violation of -1.032 ns between dut/COSSET[3].unite_lists/genblk1_0.dut/SS_00/m_p_reg[1][1][0]/C (clocked by sys_clk_pin) and dut/COSSET[3].unite_lists/genblk1_0.dut/SS_00/m_p_reg[2][1][8]/D (clocked by sys_clk_pin). Large setup violations at the end of those stages might be difficult to fix during the post-placement implementation flow and could be the result of non-optimal XDC constraints or non-optimal design architecture
Related violations: <none>

TIMING-16#78 Warning
Large setup violation  
There is a large setup violation of -1.033 ns between dut/COSSET[3].unite_lists/genblk1_0.dut/SS_00/m_p_reg[1][1][0]/C (clocked by sys_clk_pin) and dut/COSSET[3].unite_lists/genblk1_0.dut/SS_00/m_p_reg[2][2][8]/D (clocked by sys_clk_pin). Large setup violations at the end of those stages might be difficult to fix during the post-placement implementation flow and could be the result of non-optimal XDC constraints or non-optimal design architecture
Related violations: <none>

TIMING-16#79 Warning
Large setup violation  
There is a large setup violation of -1.033 ns between dut/COSSET[4].unite_lists/genblk1_0.dut/SS_00/m_p_reg[4][2][4]/C (clocked by sys_clk_pin) and dut/COSSET[4].unite_lists/genblk1_0.dut/SS_00/idx_p_reg[5][2][1]/D (clocked by sys_clk_pin). Large setup violations at the end of those stages might be difficult to fix during the post-placement implementation flow and could be the result of non-optimal XDC constraints or non-optimal design architecture
Related violations: <none>

TIMING-16#80 Warning
Large setup violation  
There is a large setup violation of -1.034 ns between dut/COSSET[2].unite_lists/genblk1_0.dut/SS_00/m_p_reg[2][6][5]/C (clocked by sys_clk_pin) and dut/COSSET[2].unite_lists/genblk1_0.dut/SS_00/m_p_reg[3][2][1]/D (clocked by sys_clk_pin). Large setup violations at the end of those stages might be difficult to fix during the post-placement implementation flow and could be the result of non-optimal XDC constraints or non-optimal design architecture
Related violations: <none>

TIMING-16#81 Warning
Large setup violation  
There is a large setup violation of -1.034 ns between dut/COSSET[3].unite_lists/genblk1_0.dut/SS_00/m_p_reg[3][2][0]/C (clocked by sys_clk_pin) and dut/COSSET[3].unite_lists/genblk1_0.dut/SS_00/m_p_reg[4][4][9]/D (clocked by sys_clk_pin). Large setup violations at the end of those stages might be difficult to fix during the post-placement implementation flow and could be the result of non-optimal XDC constraints or non-optimal design architecture
Related violations: <none>

TIMING-16#82 Warning
Large setup violation  
There is a large setup violation of -1.035 ns between dut/COSSET[0].unite_lists/genblk1_0.dut/SS_00/m_p_reg[3][3][8]/C (clocked by sys_clk_pin) and dut/COSSET[0].unite_lists/genblk1_0.dut/SS_00/m_p_reg[4][3][6]/D (clocked by sys_clk_pin). Large setup violations at the end of those stages might be difficult to fix during the post-placement implementation flow and could be the result of non-optimal XDC constraints or non-optimal design architecture
Related violations: <none>

TIMING-16#83 Warning
Large setup violation  
There is a large setup violation of -1.036 ns between dut/COSSET[1].unite_lists/genblk1_0.dut/SS_00/m_p_reg[4][6][3]/C (clocked by sys_clk_pin) and dut/COSSET[1].unite_lists/genblk1_0.dut/SS_00/idx_p_reg[5][5][0]/D (clocked by sys_clk_pin). Large setup violations at the end of those stages might be difficult to fix during the post-placement implementation flow and could be the result of non-optimal XDC constraints or non-optimal design architecture
Related violations: <none>

TIMING-16#84 Warning
Large setup violation  
There is a large setup violation of -1.036 ns between dut/COSSET[2].unite_lists/genblk1_0.dut/SS_00/m_p_reg[0][0][5]/C (clocked by sys_clk_pin) and dut/COSSET[2].unite_lists/genblk1_0.dut/SS_00/m_p_reg[1][2][4]/D (clocked by sys_clk_pin). Large setup violations at the end of those stages might be difficult to fix during the post-placement implementation flow and could be the result of non-optimal XDC constraints or non-optimal design architecture
Related violations: <none>

TIMING-16#85 Warning
Large setup violation  
There is a large setup violation of -1.037 ns between dut/COSSET[0].unite_lists/genblk1_0.dut/SS_00/m_p_reg[2][0][1]/C (clocked by sys_clk_pin) and dut/COSSET[0].unite_lists/genblk1_0.dut/SS_00/m_p_reg[3][4][4]/D (clocked by sys_clk_pin). Large setup violations at the end of those stages might be difficult to fix during the post-placement implementation flow and could be the result of non-optimal XDC constraints or non-optimal design architecture
Related violations: <none>

TIMING-16#86 Warning
Large setup violation  
There is a large setup violation of -1.037 ns between dut/COSSET[2].unite_lists/genblk1_0.dut/SS_00/m_p_reg[2][6][5]/C (clocked by sys_clk_pin) and dut/COSSET[2].unite_lists/genblk1_0.dut/SS_00/m_p_reg[3][2][10]/D (clocked by sys_clk_pin). Large setup violations at the end of those stages might be difficult to fix during the post-placement implementation flow and could be the result of non-optimal XDC constraints or non-optimal design architecture
Related violations: <none>

TIMING-16#87 Warning
Large setup violation  
There is a large setup violation of -1.037 ns between dut/COSSET[4].unite_lists/genblk1_0.dut/SS_00/m_p_reg[3][3][7]/C (clocked by sys_clk_pin) and dut/COSSET[4].unite_lists/genblk1_0.dut/SS_00/idx_p_reg[4][3][1]/D (clocked by sys_clk_pin). Large setup violations at the end of those stages might be difficult to fix during the post-placement implementation flow and could be the result of non-optimal XDC constraints or non-optimal design architecture
Related violations: <none>

TIMING-16#88 Warning
Large setup violation  
There is a large setup violation of -1.038 ns between dut/COSSET[0].unite_lists/genblk1_0.dut/metrics1_r_reg[32]/C (clocked by sys_clk_pin) and dut/COSSET[0].unite_lists/genblk1_0.dut/SS_00/s0_d_reg[4][10]_srl5/D (clocked by sys_clk_pin). Large setup violations at the end of those stages might be difficult to fix during the post-placement implementation flow and could be the result of non-optimal XDC constraints or non-optimal design architecture
Related violations: <none>

TIMING-16#89 Warning
Large setup violation  
There is a large setup violation of -1.038 ns between dut/COSSET[2].unite_lists/genblk1_0.dut/SS_00/m_p_reg[1][1][7]/C (clocked by sys_clk_pin) and dut/COSSET[2].unite_lists/genblk1_0.dut/SS_00/m_p_reg[2][1][4]/D (clocked by sys_clk_pin). Large setup violations at the end of those stages might be difficult to fix during the post-placement implementation flow and could be the result of non-optimal XDC constraints or non-optimal design architecture
Related violations: <none>

TIMING-16#90 Warning
Large setup violation  
There is a large setup violation of -1.038 ns between dut/COSSET[2].unite_lists/genblk1_0.dut/SS_00/m_p_reg[1][1][7]/C (clocked by sys_clk_pin) and dut/COSSET[2].unite_lists/genblk1_0.dut/SS_00/m_p_reg[2][2][4]/D (clocked by sys_clk_pin). Large setup violations at the end of those stages might be difficult to fix during the post-placement implementation flow and could be the result of non-optimal XDC constraints or non-optimal design architecture
Related violations: <none>

TIMING-16#91 Warning
Large setup violation  
There is a large setup violation of -1.039 ns between dut/COSSET[2].unite_lists/genblk1_0.dut/SS_00/m_p_reg[2][6][5]/C (clocked by sys_clk_pin) and dut/COSSET[2].unite_lists/genblk1_0.dut/SS_00/m_p_reg[3][2][5]/D (clocked by sys_clk_pin). Large setup violations at the end of those stages might be difficult to fix during the post-placement implementation flow and could be the result of non-optimal XDC constraints or non-optimal design architecture
Related violations: <none>

TIMING-16#92 Warning
Large setup violation  
There is a large setup violation of -1.039 ns between dut/COSSET[4].unite_lists/genblk1_0.dut/SS_00/m_p_reg[0][3][0]/C (clocked by sys_clk_pin) and dut/COSSET[4].unite_lists/genblk1_0.dut/SS_00/m_p_reg[1][3][4]/D (clocked by sys_clk_pin). Large setup violations at the end of those stages might be difficult to fix during the post-placement implementation flow and could be the result of non-optimal XDC constraints or non-optimal design architecture
Related violations: <none>

TIMING-16#93 Warning
Large setup violation  
There is a large setup violation of -1.040 ns between dut/COSSET[3].unite_lists/genblk1_0.dut/SS_00/m_p_reg[3][2][0]/C (clocked by sys_clk_pin) and dut/COSSET[3].unite_lists/genblk1_0.dut/SS_00/m_p_reg[4][4][6]/D (clocked by sys_clk_pin). Large setup violations at the end of those stages might be difficult to fix during the post-placement implementation flow and could be the result of non-optimal XDC constraints or non-optimal design architecture
Related violations: <none>

TIMING-16#94 Warning
Large setup violation  
There is a large setup violation of -1.040 ns between dut/COSSET[3].unite_lists/genblk1_0.dut/SS_00/m_p_reg[4][1][1]/C (clocked by sys_clk_pin) and dut/COSSET[3].unite_lists/genblk1_0.dut/SS_00/m_p_reg[5][2][0]/D (clocked by sys_clk_pin). Large setup violations at the end of those stages might be difficult to fix during the post-placement implementation flow and could be the result of non-optimal XDC constraints or non-optimal design architecture
Related violations: <none>

TIMING-16#95 Warning
Large setup violation  
There is a large setup violation of -1.041 ns between dut/COSSET[4].unite_lists/genblk1_0.dut/SS_00/m_p_reg[0][3][0]/C (clocked by sys_clk_pin) and dut/COSSET[4].unite_lists/genblk1_0.dut/SS_00/m_p_reg[1][1][4]/D (clocked by sys_clk_pin). Large setup violations at the end of those stages might be difficult to fix during the post-placement implementation flow and could be the result of non-optimal XDC constraints or non-optimal design architecture
Related violations: <none>

TIMING-16#96 Warning
Large setup violation  
There is a large setup violation of -1.042 ns between dut/COSSET[1].unite_lists/genblk1_0.dut/SS_00/m_p_reg[0][2][9]/C (clocked by sys_clk_pin) and dut/COSSET[1].unite_lists/genblk1_0.dut/SS_00/m_p_reg[1][0][5]/D (clocked by sys_clk_pin). Large setup violations at the end of those stages might be difficult to fix during the post-placement implementation flow and could be the result of non-optimal XDC constraints or non-optimal design architecture
Related violations: <none>

TIMING-16#97 Warning
Large setup violation  
There is a large setup violation of -1.042 ns between dut/COSSET[1].unite_lists/genblk1_0.dut/SS_00/m_p_reg[3][2][1]/C (clocked by sys_clk_pin) and dut/COSSET[1].unite_lists/genblk1_0.dut/SS_00/m_p_reg[4][4][3]/D (clocked by sys_clk_pin). Large setup violations at the end of those stages might be difficult to fix during the post-placement implementation flow and could be the result of non-optimal XDC constraints or non-optimal design architecture
Related violations: <none>

TIMING-16#98 Warning
Large setup violation  
There is a large setup violation of -1.043 ns between dut/COSSET[0].unite_lists/genblk1_0.dut/SS_00/m_p_reg[0][7][1]/C (clocked by sys_clk_pin) and dut/COSSET[0].unite_lists/genblk1_0.dut/SS_00/idx_p_reg[1][5][1]/D (clocked by sys_clk_pin). Large setup violations at the end of those stages might be difficult to fix during the post-placement implementation flow and could be the result of non-optimal XDC constraints or non-optimal design architecture
Related violations: <none>

TIMING-16#99 Warning
Large setup violation  
There is a large setup violation of -1.043 ns between dut/COSSET[1].unite_lists/genblk1_0.dut/SS_00/m_p_reg[0][6][8]/C (clocked by sys_clk_pin) and dut/COSSET[1].unite_lists/genblk1_0.dut/SS_00/idx_p_reg[1][4][0]/D (clocked by sys_clk_pin). Large setup violations at the end of those stages might be difficult to fix during the post-placement implementation flow and could be the result of non-optimal XDC constraints or non-optimal design architecture
Related violations: <none>

TIMING-16#100 Warning
Large setup violation  
There is a large setup violation of -1.043 ns between dut/COSSET[1].unite_lists/genblk1_0.dut/SS_00/m_p_reg[2][7][3]/C (clocked by sys_clk_pin) and dut/COSSET[1].unite_lists/genblk1_0.dut/SS_00/m_p_reg[3][3][5]/D (clocked by sys_clk_pin). Large setup violations at the end of those stages might be difficult to fix during the post-placement implementation flow and could be the result of non-optimal XDC constraints or non-optimal design architecture
Related violations: <none>

TIMING-16#101 Warning
Large setup violation  
There is a large setup violation of -1.043 ns between dut/COSSET[2].unite_lists/genblk1_0.dut/SS_00/m_p_reg[2][3][9]/C (clocked by sys_clk_pin) and dut/COSSET[2].unite_lists/genblk1_0.dut/SS_00/idx_p_reg[3][3][1]/D (clocked by sys_clk_pin). Large setup violations at the end of those stages might be difficult to fix during the post-placement implementation flow and could be the result of non-optimal XDC constraints or non-optimal design architecture
Related violations: <none>

TIMING-16#102 Warning
Large setup violation  
There is a large setup violation of -1.043 ns between dut/COSSET[2].unite_lists/genblk1_0.dut/SS_00/m_p_reg[4][5][1]/C (clocked by sys_clk_pin) and dut/COSSET[2].unite_lists/genblk1_0.dut/SS_00/m_p_reg[5][6][1]/D (clocked by sys_clk_pin). Large setup violations at the end of those stages might be difficult to fix during the post-placement implementation flow and could be the result of non-optimal XDC constraints or non-optimal design architecture
Related violations: <none>

TIMING-16#103 Warning
Large setup violation  
There is a large setup violation of -1.043 ns between dut/COSSET[3].unite_lists/genblk1_0.dut/SS_00/m_p_reg[1][1][0]/C (clocked by sys_clk_pin) and dut/COSSET[3].unite_lists/genblk1_0.dut/SS_00/m_p_reg[2][2][5]/D (clocked by sys_clk_pin). Large setup violations at the end of those stages might be difficult to fix during the post-placement implementation flow and could be the result of non-optimal XDC constraints or non-optimal design architecture
Related violations: <none>

TIMING-16#104 Warning
Large setup violation  
There is a large setup violation of -1.043 ns between dut/COSSET[4].unite_lists/genblk1_0.dut/SS_00/m_p_reg[2][7][5]/C (clocked by sys_clk_pin) and dut/COSSET[4].unite_lists/genblk1_0.dut/SS_00/idx_p_reg[3][3][1]/D (clocked by sys_clk_pin). Large setup violations at the end of those stages might be difficult to fix during the post-placement implementation flow and could be the result of non-optimal XDC constraints or non-optimal design architecture
Related violations: <none>

TIMING-16#105 Warning
Large setup violation  
There is a large setup violation of -1.043 ns between dut/COSSET[4].unite_lists/genblk1_0.dut/SS_00/m_p_reg[4][2][4]/C (clocked by sys_clk_pin) and dut/COSSET[4].unite_lists/genblk1_0.dut/SS_00/idx_p_reg[5][1][1]/D (clocked by sys_clk_pin). Large setup violations at the end of those stages might be difficult to fix during the post-placement implementation flow and could be the result of non-optimal XDC constraints or non-optimal design architecture
Related violations: <none>

TIMING-16#106 Warning
Large setup violation  
There is a large setup violation of -1.044 ns between dut/COSSET[1].unite_lists/genblk1_0.dut/SS_00/m_p_reg[0][3][0]/C (clocked by sys_clk_pin) and dut/COSSET[1].unite_lists/genblk1_0.dut/SS_00/m_p_reg[1][1][7]/D (clocked by sys_clk_pin). Large setup violations at the end of those stages might be difficult to fix during the post-placement implementation flow and could be the result of non-optimal XDC constraints or non-optimal design architecture
Related violations: <none>

TIMING-16#107 Warning
Large setup violation  
There is a large setup violation of -1.044 ns between dut/COSSET[1].unite_lists/genblk1_0.dut/SS_00/m_p_reg[2][7][3]/C (clocked by sys_clk_pin) and dut/COSSET[1].unite_lists/genblk1_0.dut/SS_00/m_p_reg[3][3][0]/D (clocked by sys_clk_pin). Large setup violations at the end of those stages might be difficult to fix during the post-placement implementation flow and could be the result of non-optimal XDC constraints or non-optimal design architecture
Related violations: <none>

TIMING-16#108 Warning
Large setup violation  
There is a large setup violation of -1.044 ns between dut/COSSET[2].unite_lists/genblk1_0.dut/SS_00/m_p_reg[3][4][0]/C (clocked by sys_clk_pin) and dut/COSSET[2].unite_lists/genblk1_0.dut/SS_00/idx_p_reg[4][4][1]/D (clocked by sys_clk_pin). Large setup violations at the end of those stages might be difficult to fix during the post-placement implementation flow and could be the result of non-optimal XDC constraints or non-optimal design architecture
Related violations: <none>

TIMING-16#109 Warning
Large setup violation  
There is a large setup violation of -1.044 ns between dut/COSSET[4].unite_lists/genblk1_0.dut/SS_00/m_p_reg[2][6][3]/C (clocked by sys_clk_pin) and dut/COSSET[4].unite_lists/genblk1_0.dut/SS_00/idx_p_reg[3][6][1]/D (clocked by sys_clk_pin). Large setup violations at the end of those stages might be difficult to fix during the post-placement implementation flow and could be the result of non-optimal XDC constraints or non-optimal design architecture
Related violations: <none>

TIMING-16#110 Warning
Large setup violation  
There is a large setup violation of -1.045 ns between dut/COSSET[1].unite_lists/genblk1_0.dut/SS_00/m_p_reg[3][2][1]/C (clocked by sys_clk_pin) and dut/COSSET[1].unite_lists/genblk1_0.dut/SS_00/m_p_reg[4][2][10]/D (clocked by sys_clk_pin). Large setup violations at the end of those stages might be difficult to fix during the post-placement implementation flow and could be the result of non-optimal XDC constraints or non-optimal design architecture
Related violations: <none>

TIMING-16#111 Warning
Large setup violation  
There is a large setup violation of -1.045 ns between dut/COSSET[2].unite_lists/genblk1_0.dut/SS_00/m_p_reg[2][3][9]/C (clocked by sys_clk_pin) and dut/COSSET[2].unite_lists/genblk1_0.dut/SS_00/m_p_reg[4][7][8]_srl2_srlopt/D (clocked by sys_clk_pin). Large setup violations at the end of those stages might be difficult to fix during the post-placement implementation flow and could be the result of non-optimal XDC constraints or non-optimal design architecture
Related violations: <none>

TIMING-16#112 Warning
Large setup violation  
There is a large setup violation of -1.045 ns between dut/COSSET[3].unite_lists/genblk1_0.dut/SS_00/m_p_reg[1][1][0]/C (clocked by sys_clk_pin) and dut/COSSET[3].unite_lists/genblk1_0.dut/SS_00/m_p_reg[2][1][5]/D (clocked by sys_clk_pin). Large setup violations at the end of those stages might be difficult to fix during the post-placement implementation flow and could be the result of non-optimal XDC constraints or non-optimal design architecture
Related violations: <none>

TIMING-16#113 Warning
Large setup violation  
There is a large setup violation of -1.046 ns between dut/COSSET[2].unite_lists/genblk1_0.dut/SS_00/m_p_reg[1][1][7]/C (clocked by sys_clk_pin) and dut/COSSET[2].unite_lists/genblk1_0.dut/SS_00/m_p_reg[2][2][5]/D (clocked by sys_clk_pin). Large setup violations at the end of those stages might be difficult to fix during the post-placement implementation flow and could be the result of non-optimal XDC constraints or non-optimal design architecture
Related violations: <none>

TIMING-16#114 Warning
Large setup violation  
There is a large setup violation of -1.046 ns between dut/COSSET[3].unite_lists/genblk1_0.dut/SS_00/m_p_reg[3][2][0]/C (clocked by sys_clk_pin) and dut/COSSET[3].unite_lists/genblk1_0.dut/SS_00/m_p_reg[4][2][7]/D (clocked by sys_clk_pin). Large setup violations at the end of those stages might be difficult to fix during the post-placement implementation flow and could be the result of non-optimal XDC constraints or non-optimal design architecture
Related violations: <none>

TIMING-16#115 Warning
Large setup violation  
There is a large setup violation of -1.047 ns between dut/COSSET[1].unite_lists/genblk1_0.dut/SS_00/m_p_reg[2][4][3]/C (clocked by sys_clk_pin) and dut/COSSET[1].unite_lists/genblk1_0.dut/SS_00/m_p_reg[3][4][8]/D (clocked by sys_clk_pin). Large setup violations at the end of those stages might be difficult to fix during the post-placement implementation flow and could be the result of non-optimal XDC constraints or non-optimal design architecture
Related violations: <none>

TIMING-16#116 Warning
Large setup violation  
There is a large setup violation of -1.047 ns between dut/COSSET[3].unite_lists/genblk1_0.dut/SS_00/m_p_reg[4][1][1]/C (clocked by sys_clk_pin) and dut/COSSET[3].unite_lists/genblk1_0.dut/SS_00/m_p_reg[5][1][5]/D (clocked by sys_clk_pin). Large setup violations at the end of those stages might be difficult to fix during the post-placement implementation flow and could be the result of non-optimal XDC constraints or non-optimal design architecture
Related violations: <none>

TIMING-16#117 Warning
Large setup violation  
There is a large setup violation of -1.047 ns between dut/COSSET[4].unite_lists/genblk1_0.dut/SS_00/m_p_reg[2][6][3]/C (clocked by sys_clk_pin) and dut/COSSET[4].unite_lists/genblk1_0.dut/SS_00/idx_p_reg[3][2][1]/D (clocked by sys_clk_pin). Large setup violations at the end of those stages might be difficult to fix during the post-placement implementation flow and could be the result of non-optimal XDC constraints or non-optimal design architecture
Related violations: <none>

TIMING-16#118 Warning
Large setup violation  
There is a large setup violation of -1.048 ns between dut/COSSET[0].unite_lists/genblk1_0.dut/SS_00/m_p_reg[4][3][7]/C (clocked by sys_clk_pin) and dut/COSSET[0].unite_lists/genblk1_0.dut/SS_00/idx_p_reg[5][4][1]/D (clocked by sys_clk_pin). Large setup violations at the end of those stages might be difficult to fix during the post-placement implementation flow and could be the result of non-optimal XDC constraints or non-optimal design architecture
Related violations: <none>

TIMING-16#119 Warning
Large setup violation  
There is a large setup violation of -1.048 ns between dut/COSSET[2].unite_lists/genblk1_0.dut/SS_00/m_p_reg[3][5][4]/C (clocked by sys_clk_pin) and dut/COSSET[2].unite_lists/genblk1_0.dut/SS_00/m_p_reg[4][5][0]/D (clocked by sys_clk_pin). Large setup violations at the end of those stages might be difficult to fix during the post-placement implementation flow and could be the result of non-optimal XDC constraints or non-optimal design architecture
Related violations: <none>

TIMING-16#120 Warning
Large setup violation  
There is a large setup violation of -1.048 ns between dut/COSSET[4].unite_lists/genblk1_0.dut/SS_00/m_p_reg[2][1][3]/C (clocked by sys_clk_pin) and dut/COSSET[4].unite_lists/genblk1_0.dut/SS_00/m_p_reg[3][1][5]/D (clocked by sys_clk_pin). Large setup violations at the end of those stages might be difficult to fix during the post-placement implementation flow and could be the result of non-optimal XDC constraints or non-optimal design architecture
Related violations: <none>

TIMING-16#121 Warning
Large setup violation  
There is a large setup violation of -1.049 ns between dut/COSSET[2].unite_lists/genblk1_0.dut/SS_00/m_p_reg[0][6][2]/C (clocked by sys_clk_pin) and dut/COSSET[2].unite_lists/genblk1_0.dut/SS_00/m_p_reg[1][6][5]/D (clocked by sys_clk_pin). Large setup violations at the end of those stages might be difficult to fix during the post-placement implementation flow and could be the result of non-optimal XDC constraints or non-optimal design architecture
Related violations: <none>

TIMING-16#122 Warning
Large setup violation  
There is a large setup violation of -1.049 ns between dut/COSSET[2].unite_lists/genblk1_0.dut/SS_00/m_p_reg[4][3][2]/C (clocked by sys_clk_pin) and dut/COSSET[2].unite_lists/genblk1_0.dut/SS_00/m_p_reg[5][3][2]/D (clocked by sys_clk_pin). Large setup violations at the end of those stages might be difficult to fix during the post-placement implementation flow and could be the result of non-optimal XDC constraints or non-optimal design architecture
Related violations: <none>

TIMING-16#123 Warning
Large setup violation  
There is a large setup violation of -1.049 ns between dut/COSSET[3].unite_lists/genblk1_0.dut/SS_00/m_p_reg[3][2][0]/C (clocked by sys_clk_pin) and dut/COSSET[3].unite_lists/genblk1_0.dut/SS_00/idx_p_reg[4][4][1]/D (clocked by sys_clk_pin). Large setup violations at the end of those stages might be difficult to fix during the post-placement implementation flow and could be the result of non-optimal XDC constraints or non-optimal design architecture
Related violations: <none>

TIMING-16#124 Warning
Large setup violation  
There is a large setup violation of -1.050 ns between dut/COSSET[1].unite_lists/genblk1_0.dut/SS_00/m_p_reg[2][4][3]/C (clocked by sys_clk_pin) and dut/COSSET[1].unite_lists/genblk1_0.dut/SS_00/m_p_reg[3][4][7]/D (clocked by sys_clk_pin). Large setup violations at the end of those stages might be difficult to fix during the post-placement implementation flow and could be the result of non-optimal XDC constraints or non-optimal design architecture
Related violations: <none>

TIMING-16#125 Warning
Large setup violation  
There is a large setup violation of -1.050 ns between dut/COSSET[2].unite_lists/genblk1_0.dut/SS_00/m_p_reg[2][1][0]/C (clocked by sys_clk_pin) and dut/COSSET[2].unite_lists/genblk1_0.dut/SS_00/m_p_reg[3][5][1]/D (clocked by sys_clk_pin). Large setup violations at the end of those stages might be difficult to fix during the post-placement implementation flow and could be the result of non-optimal XDC constraints or non-optimal design architecture
Related violations: <none>

TIMING-16#126 Warning
Large setup violation  
There is a large setup violation of -1.050 ns between dut/COSSET[2].unite_lists/genblk1_0.dut/SS_00/m_p_reg[3][4][0]/C (clocked by sys_clk_pin) and dut/COSSET[2].unite_lists/genblk1_0.dut/SS_00/idx_p_reg[4][2][1]/D (clocked by sys_clk_pin). Large setup violations at the end of those stages might be difficult to fix during the post-placement implementation flow and could be the result of non-optimal XDC constraints or non-optimal design architecture
Related violations: <none>

TIMING-16#127 Warning
Large setup violation  
There is a large setup violation of -1.050 ns between dut/COSSET[3].unite_lists/genblk1_0.dut/SS_00/m_p_reg[0][3][8]/C (clocked by sys_clk_pin) and dut/COSSET[3].unite_lists/genblk1_0.dut/SS_00/m_p_reg[1][1][4]/D (clocked by sys_clk_pin). Large setup violations at the end of those stages might be difficult to fix during the post-placement implementation flow and could be the result of non-optimal XDC constraints or non-optimal design architecture
Related violations: <none>

TIMING-16#128 Warning
Large setup violation  
There is a large setup violation of -1.051 ns between dut/COSSET[0].unite_lists/genblk1_0.dut/SS_00/m_p_reg[3][3][8]/C (clocked by sys_clk_pin) and dut/COSSET[0].unite_lists/genblk1_0.dut/SS_00/idx_p_reg[4][5][2]/D (clocked by sys_clk_pin). Large setup violations at the end of those stages might be difficult to fix during the post-placement implementation flow and could be the result of non-optimal XDC constraints or non-optimal design architecture
Related violations: <none>

TIMING-16#129 Warning
Large setup violation  
There is a large setup violation of -1.051 ns between dut/COSSET[0].unite_lists/genblk1_0.dut/SS_00/m_p_reg[4][3][7]/C (clocked by sys_clk_pin) and dut/COSSET[0].unite_lists/genblk1_0.dut/SS_00/idx_p_reg[5][3][1]/D (clocked by sys_clk_pin). Large setup violations at the end of those stages might be difficult to fix during the post-placement implementation flow and could be the result of non-optimal XDC constraints or non-optimal design architecture
Related violations: <none>

TIMING-16#130 Warning
Large setup violation  
There is a large setup violation of -1.051 ns between dut/COSSET[1].unite_lists/genblk1_0.dut/SS_00/m_p_reg[0][3][0]/C (clocked by sys_clk_pin) and dut/COSSET[1].unite_lists/genblk1_0.dut/SS_00/m_p_reg[1][3][6]/D (clocked by sys_clk_pin). Large setup violations at the end of those stages might be difficult to fix during the post-placement implementation flow and could be the result of non-optimal XDC constraints or non-optimal design architecture
Related violations: <none>

TIMING-16#131 Warning
Large setup violation  
There is a large setup violation of -1.051 ns between dut/COSSET[1].unite_lists/genblk1_0.dut/SS_00/m_p_reg[2][4][3]/C (clocked by sys_clk_pin) and dut/COSSET[1].unite_lists/genblk1_0.dut/SS_00/m_p_reg[3][4][4]/D (clocked by sys_clk_pin). Large setup violations at the end of those stages might be difficult to fix during the post-placement implementation flow and could be the result of non-optimal XDC constraints or non-optimal design architecture
Related violations: <none>

TIMING-16#132 Warning
Large setup violation  
There is a large setup violation of -1.051 ns between dut/COSSET[2].unite_lists/genblk1_0.dut/SS_00/m_p_reg[4][5][1]/C (clocked by sys_clk_pin) and dut/COSSET[2].unite_lists/genblk1_0.dut/SS_00/m_p_reg[5][5][1]/D (clocked by sys_clk_pin). Large setup violations at the end of those stages might be difficult to fix during the post-placement implementation flow and could be the result of non-optimal XDC constraints or non-optimal design architecture
Related violations: <none>

TIMING-16#133 Warning
Large setup violation  
There is a large setup violation of -1.052 ns between dut/COSSET[0].unite_lists/genblk1_0.dut/SS_00/m_p_reg[3][3][8]/C (clocked by sys_clk_pin) and dut/COSSET[0].unite_lists/genblk1_0.dut/SS_00/m_p_reg[4][5][6]/D (clocked by sys_clk_pin). Large setup violations at the end of those stages might be difficult to fix during the post-placement implementation flow and could be the result of non-optimal XDC constraints or non-optimal design architecture
Related violations: <none>

TIMING-16#134 Warning
Large setup violation  
There is a large setup violation of -1.052 ns between dut/COSSET[0].unite_lists/genblk1_0.dut/SS_00/m_p_reg[4][2][0]/C (clocked by sys_clk_pin) and dut/COSSET[0].unite_lists/genblk1_0.dut/SS_00/m_p_reg[5][2][9]/D (clocked by sys_clk_pin). Large setup violations at the end of those stages might be difficult to fix during the post-placement implementation flow and could be the result of non-optimal XDC constraints or non-optimal design architecture
Related violations: <none>

TIMING-16#135 Warning
Large setup violation  
There is a large setup violation of -1.052 ns between dut/COSSET[2].unite_lists/genblk1_0.dut/FDRE/C (clocked by sys_clk_pin) and dut/COSSET[2].unite_lists/genblk1_0.dut/valid_d_reg[5]_srl7_srlopt_replica_4/D (clocked by sys_clk_pin). Large setup violations at the end of those stages might be difficult to fix during the post-placement implementation flow and could be the result of non-optimal XDC constraints or non-optimal design architecture
Related violations: <none>

TIMING-16#136 Warning
Large setup violation  
There is a large setup violation of -1.052 ns between dut/COSSET[2].unite_lists/genblk1_0.dut/SS_00/m_p_reg[0][0][5]/C (clocked by sys_clk_pin) and dut/COSSET[2].unite_lists/genblk1_0.dut/SS_00/m_p_reg[1][2][7]/D (clocked by sys_clk_pin). Large setup violations at the end of those stages might be difficult to fix during the post-placement implementation flow and could be the result of non-optimal XDC constraints or non-optimal design architecture
Related violations: <none>

TIMING-16#137 Warning
Large setup violation  
There is a large setup violation of -1.052 ns between dut/COSSET[2].unite_lists/genblk1_0.dut/SS_00/m_p_reg[1][1][7]/C (clocked by sys_clk_pin) and dut/COSSET[2].unite_lists/genblk1_0.dut/SS_00/m_p_reg[2][1][10]/D (clocked by sys_clk_pin). Large setup violations at the end of those stages might be difficult to fix during the post-placement implementation flow and could be the result of non-optimal XDC constraints or non-optimal design architecture
Related violations: <none>

TIMING-16#138 Warning
Large setup violation  
There is a large setup violation of -1.052 ns between dut/COSSET[2].unite_lists/genblk1_0.dut/SS_00/m_p_reg[3][4][0]/C (clocked by sys_clk_pin) and dut/COSSET[2].unite_lists/genblk1_0.dut/SS_00/idx_p_reg[4][4][0]/D (clocked by sys_clk_pin). Large setup violations at the end of those stages might be difficult to fix during the post-placement implementation flow and could be the result of non-optimal XDC constraints or non-optimal design architecture
Related violations: <none>

TIMING-16#139 Warning
Large setup violation  
There is a large setup violation of -1.052 ns between dut/COSSET[3].unite_lists/genblk1_0.dut/SS_00/m_p_reg[0][4][8]/C (clocked by sys_clk_pin) and dut/COSSET[3].unite_lists/genblk1_0.dut/SS_00/m_p_reg[1][6][10]/D (clocked by sys_clk_pin). Large setup violations at the end of those stages might be difficult to fix during the post-placement implementation flow and could be the result of non-optimal XDC constraints or non-optimal design architecture
Related violations: <none>

TIMING-16#140 Warning
Large setup violation  
There is a large setup violation of -1.053 ns between dut/COSSET[2].unite_lists/genblk1_0.dut/SS_00/m_p_reg[3][4][0]/C (clocked by sys_clk_pin) and dut/COSSET[2].unite_lists/genblk1_0.dut/SS_00/idx_p_reg[4][2][0]/D (clocked by sys_clk_pin). Large setup violations at the end of those stages might be difficult to fix during the post-placement implementation flow and could be the result of non-optimal XDC constraints or non-optimal design architecture
Related violations: <none>

TIMING-16#141 Warning
Large setup violation  
There is a large setup violation of -1.053 ns between dut/COSSET[2].unite_lists/genblk1_0.dut/SS_00/m_p_reg[4][5][1]/C (clocked by sys_clk_pin) and dut/COSSET[2].unite_lists/genblk1_0.dut/SS_00/idx_p_reg[5][5][1]/D (clocked by sys_clk_pin). Large setup violations at the end of those stages might be difficult to fix during the post-placement implementation flow and could be the result of non-optimal XDC constraints or non-optimal design architecture
Related violations: <none>

TIMING-16#142 Warning
Large setup violation  
There is a large setup violation of -1.054 ns between dut/COSSET[0].unite_lists/genblk1_0.dut/SS_00/m_p_reg[0][1][6]/C (clocked by sys_clk_pin) and dut/COSSET[0].unite_lists/genblk1_0.dut/SS_00/m_p_reg[1][3][1]/D (clocked by sys_clk_pin). Large setup violations at the end of those stages might be difficult to fix during the post-placement implementation flow and could be the result of non-optimal XDC constraints or non-optimal design architecture
Related violations: <none>

TIMING-16#143 Warning
Large setup violation  
There is a large setup violation of -1.054 ns between dut/COSSET[0].unite_lists/genblk1_0.dut/SS_00/m_p_reg[2][3][0]/C (clocked by sys_clk_pin) and dut/COSSET[0].unite_lists/genblk1_0.dut/SS_00/m_p_reg[4][7][1]_srl2/D (clocked by sys_clk_pin). Large setup violations at the end of those stages might be difficult to fix during the post-placement implementation flow and could be the result of non-optimal XDC constraints or non-optimal design architecture
Related violations: <none>

TIMING-16#144 Warning
Large setup violation  
There is a large setup violation of -1.054 ns between dut/COSSET[1].unite_lists/genblk1_0.dut/SS_00/m_p_reg[0][2][8]/C (clocked by sys_clk_pin) and dut/COSSET[1].unite_lists/genblk1_0.dut/SS_00/m_p_reg[1][0][9]/D (clocked by sys_clk_pin). Large setup violations at the end of those stages might be difficult to fix during the post-placement implementation flow and could be the result of non-optimal XDC constraints or non-optimal design architecture
Related violations: <none>

TIMING-16#145 Warning
Large setup violation  
There is a large setup violation of -1.054 ns between dut/COSSET[1].unite_lists/genblk1_0.dut/metrics_r_reg[30]/C (clocked by sys_clk_pin) and dut/COSSET[1].unite_lists/genblk1_0.dut/SS_00/s0_d_reg[4][9]_srl5/D (clocked by sys_clk_pin). Large setup violations at the end of those stages might be difficult to fix during the post-placement implementation flow and could be the result of non-optimal XDC constraints or non-optimal design architecture
Related violations: <none>

TIMING-16#146 Warning
Large setup violation  
There is a large setup violation of -1.054 ns between dut/COSSET[2].unite_lists/genblk1_0.dut/SS_00/m_p_reg[4][5][1]/C (clocked by sys_clk_pin) and dut/COSSET[2].unite_lists/genblk1_0.dut/SS_00/idx_p_reg[5][6][1]/D (clocked by sys_clk_pin). Large setup violations at the end of those stages might be difficult to fix during the post-placement implementation flow and could be the result of non-optimal XDC constraints or non-optimal design architecture
Related violations: <none>

TIMING-16#147 Warning
Large setup violation  
There is a large setup violation of -1.055 ns between dut/COSSET[3].unite_lists/genblk1_0.dut/SS_00/m_p_reg[0][4][8]/C (clocked by sys_clk_pin) and dut/COSSET[3].unite_lists/genblk1_0.dut/SS_00/m_p_reg[1][4][10]/D (clocked by sys_clk_pin). Large setup violations at the end of those stages might be difficult to fix during the post-placement implementation flow and could be the result of non-optimal XDC constraints or non-optimal design architecture
Related violations: <none>

TIMING-16#148 Warning
Large setup violation  
There is a large setup violation of -1.055 ns between dut/COSSET[4].unite_lists/genblk1_0.dut/SS_00/m_p_reg[0][3][0]/C (clocked by sys_clk_pin) and dut/COSSET[4].unite_lists/genblk1_0.dut/SS_00/m_p_reg[1][1][3]/D (clocked by sys_clk_pin). Large setup violations at the end of those stages might be difficult to fix during the post-placement implementation flow and could be the result of non-optimal XDC constraints or non-optimal design architecture
Related violations: <none>

TIMING-16#149 Warning
Large setup violation  
There is a large setup violation of -1.055 ns between in_labels1_reg[2][228]/C (clocked by sys_clk_pin) and dut/COSSET[2].unite_lists/genblk1_0.dut/SS_00/l0_d_reg[4][4]_srl7/D (clocked by sys_clk_pin). Large setup violations at the end of those stages might be difficult to fix during the post-placement implementation flow and could be the result of non-optimal XDC constraints or non-optimal design architecture
Related violations: <none>

TIMING-16#150 Warning
Large setup violation  
There is a large setup violation of -1.056 ns between dut/COSSET[0].unite_lists/genblk1_0.dut/SS_00/m_p_reg[1][5][7]/C (clocked by sys_clk_pin) and dut/COSSET[0].unite_lists/genblk1_0.dut/SS_00/idx_p_reg[2][6][1]/D (clocked by sys_clk_pin). Large setup violations at the end of those stages might be difficult to fix during the post-placement implementation flow and could be the result of non-optimal XDC constraints or non-optimal design architecture
Related violations: <none>

TIMING-16#151 Warning
Large setup violation  
There is a large setup violation of -1.056 ns between dut/COSSET[3].unite_lists/genblk1_0.dut/SS_00/m_p_reg[3][2][0]/C (clocked by sys_clk_pin) and dut/COSSET[3].unite_lists/genblk1_0.dut/SS_00/idx_p_reg[4][2][1]/D (clocked by sys_clk_pin). Large setup violations at the end of those stages might be difficult to fix during the post-placement implementation flow and could be the result of non-optimal XDC constraints or non-optimal design architecture
Related violations: <none>

TIMING-16#152 Warning
Large setup violation  
There is a large setup violation of -1.056 ns between dut/COSSET[3].unite_lists/genblk1_0.dut/SS_00/m_p_reg[3][2][0]/C (clocked by sys_clk_pin) and dut/COSSET[3].unite_lists/genblk1_0.dut/SS_00/m_p_reg[4][2][1]/D (clocked by sys_clk_pin). Large setup violations at the end of those stages might be difficult to fix during the post-placement implementation flow and could be the result of non-optimal XDC constraints or non-optimal design architecture
Related violations: <none>

TIMING-16#153 Warning
Large setup violation  
There is a large setup violation of -1.056 ns between dut/COSSET[3].unite_lists/genblk1_0.dut/SS_00/m_p_reg[3][2][0]/C (clocked by sys_clk_pin) and dut/COSSET[3].unite_lists/genblk1_0.dut/SS_00/m_p_reg[4][2][6]/D (clocked by sys_clk_pin). Large setup violations at the end of those stages might be difficult to fix during the post-placement implementation flow and could be the result of non-optimal XDC constraints or non-optimal design architecture
Related violations: <none>

TIMING-16#154 Warning
Large setup violation  
There is a large setup violation of -1.056 ns between dut/COSSET[3].unite_lists/genblk1_0.dut/SS_00/m_p_reg[3][5][0]/C (clocked by sys_clk_pin) and dut/COSSET[3].unite_lists/genblk1_0.dut/SS_00/m_p_reg[4][3][5]/D (clocked by sys_clk_pin). Large setup violations at the end of those stages might be difficult to fix during the post-placement implementation flow and could be the result of non-optimal XDC constraints or non-optimal design architecture
Related violations: <none>

TIMING-16#155 Warning
Large setup violation  
There is a large setup violation of -1.057 ns between dut/COSSET[0].unite_lists/genblk1_0.dut/SS_00/m_p_reg[2][1][2]/C (clocked by sys_clk_pin) and dut/COSSET[0].unite_lists/genblk1_0.dut/SS_00/m_p_reg[3][5][8]/D (clocked by sys_clk_pin). Large setup violations at the end of those stages might be difficult to fix during the post-placement implementation flow and could be the result of non-optimal XDC constraints or non-optimal design architecture
Related violations: <none>

TIMING-16#156 Warning
Large setup violation  
There is a large setup violation of -1.057 ns between dut/COSSET[0].unite_lists/genblk1_0.dut/SS_00/m_p_reg[4][3][7]/C (clocked by sys_clk_pin) and dut/COSSET[0].unite_lists/genblk1_0.dut/SS_00/idx_p_reg[5][4][0]/D (clocked by sys_clk_pin). Large setup violations at the end of those stages might be difficult to fix during the post-placement implementation flow and could be the result of non-optimal XDC constraints or non-optimal design architecture
Related violations: <none>

TIMING-16#157 Warning
Large setup violation  
There is a large setup violation of -1.057 ns between dut/COSSET[1].unite_lists/genblk1_0.dut/SS_00/m_p_reg[0][3][0]/C (clocked by sys_clk_pin) and dut/COSSET[1].unite_lists/genblk1_0.dut/SS_00/m_p_reg[1][3][10]/D (clocked by sys_clk_pin). Large setup violations at the end of those stages might be difficult to fix during the post-placement implementation flow and could be the result of non-optimal XDC constraints or non-optimal design architecture
Related violations: <none>

TIMING-16#158 Warning
Large setup violation  
There is a large setup violation of -1.057 ns between dut/COSSET[4].unite_lists/genblk1_0.dut/SS_00/m_p_reg[0][3][0]/C (clocked by sys_clk_pin) and dut/COSSET[4].unite_lists/genblk1_0.dut/SS_00/m_p_reg[1][1][7]/D (clocked by sys_clk_pin). Large setup violations at the end of those stages might be difficult to fix during the post-placement implementation flow and could be the result of non-optimal XDC constraints or non-optimal design architecture
Related violations: <none>

TIMING-16#159 Warning
Large setup violation  
There is a large setup violation of -1.058 ns between dut/COSSET[0].unite_lists/genblk1_0.dut/SS_00/m_p_reg[4][3][7]/C (clocked by sys_clk_pin) and dut/COSSET[0].unite_lists/genblk1_0.dut/SS_00/idx_p_reg[5][3][0]/D (clocked by sys_clk_pin). Large setup violations at the end of those stages might be difficult to fix during the post-placement implementation flow and could be the result of non-optimal XDC constraints or non-optimal design architecture
Related violations: <none>

TIMING-16#160 Warning
Large setup violation  
There is a large setup violation of -1.060 ns between dut/COSSET[1].unite_lists/genblk1_0.dut/SS_00/m_p_reg[0][2][8]/C (clocked by sys_clk_pin) and dut/COSSET[1].unite_lists/genblk1_0.dut/SS_00/m_p_reg[1][0][1]/D (clocked by sys_clk_pin). Large setup violations at the end of those stages might be difficult to fix during the post-placement implementation flow and could be the result of non-optimal XDC constraints or non-optimal design architecture
Related violations: <none>

TIMING-16#161 Warning
Large setup violation  
There is a large setup violation of -1.060 ns between dut/COSSET[1].unite_lists/genblk1_0.dut/SS_00/m_p_reg[0][3][0]/C (clocked by sys_clk_pin) and dut/COSSET[1].unite_lists/genblk1_0.dut/SS_00/idx_p_reg[1][3][0]/D (clocked by sys_clk_pin). Large setup violations at the end of those stages might be difficult to fix during the post-placement implementation flow and could be the result of non-optimal XDC constraints or non-optimal design architecture
Related violations: <none>

TIMING-16#162 Warning
Large setup violation  
There is a large setup violation of -1.061 ns between dut/COSSET[1].unite_lists/genblk1_0.dut/SS_00/m_p_reg[0][3][0]/C (clocked by sys_clk_pin) and dut/COSSET[1].unite_lists/genblk1_0.dut/SS_00/idx_p_reg[1][1][0]/D (clocked by sys_clk_pin). Large setup violations at the end of those stages might be difficult to fix during the post-placement implementation flow and could be the result of non-optimal XDC constraints or non-optimal design architecture
Related violations: <none>

TIMING-16#163 Warning
Large setup violation  
There is a large setup violation of -1.061 ns between dut/COSSET[2].unite_lists/genblk1_0.dut/SS_00/m_p_reg[4][3][2]/C (clocked by sys_clk_pin) and dut/COSSET[2].unite_lists/genblk1_0.dut/SS_00/m_p_reg[5][3][7]/D (clocked by sys_clk_pin). Large setup violations at the end of those stages might be difficult to fix during the post-placement implementation flow and could be the result of non-optimal XDC constraints or non-optimal design architecture
Related violations: <none>

TIMING-16#164 Warning
Large setup violation  
There is a large setup violation of -1.062 ns between dut/COSSET[3].unite_lists/genblk1_0.dut/SS_00/m_p_reg[1][1][0]/C (clocked by sys_clk_pin) and dut/COSSET[3].unite_lists/genblk1_0.dut/SS_00/m_p_reg[2][1][6]/D (clocked by sys_clk_pin). Large setup violations at the end of those stages might be difficult to fix during the post-placement implementation flow and could be the result of non-optimal XDC constraints or non-optimal design architecture
Related violations: <none>

TIMING-16#165 Warning
Large setup violation  
There is a large setup violation of -1.063 ns between dut/COSSET[0].unite_lists/genblk1_0.dut/SS_00/m_p_reg[2][1][2]/C (clocked by sys_clk_pin) and dut/COSSET[0].unite_lists/genblk1_0.dut/SS_00/m_p_reg[3][5][2]/D (clocked by sys_clk_pin). Large setup violations at the end of those stages might be difficult to fix during the post-placement implementation flow and could be the result of non-optimal XDC constraints or non-optimal design architecture
Related violations: <none>

TIMING-16#166 Warning
Large setup violation  
There is a large setup violation of -1.063 ns between dut/COSSET[3].unite_lists/genblk1_0.dut/SS_00/m_p_reg[1][1][0]/C (clocked by sys_clk_pin) and dut/COSSET[3].unite_lists/genblk1_0.dut/SS_00/m_p_reg[2][2][6]/D (clocked by sys_clk_pin). Large setup violations at the end of those stages might be difficult to fix during the post-placement implementation flow and could be the result of non-optimal XDC constraints or non-optimal design architecture
Related violations: <none>

TIMING-16#167 Warning
Large setup violation  
There is a large setup violation of -1.063 ns between dut/COSSET[3].unite_lists/genblk1_0.dut/SS_00/m_p_reg[2][6][5]/C (clocked by sys_clk_pin) and dut/COSSET[3].unite_lists/genblk1_0.dut/SS_00/idx_p_reg[3][2][2]/D (clocked by sys_clk_pin). Large setup violations at the end of those stages might be difficult to fix during the post-placement implementation flow and could be the result of non-optimal XDC constraints or non-optimal design architecture
Related violations: <none>

TIMING-16#168 Warning
Large setup violation  
There is a large setup violation of -1.064 ns between dut/COSSET[3].unite_lists/genblk1_0.dut/SS_00/m_p_reg[3][5][0]/C (clocked by sys_clk_pin) and dut/COSSET[3].unite_lists/genblk1_0.dut/SS_00/idx_p_reg[4][5][0]/D (clocked by sys_clk_pin). Large setup violations at the end of those stages might be difficult to fix during the post-placement implementation flow and could be the result of non-optimal XDC constraints or non-optimal design architecture
Related violations: <none>

TIMING-16#169 Warning
Large setup violation  
There is a large setup violation of -1.064 ns between dut/COSSET[3].unite_lists/genblk1_0.dut/SS_00/m_p_reg[3][5][0]/C (clocked by sys_clk_pin) and dut/COSSET[3].unite_lists/genblk1_0.dut/SS_00/m_p_reg[4][5][8]/D (clocked by sys_clk_pin). Large setup violations at the end of those stages might be difficult to fix during the post-placement implementation flow and could be the result of non-optimal XDC constraints or non-optimal design architecture
Related violations: <none>

TIMING-16#170 Warning
Large setup violation  
There is a large setup violation of -1.065 ns between dut/COSSET[3].unite_lists/genblk1_0.dut/SS_00/m_p_reg[3][5][0]/C (clocked by sys_clk_pin) and dut/COSSET[3].unite_lists/genblk1_0.dut/SS_00/m_p_reg[4][3][8]/D (clocked by sys_clk_pin). Large setup violations at the end of those stages might be difficult to fix during the post-placement implementation flow and could be the result of non-optimal XDC constraints or non-optimal design architecture
Related violations: <none>

TIMING-16#171 Warning
Large setup violation  
There is a large setup violation of -1.066 ns between dut/COSSET[2].unite_lists/genblk1_0.dut/SS_00/m_p_reg[3][5][4]/C (clocked by sys_clk_pin) and dut/COSSET[2].unite_lists/genblk1_0.dut/SS_00/m_p_reg[4][5][8]/D (clocked by sys_clk_pin). Large setup violations at the end of those stages might be difficult to fix during the post-placement implementation flow and could be the result of non-optimal XDC constraints or non-optimal design architecture
Related violations: <none>

TIMING-16#172 Warning
Large setup violation  
There is a large setup violation of -1.066 ns between dut/COSSET[3].unite_lists/genblk1_0.dut/SS_00/m_p_reg[3][5][0]/C (clocked by sys_clk_pin) and dut/COSSET[3].unite_lists/genblk1_0.dut/SS_00/idx_p_reg[4][3][0]/D (clocked by sys_clk_pin). Large setup violations at the end of those stages might be difficult to fix during the post-placement implementation flow and could be the result of non-optimal XDC constraints or non-optimal design architecture
Related violations: <none>

TIMING-16#173 Warning
Large setup violation  
There is a large setup violation of -1.066 ns between dut/COSSET[3].unite_lists/genblk1_0.dut/SS_00/m_p_reg[4][1][1]/C (clocked by sys_clk_pin) and dut/COSSET[3].unite_lists/genblk1_0.dut/SS_00/idx_p_reg[5][1][1]/D (clocked by sys_clk_pin). Large setup violations at the end of those stages might be difficult to fix during the post-placement implementation flow and could be the result of non-optimal XDC constraints or non-optimal design architecture
Related violations: <none>

TIMING-16#174 Warning
Large setup violation  
There is a large setup violation of -1.066 ns between dut/COSSET[3].unite_lists/genblk1_0.dut/SS_00/m_p_reg[4][1][1]/C (clocked by sys_clk_pin) and dut/COSSET[3].unite_lists/genblk1_0.dut/SS_00/idx_p_reg[5][2][1]/D (clocked by sys_clk_pin). Large setup violations at the end of those stages might be difficult to fix during the post-placement implementation flow and could be the result of non-optimal XDC constraints or non-optimal design architecture
Related violations: <none>

TIMING-16#175 Warning
Large setup violation  
There is a large setup violation of -1.067 ns between dut/COSSET[4].unite_lists/genblk1_0.dut/SS_00/m_p_reg[2][6][3]/C (clocked by sys_clk_pin) and dut/COSSET[4].unite_lists/genblk1_0.dut/SS_00/idx_p_reg[3][6][0]/D (clocked by sys_clk_pin). Large setup violations at the end of those stages might be difficult to fix during the post-placement implementation flow and could be the result of non-optimal XDC constraints or non-optimal design architecture
Related violations: <none>

TIMING-16#176 Warning
Large setup violation  
There is a large setup violation of -1.069 ns between dut/COSSET[2].unite_lists/genblk1_0.dut/SS_00/m_p_reg[4][1][8]/C (clocked by sys_clk_pin) and dut/COSSET[2].unite_lists/genblk1_0.dut/SS_00/m_p_reg[5][2][0]/D (clocked by sys_clk_pin). Large setup violations at the end of those stages might be difficult to fix during the post-placement implementation flow and could be the result of non-optimal XDC constraints or non-optimal design architecture
Related violations: <none>

TIMING-16#177 Warning
Large setup violation  
There is a large setup violation of -1.070 ns between dut/COSSET[1].unite_lists/genblk1_0.dut/SS_00/m_p_reg[2][7][3]/C (clocked by sys_clk_pin) and dut/COSSET[1].unite_lists/genblk1_0.dut/SS_00/idx_p_reg[3][3][1]/D (clocked by sys_clk_pin). Large setup violations at the end of those stages might be difficult to fix during the post-placement implementation flow and could be the result of non-optimal XDC constraints or non-optimal design architecture
Related violations: <none>

TIMING-16#178 Warning
Large setup violation  
There is a large setup violation of -1.071 ns between dut/COSSET[2].unite_lists/genblk1_0.dut/metrics_r_reg[32]/C (clocked by sys_clk_pin) and dut/COSSET[2].unite_lists/genblk1_0.dut/SS_00/s0_d_reg[4][4]_srl5/D (clocked by sys_clk_pin). Large setup violations at the end of those stages might be difficult to fix during the post-placement implementation flow and could be the result of non-optimal XDC constraints or non-optimal design architecture
Related violations: <none>

TIMING-16#179 Warning
Large setup violation  
There is a large setup violation of -1.071 ns between dut/COSSET[3].unite_lists/genblk1_0.dut/SS_00/m_p_reg[4][1][1]/C (clocked by sys_clk_pin) and dut/COSSET[3].unite_lists/genblk1_0.dut/SS_00/m_p_reg[5][2][4]/D (clocked by sys_clk_pin). Large setup violations at the end of those stages might be difficult to fix during the post-placement implementation flow and could be the result of non-optimal XDC constraints or non-optimal design architecture
Related violations: <none>

TIMING-16#180 Warning
Large setup violation  
There is a large setup violation of -1.071 ns between dut/COSSET[4].unite_lists/genblk1_0.dut/SS_00/m_p_reg[2][1][3]/C (clocked by sys_clk_pin) and dut/COSSET[4].unite_lists/genblk1_0.dut/SS_00/idx_p_reg[3][1][2]/D (clocked by sys_clk_pin). Large setup violations at the end of those stages might be difficult to fix during the post-placement implementation flow and could be the result of non-optimal XDC constraints or non-optimal design architecture
Related violations: <none>

TIMING-16#181 Warning
Large setup violation  
There is a large setup violation of -1.072 ns between dut/COSSET[0].unite_lists/genblk1_0.dut/SS_00/m_p_reg[2][3][0]/C (clocked by sys_clk_pin) and dut/COSSET[0].unite_lists/genblk1_0.dut/SS_00/m_p_reg[4][7][4]_srl2/D (clocked by sys_clk_pin). Large setup violations at the end of those stages might be difficult to fix during the post-placement implementation flow and could be the result of non-optimal XDC constraints or non-optimal design architecture
Related violations: <none>

TIMING-16#182 Warning
Large setup violation  
There is a large setup violation of -1.072 ns between dut/COSSET[1].unite_lists/genblk1_0.dut/SS_00/m_p_reg[0][3][0]/C (clocked by sys_clk_pin) and dut/COSSET[1].unite_lists/genblk1_0.dut/SS_00/m_p_reg[1][1][6]/D (clocked by sys_clk_pin). Large setup violations at the end of those stages might be difficult to fix during the post-placement implementation flow and could be the result of non-optimal XDC constraints or non-optimal design architecture
Related violations: <none>

TIMING-16#183 Warning
Large setup violation  
There is a large setup violation of -1.072 ns between dut/COSSET[2].unite_lists/genblk1_0.dut/SS_00/m_p_reg[2][1][0]/C (clocked by sys_clk_pin) and dut/COSSET[2].unite_lists/genblk1_0.dut/SS_00/m_p_reg[3][5][6]/D (clocked by sys_clk_pin). Large setup violations at the end of those stages might be difficult to fix during the post-placement implementation flow and could be the result of non-optimal XDC constraints or non-optimal design architecture
Related violations: <none>

TIMING-16#184 Warning
Large setup violation  
There is a large setup violation of -1.073 ns between dut/COSSET[1].unite_lists/genblk1_0.dut/SS_00/m_p_reg[1][1][3]/C (clocked by sys_clk_pin) and dut/COSSET[1].unite_lists/genblk1_0.dut/SS_00/m_p_reg[2][1][9]/D (clocked by sys_clk_pin). Large setup violations at the end of those stages might be difficult to fix during the post-placement implementation flow and could be the result of non-optimal XDC constraints or non-optimal design architecture
Related violations: <none>

TIMING-16#185 Warning
Large setup violation  
There is a large setup violation of -1.073 ns between dut/COSSET[1].unite_lists/genblk1_0.dut/SS_00/m_p_reg[1][1][3]/C (clocked by sys_clk_pin) and dut/COSSET[1].unite_lists/genblk1_0.dut/SS_00/m_p_reg[2][2][9]/D (clocked by sys_clk_pin). Large setup violations at the end of those stages might be difficult to fix during the post-placement implementation flow and could be the result of non-optimal XDC constraints or non-optimal design architecture
Related violations: <none>

TIMING-16#186 Warning
Large setup violation  
There is a large setup violation of -1.073 ns between dut/COSSET[4].unite_lists/genblk1_0.dut/SS_00/m_p_reg[0][7][2]/C (clocked by sys_clk_pin) and dut/COSSET[4].unite_lists/genblk1_0.dut/SS_00/m_p_reg[1][7][5]/D (clocked by sys_clk_pin). Large setup violations at the end of those stages might be difficult to fix during the post-placement implementation flow and could be the result of non-optimal XDC constraints or non-optimal design architecture
Related violations: <none>

TIMING-16#187 Warning
Large setup violation  
There is a large setup violation of -1.074 ns between dut/COSSET[1].unite_lists/genblk1_0.dut/SS_00/m_p_reg[0][6][8]/C (clocked by sys_clk_pin) and dut/COSSET[1].unite_lists/genblk1_0.dut/SS_00/idx_p_reg[1][6][0]/D (clocked by sys_clk_pin). Large setup violations at the end of those stages might be difficult to fix during the post-placement implementation flow and could be the result of non-optimal XDC constraints or non-optimal design architecture
Related violations: <none>

TIMING-16#188 Warning
Large setup violation  
There is a large setup violation of -1.074 ns between dut/COSSET[1].unite_lists/genblk1_0.dut/SS_00/m_p_reg[4][2][6]/C (clocked by sys_clk_pin) and dut/COSSET[1].unite_lists/genblk1_0.dut/SS_00/idx_p_reg[5][2][0]/D (clocked by sys_clk_pin). Large setup violations at the end of those stages might be difficult to fix during the post-placement implementation flow and could be the result of non-optimal XDC constraints or non-optimal design architecture
Related violations: <none>

TIMING-16#189 Warning
Large setup violation  
There is a large setup violation of -1.075 ns between dut/COSSET[1].unite_lists/genblk1_0.dut/SS_00/m_p_reg[0][2][8]/C (clocked by sys_clk_pin) and dut/COSSET[1].unite_lists/genblk1_0.dut/SS_00/m_p_reg[1][2][9]/D (clocked by sys_clk_pin). Large setup violations at the end of those stages might be difficult to fix during the post-placement implementation flow and could be the result of non-optimal XDC constraints or non-optimal design architecture
Related violations: <none>

TIMING-16#190 Warning
Large setup violation  
There is a large setup violation of -1.075 ns between dut/COSSET[1].unite_lists/genblk1_0.dut/SS_00/m_p_reg[4][2][6]/C (clocked by sys_clk_pin) and dut/COSSET[1].unite_lists/genblk1_0.dut/SS_00/idx_p_reg[5][1][0]/D (clocked by sys_clk_pin). Large setup violations at the end of those stages might be difficult to fix during the post-placement implementation flow and could be the result of non-optimal XDC constraints or non-optimal design architecture
Related violations: <none>

TIMING-16#191 Warning
Large setup violation  
There is a large setup violation of -1.075 ns between dut/COSSET[4].unite_lists/genblk1_0.dut/SS_00/m_p_reg[0][3][0]/C (clocked by sys_clk_pin) and dut/COSSET[4].unite_lists/genblk1_0.dut/SS_00/idx_p_reg[1][3][0]/D (clocked by sys_clk_pin). Large setup violations at the end of those stages might be difficult to fix during the post-placement implementation flow and could be the result of non-optimal XDC constraints or non-optimal design architecture
Related violations: <none>

TIMING-16#192 Warning
Large setup violation  
There is a large setup violation of -1.076 ns between dut/COSSET[2].unite_lists/genblk1_0.dut/SS_00/m_p_reg[0][6][2]/C (clocked by sys_clk_pin) and dut/COSSET[2].unite_lists/genblk1_0.dut/SS_00/m_p_reg[1][4][3]/D (clocked by sys_clk_pin). Large setup violations at the end of those stages might be difficult to fix during the post-placement implementation flow and could be the result of non-optimal XDC constraints or non-optimal design architecture
Related violations: <none>

TIMING-16#193 Warning
Large setup violation  
There is a large setup violation of -1.079 ns between dut/COSSET[0].unite_lists/genblk1_0.dut/metrics1_r_reg[32]/C (clocked by sys_clk_pin) and dut/COSSET[0].unite_lists/genblk1_0.dut/SS_00/s0_d_reg[4][9]_srl5/D (clocked by sys_clk_pin). Large setup violations at the end of those stages might be difficult to fix during the post-placement implementation flow and could be the result of non-optimal XDC constraints or non-optimal design architecture
Related violations: <none>

TIMING-16#194 Warning
Large setup violation  
There is a large setup violation of -1.079 ns between dut/COSSET[2].unite_lists/genblk1_0.dut/SS_00/m_p_reg[2][6][5]/C (clocked by sys_clk_pin) and dut/COSSET[2].unite_lists/genblk1_0.dut/SS_00/m_p_reg[3][2][6]/D (clocked by sys_clk_pin). Large setup violations at the end of those stages might be difficult to fix during the post-placement implementation flow and could be the result of non-optimal XDC constraints or non-optimal design architecture
Related violations: <none>

TIMING-16#195 Warning
Large setup violation  
There is a large setup violation of -1.079 ns between dut/COSSET[2].unite_lists/genblk1_0.dut/SS_00/m_p_reg[2][6][5]/C (clocked by sys_clk_pin) and dut/COSSET[2].unite_lists/genblk1_0.dut/SS_00/m_p_reg[3][6][6]/D (clocked by sys_clk_pin). Large setup violations at the end of those stages might be difficult to fix during the post-placement implementation flow and could be the result of non-optimal XDC constraints or non-optimal design architecture
Related violations: <none>

TIMING-16#196 Warning
Large setup violation  
There is a large setup violation of -1.079 ns between dut/COSSET[4].unite_lists/genblk1_0.dut/SS_00/m_p_reg[0][7][2]/C (clocked by sys_clk_pin) and dut/COSSET[4].unite_lists/genblk1_0.dut/SS_00/m_p_reg[1][5][10]/D (clocked by sys_clk_pin). Large setup violations at the end of those stages might be difficult to fix during the post-placement implementation flow and could be the result of non-optimal XDC constraints or non-optimal design architecture
Related violations: <none>

TIMING-16#197 Warning
Large setup violation  
There is a large setup violation of -1.081 ns between dut/COSSET[3].unite_lists/genblk1_0.dut/SS_00/m_p_reg[0][5][9]/C (clocked by sys_clk_pin) and dut/COSSET[3].unite_lists/genblk1_0.dut/SS_00/m_p_reg[1][5][7]/D (clocked by sys_clk_pin). Large setup violations at the end of those stages might be difficult to fix during the post-placement implementation flow and could be the result of non-optimal XDC constraints or non-optimal design architecture
Related violations: <none>

TIMING-16#198 Warning
Large setup violation  
There is a large setup violation of -1.082 ns between dut/COSSET[0].unite_lists/genblk1_0.dut/SS_00/m_p_reg[2][1][2]/C (clocked by sys_clk_pin) and dut/COSSET[0].unite_lists/genblk1_0.dut/SS_00/m_p_reg[3][1][2]/D (clocked by sys_clk_pin). Large setup violations at the end of those stages might be difficult to fix during the post-placement implementation flow and could be the result of non-optimal XDC constraints or non-optimal design architecture
Related violations: <none>

TIMING-16#199 Warning
Large setup violation  
There is a large setup violation of -1.082 ns between dut/COSSET[0].unite_lists/genblk1_0.dut/SS_00/m_p_reg[2][1][2]/C (clocked by sys_clk_pin) and dut/COSSET[0].unite_lists/genblk1_0.dut/SS_00/m_p_reg[3][1][8]/D (clocked by sys_clk_pin). Large setup violations at the end of those stages might be difficult to fix during the post-placement implementation flow and could be the result of non-optimal XDC constraints or non-optimal design architecture
Related violations: <none>

TIMING-16#200 Warning
Large setup violation  
There is a large setup violation of -1.082 ns between dut/COSSET[3].unite_lists/genblk1_0.dut/SS_00/m_p_reg[0][3][8]/C (clocked by sys_clk_pin) and dut/COSSET[3].unite_lists/genblk1_0.dut/SS_00/m_p_reg[1][1][6]/D (clocked by sys_clk_pin). Large setup violations at the end of those stages might be difficult to fix during the post-placement implementation flow and could be the result of non-optimal XDC constraints or non-optimal design architecture
Related violations: <none>

TIMING-16#201 Warning
Large setup violation  
There is a large setup violation of -1.082 ns between dut/COSSET[3].unite_lists/genblk1_0.dut/SS_00/m_p_reg[2][6][5]/C (clocked by sys_clk_pin) and dut/COSSET[3].unite_lists/genblk1_0.dut/SS_00/m_p_reg[3][2][8]/D (clocked by sys_clk_pin). Large setup violations at the end of those stages might be difficult to fix during the post-placement implementation flow and could be the result of non-optimal XDC constraints or non-optimal design architecture
Related violations: <none>

TIMING-16#202 Warning
Large setup violation  
There is a large setup violation of -1.084 ns between dut/COSSET[2].unite_lists/genblk1_0.dut/SS_00/m_p_reg[1][6][4]/C (clocked by sys_clk_pin) and dut/COSSET[2].unite_lists/genblk1_0.dut/SS_00/m_p_reg[2][6][5]/D (clocked by sys_clk_pin). Large setup violations at the end of those stages might be difficult to fix during the post-placement implementation flow and could be the result of non-optimal XDC constraints or non-optimal design architecture
Related violations: <none>

TIMING-16#203 Warning
Large setup violation  
There is a large setup violation of -1.084 ns between dut/COSSET[3].unite_lists/genblk1_0.dut/SS_00/m_p_reg[0][5][9]/C (clocked by sys_clk_pin) and dut/COSSET[3].unite_lists/genblk1_0.dut/SS_00/idx_p_reg[1][5][1]/D (clocked by sys_clk_pin). Large setup violations at the end of those stages might be difficult to fix during the post-placement implementation flow and could be the result of non-optimal XDC constraints or non-optimal design architecture
Related violations: <none>

TIMING-16#204 Warning
Large setup violation  
There is a large setup violation of -1.084 ns between dut/COSSET[3].unite_lists/genblk1_0.dut/SS_00/m_p_reg[2][6][5]/C (clocked by sys_clk_pin) and dut/COSSET[3].unite_lists/genblk1_0.dut/SS_00/m_p_reg[3][2][9]/D (clocked by sys_clk_pin). Large setup violations at the end of those stages might be difficult to fix during the post-placement implementation flow and could be the result of non-optimal XDC constraints or non-optimal design architecture
Related violations: <none>

TIMING-16#205 Warning
Large setup violation  
There is a large setup violation of -1.086 ns between dut/COSSET[2].unite_lists/genblk1_0.dut/SS_00/m_p_reg[3][4][0]/C (clocked by sys_clk_pin) and dut/COSSET[2].unite_lists/genblk1_0.dut/SS_00/m_p_reg[4][4][3]/D (clocked by sys_clk_pin). Large setup violations at the end of those stages might be difficult to fix during the post-placement implementation flow and could be the result of non-optimal XDC constraints or non-optimal design architecture
Related violations: <none>

TIMING-16#206 Warning
Large setup violation  
There is a large setup violation of -1.086 ns between dut/COSSET[3].unite_lists/genblk1_0.dut/SS_00/m_p_reg[4][1][1]/C (clocked by sys_clk_pin) and dut/COSSET[3].unite_lists/genblk1_0.dut/SS_00/idx_p_reg[5][2][0]/D (clocked by sys_clk_pin). Large setup violations at the end of those stages might be difficult to fix during the post-placement implementation flow and could be the result of non-optimal XDC constraints or non-optimal design architecture
Related violations: <none>

TIMING-16#207 Warning
Large setup violation  
There is a large setup violation of -1.087 ns between dut/COSSET[1].unite_lists/genblk1_0.dut/SS_00/m_p_reg[0][3][0]/C (clocked by sys_clk_pin) and dut/COSSET[1].unite_lists/genblk1_0.dut/SS_00/idx_p_reg[1][1][1]/D (clocked by sys_clk_pin). Large setup violations at the end of those stages might be difficult to fix during the post-placement implementation flow and could be the result of non-optimal XDC constraints or non-optimal design architecture
Related violations: <none>

TIMING-16#208 Warning
Large setup violation  
There is a large setup violation of -1.087 ns between dut/COSSET[2].unite_lists/genblk1_0.dut/SS_00/m_p_reg[3][5][4]/C (clocked by sys_clk_pin) and dut/COSSET[2].unite_lists/genblk1_0.dut/SS_00/m_p_reg[4][3][3]/D (clocked by sys_clk_pin). Large setup violations at the end of those stages might be difficult to fix during the post-placement implementation flow and could be the result of non-optimal XDC constraints or non-optimal design architecture
Related violations: <none>

TIMING-16#209 Warning
Large setup violation  
There is a large setup violation of -1.087 ns between dut/COSSET[2].unite_lists/genblk1_0.dut/SS_00/m_p_reg[3][5][4]/C (clocked by sys_clk_pin) and dut/COSSET[2].unite_lists/genblk1_0.dut/SS_00/m_p_reg[4][5][3]/D (clocked by sys_clk_pin). Large setup violations at the end of those stages might be difficult to fix during the post-placement implementation flow and could be the result of non-optimal XDC constraints or non-optimal design architecture
Related violations: <none>

TIMING-16#210 Warning
Large setup violation  
There is a large setup violation of -1.087 ns between dut/COSSET[3].unite_lists/genblk1_0.dut/SS_00/m_p_reg[4][1][1]/C (clocked by sys_clk_pin) and dut/COSSET[3].unite_lists/genblk1_0.dut/SS_00/m_p_reg[5][2][2]/D (clocked by sys_clk_pin). Large setup violations at the end of those stages might be difficult to fix during the post-placement implementation flow and could be the result of non-optimal XDC constraints or non-optimal design architecture
Related violations: <none>

TIMING-16#211 Warning
Large setup violation  
There is a large setup violation of -1.088 ns between dut/COSSET[2].unite_lists/genblk1_0.dut/SS_00/m_p_reg[2][3][9]/C (clocked by sys_clk_pin) and dut/COSSET[2].unite_lists/genblk1_0.dut/SS_00/idx_p_reg[3][3][2]/D (clocked by sys_clk_pin). Large setup violations at the end of those stages might be difficult to fix during the post-placement implementation flow and could be the result of non-optimal XDC constraints or non-optimal design architecture
Related violations: <none>

TIMING-16#212 Warning
Large setup violation  
There is a large setup violation of -1.088 ns between dut/COSSET[3].unite_lists/genblk1_0.dut/SS_00/m_p_reg[4][1][1]/C (clocked by sys_clk_pin) and dut/COSSET[3].unite_lists/genblk1_0.dut/SS_00/idx_p_reg[5][1][0]/D (clocked by sys_clk_pin). Large setup violations at the end of those stages might be difficult to fix during the post-placement implementation flow and could be the result of non-optimal XDC constraints or non-optimal design architecture
Related violations: <none>

TIMING-16#213 Warning
Large setup violation  
There is a large setup violation of -1.088 ns between dut/COSSET[3].unite_lists/genblk1_0.dut/SS_00/m_p_reg[4][1][1]/C (clocked by sys_clk_pin) and dut/COSSET[3].unite_lists/genblk1_0.dut/SS_00/m_p_reg[5][1][4]/D (clocked by sys_clk_pin). Large setup violations at the end of those stages might be difficult to fix during the post-placement implementation flow and could be the result of non-optimal XDC constraints or non-optimal design architecture
Related violations: <none>

TIMING-16#214 Warning
Large setup violation  
There is a large setup violation of -1.088 ns between dut/COSSET[3].unite_lists/genblk1_0.dut/SS_00/m_p_reg[4][1][1]/C (clocked by sys_clk_pin) and dut/COSSET[3].unite_lists/genblk1_0.dut/SS_00/m_p_reg[5][2][9]/D (clocked by sys_clk_pin). Large setup violations at the end of those stages might be difficult to fix during the post-placement implementation flow and could be the result of non-optimal XDC constraints or non-optimal design architecture
Related violations: <none>

TIMING-16#215 Warning
Large setup violation  
There is a large setup violation of -1.092 ns between dut/COSSET[0].unite_lists/genblk1_0.dut/metrics1_r_reg[32]/C (clocked by sys_clk_pin) and dut/COSSET[0].unite_lists/genblk1_0.dut/SS_00/s0_d_reg[4][8]_srl5/D (clocked by sys_clk_pin). Large setup violations at the end of those stages might be difficult to fix during the post-placement implementation flow and could be the result of non-optimal XDC constraints or non-optimal design architecture
Related violations: <none>

TIMING-16#216 Warning
Large setup violation  
There is a large setup violation of -1.092 ns between dut/COSSET[3].unite_lists/genblk1_0.dut/SS_00/m_p_reg[3][5][0]/C (clocked by sys_clk_pin) and dut/COSSET[3].unite_lists/genblk1_0.dut/SS_00/m_p_reg[4][3][0]/D (clocked by sys_clk_pin). Large setup violations at the end of those stages might be difficult to fix during the post-placement implementation flow and could be the result of non-optimal XDC constraints or non-optimal design architecture
Related violations: <none>

TIMING-16#217 Warning
Large setup violation  
There is a large setup violation of -1.093 ns between dut/COSSET[3].unite_lists/genblk1_0.dut/SS_00/m_p_reg[4][1][1]/C (clocked by sys_clk_pin) and dut/COSSET[3].unite_lists/genblk1_0.dut/SS_00/m_p_reg[5][1][8]/D (clocked by sys_clk_pin). Large setup violations at the end of those stages might be difficult to fix during the post-placement implementation flow and could be the result of non-optimal XDC constraints or non-optimal design architecture
Related violations: <none>

TIMING-16#218 Warning
Large setup violation  
There is a large setup violation of -1.093 ns between dut/COSSET[3].unite_lists/genblk1_0.dut/SS_00/m_p_reg[4][1][1]/C (clocked by sys_clk_pin) and dut/COSSET[3].unite_lists/genblk1_0.dut/SS_00/m_p_reg[5][1][9]/D (clocked by sys_clk_pin). Large setup violations at the end of those stages might be difficult to fix during the post-placement implementation flow and could be the result of non-optimal XDC constraints or non-optimal design architecture
Related violations: <none>

TIMING-16#219 Warning
Large setup violation  
There is a large setup violation of -1.094 ns between dut/COSSET[1].unite_lists/genblk1_0.dut/SS_00/m_p_reg[1][6][1]/C (clocked by sys_clk_pin) and dut/COSSET[1].unite_lists/genblk1_0.dut/SS_00/idx_p_reg[2][5][1]/D (clocked by sys_clk_pin). Large setup violations at the end of those stages might be difficult to fix during the post-placement implementation flow and could be the result of non-optimal XDC constraints or non-optimal design architecture
Related violations: <none>

TIMING-16#220 Warning
Large setup violation  
There is a large setup violation of -1.094 ns between dut/COSSET[3].unite_lists/genblk1_0.dut/SS_00/m_p_reg[4][1][1]/C (clocked by sys_clk_pin) and dut/COSSET[3].unite_lists/genblk1_0.dut/SS_00/m_p_reg[5][2][1]/D (clocked by sys_clk_pin). Large setup violations at the end of those stages might be difficult to fix during the post-placement implementation flow and could be the result of non-optimal XDC constraints or non-optimal design architecture
Related violations: <none>

TIMING-16#221 Warning
Large setup violation  
There is a large setup violation of -1.094 ns between dut/COSSET[4].unite_lists/genblk1_0.dut/SS_00/m_p_reg[2][6][3]/C (clocked by sys_clk_pin) and dut/COSSET[4].unite_lists/genblk1_0.dut/SS_00/m_p_reg[3][6][0]/D (clocked by sys_clk_pin). Large setup violations at the end of those stages might be difficult to fix during the post-placement implementation flow and could be the result of non-optimal XDC constraints or non-optimal design architecture
Related violations: <none>

TIMING-16#222 Warning
Large setup violation  
There is a large setup violation of -1.094 ns between dut/COSSET[4].unite_lists/genblk1_0.dut/SS_00/m_p_reg[2][7][5]/C (clocked by sys_clk_pin) and dut/COSSET[4].unite_lists/genblk1_0.dut/SS_00/idx_p_reg[4][7][2]_srl2/D (clocked by sys_clk_pin). Large setup violations at the end of those stages might be difficult to fix during the post-placement implementation flow and could be the result of non-optimal XDC constraints or non-optimal design architecture
Related violations: <none>

TIMING-16#223 Warning
Large setup violation  
There is a large setup violation of -1.095 ns between dut/COSSET[3].unite_lists/genblk1_0.dut/SS_00/m_p_reg[3][5][0]/C (clocked by sys_clk_pin) and dut/COSSET[3].unite_lists/genblk1_0.dut/SS_00/m_p_reg[4][5][9]/D (clocked by sys_clk_pin). Large setup violations at the end of those stages might be difficult to fix during the post-placement implementation flow and could be the result of non-optimal XDC constraints or non-optimal design architecture
Related violations: <none>

TIMING-16#224 Warning
Large setup violation  
There is a large setup violation of -1.095 ns between dut/COSSET[3].unite_lists/genblk1_0.dut/SS_00/m_p_reg[4][1][1]/C (clocked by sys_clk_pin) and dut/COSSET[3].unite_lists/genblk1_0.dut/SS_00/idx_p_reg[5][2][2]/D (clocked by sys_clk_pin). Large setup violations at the end of those stages might be difficult to fix during the post-placement implementation flow and could be the result of non-optimal XDC constraints or non-optimal design architecture
Related violations: <none>

TIMING-16#225 Warning
Large setup violation  
There is a large setup violation of -1.097 ns between dut/COSSET[2].unite_lists/genblk1_0.dut/SS_00/m_p_reg[0][2][0]/C (clocked by sys_clk_pin) and dut/COSSET[2].unite_lists/genblk1_0.dut/SS_00/m_p_reg[1][2][8]/D (clocked by sys_clk_pin). Large setup violations at the end of those stages might be difficult to fix during the post-placement implementation flow and could be the result of non-optimal XDC constraints or non-optimal design architecture
Related violations: <none>

TIMING-16#226 Warning
Large setup violation  
There is a large setup violation of -1.097 ns between dut/COSSET[4].unite_lists/genblk1_0.dut/SS_00/m_p_reg[2][6][3]/C (clocked by sys_clk_pin) and dut/COSSET[4].unite_lists/genblk1_0.dut/SS_00/m_p_reg[3][2][0]/D (clocked by sys_clk_pin). Large setup violations at the end of those stages might be difficult to fix during the post-placement implementation flow and could be the result of non-optimal XDC constraints or non-optimal design architecture
Related violations: <none>

TIMING-16#227 Warning
Large setup violation  
There is a large setup violation of -1.099 ns between dut/COSSET[0].unite_lists/genblk1_0.dut/SS_00/m_p_reg[2][3][0]/C (clocked by sys_clk_pin) and dut/COSSET[0].unite_lists/genblk1_0.dut/SS_00/m_p_reg[4][7][0]_srl2/D (clocked by sys_clk_pin). Large setup violations at the end of those stages might be difficult to fix during the post-placement implementation flow and could be the result of non-optimal XDC constraints or non-optimal design architecture
Related violations: <none>

TIMING-16#228 Warning
Large setup violation  
There is a large setup violation of -1.099 ns between dut/COSSET[2].unite_lists/genblk1_0.dut/metrics1_r_reg[34]/C (clocked by sys_clk_pin) and dut/COSSET[2].unite_lists/genblk1_0.dut/SS_00/s0_d_reg[4][6]_srl5/D (clocked by sys_clk_pin). Large setup violations at the end of those stages might be difficult to fix during the post-placement implementation flow and could be the result of non-optimal XDC constraints or non-optimal design architecture
Related violations: <none>

TIMING-16#229 Warning
Large setup violation  
There is a large setup violation of -1.100 ns between dut/COSSET[1].unite_lists/genblk1_0.dut/SS_00/m_p_reg[1][6][1]/C (clocked by sys_clk_pin) and dut/COSSET[1].unite_lists/genblk1_0.dut/SS_00/idx_p_reg[2][6][1]/D (clocked by sys_clk_pin). Large setup violations at the end of those stages might be difficult to fix during the post-placement implementation flow and could be the result of non-optimal XDC constraints or non-optimal design architecture
Related violations: <none>

TIMING-16#230 Warning
Large setup violation  
There is a large setup violation of -1.100 ns between dut/COSSET[1].unite_lists/genblk1_0.dut/SS_00/m_p_reg[3][4][8]/C (clocked by sys_clk_pin) and dut/COSSET[1].unite_lists/genblk1_0.dut/SS_00/idx_p_reg[4][4][1]/D (clocked by sys_clk_pin). Large setup violations at the end of those stages might be difficult to fix during the post-placement implementation flow and could be the result of non-optimal XDC constraints or non-optimal design architecture
Related violations: <none>

TIMING-16#231 Warning
Large setup violation  
There is a large setup violation of -1.100 ns between dut/COSSET[3].unite_lists/genblk1_0.dut/SS_00/m_p_reg[0][2][8]/C (clocked by sys_clk_pin) and dut/COSSET[3].unite_lists/genblk1_0.dut/SS_00/idx_p_reg[1][0][1]/D (clocked by sys_clk_pin). Large setup violations at the end of those stages might be difficult to fix during the post-placement implementation flow and could be the result of non-optimal XDC constraints or non-optimal design architecture
Related violations: <none>

TIMING-16#232 Warning
Large setup violation  
There is a large setup violation of -1.100 ns between dut/COSSET[3].unite_lists/genblk1_0.dut/SS_00/m_p_reg[3][5][0]/C (clocked by sys_clk_pin) and dut/COSSET[3].unite_lists/genblk1_0.dut/SS_00/m_p_reg[4][3][4]/D (clocked by sys_clk_pin). Large setup violations at the end of those stages might be difficult to fix during the post-placement implementation flow and could be the result of non-optimal XDC constraints or non-optimal design architecture
Related violations: <none>

TIMING-16#233 Warning
Large setup violation  
There is a large setup violation of -1.101 ns between dut/COSSET[0].unite_lists/genblk1_0.dut/SS_00/m_p_reg[3][3][8]/C (clocked by sys_clk_pin) and dut/COSSET[0].unite_lists/genblk1_0.dut/SS_00/idx_p_reg[4][5][1]/D (clocked by sys_clk_pin). Large setup violations at the end of those stages might be difficult to fix during the post-placement implementation flow and could be the result of non-optimal XDC constraints or non-optimal design architecture
Related violations: <none>

TIMING-16#234 Warning
Large setup violation  
There is a large setup violation of -1.101 ns between dut/COSSET[3].unite_lists/genblk1_0.dut/SS_00/m_p_reg[3][5][0]/C (clocked by sys_clk_pin) and dut/COSSET[3].unite_lists/genblk1_0.dut/SS_00/m_p_reg[4][3][3]/D (clocked by sys_clk_pin). Large setup violations at the end of those stages might be difficult to fix during the post-placement implementation flow and could be the result of non-optimal XDC constraints or non-optimal design architecture
Related violations: <none>

TIMING-16#235 Warning
Large setup violation  
There is a large setup violation of -1.103 ns between dut/COSSET[2].unite_lists/genblk1_0.dut/SS_00/m_p_reg[3][5][4]/C (clocked by sys_clk_pin) and dut/COSSET[2].unite_lists/genblk1_0.dut/SS_00/m_p_reg[4][3][0]/D (clocked by sys_clk_pin). Large setup violations at the end of those stages might be difficult to fix during the post-placement implementation flow and could be the result of non-optimal XDC constraints or non-optimal design architecture
Related violations: <none>

TIMING-16#236 Warning
Large setup violation  
There is a large setup violation of -1.104 ns between dut/COSSET[0].unite_lists/genblk1_0.dut/metrics1_r_reg[32]/C (clocked by sys_clk_pin) and dut/COSSET[0].unite_lists/genblk1_0.dut/SS_00/s0_d_reg[4][6]_srl5/D (clocked by sys_clk_pin). Large setup violations at the end of those stages might be difficult to fix during the post-placement implementation flow and could be the result of non-optimal XDC constraints or non-optimal design architecture
Related violations: <none>

TIMING-16#237 Warning
Large setup violation  
There is a large setup violation of -1.104 ns between dut/COSSET[3].unite_lists/genblk1_0.dut/SS_00/m_p_reg[4][1][1]/C (clocked by sys_clk_pin) and dut/COSSET[3].unite_lists/genblk1_0.dut/SS_00/m_p_reg[5][2][3]/D (clocked by sys_clk_pin). Large setup violations at the end of those stages might be difficult to fix during the post-placement implementation flow and could be the result of non-optimal XDC constraints or non-optimal design architecture
Related violations: <none>

TIMING-16#238 Warning
Large setup violation  
There is a large setup violation of -1.105 ns between dut/COSSET[1].unite_lists/genblk1_0.dut/SS_00/m_p_reg[3][4][8]/C (clocked by sys_clk_pin) and dut/COSSET[1].unite_lists/genblk1_0.dut/SS_00/idx_p_reg[4][2][1]/D (clocked by sys_clk_pin). Large setup violations at the end of those stages might be difficult to fix during the post-placement implementation flow and could be the result of non-optimal XDC constraints or non-optimal design architecture
Related violations: <none>

TIMING-16#239 Warning
Large setup violation  
There is a large setup violation of -1.106 ns between dut/COSSET[1].unite_lists/genblk1_0.dut/SS_00/m_p_reg[3][2][1]/C (clocked by sys_clk_pin) and dut/COSSET[1].unite_lists/genblk1_0.dut/SS_00/idx_p_reg[4][4][2]/D (clocked by sys_clk_pin). Large setup violations at the end of those stages might be difficult to fix during the post-placement implementation flow and could be the result of non-optimal XDC constraints or non-optimal design architecture
Related violations: <none>

TIMING-16#240 Warning
Large setup violation  
There is a large setup violation of -1.106 ns between dut/COSSET[2].unite_lists/genblk1_0.dut/SS_00/m_p_reg[1][1][7]/C (clocked by sys_clk_pin) and dut/COSSET[2].unite_lists/genblk1_0.dut/SS_00/idx_p_reg[2][2][1]/D (clocked by sys_clk_pin). Large setup violations at the end of those stages might be difficult to fix during the post-placement implementation flow and could be the result of non-optimal XDC constraints or non-optimal design architecture
Related violations: <none>

TIMING-16#241 Warning
Large setup violation  
There is a large setup violation of -1.107 ns between dut/COSSET[1].unite_lists/genblk1_0.dut/SS_00/m_p_reg[2][7][3]/C (clocked by sys_clk_pin) and dut/COSSET[1].unite_lists/genblk1_0.dut/SS_00/idx_p_reg[3][3][0]/D (clocked by sys_clk_pin). Large setup violations at the end of those stages might be difficult to fix during the post-placement implementation flow and could be the result of non-optimal XDC constraints or non-optimal design architecture
Related violations: <none>

TIMING-16#242 Warning
Large setup violation  
There is a large setup violation of -1.108 ns between dut/COSSET[0].unite_lists/genblk1_0.dut/SS_00/m_p_reg[0][4][4]/C (clocked by sys_clk_pin) and dut/COSSET[0].unite_lists/genblk1_0.dut/SS_00/m_p_reg[1][4][0]/D (clocked by sys_clk_pin). Large setup violations at the end of those stages might be difficult to fix during the post-placement implementation flow and could be the result of non-optimal XDC constraints or non-optimal design architecture
Related violations: <none>

TIMING-16#243 Warning
Large setup violation  
There is a large setup violation of -1.108 ns between dut/COSSET[2].unite_lists/genblk1_0.dut/SS_00/m_p_reg[0][1][7]/C (clocked by sys_clk_pin) and dut/COSSET[2].unite_lists/genblk1_0.dut/SS_00/m_p_reg[1][3][4]/D (clocked by sys_clk_pin). Large setup violations at the end of those stages might be difficult to fix during the post-placement implementation flow and could be the result of non-optimal XDC constraints or non-optimal design architecture
Related violations: <none>

TIMING-16#244 Warning
Large setup violation  
There is a large setup violation of -1.108 ns between dut/COSSET[2].unite_lists/genblk1_0.dut/SS_00/m_p_reg[0][6][2]/C (clocked by sys_clk_pin) and dut/COSSET[2].unite_lists/genblk1_0.dut/SS_00/m_p_reg[1][6][9]/D (clocked by sys_clk_pin). Large setup violations at the end of those stages might be difficult to fix during the post-placement implementation flow and could be the result of non-optimal XDC constraints or non-optimal design architecture
Related violations: <none>

TIMING-16#245 Warning
Large setup violation  
There is a large setup violation of -1.108 ns between dut/COSSET[2].unite_lists/genblk1_0.dut/SS_00/m_p_reg[2][1][0]/C (clocked by sys_clk_pin) and dut/COSSET[2].unite_lists/genblk1_0.dut/SS_00/m_p_reg[3][1][5]/D (clocked by sys_clk_pin). Large setup violations at the end of those stages might be difficult to fix during the post-placement implementation flow and could be the result of non-optimal XDC constraints or non-optimal design architecture
Related violations: <none>

TIMING-16#246 Warning
Large setup violation  
There is a large setup violation of -1.109 ns between dut/COSSET[0].unite_lists/genblk1_0.dut/SS_00/m_p_reg[1][1][0]/C (clocked by sys_clk_pin) and dut/COSSET[0].unite_lists/genblk1_0.dut/SS_00/m_p_reg[2][1][9]/D (clocked by sys_clk_pin). Large setup violations at the end of those stages might be difficult to fix during the post-placement implementation flow and could be the result of non-optimal XDC constraints or non-optimal design architecture
Related violations: <none>

TIMING-16#247 Warning
Large setup violation  
There is a large setup violation of -1.109 ns between dut/COSSET[0].unite_lists/genblk1_0.dut/SS_00/m_p_reg[3][3][8]/C (clocked by sys_clk_pin) and dut/COSSET[0].unite_lists/genblk1_0.dut/SS_00/idx_p_reg[4][3][1]/D (clocked by sys_clk_pin). Large setup violations at the end of those stages might be difficult to fix during the post-placement implementation flow and could be the result of non-optimal XDC constraints or non-optimal design architecture
Related violations: <none>

TIMING-16#248 Warning
Large setup violation  
There is a large setup violation of -1.109 ns between dut/COSSET[1].unite_lists/genblk1_0.dut/SS_00/m_p_reg[3][2][1]/C (clocked by sys_clk_pin) and dut/COSSET[1].unite_lists/genblk1_0.dut/SS_00/idx_p_reg[4][2][2]/D (clocked by sys_clk_pin). Large setup violations at the end of those stages might be difficult to fix during the post-placement implementation flow and could be the result of non-optimal XDC constraints or non-optimal design architecture
Related violations: <none>

TIMING-16#249 Warning
Large setup violation  
There is a large setup violation of -1.109 ns between dut/COSSET[2].unite_lists/genblk1_0.dut/SS_00/m_p_reg[0][1][7]/C (clocked by sys_clk_pin) and dut/COSSET[2].unite_lists/genblk1_0.dut/SS_00/m_p_reg[1][3][10]/D (clocked by sys_clk_pin). Large setup violations at the end of those stages might be difficult to fix during the post-placement implementation flow and could be the result of non-optimal XDC constraints or non-optimal design architecture
Related violations: <none>

TIMING-16#250 Warning
Large setup violation  
There is a large setup violation of -1.109 ns between dut/COSSET[2].unite_lists/genblk1_0.dut/SS_00/m_p_reg[2][6][5]/C (clocked by sys_clk_pin) and dut/COSSET[2].unite_lists/genblk1_0.dut/SS_00/m_p_reg[3][2][7]/D (clocked by sys_clk_pin). Large setup violations at the end of those stages might be difficult to fix during the post-placement implementation flow and could be the result of non-optimal XDC constraints or non-optimal design architecture
Related violations: <none>

TIMING-16#251 Warning
Large setup violation  
There is a large setup violation of -1.109 ns between dut/COSSET[3].unite_lists/genblk1_0.dut/SS_00/m_p_reg[2][7][2]/C (clocked by sys_clk_pin) and dut/COSSET[3].unite_lists/genblk1_0.dut/SS_00/m_p_reg[4][7][10]_srl2/D (clocked by sys_clk_pin). Large setup violations at the end of those stages might be difficult to fix during the post-placement implementation flow and could be the result of non-optimal XDC constraints or non-optimal design architecture
Related violations: <none>

TIMING-16#252 Warning
Large setup violation  
There is a large setup violation of -1.109 ns between dut/COSSET[4].unite_lists/genblk1_0.dut/SS_00/m_p_reg[4][4][3]/C (clocked by sys_clk_pin) and dut/COSSET[4].unite_lists/genblk1_0.dut/SS_00/idx_p_reg[5][3][2]/D (clocked by sys_clk_pin). Large setup violations at the end of those stages might be difficult to fix during the post-placement implementation flow and could be the result of non-optimal XDC constraints or non-optimal design architecture
Related violations: <none>

TIMING-16#253 Warning
Large setup violation  
There is a large setup violation of -1.109 ns between dut/COSSET[4].unite_lists/genblk1_0.dut/SS_00/m_p_reg[4][4][3]/C (clocked by sys_clk_pin) and dut/COSSET[4].unite_lists/genblk1_0.dut/SS_00/idx_p_reg[5][4][1]/D (clocked by sys_clk_pin). Large setup violations at the end of those stages might be difficult to fix during the post-placement implementation flow and could be the result of non-optimal XDC constraints or non-optimal design architecture
Related violations: <none>

TIMING-16#254 Warning
Large setup violation  
There is a large setup violation of -1.110 ns between dut/COSSET[1].unite_lists/genblk1_0.dut/SS_00/m_p_reg[0][2][9]/C (clocked by sys_clk_pin) and dut/COSSET[1].unite_lists/genblk1_0.dut/SS_00/idx_p_reg[1][0][0]/D (clocked by sys_clk_pin). Large setup violations at the end of those stages might be difficult to fix during the post-placement implementation flow and could be the result of non-optimal XDC constraints or non-optimal design architecture
Related violations: <none>

TIMING-16#255 Warning
Large setup violation  
There is a large setup violation of -1.110 ns between dut/COSSET[2].unite_lists/genblk1_0.dut/SS_00/m_p_reg[0][1][7]/C (clocked by sys_clk_pin) and dut/COSSET[2].unite_lists/genblk1_0.dut/SS_00/m_p_reg[1][3][0]/D (clocked by sys_clk_pin). Large setup violations at the end of those stages might be difficult to fix during the post-placement implementation flow and could be the result of non-optimal XDC constraints or non-optimal design architecture
Related violations: <none>

TIMING-16#256 Warning
Large setup violation  
There is a large setup violation of -1.110 ns between dut/COSSET[2].unite_lists/genblk1_0.dut/SS_00/m_p_reg[3][4][0]/C (clocked by sys_clk_pin) and dut/COSSET[2].unite_lists/genblk1_0.dut/SS_00/m_p_reg[4][4][5]/D (clocked by sys_clk_pin). Large setup violations at the end of those stages might be difficult to fix during the post-placement implementation flow and could be the result of non-optimal XDC constraints or non-optimal design architecture
Related violations: <none>

TIMING-16#257 Warning
Large setup violation  
There is a large setup violation of -1.110 ns between dut/COSSET[3].unite_lists/genblk1_0.dut/SS_00/m_p_reg[2][6][5]/C (clocked by sys_clk_pin) and dut/COSSET[3].unite_lists/genblk1_0.dut/SS_00/m_p_reg[3][6][2]/D (clocked by sys_clk_pin). Large setup violations at the end of those stages might be difficult to fix during the post-placement implementation flow and could be the result of non-optimal XDC constraints or non-optimal design architecture
Related violations: <none>

TIMING-16#258 Warning
Large setup violation  
There is a large setup violation of -1.110 ns between dut/COSSET[4].unite_lists/genblk1_0.dut/SS_00/m_p_reg[4][4][3]/C (clocked by sys_clk_pin) and dut/COSSET[4].unite_lists/genblk1_0.dut/SS_00/idx_p_reg[5][3][1]/D (clocked by sys_clk_pin). Large setup violations at the end of those stages might be difficult to fix during the post-placement implementation flow and could be the result of non-optimal XDC constraints or non-optimal design architecture
Related violations: <none>

TIMING-16#259 Warning
Large setup violation  
There is a large setup violation of -1.111 ns between dut/COSSET[2].unite_lists/genblk1_0.dut/SS_00/m_p_reg[3][5][4]/C (clocked by sys_clk_pin) and dut/COSSET[2].unite_lists/genblk1_0.dut/SS_00/m_p_reg[4][5][4]/D (clocked by sys_clk_pin). Large setup violations at the end of those stages might be difficult to fix during the post-placement implementation flow and could be the result of non-optimal XDC constraints or non-optimal design architecture
Related violations: <none>

TIMING-16#260 Warning
Large setup violation  
There is a large setup violation of -1.112 ns between dut/COSSET[2].unite_lists/genblk1_0.dut/SS_00/m_p_reg[0][1][7]/C (clocked by sys_clk_pin) and dut/COSSET[2].unite_lists/genblk1_0.dut/SS_00/m_p_reg[1][1][5]/D (clocked by sys_clk_pin). Large setup violations at the end of those stages might be difficult to fix during the post-placement implementation flow and could be the result of non-optimal XDC constraints or non-optimal design architecture
Related violations: <none>

TIMING-16#261 Warning
Large setup violation  
There is a large setup violation of -1.112 ns between dut/COSSET[4].unite_lists/genblk1_0.dut/SS_00/m_p_reg[0][3][0]/C (clocked by sys_clk_pin) and dut/COSSET[4].unite_lists/genblk1_0.dut/SS_00/m_p_reg[1][3][8]/D (clocked by sys_clk_pin). Large setup violations at the end of those stages might be difficult to fix during the post-placement implementation flow and could be the result of non-optimal XDC constraints or non-optimal design architecture
Related violations: <none>

TIMING-16#262 Warning
Large setup violation  
There is a large setup violation of -1.113 ns between dut/COSSET[2].unite_lists/genblk1_0.dut/SS_00/m_p_reg[0][6][2]/C (clocked by sys_clk_pin) and dut/COSSET[2].unite_lists/genblk1_0.dut/SS_00/m_p_reg[1][4][4]/D (clocked by sys_clk_pin). Large setup violations at the end of those stages might be difficult to fix during the post-placement implementation flow and could be the result of non-optimal XDC constraints or non-optimal design architecture
Related violations: <none>

TIMING-16#263 Warning
Large setup violation  
There is a large setup violation of -1.114 ns between dut/COSSET[0].unite_lists/genblk1_0.dut/SS_00/m_p_reg[4][3][7]/C (clocked by sys_clk_pin) and dut/COSSET[0].unite_lists/genblk1_0.dut/SS_00/idx_p_reg[5][4][2]/D (clocked by sys_clk_pin). Large setup violations at the end of those stages might be difficult to fix during the post-placement implementation flow and could be the result of non-optimal XDC constraints or non-optimal design architecture
Related violations: <none>

TIMING-16#264 Warning
Large setup violation  
There is a large setup violation of -1.114 ns between dut/COSSET[1].unite_lists/genblk1_0.dut/SS_00/m_p_reg[0][2][9]/C (clocked by sys_clk_pin) and dut/COSSET[1].unite_lists/genblk1_0.dut/SS_00/m_p_reg[1][2][8]/D (clocked by sys_clk_pin). Large setup violations at the end of those stages might be difficult to fix during the post-placement implementation flow and could be the result of non-optimal XDC constraints or non-optimal design architecture
Related violations: <none>

TIMING-16#265 Warning
Large setup violation  
There is a large setup violation of -1.115 ns between dut/COSSET[3].unite_lists/genblk1_0.dut/SS_00/m_p_reg[0][2][8]/C (clocked by sys_clk_pin) and dut/COSSET[3].unite_lists/genblk1_0.dut/SS_00/idx_p_reg[1][2][0]/D (clocked by sys_clk_pin). Large setup violations at the end of those stages might be difficult to fix during the post-placement implementation flow and could be the result of non-optimal XDC constraints or non-optimal design architecture
Related violations: <none>

TIMING-16#266 Warning
Large setup violation  
There is a large setup violation of -1.116 ns between dut/COSSET[1].unite_lists/genblk1_0.dut/SS_00/m_p_reg[0][2][9]/C (clocked by sys_clk_pin) and dut/COSSET[1].unite_lists/genblk1_0.dut/SS_00/m_p_reg[1][0][8]/D (clocked by sys_clk_pin). Large setup violations at the end of those stages might be difficult to fix during the post-placement implementation flow and could be the result of non-optimal XDC constraints or non-optimal design architecture
Related violations: <none>

TIMING-16#267 Warning
Large setup violation  
There is a large setup violation of -1.117 ns between dut/COSSET[0].unite_lists/genblk1_0.dut/SS_00/m_p_reg[4][3][7]/C (clocked by sys_clk_pin) and dut/COSSET[0].unite_lists/genblk1_0.dut/SS_00/idx_p_reg[5][3][2]/D (clocked by sys_clk_pin). Large setup violations at the end of those stages might be difficult to fix during the post-placement implementation flow and could be the result of non-optimal XDC constraints or non-optimal design architecture
Related violations: <none>

TIMING-16#268 Warning
Large setup violation  
There is a large setup violation of -1.117 ns between dut/COSSET[2].unite_lists/genblk1_0.dut/SS_00/m_p_reg[4][5][1]/C (clocked by sys_clk_pin) and dut/COSSET[2].unite_lists/genblk1_0.dut/SS_00/m_p_reg[5][6][9]/D (clocked by sys_clk_pin). Large setup violations at the end of those stages might be difficult to fix during the post-placement implementation flow and could be the result of non-optimal XDC constraints or non-optimal design architecture
Related violations: <none>

TIMING-16#269 Warning
Large setup violation  
There is a large setup violation of -1.117 ns between dut/COSSET[3].unite_lists/genblk1_0.dut/SS_00/m_p_reg[0][2][8]/C (clocked by sys_clk_pin) and dut/COSSET[3].unite_lists/genblk1_0.dut/SS_00/idx_p_reg[1][0][0]/D (clocked by sys_clk_pin). Large setup violations at the end of those stages might be difficult to fix during the post-placement implementation flow and could be the result of non-optimal XDC constraints or non-optimal design architecture
Related violations: <none>

TIMING-16#270 Warning
Large setup violation  
There is a large setup violation of -1.118 ns between dut/COSSET[1].unite_lists/genblk1_0.dut/SS_00/m_p_reg[0][6][8]/C (clocked by sys_clk_pin) and dut/COSSET[1].unite_lists/genblk1_0.dut/SS_00/idx_p_reg[1][4][1]/D (clocked by sys_clk_pin). Large setup violations at the end of those stages might be difficult to fix during the post-placement implementation flow and could be the result of non-optimal XDC constraints or non-optimal design architecture
Related violations: <none>

TIMING-16#271 Warning
Large setup violation  
There is a large setup violation of -1.118 ns between dut/COSSET[1].unite_lists/genblk1_0.dut/SS_00/m_p_reg[1][1][3]/C (clocked by sys_clk_pin) and dut/COSSET[1].unite_lists/genblk1_0.dut/SS_00/idx_p_reg[2][1][0]/D (clocked by sys_clk_pin). Large setup violations at the end of those stages might be difficult to fix during the post-placement implementation flow and could be the result of non-optimal XDC constraints or non-optimal design architecture
Related violations: <none>

TIMING-16#272 Warning
Large setup violation  
There is a large setup violation of -1.119 ns between dut/COSSET[0].unite_lists/genblk1_0.dut/SS_00/m_p_reg[2][1][2]/C (clocked by sys_clk_pin) and dut/COSSET[0].unite_lists/genblk1_0.dut/SS_00/m_p_reg[3][1][1]/D (clocked by sys_clk_pin). Large setup violations at the end of those stages might be difficult to fix during the post-placement implementation flow and could be the result of non-optimal XDC constraints or non-optimal design architecture
Related violations: <none>

TIMING-16#273 Warning
Large setup violation  
There is a large setup violation of -1.121 ns between dut/COSSET[2].unite_lists/genblk1_0.dut/SS_00/m_p_reg[4][5][1]/C (clocked by sys_clk_pin) and dut/COSSET[2].unite_lists/genblk1_0.dut/SS_00/m_p_reg[5][6][5]/D (clocked by sys_clk_pin). Large setup violations at the end of those stages might be difficult to fix during the post-placement implementation flow and could be the result of non-optimal XDC constraints or non-optimal design architecture
Related violations: <none>

TIMING-16#274 Warning
Large setup violation  
There is a large setup violation of -1.122 ns between dut/COSSET[2].unite_lists/genblk1_0.dut/SS_00/m_p_reg[4][5][1]/C (clocked by sys_clk_pin) and dut/COSSET[2].unite_lists/genblk1_0.dut/SS_00/m_p_reg[5][5][5]/D (clocked by sys_clk_pin). Large setup violations at the end of those stages might be difficult to fix during the post-placement implementation flow and could be the result of non-optimal XDC constraints or non-optimal design architecture
Related violations: <none>

TIMING-16#275 Warning
Large setup violation  
There is a large setup violation of -1.123 ns between dut/COSSET[2].unite_lists/genblk1_0.dut/SS_00/m_p_reg[0][6][2]/C (clocked by sys_clk_pin) and dut/COSSET[2].unite_lists/genblk1_0.dut/SS_00/m_p_reg[1][4][5]/D (clocked by sys_clk_pin). Large setup violations at the end of those stages might be difficult to fix during the post-placement implementation flow and could be the result of non-optimal XDC constraints or non-optimal design architecture
Related violations: <none>

TIMING-16#276 Warning
Large setup violation  
There is a large setup violation of -1.127 ns between dut/COSSET[0].unite_lists/genblk1_0.dut/SS_00/m_p_reg[3][3][8]/C (clocked by sys_clk_pin) and dut/COSSET[0].unite_lists/genblk1_0.dut/SS_00/m_p_reg[4][3][4]/D (clocked by sys_clk_pin). Large setup violations at the end of those stages might be difficult to fix during the post-placement implementation flow and could be the result of non-optimal XDC constraints or non-optimal design architecture
Related violations: <none>

TIMING-16#277 Warning
Large setup violation  
There is a large setup violation of -1.128 ns between dut/COSSET[2].unite_lists/genblk1_0.dut/SS_00/m_p_reg[3][5][4]/C (clocked by sys_clk_pin) and dut/COSSET[2].unite_lists/genblk1_0.dut/SS_00/idx_p_reg[4][5][1]/D (clocked by sys_clk_pin). Large setup violations at the end of those stages might be difficult to fix during the post-placement implementation flow and could be the result of non-optimal XDC constraints or non-optimal design architecture
Related violations: <none>

TIMING-16#278 Warning
Large setup violation  
There is a large setup violation of -1.129 ns between dut/COSSET[1].unite_lists/genblk1_0.dut/SS_00/m_p_reg[4][4][7]/C (clocked by sys_clk_pin) and dut/COSSET[1].unite_lists/genblk1_0.dut/SS_00/idx_p_reg[5][4][2]/D (clocked by sys_clk_pin). Large setup violations at the end of those stages might be difficult to fix during the post-placement implementation flow and could be the result of non-optimal XDC constraints or non-optimal design architecture
Related violations: <none>

TIMING-16#279 Warning
Large setup violation  
There is a large setup violation of -1.131 ns between dut/COSSET[3].unite_lists/genblk1_0.dut/SS_00/m_p_reg[4][1][1]/C (clocked by sys_clk_pin) and dut/COSSET[3].unite_lists/genblk1_0.dut/SS_00/idx_p_reg[5][1][2]/D (clocked by sys_clk_pin). Large setup violations at the end of those stages might be difficult to fix during the post-placement implementation flow and could be the result of non-optimal XDC constraints or non-optimal design architecture
Related violations: <none>

TIMING-16#280 Warning
Large setup violation  
There is a large setup violation of -1.133 ns between dut/COSSET[2].unite_lists/genblk1_0.dut/SS_00/m_p_reg[0][6][2]/C (clocked by sys_clk_pin) and dut/COSSET[2].unite_lists/genblk1_0.dut/SS_00/m_p_reg[1][6][7]/D (clocked by sys_clk_pin). Large setup violations at the end of those stages might be difficult to fix during the post-placement implementation flow and could be the result of non-optimal XDC constraints or non-optimal design architecture
Related violations: <none>

TIMING-16#281 Warning
Large setup violation  
There is a large setup violation of -1.134 ns between dut/COSSET[1].unite_lists/genblk1_0.dut/SS_00/m_p_reg[0][2][9]/C (clocked by sys_clk_pin) and dut/COSSET[1].unite_lists/genblk1_0.dut/SS_00/m_p_reg[1][2][4]/D (clocked by sys_clk_pin). Large setup violations at the end of those stages might be difficult to fix during the post-placement implementation flow and could be the result of non-optimal XDC constraints or non-optimal design architecture
Related violations: <none>

TIMING-16#282 Warning
Large setup violation  
There is a large setup violation of -1.134 ns between dut/COSSET[3].unite_lists/genblk1_0.dut/SS_00/m_p_reg[4][1][1]/C (clocked by sys_clk_pin) and dut/COSSET[3].unite_lists/genblk1_0.dut/SS_00/m_p_reg[5][1][0]/D (clocked by sys_clk_pin). Large setup violations at the end of those stages might be difficult to fix during the post-placement implementation flow and could be the result of non-optimal XDC constraints or non-optimal design architecture
Related violations: <none>

TIMING-16#283 Warning
Large setup violation  
There is a large setup violation of -1.135 ns between dut/COSSET[1].unite_lists/genblk1_0.dut/SS_00/m_p_reg[4][4][7]/C (clocked by sys_clk_pin) and dut/COSSET[1].unite_lists/genblk1_0.dut/SS_00/idx_p_reg[5][3][2]/D (clocked by sys_clk_pin). Large setup violations at the end of those stages might be difficult to fix during the post-placement implementation flow and could be the result of non-optimal XDC constraints or non-optimal design architecture
Related violations: <none>

TIMING-16#284 Warning
Large setup violation  
There is a large setup violation of -1.135 ns between dut/COSSET[3].unite_lists/genblk1_0.dut/SS_00/m_p_reg[2][7][2]/C (clocked by sys_clk_pin) and dut/COSSET[3].unite_lists/genblk1_0.dut/SS_00/m_p_reg[4][7][3]_srl2/D (clocked by sys_clk_pin). Large setup violations at the end of those stages might be difficult to fix during the post-placement implementation flow and could be the result of non-optimal XDC constraints or non-optimal design architecture
Related violations: <none>

TIMING-16#285 Warning
Large setup violation  
There is a large setup violation of -1.136 ns between dut/COSSET[1].unite_lists/genblk1_0.dut/SS_00/m_p_reg[1][1][3]/C (clocked by sys_clk_pin) and dut/COSSET[1].unite_lists/genblk1_0.dut/SS_00/idx_p_reg[2][2][0]/D (clocked by sys_clk_pin). Large setup violations at the end of those stages might be difficult to fix during the post-placement implementation flow and could be the result of non-optimal XDC constraints or non-optimal design architecture
Related violations: <none>

TIMING-16#286 Warning
Large setup violation  
There is a large setup violation of -1.138 ns between dut/COSSET[1].unite_lists/genblk1_0.dut/SS_00/m_p_reg[4][6][3]/C (clocked by sys_clk_pin) and dut/COSSET[1].unite_lists/genblk1_0.dut/SS_00/idx_p_reg[5][6][1]/D (clocked by sys_clk_pin). Large setup violations at the end of those stages might be difficult to fix during the post-placement implementation flow and could be the result of non-optimal XDC constraints or non-optimal design architecture
Related violations: <none>

TIMING-16#287 Warning
Large setup violation  
There is a large setup violation of -1.138 ns between dut/COSSET[4].unite_lists/genblk1_0.dut/SS_00/m_p_reg[2][7][5]/C (clocked by sys_clk_pin) and dut/COSSET[4].unite_lists/genblk1_0.dut/SS_00/idx_p_reg[3][3][2]/D (clocked by sys_clk_pin). Large setup violations at the end of those stages might be difficult to fix during the post-placement implementation flow and could be the result of non-optimal XDC constraints or non-optimal design architecture
Related violations: <none>

TIMING-16#288 Warning
Large setup violation  
There is a large setup violation of -1.139 ns between dut/COSSET[2].unite_lists/genblk1_0.dut/SS_00/m_p_reg[0][6][2]/C (clocked by sys_clk_pin) and dut/COSSET[2].unite_lists/genblk1_0.dut/SS_00/m_p_reg[1][4][7]/D (clocked by sys_clk_pin). Large setup violations at the end of those stages might be difficult to fix during the post-placement implementation flow and could be the result of non-optimal XDC constraints or non-optimal design architecture
Related violations: <none>

TIMING-16#289 Warning
Large setup violation  
There is a large setup violation of -1.140 ns between dut/COSSET[4].unite_lists/genblk1_0.dut/SS_00/m_p_reg[3][4][0]/C (clocked by sys_clk_pin) and dut/COSSET[4].unite_lists/genblk1_0.dut/SS_00/m_p_reg[4][4][6]/D (clocked by sys_clk_pin). Large setup violations at the end of those stages might be difficult to fix during the post-placement implementation flow and could be the result of non-optimal XDC constraints or non-optimal design architecture
Related violations: <none>

TIMING-16#290 Warning
Large setup violation  
There is a large setup violation of -1.141 ns between dut/COSSET[2].unite_lists/genblk1_0.dut/SS_00/m_p_reg[0][0][5]/C (clocked by sys_clk_pin) and dut/COSSET[2].unite_lists/genblk1_0.dut/SS_00/m_p_reg[1][2][6]/D (clocked by sys_clk_pin). Large setup violations at the end of those stages might be difficult to fix during the post-placement implementation flow and could be the result of non-optimal XDC constraints or non-optimal design architecture
Related violations: <none>

TIMING-16#291 Warning
Large setup violation  
There is a large setup violation of -1.141 ns between dut/COSSET[2].unite_lists/genblk1_0.dut/SS_00/m_p_reg[0][6][2]/C (clocked by sys_clk_pin) and dut/COSSET[2].unite_lists/genblk1_0.dut/SS_00/idx_p_reg[1][6][0]/D (clocked by sys_clk_pin). Large setup violations at the end of those stages might be difficult to fix during the post-placement implementation flow and could be the result of non-optimal XDC constraints or non-optimal design architecture
Related violations: <none>

TIMING-16#292 Warning
Large setup violation  
There is a large setup violation of -1.141 ns between dut/COSSET[4].unite_lists/genblk1_0.dut/SS_00/m_p_reg[2][1][3]/C (clocked by sys_clk_pin) and dut/COSSET[4].unite_lists/genblk1_0.dut/SS_00/m_p_reg[3][1][7]/D (clocked by sys_clk_pin). Large setup violations at the end of those stages might be difficult to fix during the post-placement implementation flow and could be the result of non-optimal XDC constraints or non-optimal design architecture
Related violations: <none>

TIMING-16#293 Warning
Large setup violation  
There is a large setup violation of -1.142 ns between dut/COSSET[1].unite_lists/genblk1_0.dut/SS_00/m_p_reg[3][2][1]/C (clocked by sys_clk_pin) and dut/COSSET[1].unite_lists/genblk1_0.dut/SS_00/m_p_reg[4][2][8]/D (clocked by sys_clk_pin). Large setup violations at the end of those stages might be difficult to fix during the post-placement implementation flow and could be the result of non-optimal XDC constraints or non-optimal design architecture
Related violations: <none>

TIMING-16#294 Warning
Large setup violation  
There is a large setup violation of -1.142 ns between dut/COSSET[2].unite_lists/genblk1_0.dut/SS_00/m_p_reg[0][6][2]/C (clocked by sys_clk_pin) and dut/COSSET[2].unite_lists/genblk1_0.dut/SS_00/idx_p_reg[1][4][0]/D (clocked by sys_clk_pin). Large setup violations at the end of those stages might be difficult to fix during the post-placement implementation flow and could be the result of non-optimal XDC constraints or non-optimal design architecture
Related violations: <none>

TIMING-16#295 Warning
Large setup violation  
There is a large setup violation of -1.142 ns between dut/COSSET[2].unite_lists/genblk1_0.dut/SS_00/m_p_reg[1][1][7]/C (clocked by sys_clk_pin) and dut/COSSET[2].unite_lists/genblk1_0.dut/SS_00/m_p_reg[2][1][5]/D (clocked by sys_clk_pin). Large setup violations at the end of those stages might be difficult to fix during the post-placement implementation flow and could be the result of non-optimal XDC constraints or non-optimal design architecture
Related violations: <none>

TIMING-16#296 Warning
Large setup violation  
There is a large setup violation of -1.143 ns between dut/COSSET[1].unite_lists/genblk1_0.dut/SS_00/m_p_reg[2][7][3]/C (clocked by sys_clk_pin) and dut/COSSET[1].unite_lists/genblk1_0.dut/SS_00/m_p_reg[4][7][8]_srl2/D (clocked by sys_clk_pin). Large setup violations at the end of those stages might be difficult to fix during the post-placement implementation flow and could be the result of non-optimal XDC constraints or non-optimal design architecture
Related violations: <none>

TIMING-16#297 Warning
Large setup violation  
There is a large setup violation of -1.143 ns between dut/COSSET[2].unite_lists/genblk1_0.dut/SS_00/m_p_reg[0][6][2]/C (clocked by sys_clk_pin) and dut/COSSET[2].unite_lists/genblk1_0.dut/SS_00/m_p_reg[1][4][0]/D (clocked by sys_clk_pin). Large setup violations at the end of those stages might be difficult to fix during the post-placement implementation flow and could be the result of non-optimal XDC constraints or non-optimal design architecture
Related violations: <none>

TIMING-16#298 Warning
Large setup violation  
There is a large setup violation of -1.143 ns between dut/COSSET[2].unite_lists/genblk1_0.dut/SS_00/m_p_reg[0][6][2]/C (clocked by sys_clk_pin) and dut/COSSET[2].unite_lists/genblk1_0.dut/SS_00/m_p_reg[1][6][3]/D (clocked by sys_clk_pin). Large setup violations at the end of those stages might be difficult to fix during the post-placement implementation flow and could be the result of non-optimal XDC constraints or non-optimal design architecture
Related violations: <none>

TIMING-16#299 Warning
Large setup violation  
There is a large setup violation of -1.143 ns between dut/COSSET[2].unite_lists/genblk1_0.dut/SS_00/m_p_reg[4][3][2]/C (clocked by sys_clk_pin) and dut/COSSET[2].unite_lists/genblk1_0.dut/SS_00/m_p_reg[5][4][1]/D (clocked by sys_clk_pin). Large setup violations at the end of those stages might be difficult to fix during the post-placement implementation flow and could be the result of non-optimal XDC constraints or non-optimal design architecture
Related violations: <none>

TIMING-16#300 Warning
Large setup violation  
There is a large setup violation of -1.143 ns between dut/COSSET[4].unite_lists/genblk1_0.dut/SS_00/m_p_reg[3][4][0]/C (clocked by sys_clk_pin) and dut/COSSET[4].unite_lists/genblk1_0.dut/SS_00/m_p_reg[4][2][6]/D (clocked by sys_clk_pin). Large setup violations at the end of those stages might be difficult to fix during the post-placement implementation flow and could be the result of non-optimal XDC constraints or non-optimal design architecture
Related violations: <none>

TIMING-16#301 Warning
Large setup violation  
There is a large setup violation of -1.144 ns between dut/COSSET[1].unite_lists/genblk1_0.dut/SS_00/m_p_reg[4][6][3]/C (clocked by sys_clk_pin) and dut/COSSET[1].unite_lists/genblk1_0.dut/SS_00/idx_p_reg[5][5][1]/D (clocked by sys_clk_pin). Large setup violations at the end of those stages might be difficult to fix during the post-placement implementation flow and could be the result of non-optimal XDC constraints or non-optimal design architecture
Related violations: <none>

TIMING-16#302 Warning
Large setup violation  
There is a large setup violation of -1.144 ns between dut/COSSET[2].unite_lists/genblk1_0.dut/SS_00/m_p_reg[4][3][2]/C (clocked by sys_clk_pin) and dut/COSSET[2].unite_lists/genblk1_0.dut/SS_00/m_p_reg[5][4][7]/D (clocked by sys_clk_pin). Large setup violations at the end of those stages might be difficult to fix during the post-placement implementation flow and could be the result of non-optimal XDC constraints or non-optimal design architecture
Related violations: <none>

TIMING-16#303 Warning
Large setup violation  
There is a large setup violation of -1.144 ns between dut/COSSET[3].unite_lists/genblk1_0.dut/SS_00/m_p_reg[0][4][8]/C (clocked by sys_clk_pin) and dut/COSSET[3].unite_lists/genblk1_0.dut/SS_00/m_p_reg[1][4][3]/D (clocked by sys_clk_pin). Large setup violations at the end of those stages might be difficult to fix during the post-placement implementation flow and could be the result of non-optimal XDC constraints or non-optimal design architecture
Related violations: <none>

TIMING-16#304 Warning
Large setup violation  
There is a large setup violation of -1.144 ns between dut/COSSET[4].unite_lists/genblk1_0.dut/SS_00/m_p_reg[4][4][3]/C (clocked by sys_clk_pin) and dut/COSSET[4].unite_lists/genblk1_0.dut/SS_00/idx_p_reg[5][4][2]/D (clocked by sys_clk_pin). Large setup violations at the end of those stages might be difficult to fix during the post-placement implementation flow and could be the result of non-optimal XDC constraints or non-optimal design architecture
Related violations: <none>

TIMING-16#305 Warning
Large setup violation  
There is a large setup violation of -1.145 ns between dut/COSSET[1].unite_lists/genblk1_0.dut/SS_00/m_p_reg[4][4][7]/C (clocked by sys_clk_pin) and dut/COSSET[1].unite_lists/genblk1_0.dut/SS_00/idx_p_reg[5][4][1]/D (clocked by sys_clk_pin). Large setup violations at the end of those stages might be difficult to fix during the post-placement implementation flow and could be the result of non-optimal XDC constraints or non-optimal design architecture
Related violations: <none>

TIMING-16#306 Warning
Large setup violation  
There is a large setup violation of -1.146 ns between dut/COSSET[1].unite_lists/genblk1_0.dut/SS_00/m_p_reg[2][7][3]/C (clocked by sys_clk_pin) and dut/COSSET[1].unite_lists/genblk1_0.dut/SS_00/m_p_reg[4][7][10]_srl2/D (clocked by sys_clk_pin). Large setup violations at the end of those stages might be difficult to fix during the post-placement implementation flow and could be the result of non-optimal XDC constraints or non-optimal design architecture
Related violations: <none>

TIMING-16#307 Warning
Large setup violation  
There is a large setup violation of -1.148 ns between dut/COSSET[1].unite_lists/genblk1_0.dut/SS_00/m_p_reg[4][4][7]/C (clocked by sys_clk_pin) and dut/COSSET[1].unite_lists/genblk1_0.dut/SS_00/idx_p_reg[5][3][1]/D (clocked by sys_clk_pin). Large setup violations at the end of those stages might be difficult to fix during the post-placement implementation flow and could be the result of non-optimal XDC constraints or non-optimal design architecture
Related violations: <none>

TIMING-16#308 Warning
Large setup violation  
There is a large setup violation of -1.150 ns between dut/COSSET[0].unite_lists/genblk1_0.dut/SS_00/m_p_reg[2][3][0]/C (clocked by sys_clk_pin) and dut/COSSET[0].unite_lists/genblk1_0.dut/SS_00/m_p_reg[4][7][2]_srl2/D (clocked by sys_clk_pin). Large setup violations at the end of those stages might be difficult to fix during the post-placement implementation flow and could be the result of non-optimal XDC constraints or non-optimal design architecture
Related violations: <none>

TIMING-16#309 Warning
Large setup violation  
There is a large setup violation of -1.154 ns between dut/COSSET[2].unite_lists/genblk1_0.dut/SS_00/m_p_reg[3][5][4]/C (clocked by sys_clk_pin) and dut/COSSET[2].unite_lists/genblk1_0.dut/SS_00/idx_p_reg[4][3][2]/D (clocked by sys_clk_pin). Large setup violations at the end of those stages might be difficult to fix during the post-placement implementation flow and could be the result of non-optimal XDC constraints or non-optimal design architecture
Related violations: <none>

TIMING-16#310 Warning
Large setup violation  
There is a large setup violation of -1.156 ns between dut/COSSET[2].unite_lists/genblk1_0.dut/SS_00/m_p_reg[4][3][2]/C (clocked by sys_clk_pin) and dut/COSSET[2].unite_lists/genblk1_0.dut/SS_00/m_p_reg[5][4][2]/D (clocked by sys_clk_pin). Large setup violations at the end of those stages might be difficult to fix during the post-placement implementation flow and could be the result of non-optimal XDC constraints or non-optimal design architecture
Related violations: <none>

TIMING-16#311 Warning
Large setup violation  
There is a large setup violation of -1.158 ns between dut/COSSET[0].unite_lists/genblk1_0.dut/SS_00/m_p_reg[4][2][0]/C (clocked by sys_clk_pin) and dut/COSSET[0].unite_lists/genblk1_0.dut/SS_00/m_p_reg[5][2][10]/D (clocked by sys_clk_pin). Large setup violations at the end of those stages might be difficult to fix during the post-placement implementation flow and could be the result of non-optimal XDC constraints or non-optimal design architecture
Related violations: <none>

TIMING-16#312 Warning
Large setup violation  
There is a large setup violation of -1.158 ns between dut/COSSET[1].unite_lists/genblk1_0.dut/SS_00/m_p_reg[2][7][3]/C (clocked by sys_clk_pin) and dut/COSSET[1].unite_lists/genblk1_0.dut/SS_00/m_p_reg[4][7][0]_srl2/D (clocked by sys_clk_pin). Large setup violations at the end of those stages might be difficult to fix during the post-placement implementation flow and could be the result of non-optimal XDC constraints or non-optimal design architecture
Related violations: <none>

TIMING-16#313 Warning
Large setup violation  
There is a large setup violation of -1.160 ns between dut/COSSET[2].unite_lists/genblk1_0.dut/metrics_r_reg[11]/C (clocked by sys_clk_pin) and dut/COSSET[2].unite_lists/genblk1_0.dut/SS_00/idx_p_reg[0][7][0]/D (clocked by sys_clk_pin). Large setup violations at the end of those stages might be difficult to fix during the post-placement implementation flow and could be the result of non-optimal XDC constraints or non-optimal design architecture
Related violations: <none>

TIMING-16#314 Warning
Large setup violation  
There is a large setup violation of -1.161 ns between dut/COSSET[0].unite_lists/genblk1_0.dut/SS_00/m_p_reg[2][3][0]/C (clocked by sys_clk_pin) and dut/COSSET[0].unite_lists/genblk1_0.dut/SS_00/m_p_reg[4][7][5]_srl2/D (clocked by sys_clk_pin). Large setup violations at the end of those stages might be difficult to fix during the post-placement implementation flow and could be the result of non-optimal XDC constraints or non-optimal design architecture
Related violations: <none>

TIMING-16#315 Warning
Large setup violation  
There is a large setup violation of -1.161 ns between dut/COSSET[1].unite_lists/genblk1_0.dut/SS_00/m_p_reg[4][4][7]/C (clocked by sys_clk_pin) and dut/COSSET[1].unite_lists/genblk1_0.dut/SS_00/m_p_reg[5][3][4]/D (clocked by sys_clk_pin). Large setup violations at the end of those stages might be difficult to fix during the post-placement implementation flow and could be the result of non-optimal XDC constraints or non-optimal design architecture
Related violations: <none>

TIMING-16#316 Warning
Large setup violation  
There is a large setup violation of -1.161 ns between dut/COSSET[3].unite_lists/genblk1_0.dut/SS_00/m_p_reg[4][1][1]/C (clocked by sys_clk_pin) and dut/COSSET[3].unite_lists/genblk1_0.dut/SS_00/m_p_reg[5][1][7]/D (clocked by sys_clk_pin). Large setup violations at the end of those stages might be difficult to fix during the post-placement implementation flow and could be the result of non-optimal XDC constraints or non-optimal design architecture
Related violations: <none>

TIMING-16#317 Warning
Large setup violation  
There is a large setup violation of -1.163 ns between dut/COSSET[2].unite_lists/genblk1_0.dut/SS_00/m_p_reg[4][5][1]/C (clocked by sys_clk_pin) and dut/COSSET[2].unite_lists/genblk1_0.dut/SS_00/m_p_reg[5][5][7]/D (clocked by sys_clk_pin). Large setup violations at the end of those stages might be difficult to fix during the post-placement implementation flow and could be the result of non-optimal XDC constraints or non-optimal design architecture
Related violations: <none>

TIMING-16#318 Warning
Large setup violation  
There is a large setup violation of -1.163 ns between dut/COSSET[3].unite_lists/genblk1_0.dut/SS_00/m_p_reg[4][1][1]/C (clocked by sys_clk_pin) and dut/COSSET[3].unite_lists/genblk1_0.dut/SS_00/m_p_reg[5][1][1]/D (clocked by sys_clk_pin). Large setup violations at the end of those stages might be difficult to fix during the post-placement implementation flow and could be the result of non-optimal XDC constraints or non-optimal design architecture
Related violations: <none>

TIMING-16#319 Warning
Large setup violation  
There is a large setup violation of -1.165 ns between dut/COSSET[0].unite_lists/genblk1_0.dut/SS_00/m_p_reg[2][1][1]/C (clocked by sys_clk_pin) and dut/COSSET[0].unite_lists/genblk1_0.dut/SS_00/idx_p_reg[3][1][1]/D (clocked by sys_clk_pin). Large setup violations at the end of those stages might be difficult to fix during the post-placement implementation flow and could be the result of non-optimal XDC constraints or non-optimal design architecture
Related violations: <none>

TIMING-16#320 Warning
Large setup violation  
There is a large setup violation of -1.165 ns between dut/COSSET[0].unite_lists/genblk1_0.dut/SS_00/m_p_reg[2][1][1]/C (clocked by sys_clk_pin) and dut/COSSET[0].unite_lists/genblk1_0.dut/SS_00/idx_p_reg[3][5][1]/D (clocked by sys_clk_pin). Large setup violations at the end of those stages might be difficult to fix during the post-placement implementation flow and could be the result of non-optimal XDC constraints or non-optimal design architecture
Related violations: <none>

TIMING-16#321 Warning
Large setup violation  
There is a large setup violation of -1.165 ns between dut/COSSET[0].unite_lists/genblk1_0.dut/SS_00/m_p_reg[4][2][0]/C (clocked by sys_clk_pin) and dut/COSSET[0].unite_lists/genblk1_0.dut/SS_00/m_p_reg[5][1][9]/D (clocked by sys_clk_pin). Large setup violations at the end of those stages might be difficult to fix during the post-placement implementation flow and could be the result of non-optimal XDC constraints or non-optimal design architecture
Related violations: <none>

TIMING-16#322 Warning
Large setup violation  
There is a large setup violation of -1.167 ns between dut/COSSET[3].unite_lists/genblk1_0.dut/SS_00/m_p_reg[4][1][1]/C (clocked by sys_clk_pin) and dut/COSSET[3].unite_lists/genblk1_0.dut/SS_00/m_p_reg[5][1][2]/D (clocked by sys_clk_pin). Large setup violations at the end of those stages might be difficult to fix during the post-placement implementation flow and could be the result of non-optimal XDC constraints or non-optimal design architecture
Related violations: <none>

TIMING-16#323 Warning
Large setup violation  
There is a large setup violation of -1.167 ns between dut/COSSET[3].unite_lists/genblk1_0.dut/SS_00/m_p_reg[4][1][1]/C (clocked by sys_clk_pin) and dut/COSSET[3].unite_lists/genblk1_0.dut/SS_00/m_p_reg[5][1][6]/D (clocked by sys_clk_pin). Large setup violations at the end of those stages might be difficult to fix during the post-placement implementation flow and could be the result of non-optimal XDC constraints or non-optimal design architecture
Related violations: <none>

TIMING-16#324 Warning
Large setup violation  
There is a large setup violation of -1.168 ns between dut/COSSET[3].unite_lists/genblk1_0.dut/SS_00/m_p_reg[4][1][1]/C (clocked by sys_clk_pin) and dut/COSSET[3].unite_lists/genblk1_0.dut/SS_00/m_p_reg[5][2][6]/D (clocked by sys_clk_pin). Large setup violations at the end of those stages might be difficult to fix during the post-placement implementation flow and could be the result of non-optimal XDC constraints or non-optimal design architecture
Related violations: <none>

TIMING-16#325 Warning
Large setup violation  
There is a large setup violation of -1.171 ns between dut/COSSET[2].unite_lists/genblk1_0.dut/SS_00/m_p_reg[1][6][4]/C (clocked by sys_clk_pin) and dut/COSSET[2].unite_lists/genblk1_0.dut/SS_00/m_p_reg[2][5][8]/D (clocked by sys_clk_pin). Large setup violations at the end of those stages might be difficult to fix during the post-placement implementation flow and could be the result of non-optimal XDC constraints or non-optimal design architecture
Related violations: <none>

TIMING-16#326 Warning
Large setup violation  
There is a large setup violation of -1.172 ns between dut/COSSET[2].unite_lists/genblk1_0.dut/SS_00/m_p_reg[1][6][4]/C (clocked by sys_clk_pin) and dut/COSSET[2].unite_lists/genblk1_0.dut/SS_00/m_p_reg[2][5][5]/D (clocked by sys_clk_pin). Large setup violations at the end of those stages might be difficult to fix during the post-placement implementation flow and could be the result of non-optimal XDC constraints or non-optimal design architecture
Related violations: <none>

TIMING-16#327 Warning
Large setup violation  
There is a large setup violation of -1.172 ns between dut/COSSET[2].unite_lists/genblk1_0.dut/SS_00/m_p_reg[3][5][4]/C (clocked by sys_clk_pin) and dut/COSSET[2].unite_lists/genblk1_0.dut/SS_00/m_p_reg[4][3][1]/D (clocked by sys_clk_pin). Large setup violations at the end of those stages might be difficult to fix during the post-placement implementation flow and could be the result of non-optimal XDC constraints or non-optimal design architecture
Related violations: <none>

TIMING-16#328 Warning
Large setup violation  
There is a large setup violation of -1.172 ns between dut/COSSET[3].unite_lists/genblk1_0.dut/SS_00/m_p_reg[2][7][2]/C (clocked by sys_clk_pin) and dut/COSSET[3].unite_lists/genblk1_0.dut/SS_00/m_p_reg[4][7][9]_srl2/D (clocked by sys_clk_pin). Large setup violations at the end of those stages might be difficult to fix during the post-placement implementation flow and could be the result of non-optimal XDC constraints or non-optimal design architecture
Related violations: <none>

TIMING-16#329 Warning
Large setup violation  
There is a large setup violation of -1.174 ns between dut/COSSET[2].unite_lists/genblk1_0.dut/SS_00/m_p_reg[3][5][4]/C (clocked by sys_clk_pin) and dut/COSSET[2].unite_lists/genblk1_0.dut/SS_00/idx_p_reg[4][3][0]/D (clocked by sys_clk_pin). Large setup violations at the end of those stages might be difficult to fix during the post-placement implementation flow and could be the result of non-optimal XDC constraints or non-optimal design architecture
Related violations: <none>

TIMING-16#330 Warning
Large setup violation  
There is a large setup violation of -1.175 ns between dut/COSSET[2].unite_lists/genblk1_0.dut/SS_00/m_p_reg[3][5][4]/C (clocked by sys_clk_pin) and dut/COSSET[2].unite_lists/genblk1_0.dut/SS_00/idx_p_reg[4][5][0]/D (clocked by sys_clk_pin). Large setup violations at the end of those stages might be difficult to fix during the post-placement implementation flow and could be the result of non-optimal XDC constraints or non-optimal design architecture
Related violations: <none>

TIMING-16#331 Warning
Large setup violation  
There is a large setup violation of -1.176 ns between dut/COSSET[1].unite_lists/genblk1_0.dut/SS_00/m_p_reg[0][3][0]/C (clocked by sys_clk_pin) and dut/COSSET[1].unite_lists/genblk1_0.dut/SS_00/m_p_reg[1][1][10]/D (clocked by sys_clk_pin). Large setup violations at the end of those stages might be difficult to fix during the post-placement implementation flow and could be the result of non-optimal XDC constraints or non-optimal design architecture
Related violations: <none>

TIMING-16#332 Warning
Large setup violation  
There is a large setup violation of -1.176 ns between dut/COSSET[1].unite_lists/genblk1_0.dut/SS_00/m_p_reg[2][7][3]/C (clocked by sys_clk_pin) and dut/COSSET[1].unite_lists/genblk1_0.dut/SS_00/m_p_reg[4][7][9]_srl2/D (clocked by sys_clk_pin). Large setup violations at the end of those stages might be difficult to fix during the post-placement implementation flow and could be the result of non-optimal XDC constraints or non-optimal design architecture
Related violations: <none>

TIMING-16#333 Warning
Large setup violation  
There is a large setup violation of -1.178 ns between dut/COSSET[2].unite_lists/genblk1_0.dut/SS_00/m_p_reg[3][5][4]/C (clocked by sys_clk_pin) and dut/COSSET[2].unite_lists/genblk1_0.dut/SS_00/idx_p_reg[4][5][2]/D (clocked by sys_clk_pin). Large setup violations at the end of those stages might be difficult to fix during the post-placement implementation flow and could be the result of non-optimal XDC constraints or non-optimal design architecture
Related violations: <none>

TIMING-16#334 Warning
Large setup violation  
There is a large setup violation of -1.178 ns between dut/COSSET[4].unite_lists/genblk1_0.dut/SS_00/m_p_reg[2][1][3]/C (clocked by sys_clk_pin) and dut/COSSET[4].unite_lists/genblk1_0.dut/SS_00/idx_p_reg[3][5][0]/D (clocked by sys_clk_pin). Large setup violations at the end of those stages might be difficult to fix during the post-placement implementation flow and could be the result of non-optimal XDC constraints or non-optimal design architecture
Related violations: <none>

TIMING-16#335 Warning
Large setup violation  
There is a large setup violation of -1.179 ns between dut/COSSET[2].unite_lists/genblk1_0.dut/SS_00/m_p_reg[1][1][7]/C (clocked by sys_clk_pin) and dut/COSSET[2].unite_lists/genblk1_0.dut/SS_00/idx_p_reg[2][2][0]/D (clocked by sys_clk_pin). Large setup violations at the end of those stages might be difficult to fix during the post-placement implementation flow and could be the result of non-optimal XDC constraints or non-optimal design architecture
Related violations: <none>

TIMING-16#336 Warning
Large setup violation  
There is a large setup violation of -1.180 ns between dut/COSSET[1].unite_lists/genblk1_0.dut/SS_00/m_p_reg[2][4][3]/C (clocked by sys_clk_pin) and dut/COSSET[1].unite_lists/genblk1_0.dut/SS_00/idx_p_reg[3][4][1]/D (clocked by sys_clk_pin). Large setup violations at the end of those stages might be difficult to fix during the post-placement implementation flow and could be the result of non-optimal XDC constraints or non-optimal design architecture
Related violations: <none>

TIMING-16#337 Warning
Large setup violation  
There is a large setup violation of -1.180 ns between dut/COSSET[3].unite_lists/genblk1_0.dut/SS_00/m_p_reg[3][5][0]/C (clocked by sys_clk_pin) and dut/COSSET[3].unite_lists/genblk1_0.dut/SS_00/m_p_reg[4][3][9]/D (clocked by sys_clk_pin). Large setup violations at the end of those stages might be difficult to fix during the post-placement implementation flow and could be the result of non-optimal XDC constraints or non-optimal design architecture
Related violations: <none>

TIMING-16#338 Warning
Large setup violation  
There is a large setup violation of -1.181 ns between dut/COSSET[2].unite_lists/genblk1_0.dut/SS_00/m_p_reg[4][5][1]/C (clocked by sys_clk_pin) and dut/COSSET[2].unite_lists/genblk1_0.dut/SS_00/m_p_reg[5][5][0]/D (clocked by sys_clk_pin). Large setup violations at the end of those stages might be difficult to fix during the post-placement implementation flow and could be the result of non-optimal XDC constraints or non-optimal design architecture
Related violations: <none>

TIMING-16#339 Warning
Large setup violation  
There is a large setup violation of -1.181 ns between dut/COSSET[4].unite_lists/genblk1_0.dut/SS_00/m_p_reg[0][6][7]/C (clocked by sys_clk_pin) and dut/COSSET[4].unite_lists/genblk1_0.dut/SS_00/idx_p_reg[1][4][1]/D (clocked by sys_clk_pin). Large setup violations at the end of those stages might be difficult to fix during the post-placement implementation flow and could be the result of non-optimal XDC constraints or non-optimal design architecture
Related violations: <none>

TIMING-16#340 Warning
Large setup violation  
There is a large setup violation of -1.182 ns between dut/COSSET[2].unite_lists/genblk1_0.dut/SS_00/m_p_reg[2][1][0]/C (clocked by sys_clk_pin) and dut/COSSET[2].unite_lists/genblk1_0.dut/SS_00/m_p_reg[3][1][2]/D (clocked by sys_clk_pin). Large setup violations at the end of those stages might be difficult to fix during the post-placement implementation flow and could be the result of non-optimal XDC constraints or non-optimal design architecture
Related violations: <none>

TIMING-16#341 Warning
Large setup violation  
There is a large setup violation of -1.182 ns between dut/COSSET[2].unite_lists/genblk1_0.dut/SS_00/m_p_reg[4][5][1]/C (clocked by sys_clk_pin) and dut/COSSET[2].unite_lists/genblk1_0.dut/SS_00/m_p_reg[5][5][9]/D (clocked by sys_clk_pin). Large setup violations at the end of those stages might be difficult to fix during the post-placement implementation flow and could be the result of non-optimal XDC constraints or non-optimal design architecture
Related violations: <none>

TIMING-16#342 Warning
Large setup violation  
There is a large setup violation of -1.183 ns between dut/COSSET[3].unite_lists/genblk1_0.dut/SS_00/m_p_reg[3][5][0]/C (clocked by sys_clk_pin) and dut/COSSET[3].unite_lists/genblk1_0.dut/SS_00/m_p_reg[4][3][6]/D (clocked by sys_clk_pin). Large setup violations at the end of those stages might be difficult to fix during the post-placement implementation flow and could be the result of non-optimal XDC constraints or non-optimal design architecture
Related violations: <none>

TIMING-16#343 Warning
Large setup violation  
There is a large setup violation of -1.184 ns between dut/COSSET[2].unite_lists/genblk1_0.dut/SS_00/m_p_reg[4][5][1]/C (clocked by sys_clk_pin) and dut/COSSET[2].unite_lists/genblk1_0.dut/SS_00/m_p_reg[5][6][0]/D (clocked by sys_clk_pin). Large setup violations at the end of those stages might be difficult to fix during the post-placement implementation flow and could be the result of non-optimal XDC constraints or non-optimal design architecture
Related violations: <none>

TIMING-16#344 Warning
Large setup violation  
There is a large setup violation of -1.185 ns between dut/COSSET[2].unite_lists/genblk1_0.dut/SS_00/m_p_reg[0][1][7]/C (clocked by sys_clk_pin) and dut/COSSET[2].unite_lists/genblk1_0.dut/SS_00/m_p_reg[1][3][2]/D (clocked by sys_clk_pin). Large setup violations at the end of those stages might be difficult to fix during the post-placement implementation flow and could be the result of non-optimal XDC constraints or non-optimal design architecture
Related violations: <none>

TIMING-16#345 Warning
Large setup violation  
There is a large setup violation of -1.185 ns between dut/COSSET[3].unite_lists/genblk1_0.dut/SS_00/m_p_reg[3][5][0]/C (clocked by sys_clk_pin) and dut/COSSET[3].unite_lists/genblk1_0.dut/SS_00/m_p_reg[4][3][2]/D (clocked by sys_clk_pin). Large setup violations at the end of those stages might be difficult to fix during the post-placement implementation flow and could be the result of non-optimal XDC constraints or non-optimal design architecture
Related violations: <none>

TIMING-16#346 Warning
Large setup violation  
There is a large setup violation of -1.186 ns between dut/COSSET[0].unite_lists/genblk1_0.dut/SS_00/m_p_reg[1][5][7]/C (clocked by sys_clk_pin) and dut/COSSET[0].unite_lists/genblk1_0.dut/SS_00/idx_p_reg[2][5][0]/D (clocked by sys_clk_pin). Large setup violations at the end of those stages might be difficult to fix during the post-placement implementation flow and could be the result of non-optimal XDC constraints or non-optimal design architecture
Related violations: <none>

TIMING-16#347 Warning
Large setup violation  
There is a large setup violation of -1.186 ns between dut/COSSET[0].unite_lists/genblk1_0.dut/SS_00/m_p_reg[1][5][7]/C (clocked by sys_clk_pin) and dut/COSSET[0].unite_lists/genblk1_0.dut/SS_00/idx_p_reg[2][6][0]/D (clocked by sys_clk_pin). Large setup violations at the end of those stages might be difficult to fix during the post-placement implementation flow and could be the result of non-optimal XDC constraints or non-optimal design architecture
Related violations: <none>

TIMING-16#348 Warning
Large setup violation  
There is a large setup violation of -1.186 ns between dut/COSSET[2].unite_lists/genblk1_0.dut/SS_00/m_p_reg[0][1][7]/C (clocked by sys_clk_pin) and dut/COSSET[2].unite_lists/genblk1_0.dut/SS_00/m_p_reg[1][1][2]/D (clocked by sys_clk_pin). Large setup violations at the end of those stages might be difficult to fix during the post-placement implementation flow and could be the result of non-optimal XDC constraints or non-optimal design architecture
Related violations: <none>

TIMING-16#349 Warning
Large setup violation  
There is a large setup violation of -1.186 ns between dut/COSSET[2].unite_lists/genblk1_0.dut/SS_00/m_p_reg[1][1][7]/C (clocked by sys_clk_pin) and dut/COSSET[2].unite_lists/genblk1_0.dut/SS_00/idx_p_reg[2][1][0]/D (clocked by sys_clk_pin). Large setup violations at the end of those stages might be difficult to fix during the post-placement implementation flow and could be the result of non-optimal XDC constraints or non-optimal design architecture
Related violations: <none>

TIMING-16#350 Warning
Large setup violation  
There is a large setup violation of -1.186 ns between dut/COSSET[2].unite_lists/genblk1_0.dut/SS_00/m_p_reg[2][2][0]/C (clocked by sys_clk_pin) and dut/COSSET[2].unite_lists/genblk1_0.dut/SS_00/idx_p_reg[3][6][0]/D (clocked by sys_clk_pin). Large setup violations at the end of those stages might be difficult to fix during the post-placement implementation flow and could be the result of non-optimal XDC constraints or non-optimal design architecture
Related violations: <none>

TIMING-16#351 Warning
Large setup violation  
There is a large setup violation of -1.188 ns between dut/COSSET[3].unite_lists/genblk1_0.dut/SS_00/m_p_reg[3][5][0]/C (clocked by sys_clk_pin) and dut/COSSET[3].unite_lists/genblk1_0.dut/SS_00/m_p_reg[4][3][10]/D (clocked by sys_clk_pin). Large setup violations at the end of those stages might be difficult to fix during the post-placement implementation flow and could be the result of non-optimal XDC constraints or non-optimal design architecture
Related violations: <none>

TIMING-16#352 Warning
Large setup violation  
There is a large setup violation of -1.189 ns between dut/COSSET[2].unite_lists/genblk1_0.dut/SS_00/m_p_reg[2][2][0]/C (clocked by sys_clk_pin) and dut/COSSET[2].unite_lists/genblk1_0.dut/SS_00/idx_p_reg[3][2][0]/D (clocked by sys_clk_pin). Large setup violations at the end of those stages might be difficult to fix during the post-placement implementation flow and could be the result of non-optimal XDC constraints or non-optimal design architecture
Related violations: <none>

TIMING-16#353 Warning
Large setup violation  
There is a large setup violation of -1.189 ns between dut/COSSET[3].unite_lists/genblk1_0.dut/SS_00/m_p_reg[2][7][2]/C (clocked by sys_clk_pin) and dut/COSSET[3].unite_lists/genblk1_0.dut/SS_00/m_p_reg[4][7][6]_srl2/D (clocked by sys_clk_pin). Large setup violations at the end of those stages might be difficult to fix during the post-placement implementation flow and could be the result of non-optimal XDC constraints or non-optimal design architecture
Related violations: <none>

TIMING-16#354 Warning
Large setup violation  
There is a large setup violation of -1.190 ns between dut/COSSET[1].unite_lists/genblk1_0.dut/SS_00/m_p_reg[2][4][3]/C (clocked by sys_clk_pin) and dut/COSSET[1].unite_lists/genblk1_0.dut/SS_00/idx_p_reg[3][4][0]/D (clocked by sys_clk_pin). Large setup violations at the end of those stages might be difficult to fix during the post-placement implementation flow and could be the result of non-optimal XDC constraints or non-optimal design architecture
Related violations: <none>

TIMING-16#355 Warning
Large setup violation  
There is a large setup violation of -1.192 ns between dut/COSSET[1].unite_lists/genblk1_0.dut/SS_00/m_p_reg[2][7][3]/C (clocked by sys_clk_pin) and dut/COSSET[1].unite_lists/genblk1_0.dut/SS_00/idx_p_reg[3][3][2]/D (clocked by sys_clk_pin). Large setup violations at the end of those stages might be difficult to fix during the post-placement implementation flow and could be the result of non-optimal XDC constraints or non-optimal design architecture
Related violations: <none>

TIMING-16#356 Warning
Large setup violation  
There is a large setup violation of -1.192 ns between dut/COSSET[2].unite_lists/genblk1_0.dut/SS_00/m_p_reg[2][6][5]/C (clocked by sys_clk_pin) and dut/COSSET[2].unite_lists/genblk1_0.dut/SS_00/m_p_reg[3][2][3]/D (clocked by sys_clk_pin). Large setup violations at the end of those stages might be difficult to fix during the post-placement implementation flow and could be the result of non-optimal XDC constraints or non-optimal design architecture
Related violations: <none>

TIMING-16#357 Warning
Large setup violation  
There is a large setup violation of -1.193 ns between dut/COSSET[2].unite_lists/genblk1_0.dut/SS_00/m_p_reg[0][6][2]/C (clocked by sys_clk_pin) and dut/COSSET[2].unite_lists/genblk1_0.dut/SS_00/m_p_reg[1][6][0]/D (clocked by sys_clk_pin). Large setup violations at the end of those stages might be difficult to fix during the post-placement implementation flow and could be the result of non-optimal XDC constraints or non-optimal design architecture
Related violations: <none>

TIMING-16#358 Warning
Large setup violation  
There is a large setup violation of -1.193 ns between dut/COSSET[2].unite_lists/genblk1_0.dut/SS_00/m_p_reg[2][3][9]/C (clocked by sys_clk_pin) and dut/COSSET[2].unite_lists/genblk1_0.dut/SS_00/m_p_reg[4][7][10]_srl2_srlopt/D (clocked by sys_clk_pin). Large setup violations at the end of those stages might be difficult to fix during the post-placement implementation flow and could be the result of non-optimal XDC constraints or non-optimal design architecture
Related violations: <none>

TIMING-16#359 Warning
Large setup violation  
There is a large setup violation of -1.194 ns between dut/COSSET[1].unite_lists/genblk1_0.dut/SS_00/m_p_reg[0][2][9]/C (clocked by sys_clk_pin) and dut/COSSET[1].unite_lists/genblk1_0.dut/SS_00/idx_p_reg[1][0][1]/D (clocked by sys_clk_pin). Large setup violations at the end of those stages might be difficult to fix during the post-placement implementation flow and could be the result of non-optimal XDC constraints or non-optimal design architecture
Related violations: <none>

TIMING-16#360 Warning
Large setup violation  
There is a large setup violation of -1.194 ns between dut/COSSET[2].unite_lists/genblk1_0.dut/metrics_r_reg[32]/C (clocked by sys_clk_pin) and dut/COSSET[2].unite_lists/genblk1_0.dut/SS_00/s0_d_reg[4][5]_srl5/D (clocked by sys_clk_pin). Large setup violations at the end of those stages might be difficult to fix during the post-placement implementation flow and could be the result of non-optimal XDC constraints or non-optimal design architecture
Related violations: <none>

TIMING-16#361 Warning
Large setup violation  
There is a large setup violation of -1.196 ns between dut/COSSET[3].unite_lists/genblk1_0.dut/SS_00/m_p_reg[2][7][2]/C (clocked by sys_clk_pin) and dut/COSSET[3].unite_lists/genblk1_0.dut/SS_00/m_p_reg[4][7][0]_srl2/D (clocked by sys_clk_pin). Large setup violations at the end of those stages might be difficult to fix during the post-placement implementation flow and could be the result of non-optimal XDC constraints or non-optimal design architecture
Related violations: <none>

TIMING-16#362 Warning
Large setup violation  
There is a large setup violation of -1.197 ns between dut/COSSET[2].unite_lists/genblk1_0.dut/SS_00/m_p_reg[1][6][4]/C (clocked by sys_clk_pin) and dut/COSSET[2].unite_lists/genblk1_0.dut/SS_00/idx_p_reg[2][6][1]/D (clocked by sys_clk_pin). Large setup violations at the end of those stages might be difficult to fix during the post-placement implementation flow and could be the result of non-optimal XDC constraints or non-optimal design architecture
Related violations: <none>

TIMING-16#363 Warning
Large setup violation  
There is a large setup violation of -1.201 ns between dut/COSSET[0].unite_lists/genblk1_0.dut/SS_00/m_p_reg[4][2][0]/C (clocked by sys_clk_pin) and dut/COSSET[0].unite_lists/genblk1_0.dut/SS_00/m_p_reg[5][1][7]/D (clocked by sys_clk_pin). Large setup violations at the end of those stages might be difficult to fix during the post-placement implementation flow and could be the result of non-optimal XDC constraints or non-optimal design architecture
Related violations: <none>

TIMING-16#364 Warning
Large setup violation  
There is a large setup violation of -1.202 ns between dut/COSSET[0].unite_lists/genblk1_0.dut/SS_00/m_p_reg[4][2][0]/C (clocked by sys_clk_pin) and dut/COSSET[0].unite_lists/genblk1_0.dut/SS_00/m_p_reg[5][1][3]/D (clocked by sys_clk_pin). Large setup violations at the end of those stages might be difficult to fix during the post-placement implementation flow and could be the result of non-optimal XDC constraints or non-optimal design architecture
Related violations: <none>

TIMING-16#365 Warning
Large setup violation  
There is a large setup violation of -1.202 ns between dut/COSSET[2].unite_lists/genblk1_0.dut/SS_00/m_p_reg[2][1][0]/C (clocked by sys_clk_pin) and dut/COSSET[2].unite_lists/genblk1_0.dut/SS_00/idx_p_reg[3][5][0]/D (clocked by sys_clk_pin). Large setup violations at the end of those stages might be difficult to fix during the post-placement implementation flow and could be the result of non-optimal XDC constraints or non-optimal design architecture
Related violations: <none>

TIMING-16#366 Warning
Large setup violation  
There is a large setup violation of -1.202 ns between dut/COSSET[3].unite_lists/genblk1_0.dut/metrics1_r_reg[14]/C (clocked by sys_clk_pin) and dut/COSSET[3].unite_lists/genblk1_0.dut/SS_00/idx_p_reg[0][5][0]/D (clocked by sys_clk_pin). Large setup violations at the end of those stages might be difficult to fix during the post-placement implementation flow and could be the result of non-optimal XDC constraints or non-optimal design architecture
Related violations: <none>

TIMING-16#367 Warning
Large setup violation  
There is a large setup violation of -1.203 ns between dut/COSSET[2].unite_lists/genblk1_0.dut/SS_00/m_p_reg[2][1][0]/C (clocked by sys_clk_pin) and dut/COSSET[2].unite_lists/genblk1_0.dut/SS_00/m_p_reg[3][1][1]/D (clocked by sys_clk_pin). Large setup violations at the end of those stages might be difficult to fix during the post-placement implementation flow and could be the result of non-optimal XDC constraints or non-optimal design architecture
Related violations: <none>

TIMING-16#368 Warning
Large setup violation  
There is a large setup violation of -1.205 ns between dut/COSSET[0].unite_lists/genblk1_0.dut/metrics1_r_reg[31]/C (clocked by sys_clk_pin) and dut/COSSET[0].unite_lists/genblk1_0.dut/SS_00/idx_p_reg[0][7][0]/D (clocked by sys_clk_pin). Large setup violations at the end of those stages might be difficult to fix during the post-placement implementation flow and could be the result of non-optimal XDC constraints or non-optimal design architecture
Related violations: <none>

TIMING-16#369 Warning
Large setup violation  
There is a large setup violation of -1.206 ns between dut/COSSET[0].unite_lists/genblk1_0.dut/SS_00/m_p_reg[2][3][0]/C (clocked by sys_clk_pin) and dut/COSSET[0].unite_lists/genblk1_0.dut/SS_00/idx_p_reg[4][7][0]_srl2/D (clocked by sys_clk_pin). Large setup violations at the end of those stages might be difficult to fix during the post-placement implementation flow and could be the result of non-optimal XDC constraints or non-optimal design architecture
Related violations: <none>

TIMING-16#370 Warning
Large setup violation  
There is a large setup violation of -1.208 ns between dut/COSSET[2].unite_lists/genblk1_0.dut/SS_00/m_p_reg[2][1][0]/C (clocked by sys_clk_pin) and dut/COSSET[2].unite_lists/genblk1_0.dut/SS_00/idx_p_reg[3][1][0]/D (clocked by sys_clk_pin). Large setup violations at the end of those stages might be difficult to fix during the post-placement implementation flow and could be the result of non-optimal XDC constraints or non-optimal design architecture
Related violations: <none>

TIMING-16#371 Warning
Large setup violation  
There is a large setup violation of -1.212 ns between dut/COSSET[3].unite_lists/genblk1_0.dut/metrics_r_reg[22]/C (clocked by sys_clk_pin) and dut/COSSET[3].unite_lists/genblk1_0.dut/SS_00/idx_p_reg[0][3][0]/D (clocked by sys_clk_pin). Large setup violations at the end of those stages might be difficult to fix during the post-placement implementation flow and could be the result of non-optimal XDC constraints or non-optimal design architecture
Related violations: <none>

TIMING-16#372 Warning
Large setup violation  
There is a large setup violation of -1.217 ns between dut/COSSET[3].unite_lists/genblk1_0.dut/SS_00/m_p_reg[2][7][2]/C (clocked by sys_clk_pin) and dut/COSSET[3].unite_lists/genblk1_0.dut/SS_00/m_p_reg[4][7][5]_srl2/D (clocked by sys_clk_pin). Large setup violations at the end of those stages might be difficult to fix during the post-placement implementation flow and could be the result of non-optimal XDC constraints or non-optimal design architecture
Related violations: <none>

TIMING-16#373 Warning
Large setup violation  
There is a large setup violation of -1.218 ns between dut/COSSET[0].unite_lists/genblk1_0.dut/SS_00/m_p_reg[2][3][0]/C (clocked by sys_clk_pin) and dut/COSSET[0].unite_lists/genblk1_0.dut/SS_00/m_p_reg[4][7][3]_srl2/D (clocked by sys_clk_pin). Large setup violations at the end of those stages might be difficult to fix during the post-placement implementation flow and could be the result of non-optimal XDC constraints or non-optimal design architecture
Related violations: <none>

TIMING-16#374 Warning
Large setup violation  
There is a large setup violation of -1.218 ns between dut/COSSET[3].unite_lists/genblk1_0.dut/metrics1_r_reg[31]/C (clocked by sys_clk_pin) and dut/COSSET[3].unite_lists/genblk1_0.dut/SS_00/idx_p_reg[0][7][0]/D (clocked by sys_clk_pin). Large setup violations at the end of those stages might be difficult to fix during the post-placement implementation flow and could be the result of non-optimal XDC constraints or non-optimal design architecture
Related violations: <none>

TIMING-16#375 Warning
Large setup violation  
There is a large setup violation of -1.219 ns between dut/COSSET[2].unite_lists/genblk1_0.dut/SS_00/m_p_reg[2][3][9]/C (clocked by sys_clk_pin) and dut/COSSET[2].unite_lists/genblk1_0.dut/SS_00/m_p_reg[4][7][2]_srl2_srlopt/D (clocked by sys_clk_pin). Large setup violations at the end of those stages might be difficult to fix during the post-placement implementation flow and could be the result of non-optimal XDC constraints or non-optimal design architecture
Related violations: <none>

TIMING-16#376 Warning
Large setup violation  
There is a large setup violation of -1.219 ns between dut/COSSET[2].unite_lists/genblk1_0.dut/SS_00/m_p_reg[4][1][10]/C (clocked by sys_clk_pin) and dut/COSSET[2].unite_lists/genblk1_0.dut/SS_00/idx_p_reg[5][2][2]/D (clocked by sys_clk_pin). Large setup violations at the end of those stages might be difficult to fix during the post-placement implementation flow and could be the result of non-optimal XDC constraints or non-optimal design architecture
Related violations: <none>

TIMING-16#377 Warning
Large setup violation  
There is a large setup violation of -1.220 ns between dut/COSSET[2].unite_lists/genblk1_0.dut/metrics1_r_reg[34]/C (clocked by sys_clk_pin) and dut/COSSET[2].unite_lists/genblk1_0.dut/SS_00/s0_d_reg[4][7]_srl5/D (clocked by sys_clk_pin). Large setup violations at the end of those stages might be difficult to fix during the post-placement implementation flow and could be the result of non-optimal XDC constraints or non-optimal design architecture
Related violations: <none>

TIMING-16#378 Warning
Large setup violation  
There is a large setup violation of -1.223 ns between dut/COSSET[2].unite_lists/genblk1_0.dut/SS_00/m_p_reg[2][1][0]/C (clocked by sys_clk_pin) and dut/COSSET[2].unite_lists/genblk1_0.dut/SS_00/m_p_reg[3][5][3]/D (clocked by sys_clk_pin). Large setup violations at the end of those stages might be difficult to fix during the post-placement implementation flow and could be the result of non-optimal XDC constraints or non-optimal design architecture
Related violations: <none>

TIMING-16#379 Warning
Large setup violation  
There is a large setup violation of -1.224 ns between dut/COSSET[0].unite_lists/genblk1_0.dut/SS_00/m_p_reg[3][3][8]/C (clocked by sys_clk_pin) and dut/COSSET[0].unite_lists/genblk1_0.dut/SS_00/idx_p_reg[4][5][0]/D (clocked by sys_clk_pin). Large setup violations at the end of those stages might be difficult to fix during the post-placement implementation flow and could be the result of non-optimal XDC constraints or non-optimal design architecture
Related violations: <none>

TIMING-16#380 Warning
Large setup violation  
There is a large setup violation of -1.225 ns between dut/COSSET[2].unite_lists/genblk1_0.dut/SS_00/m_p_reg[1][6][4]/C (clocked by sys_clk_pin) and dut/COSSET[2].unite_lists/genblk1_0.dut/SS_00/idx_p_reg[2][5][1]/D (clocked by sys_clk_pin). Large setup violations at the end of those stages might be difficult to fix during the post-placement implementation flow and could be the result of non-optimal XDC constraints or non-optimal design architecture
Related violations: <none>

TIMING-16#381 Warning
Large setup violation  
There is a large setup violation of -1.226 ns between dut/COSSET[0].unite_lists/genblk1_0.dut/SS_00/m_p_reg[3][3][8]/C (clocked by sys_clk_pin) and dut/COSSET[0].unite_lists/genblk1_0.dut/SS_00/idx_p_reg[4][3][0]/D (clocked by sys_clk_pin). Large setup violations at the end of those stages might be difficult to fix during the post-placement implementation flow and could be the result of non-optimal XDC constraints or non-optimal design architecture
Related violations: <none>

TIMING-16#382 Warning
Large setup violation  
There is a large setup violation of -1.226 ns between dut/COSSET[2].unite_lists/genblk1_0.dut/SS_00/m_p_reg[4][1][10]/C (clocked by sys_clk_pin) and dut/COSSET[2].unite_lists/genblk1_0.dut/SS_00/idx_p_reg[5][1][2]/D (clocked by sys_clk_pin). Large setup violations at the end of those stages might be difficult to fix during the post-placement implementation flow and could be the result of non-optimal XDC constraints or non-optimal design architecture
Related violations: <none>

TIMING-16#383 Warning
Large setup violation  
There is a large setup violation of -1.227 ns between dut/COSSET[1].unite_lists/genblk1_0.dut/SS_00/m_p_reg[2][7][3]/C (clocked by sys_clk_pin) and dut/COSSET[1].unite_lists/genblk1_0.dut/SS_00/m_p_reg[4][7][4]_srl2/D (clocked by sys_clk_pin). Large setup violations at the end of those stages might be difficult to fix during the post-placement implementation flow and could be the result of non-optimal XDC constraints or non-optimal design architecture
Related violations: <none>

TIMING-16#384 Warning
Large setup violation  
There is a large setup violation of -1.229 ns between dut/COSSET[2].unite_lists/genblk1_0.dut/SS_00/m_p_reg[2][4][3]/C (clocked by sys_clk_pin) and dut/COSSET[2].unite_lists/genblk1_0.dut/SS_00/m_p_reg[3][4][6]/D (clocked by sys_clk_pin). Large setup violations at the end of those stages might be difficult to fix during the post-placement implementation flow and could be the result of non-optimal XDC constraints or non-optimal design architecture
Related violations: <none>

TIMING-16#385 Warning
Large setup violation  
There is a large setup violation of -1.231 ns between dut/COSSET[1].unite_lists/genblk1_0.dut/SS_00/m_p_reg[4][4][7]/C (clocked by sys_clk_pin) and dut/COSSET[1].unite_lists/genblk1_0.dut/SS_00/m_p_reg[5][3][0]/D (clocked by sys_clk_pin). Large setup violations at the end of those stages might be difficult to fix during the post-placement implementation flow and could be the result of non-optimal XDC constraints or non-optimal design architecture
Related violations: <none>

TIMING-16#386 Warning
Large setup violation  
There is a large setup violation of -1.234 ns between dut/COSSET[2].unite_lists/genblk1_0.dut/metrics_r_reg[20]/C (clocked by sys_clk_pin) and dut/COSSET[2].unite_lists/genblk1_0.dut/SS_00/idx_p_reg[0][3][0]/D (clocked by sys_clk_pin). Large setup violations at the end of those stages might be difficult to fix during the post-placement implementation flow and could be the result of non-optimal XDC constraints or non-optimal design architecture
Related violations: <none>

TIMING-16#387 Warning
Large setup violation  
There is a large setup violation of -1.235 ns between dut/COSSET[0].unite_lists/genblk1_0.dut/SS_00/m_p_reg[4][6][2]/C (clocked by sys_clk_pin) and dut/COSSET[0].unite_lists/genblk1_0.dut/SS_00/idx_p_reg[5][6][1]/D (clocked by sys_clk_pin). Large setup violations at the end of those stages might be difficult to fix during the post-placement implementation flow and could be the result of non-optimal XDC constraints or non-optimal design architecture
Related violations: <none>

TIMING-16#388 Warning
Large setup violation  
There is a large setup violation of -1.237 ns between dut/COSSET[0].unite_lists/genblk1_0.dut/SS_00/m_p_reg[2][3][0]/C (clocked by sys_clk_pin) and dut/COSSET[0].unite_lists/genblk1_0.dut/SS_00/m_p_reg[4][7][8]_srl2/D (clocked by sys_clk_pin). Large setup violations at the end of those stages might be difficult to fix during the post-placement implementation flow and could be the result of non-optimal XDC constraints or non-optimal design architecture
Related violations: <none>

TIMING-16#389 Warning
Large setup violation  
There is a large setup violation of -1.242 ns between dut/COSSET[1].unite_lists/genblk1_0.dut/SS_00/m_p_reg[1][1][3]/C (clocked by sys_clk_pin) and dut/COSSET[1].unite_lists/genblk1_0.dut/SS_00/idx_p_reg[2][1][1]/D (clocked by sys_clk_pin). Large setup violations at the end of those stages might be difficult to fix during the post-placement implementation flow and could be the result of non-optimal XDC constraints or non-optimal design architecture
Related violations: <none>

TIMING-16#390 Warning
Large setup violation  
There is a large setup violation of -1.242 ns between dut/COSSET[4].unite_lists/genblk1_0.dut/SS_00/m_p_reg[2][1][3]/C (clocked by sys_clk_pin) and dut/COSSET[4].unite_lists/genblk1_0.dut/SS_00/idx_p_reg[3][5][1]/D (clocked by sys_clk_pin). Large setup violations at the end of those stages might be difficult to fix during the post-placement implementation flow and could be the result of non-optimal XDC constraints or non-optimal design architecture
Related violations: <none>

TIMING-16#391 Warning
Large setup violation  
There is a large setup violation of -1.243 ns between dut/COSSET[4].unite_lists/genblk1_0.dut/metrics_r_reg[33]/C (clocked by sys_clk_pin) and dut/COSSET[4].unite_lists/genblk1_0.dut/SS_00/idx_p_reg[0][5][0]/D (clocked by sys_clk_pin). Large setup violations at the end of those stages might be difficult to fix during the post-placement implementation flow and could be the result of non-optimal XDC constraints or non-optimal design architecture
Related violations: <none>

TIMING-16#392 Warning
Large setup violation  
There is a large setup violation of -1.244 ns between dut/COSSET[1].unite_lists/genblk1_0.dut/SS_00/m_p_reg[0][5][3]/C (clocked by sys_clk_pin) and dut/COSSET[1].unite_lists/genblk1_0.dut/SS_00/idx_p_reg[1][5][1]/D (clocked by sys_clk_pin). Large setup violations at the end of those stages might be difficult to fix during the post-placement implementation flow and could be the result of non-optimal XDC constraints or non-optimal design architecture
Related violations: <none>

TIMING-16#393 Warning
Large setup violation  
There is a large setup violation of -1.245 ns between dut/COSSET[0].unite_lists/genblk1_0.dut/SS_00/m_p_reg[4][6][2]/C (clocked by sys_clk_pin) and dut/COSSET[0].unite_lists/genblk1_0.dut/SS_00/idx_p_reg[5][5][1]/D (clocked by sys_clk_pin). Large setup violations at the end of those stages might be difficult to fix during the post-placement implementation flow and could be the result of non-optimal XDC constraints or non-optimal design architecture
Related violations: <none>

TIMING-16#394 Warning
Large setup violation  
There is a large setup violation of -1.245 ns between dut/COSSET[2].unite_lists/genblk1_0.dut/SS_00/m_p_reg[0][1][7]/C (clocked by sys_clk_pin) and dut/COSSET[2].unite_lists/genblk1_0.dut/SS_00/m_p_reg[1][3][5]/D (clocked by sys_clk_pin). Large setup violations at the end of those stages might be difficult to fix during the post-placement implementation flow and could be the result of non-optimal XDC constraints or non-optimal design architecture
Related violations: <none>

TIMING-16#395 Warning
Large setup violation  
There is a large setup violation of -1.245 ns between dut/COSSET[4].unite_lists/genblk1_0.dut/metrics1_r_reg[32]/C (clocked by sys_clk_pin) and dut/COSSET[4].unite_lists/genblk1_0.dut/SS_00/idx_p_reg[0][7][0]/D (clocked by sys_clk_pin). Large setup violations at the end of those stages might be difficult to fix during the post-placement implementation flow and could be the result of non-optimal XDC constraints or non-optimal design architecture
Related violations: <none>

TIMING-16#396 Warning
Large setup violation  
There is a large setup violation of -1.246 ns between dut/COSSET[4].unite_lists/genblk1_0.dut/SS_00/m_p_reg[2][1][3]/C (clocked by sys_clk_pin) and dut/COSSET[4].unite_lists/genblk1_0.dut/SS_00/idx_p_reg[3][1][0]/D (clocked by sys_clk_pin). Large setup violations at the end of those stages might be difficult to fix during the post-placement implementation flow and could be the result of non-optimal XDC constraints or non-optimal design architecture
Related violations: <none>

TIMING-16#397 Warning
Large setup violation  
There is a large setup violation of -1.247 ns between dut/COSSET[0].unite_lists/genblk1_0.dut/SS_00/m_p_reg[4][6][2]/C (clocked by sys_clk_pin) and dut/COSSET[0].unite_lists/genblk1_0.dut/SS_00/idx_p_reg[5][6][0]/D (clocked by sys_clk_pin). Large setup violations at the end of those stages might be difficult to fix during the post-placement implementation flow and could be the result of non-optimal XDC constraints or non-optimal design architecture
Related violations: <none>

TIMING-16#398 Warning
Large setup violation  
There is a large setup violation of -1.248 ns between dut/COSSET[1].unite_lists/genblk1_0.dut/SS_00/m_p_reg[1][1][3]/C (clocked by sys_clk_pin) and dut/COSSET[1].unite_lists/genblk1_0.dut/SS_00/idx_p_reg[2][2][1]/D (clocked by sys_clk_pin). Large setup violations at the end of those stages might be difficult to fix during the post-placement implementation flow and could be the result of non-optimal XDC constraints or non-optimal design architecture
Related violations: <none>

TIMING-16#399 Warning
Large setup violation  
There is a large setup violation of -1.248 ns between dut/COSSET[4].unite_lists/genblk1_0.dut/SS_00/m_p_reg[2][1][3]/C (clocked by sys_clk_pin) and dut/COSSET[4].unite_lists/genblk1_0.dut/SS_00/idx_p_reg[3][1][1]/D (clocked by sys_clk_pin). Large setup violations at the end of those stages might be difficult to fix during the post-placement implementation flow and could be the result of non-optimal XDC constraints or non-optimal design architecture
Related violations: <none>

TIMING-16#400 Warning
Large setup violation  
There is a large setup violation of -1.250 ns between dut/COSSET[0].unite_lists/genblk1_0.dut/metrics_r_reg[31]/C (clocked by sys_clk_pin) and dut/COSSET[0].unite_lists/genblk1_0.dut/SS_00/idx_p_reg[0][1][0]/D (clocked by sys_clk_pin). Large setup violations at the end of those stages might be difficult to fix during the post-placement implementation flow and could be the result of non-optimal XDC constraints or non-optimal design architecture
Related violations: <none>

TIMING-16#401 Warning
Large setup violation  
There is a large setup violation of -1.250 ns between dut/COSSET[2].unite_lists/genblk1_0.dut/SS_00/m_p_reg[1][1][7]/C (clocked by sys_clk_pin) and dut/COSSET[2].unite_lists/genblk1_0.dut/SS_00/idx_p_reg[2][1][1]/D (clocked by sys_clk_pin). Large setup violations at the end of those stages might be difficult to fix during the post-placement implementation flow and could be the result of non-optimal XDC constraints or non-optimal design architecture
Related violations: <none>

TIMING-16#402 Warning
Large setup violation  
There is a large setup violation of -1.251 ns between dut/COSSET[3].unite_lists/genblk1_0.dut/SS_00/m_p_reg[1][1][0]/C (clocked by sys_clk_pin) and dut/COSSET[3].unite_lists/genblk1_0.dut/SS_00/idx_p_reg[2][1][0]/D (clocked by sys_clk_pin). Large setup violations at the end of those stages might be difficult to fix during the post-placement implementation flow and could be the result of non-optimal XDC constraints or non-optimal design architecture
Related violations: <none>

TIMING-16#403 Warning
Large setup violation  
There is a large setup violation of -1.252 ns between dut/COSSET[3].unite_lists/genblk1_0.dut/SS_00/m_p_reg[1][1][0]/C (clocked by sys_clk_pin) and dut/COSSET[3].unite_lists/genblk1_0.dut/SS_00/idx_p_reg[2][2][0]/D (clocked by sys_clk_pin). Large setup violations at the end of those stages might be difficult to fix during the post-placement implementation flow and could be the result of non-optimal XDC constraints or non-optimal design architecture
Related violations: <none>

TIMING-16#404 Warning
Large setup violation  
There is a large setup violation of -1.252 ns between dut/COSSET[3].unite_lists/genblk1_0.dut/SS_00/m_p_reg[2][7][2]/C (clocked by sys_clk_pin) and dut/COSSET[3].unite_lists/genblk1_0.dut/SS_00/m_p_reg[4][7][4]_srl2/D (clocked by sys_clk_pin). Large setup violations at the end of those stages might be difficult to fix during the post-placement implementation flow and could be the result of non-optimal XDC constraints or non-optimal design architecture
Related violations: <none>

TIMING-16#405 Warning
Large setup violation  
There is a large setup violation of -1.253 ns between dut/COSSET[1].unite_lists/genblk1_0.dut/SS_00/m_p_reg[4][4][7]/C (clocked by sys_clk_pin) and dut/COSSET[1].unite_lists/genblk1_0.dut/SS_00/idx_p_reg[5][3][0]/D (clocked by sys_clk_pin). Large setup violations at the end of those stages might be difficult to fix during the post-placement implementation flow and could be the result of non-optimal XDC constraints or non-optimal design architecture
Related violations: <none>

TIMING-16#406 Warning
Large setup violation  
There is a large setup violation of -1.253 ns between dut/COSSET[1].unite_lists/genblk1_0.dut/SS_00/m_p_reg[4][4][7]/C (clocked by sys_clk_pin) and dut/COSSET[1].unite_lists/genblk1_0.dut/SS_00/idx_p_reg[5][4][0]/D (clocked by sys_clk_pin). Large setup violations at the end of those stages might be difficult to fix during the post-placement implementation flow and could be the result of non-optimal XDC constraints or non-optimal design architecture
Related violations: <none>

TIMING-16#407 Warning
Large setup violation  
There is a large setup violation of -1.254 ns between dut/COSSET[2].unite_lists/genblk1_0.dut/SS_00/m_p_reg[2][1][0]/C (clocked by sys_clk_pin) and dut/COSSET[2].unite_lists/genblk1_0.dut/SS_00/m_p_reg[3][1][0]/D (clocked by sys_clk_pin). Large setup violations at the end of those stages might be difficult to fix during the post-placement implementation flow and could be the result of non-optimal XDC constraints or non-optimal design architecture
Related violations: <none>

TIMING-16#408 Warning
Large setup violation  
There is a large setup violation of -1.254 ns between dut/COSSET[2].unite_lists/genblk1_0.dut/SS_00/m_p_reg[2][1][0]/C (clocked by sys_clk_pin) and dut/COSSET[2].unite_lists/genblk1_0.dut/SS_00/m_p_reg[3][1][9]/D (clocked by sys_clk_pin). Large setup violations at the end of those stages might be difficult to fix during the post-placement implementation flow and could be the result of non-optimal XDC constraints or non-optimal design architecture
Related violations: <none>

TIMING-16#409 Warning
Large setup violation  
There is a large setup violation of -1.254 ns between dut/COSSET[2].unite_lists/genblk1_0.dut/SS_00/m_p_reg[4][5][1]/C (clocked by sys_clk_pin) and dut/COSSET[2].unite_lists/genblk1_0.dut/SS_00/m_p_reg[5][5][6]/D (clocked by sys_clk_pin). Large setup violations at the end of those stages might be difficult to fix during the post-placement implementation flow and could be the result of non-optimal XDC constraints or non-optimal design architecture
Related violations: <none>

TIMING-16#410 Warning
Large setup violation  
There is a large setup violation of -1.255 ns between dut/COSSET[0].unite_lists/genblk1_0.dut/SS_00/m_p_reg[4][2][0]/C (clocked by sys_clk_pin) and dut/COSSET[0].unite_lists/genblk1_0.dut/SS_00/idx_p_reg[5][2][1]/D (clocked by sys_clk_pin). Large setup violations at the end of those stages might be difficult to fix during the post-placement implementation flow and could be the result of non-optimal XDC constraints or non-optimal design architecture
Related violations: <none>

TIMING-16#411 Warning
Large setup violation  
There is a large setup violation of -1.256 ns between dut/COSSET[2].unite_lists/genblk1_0.dut/SS_00/m_p_reg[2][3][9]/C (clocked by sys_clk_pin) and dut/COSSET[2].unite_lists/genblk1_0.dut/SS_00/idx_p_reg[4][7][2]_srl2/D (clocked by sys_clk_pin). Large setup violations at the end of those stages might be difficult to fix during the post-placement implementation flow and could be the result of non-optimal XDC constraints or non-optimal design architecture
Related violations: <none>

TIMING-16#412 Warning
Large setup violation  
There is a large setup violation of -1.256 ns between dut/COSSET[2].unite_lists/genblk1_0.dut/SS_00/m_p_reg[2][4][3]/C (clocked by sys_clk_pin) and dut/COSSET[2].unite_lists/genblk1_0.dut/SS_00/m_p_reg[3][4][4]/D (clocked by sys_clk_pin). Large setup violations at the end of those stages might be difficult to fix during the post-placement implementation flow and could be the result of non-optimal XDC constraints or non-optimal design architecture
Related violations: <none>

TIMING-16#413 Warning
Large setup violation  
There is a large setup violation of -1.259 ns between dut/COSSET[0].unite_lists/genblk1_0.dut/SS_00/m_p_reg[4][6][2]/C (clocked by sys_clk_pin) and dut/COSSET[0].unite_lists/genblk1_0.dut/SS_00/idx_p_reg[5][5][0]/D (clocked by sys_clk_pin). Large setup violations at the end of those stages might be difficult to fix during the post-placement implementation flow and could be the result of non-optimal XDC constraints or non-optimal design architecture
Related violations: <none>

TIMING-16#414 Warning
Large setup violation  
There is a large setup violation of -1.259 ns between dut/COSSET[3].unite_lists/genblk1_0.dut/SS_00/m_p_reg[2][7][2]/C (clocked by sys_clk_pin) and dut/COSSET[3].unite_lists/genblk1_0.dut/SS_00/idx_p_reg[4][7][1]_srl2/D (clocked by sys_clk_pin). Large setup violations at the end of those stages might be difficult to fix during the post-placement implementation flow and could be the result of non-optimal XDC constraints or non-optimal design architecture
Related violations: <none>

TIMING-16#415 Warning
Large setup violation  
There is a large setup violation of -1.260 ns between dut/COSSET[2].unite_lists/genblk1_0.dut/metrics_r_reg[32]/C (clocked by sys_clk_pin) and dut/COSSET[2].unite_lists/genblk1_0.dut/SS_00/idx_p_reg[0][1][0]/D (clocked by sys_clk_pin). Large setup violations at the end of those stages might be difficult to fix during the post-placement implementation flow and could be the result of non-optimal XDC constraints or non-optimal design architecture
Related violations: <none>

TIMING-16#416 Warning
Large setup violation  
There is a large setup violation of -1.261 ns between dut/COSSET[2].unite_lists/genblk1_0.dut/SS_00/m_p_reg[2][2][0]/C (clocked by sys_clk_pin) and dut/COSSET[2].unite_lists/genblk1_0.dut/SS_00/idx_p_reg[3][2][2]/D (clocked by sys_clk_pin). Large setup violations at the end of those stages might be difficult to fix during the post-placement implementation flow and could be the result of non-optimal XDC constraints or non-optimal design architecture
Related violations: <none>

TIMING-16#417 Warning
Large setup violation  
There is a large setup violation of -1.261 ns between dut/COSSET[2].unite_lists/genblk1_0.dut/SS_00/m_p_reg[4][1][10]/C (clocked by sys_clk_pin) and dut/COSSET[2].unite_lists/genblk1_0.dut/SS_00/idx_p_reg[5][2][1]/D (clocked by sys_clk_pin). Large setup violations at the end of those stages might be difficult to fix during the post-placement implementation flow and could be the result of non-optimal XDC constraints or non-optimal design architecture
Related violations: <none>

TIMING-16#418 Warning
Large setup violation  
There is a large setup violation of -1.261 ns between dut/COSSET[3].unite_lists/genblk1_0.dut/SS_00/m_p_reg[2][7][2]/C (clocked by sys_clk_pin) and dut/COSSET[3].unite_lists/genblk1_0.dut/SS_00/m_p_reg[4][7][1]_srl2/D (clocked by sys_clk_pin). Large setup violations at the end of those stages might be difficult to fix during the post-placement implementation flow and could be the result of non-optimal XDC constraints or non-optimal design architecture
Related violations: <none>

TIMING-16#419 Warning
Large setup violation  
There is a large setup violation of -1.264 ns between dut/COSSET[0].unite_lists/genblk1_0.dut/metrics_r_reg[31]/C (clocked by sys_clk_pin) and dut/COSSET[0].unite_lists/genblk1_0.dut/SS_00/idx_p_reg[0][5][0]/D (clocked by sys_clk_pin). Large setup violations at the end of those stages might be difficult to fix during the post-placement implementation flow and could be the result of non-optimal XDC constraints or non-optimal design architecture
Related violations: <none>

TIMING-16#420 Warning
Large setup violation  
There is a large setup violation of -1.264 ns between dut/COSSET[2].unite_lists/genblk1_0.dut/SS_00/m_p_reg[0][7][4]/C (clocked by sys_clk_pin) and dut/COSSET[2].unite_lists/genblk1_0.dut/SS_00/idx_p_reg[1][5][1]/D (clocked by sys_clk_pin). Large setup violations at the end of those stages might be difficult to fix during the post-placement implementation flow and could be the result of non-optimal XDC constraints or non-optimal design architecture
Related violations: <none>

TIMING-16#421 Warning
Large setup violation  
There is a large setup violation of -1.266 ns between dut/COSSET[0].unite_lists/genblk1_0.dut/SS_00/m_p_reg[4][2][0]/C (clocked by sys_clk_pin) and dut/COSSET[0].unite_lists/genblk1_0.dut/SS_00/idx_p_reg[5][1][1]/D (clocked by sys_clk_pin). Large setup violations at the end of those stages might be difficult to fix during the post-placement implementation flow and could be the result of non-optimal XDC constraints or non-optimal design architecture
Related violations: <none>

TIMING-16#422 Warning
Large setup violation  
There is a large setup violation of -1.266 ns between dut/COSSET[2].unite_lists/genblk1_0.dut/SS_00/m_p_reg[2][2][0]/C (clocked by sys_clk_pin) and dut/COSSET[2].unite_lists/genblk1_0.dut/SS_00/idx_p_reg[3][6][1]/D (clocked by sys_clk_pin). Large setup violations at the end of those stages might be difficult to fix during the post-placement implementation flow and could be the result of non-optimal XDC constraints or non-optimal design architecture
Related violations: <none>

TIMING-16#423 Warning
Large setup violation  
There is a large setup violation of -1.267 ns between dut/COSSET[2].unite_lists/genblk1_0.dut/SS_00/m_p_reg[2][2][0]/C (clocked by sys_clk_pin) and dut/COSSET[2].unite_lists/genblk1_0.dut/SS_00/idx_p_reg[3][2][1]/D (clocked by sys_clk_pin). Large setup violations at the end of those stages might be difficult to fix during the post-placement implementation flow and could be the result of non-optimal XDC constraints or non-optimal design architecture
Related violations: <none>

TIMING-16#424 Warning
Large setup violation  
There is a large setup violation of -1.268 ns between dut/COSSET[2].unite_lists/genblk1_0.dut/SS_00/m_p_reg[4][1][10]/C (clocked by sys_clk_pin) and dut/COSSET[2].unite_lists/genblk1_0.dut/SS_00/idx_p_reg[5][1][1]/D (clocked by sys_clk_pin). Large setup violations at the end of those stages might be difficult to fix during the post-placement implementation flow and could be the result of non-optimal XDC constraints or non-optimal design architecture
Related violations: <none>

TIMING-16#425 Warning
Large setup violation  
There is a large setup violation of -1.269 ns between dut/COSSET[2].unite_lists/genblk1_0.dut/SS_00/m_p_reg[2][4][3]/C (clocked by sys_clk_pin) and dut/COSSET[2].unite_lists/genblk1_0.dut/SS_00/m_p_reg[3][4][10]/D (clocked by sys_clk_pin). Large setup violations at the end of those stages might be difficult to fix during the post-placement implementation flow and could be the result of non-optimal XDC constraints or non-optimal design architecture
Related violations: <none>

TIMING-16#426 Warning
Large setup violation  
There is a large setup violation of -1.269 ns between dut/COSSET[3].unite_lists/genblk1_0.dut/metrics1_r_reg[33]/C (clocked by sys_clk_pin) and dut/COSSET[3].unite_lists/genblk1_0.dut/SS_00/idx_p_reg[0][1][0]/D (clocked by sys_clk_pin). Large setup violations at the end of those stages might be difficult to fix during the post-placement implementation flow and could be the result of non-optimal XDC constraints or non-optimal design architecture
Related violations: <none>

TIMING-16#427 Warning
Large setup violation  
There is a large setup violation of -1.270 ns between dut/COSSET[2].unite_lists/genblk1_0.dut/metrics_r_reg[32]/C (clocked by sys_clk_pin) and dut/COSSET[2].unite_lists/genblk1_0.dut/SS_00/s0_d_reg[4][8]_srl5/D (clocked by sys_clk_pin). Large setup violations at the end of those stages might be difficult to fix during the post-placement implementation flow and could be the result of non-optimal XDC constraints or non-optimal design architecture
Related violations: <none>

TIMING-16#428 Warning
Large setup violation  
There is a large setup violation of -1.273 ns between dut/COSSET[4].unite_lists/genblk1_0.dut/metrics_r_reg[20]/C (clocked by sys_clk_pin) and dut/COSSET[4].unite_lists/genblk1_0.dut/SS_00/idx_p_reg[0][3][0]/D (clocked by sys_clk_pin). Large setup violations at the end of those stages might be difficult to fix during the post-placement implementation flow and could be the result of non-optimal XDC constraints or non-optimal design architecture
Related violations: <none>

TIMING-16#429 Warning
Large setup violation  
There is a large setup violation of -1.275 ns between dut/COSSET[2].unite_lists/genblk1_0.dut/SS_00/m_p_reg[4][3][2]/C (clocked by sys_clk_pin) and dut/COSSET[2].unite_lists/genblk1_0.dut/SS_00/m_p_reg[5][4][9]/D (clocked by sys_clk_pin). Large setup violations at the end of those stages might be difficult to fix during the post-placement implementation flow and could be the result of non-optimal XDC constraints or non-optimal design architecture
Related violations: <none>

TIMING-16#430 Warning
Large setup violation  
There is a large setup violation of -1.276 ns between dut/COSSET[2].unite_lists/genblk1_0.dut/SS_00/m_p_reg[4][3][2]/C (clocked by sys_clk_pin) and dut/COSSET[2].unite_lists/genblk1_0.dut/SS_00/m_p_reg[5][3][10]/D (clocked by sys_clk_pin). Large setup violations at the end of those stages might be difficult to fix during the post-placement implementation flow and could be the result of non-optimal XDC constraints or non-optimal design architecture
Related violations: <none>

TIMING-16#431 Warning
Large setup violation  
There is a large setup violation of -1.276 ns between dut/COSSET[3].unite_lists/genblk1_0.dut/SS_00/m_p_reg[3][5][0]/C (clocked by sys_clk_pin) and dut/COSSET[3].unite_lists/genblk1_0.dut/SS_00/idx_p_reg[4][5][1]/D (clocked by sys_clk_pin). Large setup violations at the end of those stages might be difficult to fix during the post-placement implementation flow and could be the result of non-optimal XDC constraints or non-optimal design architecture
Related violations: <none>

TIMING-16#432 Warning
Large setup violation  
There is a large setup violation of -1.277 ns between dut/COSSET[1].unite_lists/genblk1_0.dut/metrics1_r_reg[30]/C (clocked by sys_clk_pin) and dut/COSSET[1].unite_lists/genblk1_0.dut/SS_00/idx_p_reg[0][7][0]/D (clocked by sys_clk_pin). Large setup violations at the end of those stages might be difficult to fix during the post-placement implementation flow and could be the result of non-optimal XDC constraints or non-optimal design architecture
Related violations: <none>

TIMING-16#433 Warning
Large setup violation  
There is a large setup violation of -1.278 ns between dut/COSSET[2].unite_lists/genblk1_0.dut/metrics_r_reg[32]/C (clocked by sys_clk_pin) and dut/COSSET[2].unite_lists/genblk1_0.dut/SS_00/s0_d_reg[4][10]_srl5/D (clocked by sys_clk_pin). Large setup violations at the end of those stages might be difficult to fix during the post-placement implementation flow and could be the result of non-optimal XDC constraints or non-optimal design architecture
Related violations: <none>

TIMING-16#434 Warning
Large setup violation  
There is a large setup violation of -1.280 ns between dut/COSSET[2].unite_lists/genblk1_0.dut/SS_00/m_p_reg[2][6][5]/C (clocked by sys_clk_pin) and dut/COSSET[2].unite_lists/genblk1_0.dut/SS_00/m_p_reg[3][6][5]/D (clocked by sys_clk_pin). Large setup violations at the end of those stages might be difficult to fix during the post-placement implementation flow and could be the result of non-optimal XDC constraints or non-optimal design architecture
Related violations: <none>

TIMING-16#435 Warning
Large setup violation  
There is a large setup violation of -1.280 ns between dut/COSSET[3].unite_lists/genblk1_0.dut/SS_00/m_p_reg[3][5][0]/C (clocked by sys_clk_pin) and dut/COSSET[3].unite_lists/genblk1_0.dut/SS_00/idx_p_reg[4][3][1]/D (clocked by sys_clk_pin). Large setup violations at the end of those stages might be difficult to fix during the post-placement implementation flow and could be the result of non-optimal XDC constraints or non-optimal design architecture
Related violations: <none>

TIMING-16#436 Warning
Large setup violation  
There is a large setup violation of -1.281 ns between dut/COSSET[4].unite_lists/genblk1_0.dut/metrics1_r_reg[30]/C (clocked by sys_clk_pin) and dut/COSSET[4].unite_lists/genblk1_0.dut/SS_00/idx_p_reg[0][1][0]/D (clocked by sys_clk_pin). Large setup violations at the end of those stages might be difficult to fix during the post-placement implementation flow and could be the result of non-optimal XDC constraints or non-optimal design architecture
Related violations: <none>

TIMING-16#437 Warning
Large setup violation  
There is a large setup violation of -1.282 ns between dut/COSSET[2].unite_lists/genblk1_0.dut/SS_00/m_p_reg[3][5][4]/C (clocked by sys_clk_pin) and dut/COSSET[2].unite_lists/genblk1_0.dut/SS_00/m_p_reg[4][5][1]/D (clocked by sys_clk_pin). Large setup violations at the end of those stages might be difficult to fix during the post-placement implementation flow and could be the result of non-optimal XDC constraints or non-optimal design architecture
Related violations: <none>

TIMING-16#438 Warning
Large setup violation  
There is a large setup violation of -1.284 ns between dut/COSSET[2].unite_lists/genblk1_0.dut/SS_00/m_p_reg[2][1][0]/C (clocked by sys_clk_pin) and dut/COSSET[2].unite_lists/genblk1_0.dut/SS_00/m_p_reg[3][1][10]/D (clocked by sys_clk_pin). Large setup violations at the end of those stages might be difficult to fix during the post-placement implementation flow and could be the result of non-optimal XDC constraints or non-optimal design architecture
Related violations: <none>

TIMING-16#439 Warning
Large setup violation  
There is a large setup violation of -1.292 ns between dut/COSSET[4].unite_lists/genblk1_0.dut/SS_00/m_p_reg[2][7][5]/C (clocked by sys_clk_pin) and dut/COSSET[4].unite_lists/genblk1_0.dut/SS_00/m_p_reg[4][7][3]_srl2/D (clocked by sys_clk_pin). Large setup violations at the end of those stages might be difficult to fix during the post-placement implementation flow and could be the result of non-optimal XDC constraints or non-optimal design architecture
Related violations: <none>

TIMING-16#440 Warning
Large setup violation  
There is a large setup violation of -1.294 ns between dut/COSSET[4].unite_lists/genblk1_0.dut/SS_00/m_p_reg[2][7][5]/C (clocked by sys_clk_pin) and dut/COSSET[4].unite_lists/genblk1_0.dut/SS_00/m_p_reg[4][7][4]_srl2/D (clocked by sys_clk_pin). Large setup violations at the end of those stages might be difficult to fix during the post-placement implementation flow and could be the result of non-optimal XDC constraints or non-optimal design architecture
Related violations: <none>

TIMING-16#441 Warning
Large setup violation  
There is a large setup violation of -1.298 ns between dut/COSSET[0].unite_lists/genblk1_0.dut/SS_00/m_p_reg[4][2][0]/C (clocked by sys_clk_pin) and dut/COSSET[0].unite_lists/genblk1_0.dut/SS_00/m_p_reg[5][2][7]/D (clocked by sys_clk_pin). Large setup violations at the end of those stages might be difficult to fix during the post-placement implementation flow and could be the result of non-optimal XDC constraints or non-optimal design architecture
Related violations: <none>

TIMING-16#442 Warning
Large setup violation  
There is a large setup violation of -1.299 ns between dut/COSSET[0].unite_lists/genblk1_0.dut/SS_00/m_p_reg[4][2][0]/C (clocked by sys_clk_pin) and dut/COSSET[0].unite_lists/genblk1_0.dut/SS_00/m_p_reg[5][2][3]/D (clocked by sys_clk_pin). Large setup violations at the end of those stages might be difficult to fix during the post-placement implementation flow and could be the result of non-optimal XDC constraints or non-optimal design architecture
Related violations: <none>

TIMING-16#443 Warning
Large setup violation  
There is a large setup violation of -1.305 ns between dut/COSSET[2].unite_lists/genblk1_0.dut/SS_00/m_p_reg[4][3][2]/C (clocked by sys_clk_pin) and dut/COSSET[2].unite_lists/genblk1_0.dut/SS_00/idx_p_reg[5][4][0]/D (clocked by sys_clk_pin). Large setup violations at the end of those stages might be difficult to fix during the post-placement implementation flow and could be the result of non-optimal XDC constraints or non-optimal design architecture
Related violations: <none>

TIMING-16#444 Warning
Large setup violation  
There is a large setup violation of -1.305 ns between dut/COSSET[3].unite_lists/genblk1_0.dut/SS_00/m_p_reg[2][7][2]/C (clocked by sys_clk_pin) and dut/COSSET[3].unite_lists/genblk1_0.dut/SS_00/idx_p_reg[4][7][0]_srl2/D (clocked by sys_clk_pin). Large setup violations at the end of those stages might be difficult to fix during the post-placement implementation flow and could be the result of non-optimal XDC constraints or non-optimal design architecture
Related violations: <none>

TIMING-16#445 Warning
Large setup violation  
There is a large setup violation of -1.307 ns between dut/COSSET[1].unite_lists/genblk1_0.dut/metrics_r_reg[20]/C (clocked by sys_clk_pin) and dut/COSSET[1].unite_lists/genblk1_0.dut/SS_00/idx_p_reg[0][3][0]/D (clocked by sys_clk_pin). Large setup violations at the end of those stages might be difficult to fix during the post-placement implementation flow and could be the result of non-optimal XDC constraints or non-optimal design architecture
Related violations: <none>

TIMING-16#446 Warning
Large setup violation  
There is a large setup violation of -1.307 ns between dut/COSSET[2].unite_lists/genblk1_0.dut/SS_00/m_p_reg[1][6][4]/C (clocked by sys_clk_pin) and dut/COSSET[2].unite_lists/genblk1_0.dut/SS_00/idx_p_reg[2][6][0]/D (clocked by sys_clk_pin). Large setup violations at the end of those stages might be difficult to fix during the post-placement implementation flow and could be the result of non-optimal XDC constraints or non-optimal design architecture
Related violations: <none>

TIMING-16#447 Warning
Large setup violation  
There is a large setup violation of -1.310 ns between dut/COSSET[2].unite_lists/genblk1_0.dut/SS_00/m_p_reg[1][6][4]/C (clocked by sys_clk_pin) and dut/COSSET[2].unite_lists/genblk1_0.dut/SS_00/idx_p_reg[2][5][0]/D (clocked by sys_clk_pin). Large setup violations at the end of those stages might be difficult to fix during the post-placement implementation flow and could be the result of non-optimal XDC constraints or non-optimal design architecture
Related violations: <none>

TIMING-16#448 Warning
Large setup violation  
There is a large setup violation of -1.310 ns between dut/COSSET[4].unite_lists/genblk1_0.dut/SS_00/m_p_reg[2][7][5]/C (clocked by sys_clk_pin) and dut/COSSET[4].unite_lists/genblk1_0.dut/SS_00/idx_p_reg[4][7][0]_srl2/D (clocked by sys_clk_pin). Large setup violations at the end of those stages might be difficult to fix during the post-placement implementation flow and could be the result of non-optimal XDC constraints or non-optimal design architecture
Related violations: <none>

TIMING-16#449 Warning
Large setup violation  
There is a large setup violation of -1.312 ns between dut/COSSET[2].unite_lists/genblk1_0.dut/SS_00/m_p_reg[4][3][2]/C (clocked by sys_clk_pin) and dut/COSSET[2].unite_lists/genblk1_0.dut/SS_00/idx_p_reg[5][3][0]/D (clocked by sys_clk_pin). Large setup violations at the end of those stages might be difficult to fix during the post-placement implementation flow and could be the result of non-optimal XDC constraints or non-optimal design architecture
Related violations: <none>

TIMING-16#450 Warning
Large setup violation  
There is a large setup violation of -1.315 ns between dut/COSSET[3].unite_lists/genblk1_0.dut/SS_00/m_p_reg[2][7][2]/C (clocked by sys_clk_pin) and dut/COSSET[3].unite_lists/genblk1_0.dut/SS_00/m_p_reg[4][7][2]_srl2/D (clocked by sys_clk_pin). Large setup violations at the end of those stages might be difficult to fix during the post-placement implementation flow and could be the result of non-optimal XDC constraints or non-optimal design architecture
Related violations: <none>

TIMING-16#451 Warning
Large setup violation  
There is a large setup violation of -1.315 ns between dut/COSSET[3].unite_lists/genblk1_0.dut/metrics_r_reg[30]/C (clocked by sys_clk_pin) and dut/COSSET[3].unite_lists/genblk1_0.dut/SS_00/s0_d_reg[4][1]_srl5/D (clocked by sys_clk_pin). Large setup violations at the end of those stages might be difficult to fix during the post-placement implementation flow and could be the result of non-optimal XDC constraints or non-optimal design architecture
Related violations: <none>

TIMING-16#452 Warning
Large setup violation  
There is a large setup violation of -1.320 ns between dut/COSSET[2].unite_lists/genblk1_0.dut/SS_00/m_p_reg[4][3][2]/C (clocked by sys_clk_pin) and dut/COSSET[2].unite_lists/genblk1_0.dut/SS_00/m_p_reg[5][4][0]/D (clocked by sys_clk_pin). Large setup violations at the end of those stages might be difficult to fix during the post-placement implementation flow and could be the result of non-optimal XDC constraints or non-optimal design architecture
Related violations: <none>

TIMING-16#453 Warning
Large setup violation  
There is a large setup violation of -1.322 ns between dut/COSSET[2].unite_lists/genblk1_0.dut/SS_00/m_p_reg[4][3][2]/C (clocked by sys_clk_pin) and dut/COSSET[2].unite_lists/genblk1_0.dut/SS_00/m_p_reg[5][4][5]/D (clocked by sys_clk_pin). Large setup violations at the end of those stages might be difficult to fix during the post-placement implementation flow and could be the result of non-optimal XDC constraints or non-optimal design architecture
Related violations: <none>

TIMING-16#454 Warning
Large setup violation  
There is a large setup violation of -1.323 ns between dut/COSSET[1].unite_lists/genblk1_0.dut/SS_00/m_p_reg[2][7][3]/C (clocked by sys_clk_pin) and dut/COSSET[1].unite_lists/genblk1_0.dut/SS_00/m_p_reg[4][7][3]_srl2/D (clocked by sys_clk_pin). Large setup violations at the end of those stages might be difficult to fix during the post-placement implementation flow and could be the result of non-optimal XDC constraints or non-optimal design architecture
Related violations: <none>

TIMING-16#455 Warning
Large setup violation  
There is a large setup violation of -1.325 ns between dut/COSSET[2].unite_lists/genblk1_0.dut/SS_00/m_p_reg[0][1][1]/C (clocked by sys_clk_pin) and dut/COSSET[2].unite_lists/genblk1_0.dut/SS_00/idx_p_reg[1][1][0]/D (clocked by sys_clk_pin). Large setup violations at the end of those stages might be difficult to fix during the post-placement implementation flow and could be the result of non-optimal XDC constraints or non-optimal design architecture
Related violations: <none>

TIMING-16#456 Warning
Large setup violation  
There is a large setup violation of -1.326 ns between dut/COSSET[2].unite_lists/genblk1_0.dut/SS_00/m_p_reg[0][1][1]/C (clocked by sys_clk_pin) and dut/COSSET[2].unite_lists/genblk1_0.dut/SS_00/idx_p_reg[1][3][0]/D (clocked by sys_clk_pin). Large setup violations at the end of those stages might be difficult to fix during the post-placement implementation flow and could be the result of non-optimal XDC constraints or non-optimal design architecture
Related violations: <none>

TIMING-16#457 Warning
Large setup violation  
There is a large setup violation of -1.326 ns between dut/COSSET[2].unite_lists/genblk1_0.dut/SS_00/m_p_reg[4][3][2]/C (clocked by sys_clk_pin) and dut/COSSET[2].unite_lists/genblk1_0.dut/SS_00/m_p_reg[5][3][3]/D (clocked by sys_clk_pin). Large setup violations at the end of those stages might be difficult to fix during the post-placement implementation flow and could be the result of non-optimal XDC constraints or non-optimal design architecture
Related violations: <none>

TIMING-16#458 Warning
Large setup violation  
There is a large setup violation of -1.328 ns between dut/COSSET[1].unite_lists/genblk1_0.dut/SS_00/m_p_reg[2][7][3]/C (clocked by sys_clk_pin) and dut/COSSET[1].unite_lists/genblk1_0.dut/SS_00/idx_p_reg[4][7][2]_srl2/D (clocked by sys_clk_pin). Large setup violations at the end of those stages might be difficult to fix during the post-placement implementation flow and could be the result of non-optimal XDC constraints or non-optimal design architecture
Related violations: <none>

TIMING-16#459 Warning
Large setup violation  
There is a large setup violation of -1.329 ns between dut/COSSET[2].unite_lists/genblk1_0.dut/SS_00/m_p_reg[2][1][0]/C (clocked by sys_clk_pin) and dut/COSSET[2].unite_lists/genblk1_0.dut/SS_00/m_p_reg[3][5][5]/D (clocked by sys_clk_pin). Large setup violations at the end of those stages might be difficult to fix during the post-placement implementation flow and could be the result of non-optimal XDC constraints or non-optimal design architecture
Related violations: <none>

TIMING-16#460 Warning
Large setup violation  
There is a large setup violation of -1.330 ns between dut/COSSET[2].unite_lists/genblk1_0.dut/FDRE/C (clocked by sys_clk_pin) and dut/COSSET[2].unite_lists/genblk1_0.dut/valid_d_reg[5]_srl7_srlopt_replica_1/D (clocked by sys_clk_pin). Large setup violations at the end of those stages might be difficult to fix during the post-placement implementation flow and could be the result of non-optimal XDC constraints or non-optimal design architecture
Related violations: <none>

TIMING-16#461 Warning
Large setup violation  
There is a large setup violation of -1.335 ns between dut/COSSET[1].unite_lists/genblk1_0.dut/metrics_r_reg[30]/C (clocked by sys_clk_pin) and dut/COSSET[1].unite_lists/genblk1_0.dut/SS_00/idx_p_reg[0][5][0]/D (clocked by sys_clk_pin). Large setup violations at the end of those stages might be difficult to fix during the post-placement implementation flow and could be the result of non-optimal XDC constraints or non-optimal design architecture
Related violations: <none>

TIMING-16#462 Warning
Large setup violation  
There is a large setup violation of -1.337 ns between dut/COSSET[2].unite_lists/genblk1_0.dut/metrics_r_reg[30]/C (clocked by sys_clk_pin) and dut/COSSET[2].unite_lists/genblk1_0.dut/SS_00/idx_p_reg[0][5][0]/D (clocked by sys_clk_pin). Large setup violations at the end of those stages might be difficult to fix during the post-placement implementation flow and could be the result of non-optimal XDC constraints or non-optimal design architecture
Related violations: <none>

TIMING-16#463 Warning
Large setup violation  
There is a large setup violation of -1.340 ns between dut/COSSET[2].unite_lists/genblk1_0.dut/SS_00/m_p_reg[4][3][2]/C (clocked by sys_clk_pin) and dut/COSSET[2].unite_lists/genblk1_0.dut/SS_00/m_p_reg[5][4][8]/D (clocked by sys_clk_pin). Large setup violations at the end of those stages might be difficult to fix during the post-placement implementation flow and could be the result of non-optimal XDC constraints or non-optimal design architecture
Related violations: <none>

TIMING-16#464 Warning
Large setup violation  
There is a large setup violation of -1.342 ns between dut/COSSET[1].unite_lists/genblk1_0.dut/metrics_r_reg[30]/C (clocked by sys_clk_pin) and dut/COSSET[1].unite_lists/genblk1_0.dut/SS_00/idx_p_reg[0][1][0]/D (clocked by sys_clk_pin). Large setup violations at the end of those stages might be difficult to fix during the post-placement implementation flow and could be the result of non-optimal XDC constraints or non-optimal design architecture
Related violations: <none>

TIMING-16#465 Warning
Large setup violation  
There is a large setup violation of -1.343 ns between dut/COSSET[2].unite_lists/genblk1_0.dut/SS_00/m_p_reg[2][1][0]/C (clocked by sys_clk_pin) and dut/COSSET[2].unite_lists/genblk1_0.dut/SS_00/idx_p_reg[3][1][1]/D (clocked by sys_clk_pin). Large setup violations at the end of those stages might be difficult to fix during the post-placement implementation flow and could be the result of non-optimal XDC constraints or non-optimal design architecture
Related violations: <none>

TIMING-16#466 Warning
Large setup violation  
There is a large setup violation of -1.344 ns between dut/COSSET[2].unite_lists/genblk1_0.dut/SS_00/m_p_reg[2][1][0]/C (clocked by sys_clk_pin) and dut/COSSET[2].unite_lists/genblk1_0.dut/SS_00/idx_p_reg[3][5][1]/D (clocked by sys_clk_pin). Large setup violations at the end of those stages might be difficult to fix during the post-placement implementation flow and could be the result of non-optimal XDC constraints or non-optimal design architecture
Related violations: <none>

TIMING-16#467 Warning
Large setup violation  
There is a large setup violation of -1.344 ns between dut/COSSET[2].unite_lists/genblk1_0.dut/SS_00/m_p_reg[4][3][2]/C (clocked by sys_clk_pin) and dut/COSSET[2].unite_lists/genblk1_0.dut/SS_00/m_p_reg[5][3][8]/D (clocked by sys_clk_pin). Large setup violations at the end of those stages might be difficult to fix during the post-placement implementation flow and could be the result of non-optimal XDC constraints or non-optimal design architecture
Related violations: <none>

TIMING-16#468 Warning
Large setup violation  
There is a large setup violation of -1.346 ns between dut/COSSET[3].unite_lists/genblk1_0.dut/metrics_r_reg[31]/C (clocked by sys_clk_pin) and dut/COSSET[3].unite_lists/genblk1_0.dut/SS_00/s0_d_reg[4][2]_srl5/D (clocked by sys_clk_pin). Large setup violations at the end of those stages might be difficult to fix during the post-placement implementation flow and could be the result of non-optimal XDC constraints or non-optimal design architecture
Related violations: <none>

TIMING-16#469 Warning
Large setup violation  
There is a large setup violation of -1.350 ns between dut/COSSET[2].unite_lists/genblk1_0.dut/SS_00/m_p_reg[2][4][3]/C (clocked by sys_clk_pin) and dut/COSSET[2].unite_lists/genblk1_0.dut/SS_00/m_p_reg[3][4][8]/D (clocked by sys_clk_pin). Large setup violations at the end of those stages might be difficult to fix during the post-placement implementation flow and could be the result of non-optimal XDC constraints or non-optimal design architecture
Related violations: <none>

TIMING-16#470 Warning
Large setup violation  
There is a large setup violation of -1.351 ns between dut/COSSET[2].unite_lists/genblk1_0.dut/SS_00/m_p_reg[4][3][2]/C (clocked by sys_clk_pin) and dut/COSSET[2].unite_lists/genblk1_0.dut/SS_00/m_p_reg[5][4][3]/D (clocked by sys_clk_pin). Large setup violations at the end of those stages might be difficult to fix during the post-placement implementation flow and could be the result of non-optimal XDC constraints or non-optimal design architecture
Related violations: <none>

TIMING-16#471 Warning
Large setup violation  
There is a large setup violation of -1.354 ns between dut/COSSET[3].unite_lists/genblk1_0.dut/metrics1_r_reg[33]/C (clocked by sys_clk_pin) and dut/COSSET[3].unite_lists/genblk1_0.dut/SS_00/s0_d_reg[4][5]_srl5/D (clocked by sys_clk_pin). Large setup violations at the end of those stages might be difficult to fix during the post-placement implementation flow and could be the result of non-optimal XDC constraints or non-optimal design architecture
Related violations: <none>

TIMING-16#472 Warning
Large setup violation  
There is a large setup violation of -1.358 ns between dut/COSSET[2].unite_lists/genblk1_0.dut/SS_00/m_p_reg[2][1][0]/C (clocked by sys_clk_pin) and dut/COSSET[2].unite_lists/genblk1_0.dut/SS_00/idx_p_reg[3][1][2]/D (clocked by sys_clk_pin). Large setup violations at the end of those stages might be difficult to fix during the post-placement implementation flow and could be the result of non-optimal XDC constraints or non-optimal design architecture
Related violations: <none>

TIMING-16#473 Warning
Large setup violation  
There is a large setup violation of -1.362 ns between dut/COSSET[2].unite_lists/genblk1_0.dut/SS_00/m_p_reg[2][1][0]/C (clocked by sys_clk_pin) and dut/COSSET[2].unite_lists/genblk1_0.dut/SS_00/m_p_reg[3][5][8]/D (clocked by sys_clk_pin). Large setup violations at the end of those stages might be difficult to fix during the post-placement implementation flow and could be the result of non-optimal XDC constraints or non-optimal design architecture
Related violations: <none>

TIMING-16#474 Warning
Large setup violation  
There is a large setup violation of -1.368 ns between dut/COSSET[2].unite_lists/genblk1_0.dut/SS_00/m_p_reg[2][1][0]/C (clocked by sys_clk_pin) and dut/COSSET[2].unite_lists/genblk1_0.dut/SS_00/m_p_reg[3][1][8]/D (clocked by sys_clk_pin). Large setup violations at the end of those stages might be difficult to fix during the post-placement implementation flow and could be the result of non-optimal XDC constraints or non-optimal design architecture
Related violations: <none>

TIMING-16#475 Warning
Large setup violation  
There is a large setup violation of -1.368 ns between dut/COSSET[2].unite_lists/genblk1_0.dut/metrics_r_reg[32]/C (clocked by sys_clk_pin) and dut/COSSET[2].unite_lists/genblk1_0.dut/SS_00/s0_d_reg[4][9]_srl5/D (clocked by sys_clk_pin). Large setup violations at the end of those stages might be difficult to fix during the post-placement implementation flow and could be the result of non-optimal XDC constraints or non-optimal design architecture
Related violations: <none>

TIMING-16#476 Warning
Large setup violation  
There is a large setup violation of -1.376 ns between dut/COSSET[2].unite_lists/genblk1_0.dut/SS_00/m_p_reg[0][2][0]/C (clocked by sys_clk_pin) and dut/COSSET[2].unite_lists/genblk1_0.dut/SS_00/idx_p_reg[1][2][0]/D (clocked by sys_clk_pin). Large setup violations at the end of those stages might be difficult to fix during the post-placement implementation flow and could be the result of non-optimal XDC constraints or non-optimal design architecture
Related violations: <none>

TIMING-16#477 Warning
Large setup violation  
There is a large setup violation of -1.376 ns between dut/COSSET[2].unite_lists/genblk1_0.dut/SS_00/m_p_reg[4][1][10]/C (clocked by sys_clk_pin) and dut/COSSET[2].unite_lists/genblk1_0.dut/SS_00/idx_p_reg[5][2][0]/D (clocked by sys_clk_pin). Large setup violations at the end of those stages might be difficult to fix during the post-placement implementation flow and could be the result of non-optimal XDC constraints or non-optimal design architecture
Related violations: <none>

TIMING-16#478 Warning
Large setup violation  
There is a large setup violation of -1.377 ns between dut/COSSET[2].unite_lists/genblk1_0.dut/SS_00/m_p_reg[4][3][2]/C (clocked by sys_clk_pin) and dut/COSSET[2].unite_lists/genblk1_0.dut/SS_00/m_p_reg[5][3][0]/D (clocked by sys_clk_pin). Large setup violations at the end of those stages might be difficult to fix during the post-placement implementation flow and could be the result of non-optimal XDC constraints or non-optimal design architecture
Related violations: <none>

TIMING-16#479 Warning
Large setup violation  
There is a large setup violation of -1.377 ns between dut/COSSET[2].unite_lists/genblk1_0.dut/SS_00/m_p_reg[4][3][2]/C (clocked by sys_clk_pin) and dut/COSSET[2].unite_lists/genblk1_0.dut/SS_00/m_p_reg[5][3][6]/D (clocked by sys_clk_pin). Large setup violations at the end of those stages might be difficult to fix during the post-placement implementation flow and could be the result of non-optimal XDC constraints or non-optimal design architecture
Related violations: <none>

TIMING-16#480 Warning
Large setup violation  
There is a large setup violation of -1.379 ns between dut/COSSET[2].unite_lists/genblk1_0.dut/SS_00/m_p_reg[0][2][0]/C (clocked by sys_clk_pin) and dut/COSSET[2].unite_lists/genblk1_0.dut/SS_00/idx_p_reg[1][0][0]/D (clocked by sys_clk_pin). Large setup violations at the end of those stages might be difficult to fix during the post-placement implementation flow and could be the result of non-optimal XDC constraints or non-optimal design architecture
Related violations: <none>

TIMING-16#481 Warning
Large setup violation  
There is a large setup violation of -1.381 ns between dut/COSSET[0].unite_lists/genblk1_0.dut/SS_00/m_p_reg[4][2][0]/C (clocked by sys_clk_pin) and dut/COSSET[0].unite_lists/genblk1_0.dut/SS_00/idx_p_reg[5][1][0]/D (clocked by sys_clk_pin). Large setup violations at the end of those stages might be difficult to fix during the post-placement implementation flow and could be the result of non-optimal XDC constraints or non-optimal design architecture
Related violations: <none>

TIMING-16#482 Warning
Large setup violation  
There is a large setup violation of -1.382 ns between dut/COSSET[0].unite_lists/genblk1_0.dut/metrics1_r_reg[31]/C (clocked by sys_clk_pin) and dut/COSSET[0].unite_lists/genblk1_0.dut/SS_00/idx_p_reg[0][3][0]/D (clocked by sys_clk_pin). Large setup violations at the end of those stages might be difficult to fix during the post-placement implementation flow and could be the result of non-optimal XDC constraints or non-optimal design architecture
Related violations: <none>

TIMING-16#483 Warning
Large setup violation  
There is a large setup violation of -1.382 ns between dut/COSSET[2].unite_lists/genblk1_0.dut/SS_00/m_p_reg[4][1][10]/C (clocked by sys_clk_pin) and dut/COSSET[2].unite_lists/genblk1_0.dut/SS_00/idx_p_reg[5][1][0]/D (clocked by sys_clk_pin). Large setup violations at the end of those stages might be difficult to fix during the post-placement implementation flow and could be the result of non-optimal XDC constraints or non-optimal design architecture
Related violations: <none>

TIMING-16#484 Warning
Large setup violation  
There is a large setup violation of -1.382 ns between dut/COSSET[2].unite_lists/genblk1_0.dut/metrics_r_reg[11]/C (clocked by sys_clk_pin) and dut/COSSET[2].unite_lists/genblk1_0.dut/SS_00/m_p_reg[0][6][10]/D (clocked by sys_clk_pin). Large setup violations at the end of those stages might be difficult to fix during the post-placement implementation flow and could be the result of non-optimal XDC constraints or non-optimal design architecture
Related violations: <none>

TIMING-16#485 Warning
Large setup violation  
There is a large setup violation of -1.383 ns between dut/COSSET[2].unite_lists/genblk1_0.dut/metrics_r_reg[11]/C (clocked by sys_clk_pin) and dut/COSSET[2].unite_lists/genblk1_0.dut/SS_00/m_p_reg[0][7][9]/D (clocked by sys_clk_pin). Large setup violations at the end of those stages might be difficult to fix during the post-placement implementation flow and could be the result of non-optimal XDC constraints or non-optimal design architecture
Related violations: <none>

TIMING-16#486 Warning
Large setup violation  
There is a large setup violation of -1.387 ns between dut/COSSET[4].unite_lists/genblk1_0.dut/SS_00/m_p_reg[4][5][0]/C (clocked by sys_clk_pin) and dut/COSSET[4].unite_lists/genblk1_0.dut/SS_00/idx_p_reg[5][6][0]/D (clocked by sys_clk_pin). Large setup violations at the end of those stages might be difficult to fix during the post-placement implementation flow and could be the result of non-optimal XDC constraints or non-optimal design architecture
Related violations: <none>

TIMING-16#487 Warning
Large setup violation  
There is a large setup violation of -1.389 ns between dut/COSSET[4].unite_lists/genblk1_0.dut/SS_00/m_p_reg[3][3][7]/C (clocked by sys_clk_pin) and dut/COSSET[4].unite_lists/genblk1_0.dut/SS_00/m_p_reg[4][5][3]/D (clocked by sys_clk_pin). Large setup violations at the end of those stages might be difficult to fix during the post-placement implementation flow and could be the result of non-optimal XDC constraints or non-optimal design architecture
Related violations: <none>

TIMING-16#488 Warning
Large setup violation  
There is a large setup violation of -1.392 ns between dut/COSSET[4].unite_lists/genblk1_0.dut/SS_00/m_p_reg[3][3][7]/C (clocked by sys_clk_pin) and dut/COSSET[4].unite_lists/genblk1_0.dut/SS_00/m_p_reg[4][3][3]/D (clocked by sys_clk_pin). Large setup violations at the end of those stages might be difficult to fix during the post-placement implementation flow and could be the result of non-optimal XDC constraints or non-optimal design architecture
Related violations: <none>

TIMING-16#489 Warning
Large setup violation  
There is a large setup violation of -1.394 ns between dut/COSSET[2].unite_lists/genblk1_0.dut/SS_00/m_p_reg[4][3][2]/C (clocked by sys_clk_pin) and dut/COSSET[2].unite_lists/genblk1_0.dut/SS_00/m_p_reg[5][4][10]/D (clocked by sys_clk_pin). Large setup violations at the end of those stages might be difficult to fix during the post-placement implementation flow and could be the result of non-optimal XDC constraints or non-optimal design architecture
Related violations: <none>

TIMING-16#490 Warning
Large setup violation  
There is a large setup violation of -1.394 ns between dut/COSSET[4].unite_lists/genblk1_0.dut/SS_00/m_p_reg[4][5][0]/C (clocked by sys_clk_pin) and dut/COSSET[4].unite_lists/genblk1_0.dut/SS_00/idx_p_reg[5][5][0]/D (clocked by sys_clk_pin). Large setup violations at the end of those stages might be difficult to fix during the post-placement implementation flow and could be the result of non-optimal XDC constraints or non-optimal design architecture
Related violations: <none>

TIMING-16#491 Warning
Large setup violation  
There is a large setup violation of -1.395 ns between dut/COSSET[4].unite_lists/genblk1_0.dut/SS_00/m_p_reg[3][3][7]/C (clocked by sys_clk_pin) and dut/COSSET[4].unite_lists/genblk1_0.dut/SS_00/m_p_reg[4][5][8]/D (clocked by sys_clk_pin). Large setup violations at the end of those stages might be difficult to fix during the post-placement implementation flow and could be the result of non-optimal XDC constraints or non-optimal design architecture
Related violations: <none>

TIMING-16#492 Warning
Large setup violation  
There is a large setup violation of -1.397 ns between dut/COSSET[2].unite_lists/genblk1_0.dut/SS_00/m_p_reg[2][4][3]/C (clocked by sys_clk_pin) and dut/COSSET[2].unite_lists/genblk1_0.dut/SS_00/m_p_reg[3][4][1]/D (clocked by sys_clk_pin). Large setup violations at the end of those stages might be difficult to fix during the post-placement implementation flow and could be the result of non-optimal XDC constraints or non-optimal design architecture
Related violations: <none>

TIMING-16#493 Warning
Large setup violation  
There is a large setup violation of -1.397 ns between dut/COSSET[2].unite_lists/genblk1_0.dut/SS_00/m_p_reg[2][4][3]/C (clocked by sys_clk_pin) and dut/COSSET[2].unite_lists/genblk1_0.dut/SS_00/m_p_reg[3][4][3]/D (clocked by sys_clk_pin). Large setup violations at the end of those stages might be difficult to fix during the post-placement implementation flow and could be the result of non-optimal XDC constraints or non-optimal design architecture
Related violations: <none>

TIMING-16#494 Warning
Large setup violation  
There is a large setup violation of -1.400 ns between dut/COSSET[2].unite_lists/genblk1_0.dut/SS_00/m_p_reg[2][3][9]/C (clocked by sys_clk_pin) and dut/COSSET[2].unite_lists/genblk1_0.dut/SS_00/m_p_reg[4][7][0]_srl2_srlopt/D (clocked by sys_clk_pin). Large setup violations at the end of those stages might be difficult to fix during the post-placement implementation flow and could be the result of non-optimal XDC constraints or non-optimal design architecture
Related violations: <none>

TIMING-16#495 Warning
Large setup violation  
There is a large setup violation of -1.401 ns between dut/COSSET[2].unite_lists/genblk1_0.dut/SS_00/m_p_reg[2][4][3]/C (clocked by sys_clk_pin) and dut/COSSET[2].unite_lists/genblk1_0.dut/SS_00/m_p_reg[3][4][9]/D (clocked by sys_clk_pin). Large setup violations at the end of those stages might be difficult to fix during the post-placement implementation flow and could be the result of non-optimal XDC constraints or non-optimal design architecture
Related violations: <none>

TIMING-16#496 Warning
Large setup violation  
There is a large setup violation of -1.406 ns between dut/COSSET[4].unite_lists/genblk1_0.dut/SS_00/m_p_reg[3][3][7]/C (clocked by sys_clk_pin) and dut/COSSET[4].unite_lists/genblk1_0.dut/SS_00/m_p_reg[4][3][8]/D (clocked by sys_clk_pin). Large setup violations at the end of those stages might be difficult to fix during the post-placement implementation flow and could be the result of non-optimal XDC constraints or non-optimal design architecture
Related violations: <none>

TIMING-16#497 Warning
Large setup violation  
There is a large setup violation of -1.407 ns between dut/COSSET[2].unite_lists/genblk1_0.dut/SS_00/m_p_reg[2][4][3]/C (clocked by sys_clk_pin) and dut/COSSET[2].unite_lists/genblk1_0.dut/SS_00/m_p_reg[3][4][0]/D (clocked by sys_clk_pin). Large setup violations at the end of those stages might be difficult to fix during the post-placement implementation flow and could be the result of non-optimal XDC constraints or non-optimal design architecture
Related violations: <none>

TIMING-16#498 Warning
Large setup violation  
There is a large setup violation of -1.407 ns between dut/COSSET[3].unite_lists/genblk1_0.dut/metrics1_r_reg[33]/C (clocked by sys_clk_pin) and dut/COSSET[3].unite_lists/genblk1_0.dut/SS_00/s0_d_reg[4][7]_srl5/D (clocked by sys_clk_pin). Large setup violations at the end of those stages might be difficult to fix during the post-placement implementation flow and could be the result of non-optimal XDC constraints or non-optimal design architecture
Related violations: <none>

TIMING-16#499 Warning
Large setup violation  
There is a large setup violation of -1.408 ns between dut/COSSET[2].unite_lists/genblk1_0.dut/SS_00/m_p_reg[2][1][0]/C (clocked by sys_clk_pin) and dut/COSSET[2].unite_lists/genblk1_0.dut/SS_00/m_p_reg[3][5][0]/D (clocked by sys_clk_pin). Large setup violations at the end of those stages might be difficult to fix during the post-placement implementation flow and could be the result of non-optimal XDC constraints or non-optimal design architecture
Related violations: <none>

TIMING-16#500 Warning
Large setup violation  
There is a large setup violation of -1.408 ns between dut/COSSET[2].unite_lists/genblk1_0.dut/SS_00/m_p_reg[2][1][0]/C (clocked by sys_clk_pin) and dut/COSSET[2].unite_lists/genblk1_0.dut/SS_00/m_p_reg[3][5][10]/D (clocked by sys_clk_pin). Large setup violations at the end of those stages might be difficult to fix during the post-placement implementation flow and could be the result of non-optimal XDC constraints or non-optimal design architecture
Related violations: <none>

TIMING-16#501 Warning
Large setup violation  
There is a large setup violation of -1.409 ns between dut/COSSET[1].unite_lists/genblk1_0.dut/SS_00/m_p_reg[2][7][3]/C (clocked by sys_clk_pin) and dut/COSSET[1].unite_lists/genblk1_0.dut/SS_00/m_p_reg[4][7][2]_srl2/D (clocked by sys_clk_pin). Large setup violations at the end of those stages might be difficult to fix during the post-placement implementation flow and could be the result of non-optimal XDC constraints or non-optimal design architecture
Related violations: <none>

TIMING-16#502 Warning
Large setup violation  
There is a large setup violation of -1.409 ns between dut/COSSET[2].unite_lists/genblk1_0.dut/SS_00/m_p_reg[2][4][3]/C (clocked by sys_clk_pin) and dut/COSSET[2].unite_lists/genblk1_0.dut/SS_00/m_p_reg[3][4][2]/D (clocked by sys_clk_pin). Large setup violations at the end of those stages might be difficult to fix during the post-placement implementation flow and could be the result of non-optimal XDC constraints or non-optimal design architecture
Related violations: <none>

TIMING-16#503 Warning
Large setup violation  
There is a large setup violation of -1.410 ns between dut/COSSET[3].unite_lists/genblk1_0.dut/metrics_r_reg[31]/C (clocked by sys_clk_pin) and dut/COSSET[3].unite_lists/genblk1_0.dut/SS_00/s0_d_reg[4][3]_srl5/D (clocked by sys_clk_pin). Large setup violations at the end of those stages might be difficult to fix during the post-placement implementation flow and could be the result of non-optimal XDC constraints or non-optimal design architecture
Related violations: <none>

TIMING-16#504 Warning
Large setup violation  
There is a large setup violation of -1.416 ns between dut/COSSET[0].unite_lists/genblk1_0.dut/SS_00/m_p_reg[4][2][0]/C (clocked by sys_clk_pin) and dut/COSSET[0].unite_lists/genblk1_0.dut/SS_00/idx_p_reg[5][2][0]/D (clocked by sys_clk_pin). Large setup violations at the end of those stages might be difficult to fix during the post-placement implementation flow and could be the result of non-optimal XDC constraints or non-optimal design architecture
Related violations: <none>

TIMING-16#505 Warning
Large setup violation  
There is a large setup violation of -1.417 ns between dut/COSSET[2].unite_lists/genblk1_0.dut/metrics_r_reg[11]/C (clocked by sys_clk_pin) and dut/COSSET[2].unite_lists/genblk1_0.dut/SS_00/m_p_reg[0][6][9]/D (clocked by sys_clk_pin). Large setup violations at the end of those stages might be difficult to fix during the post-placement implementation flow and could be the result of non-optimal XDC constraints or non-optimal design architecture
Related violations: <none>

TIMING-16#506 Warning
Large setup violation  
There is a large setup violation of -1.418 ns between dut/COSSET[3].unite_lists/genblk1_0.dut/metrics1_r_reg[14]/C (clocked by sys_clk_pin) and dut/COSSET[3].unite_lists/genblk1_0.dut/SS_00/m_p_reg[0][4][10]/D (clocked by sys_clk_pin). Large setup violations at the end of those stages might be difficult to fix during the post-placement implementation flow and could be the result of non-optimal XDC constraints or non-optimal design architecture
Related violations: <none>

TIMING-16#507 Warning
Large setup violation  
There is a large setup violation of -1.419 ns between dut/COSSET[3].unite_lists/genblk1_0.dut/metrics1_r_reg[14]/C (clocked by sys_clk_pin) and dut/COSSET[3].unite_lists/genblk1_0.dut/SS_00/m_p_reg[0][5][9]/D (clocked by sys_clk_pin). Large setup violations at the end of those stages might be difficult to fix during the post-placement implementation flow and could be the result of non-optimal XDC constraints or non-optimal design architecture
Related violations: <none>

TIMING-16#508 Warning
Large setup violation  
There is a large setup violation of -1.421 ns between dut/COSSET[0].unite_lists/genblk1_0.dut/metrics1_r_reg[31]/C (clocked by sys_clk_pin) and dut/COSSET[0].unite_lists/genblk1_0.dut/SS_00/m_p_reg[0][6][10]/D (clocked by sys_clk_pin). Large setup violations at the end of those stages might be difficult to fix during the post-placement implementation flow and could be the result of non-optimal XDC constraints or non-optimal design architecture
Related violations: <none>

TIMING-16#509 Warning
Large setup violation  
There is a large setup violation of -1.422 ns between dut/COSSET[0].unite_lists/genblk1_0.dut/metrics1_r_reg[31]/C (clocked by sys_clk_pin) and dut/COSSET[0].unite_lists/genblk1_0.dut/SS_00/m_p_reg[0][6][8]/D (clocked by sys_clk_pin). Large setup violations at the end of those stages might be difficult to fix during the post-placement implementation flow and could be the result of non-optimal XDC constraints or non-optimal design architecture
Related violations: <none>

TIMING-16#510 Warning
Large setup violation  
There is a large setup violation of -1.422 ns between dut/COSSET[2].unite_lists/genblk1_0.dut/SS_00/m_p_reg[0][6][2]/C (clocked by sys_clk_pin) and dut/COSSET[2].unite_lists/genblk1_0.dut/SS_00/idx_p_reg[1][4][1]/D (clocked by sys_clk_pin). Large setup violations at the end of those stages might be difficult to fix during the post-placement implementation flow and could be the result of non-optimal XDC constraints or non-optimal design architecture
Related violations: <none>

TIMING-16#511 Warning
Large setup violation  
There is a large setup violation of -1.422 ns between dut/COSSET[2].unite_lists/genblk1_0.dut/metrics_r_reg[11]/C (clocked by sys_clk_pin) and dut/COSSET[2].unite_lists/genblk1_0.dut/SS_00/m_p_reg[0][7][10]/D (clocked by sys_clk_pin). Large setup violations at the end of those stages might be difficult to fix during the post-placement implementation flow and could be the result of non-optimal XDC constraints or non-optimal design architecture
Related violations: <none>

TIMING-16#512 Warning
Large setup violation  
There is a large setup violation of -1.427 ns between dut/COSSET[0].unite_lists/genblk1_0.dut/SS_00/m_p_reg[4][2][0]/C (clocked by sys_clk_pin) and dut/COSSET[0].unite_lists/genblk1_0.dut/SS_00/idx_p_reg[5][2][2]/D (clocked by sys_clk_pin). Large setup violations at the end of those stages might be difficult to fix during the post-placement implementation flow and could be the result of non-optimal XDC constraints or non-optimal design architecture
Related violations: <none>

TIMING-16#513 Warning
Large setup violation  
There is a large setup violation of -1.428 ns between dut/COSSET[0].unite_lists/genblk1_0.dut/SS_00/m_p_reg[4][2][0]/C (clocked by sys_clk_pin) and dut/COSSET[0].unite_lists/genblk1_0.dut/SS_00/idx_p_reg[5][1][2]/D (clocked by sys_clk_pin). Large setup violations at the end of those stages might be difficult to fix during the post-placement implementation flow and could be the result of non-optimal XDC constraints or non-optimal design architecture
Related violations: <none>

TIMING-16#514 Warning
Large setup violation  
There is a large setup violation of -1.428 ns between dut/COSSET[3].unite_lists/genblk1_0.dut/metrics_r_reg[22]/C (clocked by sys_clk_pin) and dut/COSSET[3].unite_lists/genblk1_0.dut/SS_00/m_p_reg[0][2][8]/D (clocked by sys_clk_pin). Large setup violations at the end of those stages might be difficult to fix during the post-placement implementation flow and could be the result of non-optimal XDC constraints or non-optimal design architecture
Related violations: <none>

TIMING-16#515 Warning
Large setup violation  
There is a large setup violation of -1.429 ns between dut/COSSET[3].unite_lists/genblk1_0.dut/metrics_r_reg[22]/C (clocked by sys_clk_pin) and dut/COSSET[3].unite_lists/genblk1_0.dut/SS_00/m_p_reg[0][3][7]/D (clocked by sys_clk_pin). Large setup violations at the end of those stages might be difficult to fix during the post-placement implementation flow and could be the result of non-optimal XDC constraints or non-optimal design architecture
Related violations: <none>

TIMING-16#516 Warning
Large setup violation  
There is a large setup violation of -1.431 ns between dut/COSSET[2].unite_lists/genblk1_0.dut/SS_00/m_p_reg[0][2][0]/C (clocked by sys_clk_pin) and dut/COSSET[2].unite_lists/genblk1_0.dut/SS_00/idx_p_reg[1][0][1]/D (clocked by sys_clk_pin). Large setup violations at the end of those stages might be difficult to fix during the post-placement implementation flow and could be the result of non-optimal XDC constraints or non-optimal design architecture
Related violations: <none>

TIMING-16#517 Warning
Large setup violation  
There is a large setup violation of -1.433 ns between dut/COSSET[2].unite_lists/genblk1_0.dut/SS_00/m_p_reg[2][4][3]/C (clocked by sys_clk_pin) and dut/COSSET[2].unite_lists/genblk1_0.dut/SS_00/m_p_reg[3][4][5]/D (clocked by sys_clk_pin). Large setup violations at the end of those stages might be difficult to fix during the post-placement implementation flow and could be the result of non-optimal XDC constraints or non-optimal design architecture
Related violations: <none>

TIMING-16#518 Warning
Large setup violation  
There is a large setup violation of -1.433 ns between dut/COSSET[2].unite_lists/genblk1_0.dut/SS_00/m_p_reg[4][3][2]/C (clocked by sys_clk_pin) and dut/COSSET[2].unite_lists/genblk1_0.dut/SS_00/idx_p_reg[5][4][2]/D (clocked by sys_clk_pin). Large setup violations at the end of those stages might be difficult to fix during the post-placement implementation flow and could be the result of non-optimal XDC constraints or non-optimal design architecture
Related violations: <none>

TIMING-16#519 Warning
Large setup violation  
There is a large setup violation of -1.434 ns between dut/COSSET[3].unite_lists/genblk1_0.dut/metrics1_r_reg[31]/C (clocked by sys_clk_pin) and dut/COSSET[3].unite_lists/genblk1_0.dut/SS_00/m_p_reg[0][6][10]/D (clocked by sys_clk_pin). Large setup violations at the end of those stages might be difficult to fix during the post-placement implementation flow and could be the result of non-optimal XDC constraints or non-optimal design architecture
Related violations: <none>

TIMING-16#520 Warning
Large setup violation  
There is a large setup violation of -1.435 ns between dut/COSSET[1].unite_lists/genblk1_0.dut/SS_00/m_p_reg[2][7][3]/C (clocked by sys_clk_pin) and dut/COSSET[1].unite_lists/genblk1_0.dut/SS_00/m_p_reg[4][7][5]_srl2/D (clocked by sys_clk_pin). Large setup violations at the end of those stages might be difficult to fix during the post-placement implementation flow and could be the result of non-optimal XDC constraints or non-optimal design architecture
Related violations: <none>

TIMING-16#521 Warning
Large setup violation  
There is a large setup violation of -1.435 ns between dut/COSSET[2].unite_lists/genblk1_0.dut/SS_00/m_p_reg[4][3][2]/C (clocked by sys_clk_pin) and dut/COSSET[2].unite_lists/genblk1_0.dut/SS_00/idx_p_reg[5][4][1]/D (clocked by sys_clk_pin). Large setup violations at the end of those stages might be difficult to fix during the post-placement implementation flow and could be the result of non-optimal XDC constraints or non-optimal design architecture
Related violations: <none>

TIMING-16#522 Warning
Large setup violation  
There is a large setup violation of -1.435 ns between dut/COSSET[3].unite_lists/genblk1_0.dut/metrics1_r_reg[31]/C (clocked by sys_clk_pin) and dut/COSSET[3].unite_lists/genblk1_0.dut/SS_00/m_p_reg[0][7][8]/D (clocked by sys_clk_pin). Large setup violations at the end of those stages might be difficult to fix during the post-placement implementation flow and could be the result of non-optimal XDC constraints or non-optimal design architecture
Related violations: <none>

TIMING-16#523 Warning
Large setup violation  
There is a large setup violation of -1.436 ns between dut/COSSET[2].unite_lists/genblk1_0.dut/SS_00/m_p_reg[4][3][2]/C (clocked by sys_clk_pin) and dut/COSSET[2].unite_lists/genblk1_0.dut/SS_00/idx_p_reg[5][3][1]/D (clocked by sys_clk_pin). Large setup violations at the end of those stages might be difficult to fix during the post-placement implementation flow and could be the result of non-optimal XDC constraints or non-optimal design architecture
Related violations: <none>

TIMING-16#524 Warning
Large setup violation  
There is a large setup violation of -1.436 ns between dut/COSSET[2].unite_lists/genblk1_0.dut/SS_00/m_p_reg[4][3][2]/C (clocked by sys_clk_pin) and dut/COSSET[2].unite_lists/genblk1_0.dut/SS_00/m_p_reg[5][4][6]/D (clocked by sys_clk_pin). Large setup violations at the end of those stages might be difficult to fix during the post-placement implementation flow and could be the result of non-optimal XDC constraints or non-optimal design architecture
Related violations: <none>

TIMING-16#525 Warning
Large setup violation  
There is a large setup violation of -1.439 ns between dut/COSSET[2].unite_lists/genblk1_0.dut/SS_00/m_p_reg[4][3][2]/C (clocked by sys_clk_pin) and dut/COSSET[2].unite_lists/genblk1_0.dut/SS_00/idx_p_reg[5][3][2]/D (clocked by sys_clk_pin). Large setup violations at the end of those stages might be difficult to fix during the post-placement implementation flow and could be the result of non-optimal XDC constraints or non-optimal design architecture
Related violations: <none>

TIMING-16#526 Warning
Large setup violation  
There is a large setup violation of -1.441 ns between dut/COSSET[1].unite_lists/genblk1_0.dut/SS_00/m_p_reg[2][7][3]/C (clocked by sys_clk_pin) and dut/COSSET[1].unite_lists/genblk1_0.dut/SS_00/m_p_reg[4][7][6]_srl2/D (clocked by sys_clk_pin). Large setup violations at the end of those stages might be difficult to fix during the post-placement implementation flow and could be the result of non-optimal XDC constraints or non-optimal design architecture
Related violations: <none>

TIMING-16#527 Warning
Large setup violation  
There is a large setup violation of -1.442 ns between dut/COSSET[2].unite_lists/genblk1_0.dut/metrics_r_reg[11]/C (clocked by sys_clk_pin) and dut/COSSET[2].unite_lists/genblk1_0.dut/SS_00/m_p_reg[0][6][3]/D (clocked by sys_clk_pin). Large setup violations at the end of those stages might be difficult to fix during the post-placement implementation flow and could be the result of non-optimal XDC constraints or non-optimal design architecture
Related violations: <none>

TIMING-16#528 Warning
Large setup violation  
There is a large setup violation of -1.443 ns between dut/COSSET[3].unite_lists/genblk1_0.dut/metrics1_r_reg[33]/C (clocked by sys_clk_pin) and dut/COSSET[3].unite_lists/genblk1_0.dut/SS_00/s0_d_reg[4][6]_srl5/D (clocked by sys_clk_pin). Large setup violations at the end of those stages might be difficult to fix during the post-placement implementation flow and could be the result of non-optimal XDC constraints or non-optimal design architecture
Related violations: <none>

TIMING-16#529 Warning
Large setup violation  
There is a large setup violation of -1.443 ns between dut/COSSET[4].unite_lists/genblk1_0.dut/SS_00/m_p_reg[2][7][5]/C (clocked by sys_clk_pin) and dut/COSSET[4].unite_lists/genblk1_0.dut/SS_00/idx_p_reg[4][7][1]_srl2/D (clocked by sys_clk_pin). Large setup violations at the end of those stages might be difficult to fix during the post-placement implementation flow and could be the result of non-optimal XDC constraints or non-optimal design architecture
Related violations: <none>

TIMING-16#530 Warning
Large setup violation  
There is a large setup violation of -1.443 ns between dut/COSSET[4].unite_lists/genblk1_0.dut/SS_00/m_p_reg[4][5][0]/C (clocked by sys_clk_pin) and dut/COSSET[4].unite_lists/genblk1_0.dut/SS_00/idx_p_reg[5][5][1]/D (clocked by sys_clk_pin). Large setup violations at the end of those stages might be difficult to fix during the post-placement implementation flow and could be the result of non-optimal XDC constraints or non-optimal design architecture
Related violations: <none>

TIMING-16#531 Warning
Large setup violation  
There is a large setup violation of -1.443 ns between dut/COSSET[4].unite_lists/genblk1_0.dut/SS_00/m_p_reg[4][5][0]/C (clocked by sys_clk_pin) and dut/COSSET[4].unite_lists/genblk1_0.dut/SS_00/idx_p_reg[5][5][2]/D (clocked by sys_clk_pin). Large setup violations at the end of those stages might be difficult to fix during the post-placement implementation flow and could be the result of non-optimal XDC constraints or non-optimal design architecture
Related violations: <none>

TIMING-16#532 Warning
Large setup violation  
There is a large setup violation of -1.446 ns between dut/COSSET[3].unite_lists/genblk1_0.dut/metrics1_r_reg[33]/C (clocked by sys_clk_pin) and dut/COSSET[3].unite_lists/genblk1_0.dut/SS_00/s0_d_reg[4][10]_srl5/D (clocked by sys_clk_pin). Large setup violations at the end of those stages might be difficult to fix during the post-placement implementation flow and could be the result of non-optimal XDC constraints or non-optimal design architecture
Related violations: <none>

TIMING-16#533 Warning
Large setup violation  
There is a large setup violation of -1.450 ns between dut/COSSET[2].unite_lists/genblk1_0.dut/metrics_r_reg[20]/C (clocked by sys_clk_pin) and dut/COSSET[2].unite_lists/genblk1_0.dut/SS_00/m_p_reg[0][2][10]/D (clocked by sys_clk_pin). Large setup violations at the end of those stages might be difficult to fix during the post-placement implementation flow and could be the result of non-optimal XDC constraints or non-optimal design architecture
Related violations: <none>

TIMING-16#534 Warning
Large setup violation  
There is a large setup violation of -1.450 ns between dut/COSSET[4].unite_lists/genblk1_0.dut/SS_00/m_p_reg[2][7][5]/C (clocked by sys_clk_pin) and dut/COSSET[4].unite_lists/genblk1_0.dut/SS_00/m_p_reg[4][7][0]_srl2/D (clocked by sys_clk_pin). Large setup violations at the end of those stages might be difficult to fix during the post-placement implementation flow and could be the result of non-optimal XDC constraints or non-optimal design architecture
Related violations: <none>

TIMING-16#535 Warning
Large setup violation  
There is a large setup violation of -1.451 ns between dut/COSSET[2].unite_lists/genblk1_0.dut/metrics_r_reg[20]/C (clocked by sys_clk_pin) and dut/COSSET[2].unite_lists/genblk1_0.dut/SS_00/m_p_reg[0][2][7]/D (clocked by sys_clk_pin). Large setup violations at the end of those stages might be difficult to fix during the post-placement implementation flow and could be the result of non-optimal XDC constraints or non-optimal design architecture
Related violations: <none>

TIMING-16#536 Warning
Large setup violation  
There is a large setup violation of -1.452 ns between dut/COSSET[2].unite_lists/genblk1_0.dut/FDRE/C (clocked by sys_clk_pin) and dut/COSSET[2].unite_lists/genblk1_0.dut/valid_d_reg[5]_srl7_srlopt_replica/D (clocked by sys_clk_pin). Large setup violations at the end of those stages might be difficult to fix during the post-placement implementation flow and could be the result of non-optimal XDC constraints or non-optimal design architecture
Related violations: <none>

TIMING-16#537 Warning
Large setup violation  
There is a large setup violation of -1.452 ns between dut/COSSET[2].unite_lists/genblk1_0.dut/metrics_r_reg[30]/C (clocked by sys_clk_pin) and dut/COSSET[2].unite_lists/genblk1_0.dut/SS_00/m_p_reg[0][5][1]/D (clocked by sys_clk_pin). Large setup violations at the end of those stages might be difficult to fix during the post-placement implementation flow and could be the result of non-optimal XDC constraints or non-optimal design architecture
Related violations: <none>

TIMING-16#538 Warning
Large setup violation  
There is a large setup violation of -1.453 ns between dut/COSSET[3].unite_lists/genblk1_0.dut/metrics1_r_reg[14]/C (clocked by sys_clk_pin) and dut/COSSET[3].unite_lists/genblk1_0.dut/SS_00/m_p_reg[0][4][9]/D (clocked by sys_clk_pin). Large setup violations at the end of those stages might be difficult to fix during the post-placement implementation flow and could be the result of non-optimal XDC constraints or non-optimal design architecture
Related violations: <none>

TIMING-16#539 Warning
Large setup violation  
There is a large setup violation of -1.454 ns between dut/COSSET[2].unite_lists/genblk1_0.dut/SS_00/m_p_reg[4][3][2]/C (clocked by sys_clk_pin) and dut/COSSET[2].unite_lists/genblk1_0.dut/SS_00/m_p_reg[5][3][5]/D (clocked by sys_clk_pin). Large setup violations at the end of those stages might be difficult to fix during the post-placement implementation flow and could be the result of non-optimal XDC constraints or non-optimal design architecture
Related violations: <none>

TIMING-16#540 Warning
Large setup violation  
There is a large setup violation of -1.454 ns between dut/COSSET[2].unite_lists/genblk1_0.dut/SS_00/m_p_reg[4][3][2]/C (clocked by sys_clk_pin) and dut/COSSET[2].unite_lists/genblk1_0.dut/SS_00/m_p_reg[5][3][9]/D (clocked by sys_clk_pin). Large setup violations at the end of those stages might be difficult to fix during the post-placement implementation flow and could be the result of non-optimal XDC constraints or non-optimal design architecture
Related violations: <none>

TIMING-16#541 Warning
Large setup violation  
There is a large setup violation of -1.456 ns between dut/COSSET[0].unite_lists/genblk1_0.dut/metrics1_r_reg[31]/C (clocked by sys_clk_pin) and dut/COSSET[0].unite_lists/genblk1_0.dut/SS_00/m_p_reg[0][7][8]/D (clocked by sys_clk_pin). Large setup violations at the end of those stages might be difficult to fix during the post-placement implementation flow and could be the result of non-optimal XDC constraints or non-optimal design architecture
Related violations: <none>

TIMING-16#542 Warning
Large setup violation  
There is a large setup violation of -1.458 ns between dut/COSSET[3].unite_lists/genblk1_0.dut/metrics1_r_reg[14]/C (clocked by sys_clk_pin) and dut/COSSET[3].unite_lists/genblk1_0.dut/SS_00/m_p_reg[0][5][10]/D (clocked by sys_clk_pin). Large setup violations at the end of those stages might be difficult to fix during the post-placement implementation flow and could be the result of non-optimal XDC constraints or non-optimal design architecture
Related violations: <none>

TIMING-16#543 Warning
Large setup violation  
There is a large setup violation of -1.459 ns between dut/COSSET[4].unite_lists/genblk1_0.dut/metrics_r_reg[33]/C (clocked by sys_clk_pin) and dut/COSSET[4].unite_lists/genblk1_0.dut/SS_00/m_p_reg[0][5][10]/D (clocked by sys_clk_pin). Large setup violations at the end of those stages might be difficult to fix during the post-placement implementation flow and could be the result of non-optimal XDC constraints or non-optimal design architecture
Related violations: <none>

TIMING-16#544 Warning
Large setup violation  
There is a large setup violation of -1.460 ns between dut/COSSET[4].unite_lists/genblk1_0.dut/metrics_r_reg[33]/C (clocked by sys_clk_pin) and dut/COSSET[4].unite_lists/genblk1_0.dut/SS_00/m_p_reg[0][4][8]/D (clocked by sys_clk_pin). Large setup violations at the end of those stages might be difficult to fix during the post-placement implementation flow and could be the result of non-optimal XDC constraints or non-optimal design architecture
Related violations: <none>

TIMING-16#545 Warning
Large setup violation  
There is a large setup violation of -1.461 ns between dut/COSSET[0].unite_lists/genblk1_0.dut/metrics1_r_reg[31]/C (clocked by sys_clk_pin) and dut/COSSET[0].unite_lists/genblk1_0.dut/SS_00/m_p_reg[0][7][10]/D (clocked by sys_clk_pin). Large setup violations at the end of those stages might be difficult to fix during the post-placement implementation flow and could be the result of non-optimal XDC constraints or non-optimal design architecture
Related violations: <none>

TIMING-16#546 Warning
Large setup violation  
There is a large setup violation of -1.461 ns between dut/COSSET[2].unite_lists/genblk1_0.dut/metrics_r_reg[30]/C (clocked by sys_clk_pin) and dut/COSSET[2].unite_lists/genblk1_0.dut/SS_00/m_p_reg[0][5][5]/D (clocked by sys_clk_pin). Large setup violations at the end of those stages might be difficult to fix during the post-placement implementation flow and could be the result of non-optimal XDC constraints or non-optimal design architecture
Related violations: <none>

TIMING-16#547 Warning
Large setup violation  
There is a large setup violation of -1.461 ns between dut/COSSET[4].unite_lists/genblk1_0.dut/SS_00/m_p_reg[4][5][0]/C (clocked by sys_clk_pin) and dut/COSSET[4].unite_lists/genblk1_0.dut/SS_00/idx_p_reg[5][6][2]/D (clocked by sys_clk_pin). Large setup violations at the end of those stages might be difficult to fix during the post-placement implementation flow and could be the result of non-optimal XDC constraints or non-optimal design architecture
Related violations: <none>

TIMING-16#548 Warning
Large setup violation  
There is a large setup violation of -1.461 ns between dut/COSSET[4].unite_lists/genblk1_0.dut/metrics1_r_reg[32]/C (clocked by sys_clk_pin) and dut/COSSET[4].unite_lists/genblk1_0.dut/SS_00/m_p_reg[0][6][10]/D (clocked by sys_clk_pin). Large setup violations at the end of those stages might be difficult to fix during the post-placement implementation flow and could be the result of non-optimal XDC constraints or non-optimal design architecture
Related violations: <none>

TIMING-16#549 Warning
Large setup violation  
There is a large setup violation of -1.462 ns between dut/COSSET[4].unite_lists/genblk1_0.dut/metrics1_r_reg[32]/C (clocked by sys_clk_pin) and dut/COSSET[4].unite_lists/genblk1_0.dut/SS_00/m_p_reg[0][7][8]/D (clocked by sys_clk_pin). Large setup violations at the end of those stages might be difficult to fix during the post-placement implementation flow and could be the result of non-optimal XDC constraints or non-optimal design architecture
Related violations: <none>

TIMING-16#550 Warning
Large setup violation  
There is a large setup violation of -1.463 ns between dut/COSSET[3].unite_lists/genblk1_0.dut/metrics_r_reg[22]/C (clocked by sys_clk_pin) and dut/COSSET[3].unite_lists/genblk1_0.dut/SS_00/m_p_reg[0][3][8]/D (clocked by sys_clk_pin). Large setup violations at the end of those stages might be difficult to fix during the post-placement implementation flow and could be the result of non-optimal XDC constraints or non-optimal design architecture
Related violations: <none>

TIMING-16#551 Warning
Large setup violation  
There is a large setup violation of -1.466 ns between dut/COSSET[0].unite_lists/genblk1_0.dut/metrics_r_reg[31]/C (clocked by sys_clk_pin) and dut/COSSET[0].unite_lists/genblk1_0.dut/SS_00/m_p_reg[0][0][10]/D (clocked by sys_clk_pin). Large setup violations at the end of those stages might be difficult to fix during the post-placement implementation flow and could be the result of non-optimal XDC constraints or non-optimal design architecture
Related violations: <none>

TIMING-16#552 Warning
Large setup violation  
There is a large setup violation of -1.467 ns between dut/COSSET[0].unite_lists/genblk1_0.dut/metrics_r_reg[31]/C (clocked by sys_clk_pin) and dut/COSSET[0].unite_lists/genblk1_0.dut/SS_00/m_p_reg[0][0][8]/D (clocked by sys_clk_pin). Large setup violations at the end of those stages might be difficult to fix during the post-placement implementation flow and could be the result of non-optimal XDC constraints or non-optimal design architecture
Related violations: <none>

TIMING-16#553 Warning
Large setup violation  
There is a large setup violation of -1.467 ns between dut/COSSET[4].unite_lists/genblk1_0.dut/SS_00/m_p_reg[4][5][0]/C (clocked by sys_clk_pin) and dut/COSSET[4].unite_lists/genblk1_0.dut/SS_00/idx_p_reg[5][6][1]/D (clocked by sys_clk_pin). Large setup violations at the end of those stages might be difficult to fix during the post-placement implementation flow and could be the result of non-optimal XDC constraints or non-optimal design architecture
Related violations: <none>

TIMING-16#554 Warning
Large setup violation  
There is a large setup violation of -1.468 ns between dut/COSSET[3].unite_lists/genblk1_0.dut/metrics_r_reg[22]/C (clocked by sys_clk_pin) and dut/COSSET[3].unite_lists/genblk1_0.dut/SS_00/m_p_reg[0][2][10]/D (clocked by sys_clk_pin). Large setup violations at the end of those stages might be difficult to fix during the post-placement implementation flow and could be the result of non-optimal XDC constraints or non-optimal design architecture
Related violations: <none>

TIMING-16#555 Warning
Large setup violation  
There is a large setup violation of -1.469 ns between dut/COSSET[3].unite_lists/genblk1_0.dut/metrics1_r_reg[31]/C (clocked by sys_clk_pin) and dut/COSSET[3].unite_lists/genblk1_0.dut/SS_00/m_p_reg[0][6][8]/D (clocked by sys_clk_pin). Large setup violations at the end of those stages might be difficult to fix during the post-placement implementation flow and could be the result of non-optimal XDC constraints or non-optimal design architecture
Related violations: <none>

TIMING-16#556 Warning
Large setup violation  
There is a large setup violation of -1.473 ns between dut/COSSET[2].unite_lists/genblk1_0.dut/SS_00/m_p_reg[4][3][2]/C (clocked by sys_clk_pin) and dut/COSSET[2].unite_lists/genblk1_0.dut/SS_00/m_p_reg[5][4][4]/D (clocked by sys_clk_pin). Large setup violations at the end of those stages might be difficult to fix during the post-placement implementation flow and could be the result of non-optimal XDC constraints or non-optimal design architecture
Related violations: <none>

TIMING-16#557 Warning
Large setup violation  
There is a large setup violation of -1.473 ns between dut/COSSET[3].unite_lists/genblk1_0.dut/metrics1_r_reg[33]/C (clocked by sys_clk_pin) and dut/COSSET[3].unite_lists/genblk1_0.dut/SS_00/s0_d_reg[4][4]_srl5/D (clocked by sys_clk_pin). Large setup violations at the end of those stages might be difficult to fix during the post-placement implementation flow and could be the result of non-optimal XDC constraints or non-optimal design architecture
Related violations: <none>

TIMING-16#558 Warning
Large setup violation  
There is a large setup violation of -1.474 ns between dut/COSSET[3].unite_lists/genblk1_0.dut/metrics1_r_reg[31]/C (clocked by sys_clk_pin) and dut/COSSET[3].unite_lists/genblk1_0.dut/SS_00/m_p_reg[0][7][10]/D (clocked by sys_clk_pin). Large setup violations at the end of those stages might be difficult to fix during the post-placement implementation flow and could be the result of non-optimal XDC constraints or non-optimal design architecture
Related violations: <none>

TIMING-16#559 Warning
Large setup violation  
There is a large setup violation of -1.478 ns between dut/COSSET[2].unite_lists/genblk1_0.dut/SS_00/m_p_reg[2][3][9]/C (clocked by sys_clk_pin) and dut/COSSET[2].unite_lists/genblk1_0.dut/SS_00/idx_p_reg[4][7][1]_srl2/D (clocked by sys_clk_pin). Large setup violations at the end of those stages might be difficult to fix during the post-placement implementation flow and could be the result of non-optimal XDC constraints or non-optimal design architecture
Related violations: <none>

TIMING-16#560 Warning
Large setup violation  
There is a large setup violation of -1.479 ns between dut/COSSET[2].unite_lists/genblk1_0.dut/SS_00/m_p_reg[4][3][2]/C (clocked by sys_clk_pin) and dut/COSSET[2].unite_lists/genblk1_0.dut/SS_00/m_p_reg[5][3][1]/D (clocked by sys_clk_pin). Large setup violations at the end of those stages might be difficult to fix during the post-placement implementation flow and could be the result of non-optimal XDC constraints or non-optimal design architecture
Related violations: <none>

TIMING-16#561 Warning
Large setup violation  
There is a large setup violation of -1.482 ns between dut/COSSET[2].unite_lists/genblk1_0.dut/metrics_r_reg[32]/C (clocked by sys_clk_pin) and dut/COSSET[2].unite_lists/genblk1_0.dut/SS_00/m_p_reg[0][1][10]/D (clocked by sys_clk_pin). Large setup violations at the end of those stages might be difficult to fix during the post-placement implementation flow and could be the result of non-optimal XDC constraints or non-optimal design architecture
Related violations: <none>

TIMING-16#562 Warning
Large setup violation  
There is a large setup violation of -1.483 ns between dut/COSSET[2].unite_lists/genblk1_0.dut/metrics_r_reg[32]/C (clocked by sys_clk_pin) and dut/COSSET[2].unite_lists/genblk1_0.dut/SS_00/m_p_reg[0][1][9]/D (clocked by sys_clk_pin). Large setup violations at the end of those stages might be difficult to fix during the post-placement implementation flow and could be the result of non-optimal XDC constraints or non-optimal design architecture
Related violations: <none>

TIMING-16#563 Warning
Large setup violation  
There is a large setup violation of -1.485 ns between dut/COSSET[2].unite_lists/genblk1_0.dut/metrics_r_reg[20]/C (clocked by sys_clk_pin) and dut/COSSET[2].unite_lists/genblk1_0.dut/SS_00/m_p_reg[0][2][9]/D (clocked by sys_clk_pin). Large setup violations at the end of those stages might be difficult to fix during the post-placement implementation flow and could be the result of non-optimal XDC constraints or non-optimal design architecture
Related violations: <none>

TIMING-16#564 Warning
Large setup violation  
There is a large setup violation of -1.485 ns between dut/COSSET[3].unite_lists/genblk1_0.dut/metrics1_r_reg[33]/C (clocked by sys_clk_pin) and dut/COSSET[3].unite_lists/genblk1_0.dut/SS_00/m_p_reg[0][1][10]/D (clocked by sys_clk_pin). Large setup violations at the end of those stages might be difficult to fix during the post-placement implementation flow and could be the result of non-optimal XDC constraints or non-optimal design architecture
Related violations: <none>

TIMING-16#565 Warning
Large setup violation  
There is a large setup violation of -1.486 ns between dut/COSSET[3].unite_lists/genblk1_0.dut/metrics1_r_reg[33]/C (clocked by sys_clk_pin) and dut/COSSET[3].unite_lists/genblk1_0.dut/SS_00/m_p_reg[0][1][7]/D (clocked by sys_clk_pin). Large setup violations at the end of those stages might be difficult to fix during the post-placement implementation flow and could be the result of non-optimal XDC constraints or non-optimal design architecture
Related violations: <none>

TIMING-16#566 Warning
Large setup violation  
There is a large setup violation of -1.487 ns between dut/COSSET[3].unite_lists/genblk1_0.dut/metrics1_r_reg[31]/C (clocked by sys_clk_pin) and dut/COSSET[3].unite_lists/genblk1_0.dut/SS_00/m_p_reg[0][7][6]/D (clocked by sys_clk_pin). Large setup violations at the end of those stages might be difficult to fix during the post-placement implementation flow and could be the result of non-optimal XDC constraints or non-optimal design architecture
Related violations: <none>

TIMING-16#567 Warning
Large setup violation  
There is a large setup violation of -1.490 ns between dut/COSSET[2].unite_lists/genblk1_0.dut/SS_00/m_p_reg[4][3][2]/C (clocked by sys_clk_pin) and dut/COSSET[2].unite_lists/genblk1_0.dut/SS_00/m_p_reg[5][3][4]/D (clocked by sys_clk_pin). Large setup violations at the end of those stages might be difficult to fix during the post-placement implementation flow and could be the result of non-optimal XDC constraints or non-optimal design architecture
Related violations: <none>

TIMING-16#568 Warning
Large setup violation  
There is a large setup violation of -1.490 ns between dut/COSSET[2].unite_lists/genblk1_0.dut/metrics_r_reg[20]/C (clocked by sys_clk_pin) and dut/COSSET[2].unite_lists/genblk1_0.dut/SS_00/m_p_reg[0][3][10]/D (clocked by sys_clk_pin). Large setup violations at the end of those stages might be difficult to fix during the post-placement implementation flow and could be the result of non-optimal XDC constraints or non-optimal design architecture
Related violations: <none>

TIMING-16#569 Warning
Large setup violation  
There is a large setup violation of -1.490 ns between dut/COSSET[3].unite_lists/genblk1_0.dut/metrics1_r_reg[33]/C (clocked by sys_clk_pin) and dut/COSSET[3].unite_lists/genblk1_0.dut/SS_00/s0_d_reg[4][9]_srl5/D (clocked by sys_clk_pin). Large setup violations at the end of those stages might be difficult to fix during the post-placement implementation flow and could be the result of non-optimal XDC constraints or non-optimal design architecture
Related violations: <none>

TIMING-16#570 Warning
Large setup violation  
There is a large setup violation of -1.493 ns between dut/COSSET[1].unite_lists/genblk1_0.dut/metrics1_r_reg[30]/C (clocked by sys_clk_pin) and dut/COSSET[1].unite_lists/genblk1_0.dut/SS_00/m_p_reg[0][6][10]/D (clocked by sys_clk_pin). Large setup violations at the end of those stages might be difficult to fix during the post-placement implementation flow and could be the result of non-optimal XDC constraints or non-optimal design architecture
Related violations: <none>

TIMING-16#571 Warning
Large setup violation  
There is a large setup violation of -1.493 ns between dut/COSSET[3].unite_lists/genblk1_0.dut/metrics1_r_reg[14]/C (clocked by sys_clk_pin) and dut/COSSET[3].unite_lists/genblk1_0.dut/SS_00/m_p_reg[0][4][7]/D (clocked by sys_clk_pin). Large setup violations at the end of those stages might be difficult to fix during the post-placement implementation flow and could be the result of non-optimal XDC constraints or non-optimal design architecture
Related violations: <none>

TIMING-16#572 Warning
Large setup violation  
There is a large setup violation of -1.494 ns between dut/COSSET[1].unite_lists/genblk1_0.dut/metrics1_r_reg[30]/C (clocked by sys_clk_pin) and dut/COSSET[1].unite_lists/genblk1_0.dut/SS_00/m_p_reg[0][6][7]/D (clocked by sys_clk_pin). Large setup violations at the end of those stages might be difficult to fix during the post-placement implementation flow and could be the result of non-optimal XDC constraints or non-optimal design architecture
Related violations: <none>

TIMING-16#573 Warning
Large setup violation  
There is a large setup violation of -1.494 ns between dut/COSSET[4].unite_lists/genblk1_0.dut/metrics_r_reg[20]/C (clocked by sys_clk_pin) and dut/COSSET[4].unite_lists/genblk1_0.dut/SS_00/m_p_reg[0][3][10]/D (clocked by sys_clk_pin). Large setup violations at the end of those stages might be difficult to fix during the post-placement implementation flow and could be the result of non-optimal XDC constraints or non-optimal design architecture
Related violations: <none>

TIMING-16#574 Warning
Large setup violation  
There is a large setup violation of -1.494 ns between dut/COSSET[4].unite_lists/genblk1_0.dut/metrics_r_reg[33]/C (clocked by sys_clk_pin) and dut/COSSET[4].unite_lists/genblk1_0.dut/SS_00/m_p_reg[0][5][8]/D (clocked by sys_clk_pin). Large setup violations at the end of those stages might be difficult to fix during the post-placement implementation flow and could be the result of non-optimal XDC constraints or non-optimal design architecture
Related violations: <none>

TIMING-16#575 Warning
Large setup violation  
There is a large setup violation of -1.495 ns between dut/COSSET[0].unite_lists/genblk1_0.dut/metrics1_r_reg[31]/C (clocked by sys_clk_pin) and dut/COSSET[0].unite_lists/genblk1_0.dut/SS_00/m_p_reg[0][7][6]/D (clocked by sys_clk_pin). Large setup violations at the end of those stages might be difficult to fix during the post-placement implementation flow and could be the result of non-optimal XDC constraints or non-optimal design architecture
Related violations: <none>

TIMING-16#576 Warning
Large setup violation  
There is a large setup violation of -1.496 ns between dut/COSSET[4].unite_lists/genblk1_0.dut/metrics1_r_reg[32]/C (clocked by sys_clk_pin) and dut/COSSET[4].unite_lists/genblk1_0.dut/SS_00/m_p_reg[0][6][8]/D (clocked by sys_clk_pin). Large setup violations at the end of those stages might be difficult to fix during the post-placement implementation flow and could be the result of non-optimal XDC constraints or non-optimal design architecture
Related violations: <none>

TIMING-16#577 Warning
Large setup violation  
There is a large setup violation of -1.498 ns between dut/COSSET[4].unite_lists/genblk1_0.dut/metrics1_r_reg[30]/C (clocked by sys_clk_pin) and dut/COSSET[4].unite_lists/genblk1_0.dut/SS_00/m_p_reg[0][1][8]/D (clocked by sys_clk_pin). Large setup violations at the end of those stages might be difficult to fix during the post-placement implementation flow and could be the result of non-optimal XDC constraints or non-optimal design architecture
Related violations: <none>

TIMING-16#578 Warning
Large setup violation  
There is a large setup violation of -1.499 ns between dut/COSSET[4].unite_lists/genblk1_0.dut/metrics_r_reg[33]/C (clocked by sys_clk_pin) and dut/COSSET[4].unite_lists/genblk1_0.dut/SS_00/m_p_reg[0][4][10]/D (clocked by sys_clk_pin). Large setup violations at the end of those stages might be difficult to fix during the post-placement implementation flow and could be the result of non-optimal XDC constraints or non-optimal design architecture
Related violations: <none>

TIMING-16#579 Warning
Large setup violation  
There is a large setup violation of -1.501 ns between dut/COSSET[0].unite_lists/genblk1_0.dut/metrics_r_reg[31]/C (clocked by sys_clk_pin) and dut/COSSET[0].unite_lists/genblk1_0.dut/SS_00/m_p_reg[0][1][8]/D (clocked by sys_clk_pin). Large setup violations at the end of those stages might be difficult to fix during the post-placement implementation flow and could be the result of non-optimal XDC constraints or non-optimal design architecture
Related violations: <none>

TIMING-16#580 Warning
Large setup violation  
There is a large setup violation of -1.501 ns between dut/COSSET[4].unite_lists/genblk1_0.dut/metrics1_r_reg[32]/C (clocked by sys_clk_pin) and dut/COSSET[4].unite_lists/genblk1_0.dut/SS_00/m_p_reg[0][7][10]/D (clocked by sys_clk_pin). Large setup violations at the end of those stages might be difficult to fix during the post-placement implementation flow and could be the result of non-optimal XDC constraints or non-optimal design architecture
Related violations: <none>

TIMING-16#581 Warning
Large setup violation  
There is a large setup violation of -1.501 ns between dut/COSSET[4].unite_lists/genblk1_0.dut/metrics_r_reg[20]/C (clocked by sys_clk_pin) and dut/COSSET[4].unite_lists/genblk1_0.dut/SS_00/m_p_reg[0][3][8]/D (clocked by sys_clk_pin). Large setup violations at the end of those stages might be difficult to fix during the post-placement implementation flow and could be the result of non-optimal XDC constraints or non-optimal design architecture
Related violations: <none>

TIMING-16#582 Warning
Large setup violation  
There is a large setup violation of -1.505 ns between dut/COSSET[1].unite_lists/genblk1_0.dut/SS_00/m_p_reg[2][7][3]/C (clocked by sys_clk_pin) and dut/COSSET[1].unite_lists/genblk1_0.dut/SS_00/idx_p_reg[4][7][1]_srl2/D (clocked by sys_clk_pin). Large setup violations at the end of those stages might be difficult to fix during the post-placement implementation flow and could be the result of non-optimal XDC constraints or non-optimal design architecture
Related violations: <none>

TIMING-16#583 Warning
Large setup violation  
There is a large setup violation of -1.506 ns between dut/COSSET[0].unite_lists/genblk1_0.dut/metrics_r_reg[31]/C (clocked by sys_clk_pin) and dut/COSSET[0].unite_lists/genblk1_0.dut/SS_00/m_p_reg[0][1][10]/D (clocked by sys_clk_pin). Large setup violations at the end of those stages might be difficult to fix during the post-placement implementation flow and could be the result of non-optimal XDC constraints or non-optimal design architecture
Related violations: <none>

TIMING-16#584 Warning
Large setup violation  
There is a large setup violation of -1.506 ns between dut/COSSET[3].unite_lists/genblk1_0.dut/metrics1_r_reg[31]/C (clocked by sys_clk_pin) and dut/COSSET[3].unite_lists/genblk1_0.dut/SS_00/m_p_reg[0][6][0]/D (clocked by sys_clk_pin). Large setup violations at the end of those stages might be difficult to fix during the post-placement implementation flow and could be the result of non-optimal XDC constraints or non-optimal design architecture
Related violations: <none>

TIMING-16#585 Warning
Large setup violation  
There is a large setup violation of -1.508 ns between dut/COSSET[1].unite_lists/genblk1_0.dut/SS_00/m_p_reg[2][7][3]/C (clocked by sys_clk_pin) and dut/COSSET[1].unite_lists/genblk1_0.dut/SS_00/idx_p_reg[4][7][0]_srl2/D (clocked by sys_clk_pin). Large setup violations at the end of those stages might be difficult to fix during the post-placement implementation flow and could be the result of non-optimal XDC constraints or non-optimal design architecture
Related violations: <none>

TIMING-16#586 Warning
Large setup violation  
There is a large setup violation of -1.509 ns between dut/COSSET[3].unite_lists/genblk1_0.dut/metrics1_r_reg[31]/C (clocked by sys_clk_pin) and dut/COSSET[3].unite_lists/genblk1_0.dut/SS_00/m_p_reg[0][6][3]/D (clocked by sys_clk_pin). Large setup violations at the end of those stages might be difficult to fix during the post-placement implementation flow and could be the result of non-optimal XDC constraints or non-optimal design architecture
Related violations: <none>

TIMING-16#587 Warning
Large setup violation  
There is a large setup violation of -1.515 ns between dut/COSSET[0].unite_lists/genblk1_0.dut/metrics_r_reg[31]/C (clocked by sys_clk_pin) and dut/COSSET[0].unite_lists/genblk1_0.dut/SS_00/m_p_reg[0][5][10]/D (clocked by sys_clk_pin). Large setup violations at the end of those stages might be difficult to fix during the post-placement implementation flow and could be the result of non-optimal XDC constraints or non-optimal design architecture
Related violations: <none>

TIMING-16#588 Warning
Large setup violation  
There is a large setup violation of -1.515 ns between dut/COSSET[4].unite_lists/genblk1_0.dut/metrics1_r_reg[32]/C (clocked by sys_clk_pin) and dut/COSSET[4].unite_lists/genblk1_0.dut/SS_00/m_p_reg[0][6][0]/D (clocked by sys_clk_pin). Large setup violations at the end of those stages might be difficult to fix during the post-placement implementation flow and could be the result of non-optimal XDC constraints or non-optimal design architecture
Related violations: <none>

TIMING-16#589 Warning
Large setup violation  
There is a large setup violation of -1.516 ns between dut/COSSET[0].unite_lists/genblk1_0.dut/metrics1_r_reg[31]/C (clocked by sys_clk_pin) and dut/COSSET[0].unite_lists/genblk1_0.dut/SS_00/m_p_reg[0][6][5]/D (clocked by sys_clk_pin). Large setup violations at the end of those stages might be difficult to fix during the post-placement implementation flow and could be the result of non-optimal XDC constraints or non-optimal design architecture
Related violations: <none>

TIMING-16#590 Warning
Large setup violation  
There is a large setup violation of -1.516 ns between dut/COSSET[2].unite_lists/genblk1_0.dut/metrics_r_reg[11]/C (clocked by sys_clk_pin) and dut/COSSET[2].unite_lists/genblk1_0.dut/SS_00/m_p_reg[0][6][2]/D (clocked by sys_clk_pin). Large setup violations at the end of those stages might be difficult to fix during the post-placement implementation flow and could be the result of non-optimal XDC constraints or non-optimal design architecture
Related violations: <none>

TIMING-16#591 Warning
Large setup violation  
There is a large setup violation of -1.517 ns between dut/COSSET[2].unite_lists/genblk1_0.dut/metrics_r_reg[32]/C (clocked by sys_clk_pin) and dut/COSSET[2].unite_lists/genblk1_0.dut/SS_00/m_p_reg[0][0][9]/D (clocked by sys_clk_pin). Large setup violations at the end of those stages might be difficult to fix during the post-placement implementation flow and could be the result of non-optimal XDC constraints or non-optimal design architecture
Related violations: <none>

TIMING-16#592 Warning
Large setup violation  
There is a large setup violation of -1.520 ns between dut/COSSET[0].unite_lists/genblk1_0.dut/metrics_r_reg[31]/C (clocked by sys_clk_pin) and dut/COSSET[0].unite_lists/genblk1_0.dut/SS_00/m_p_reg[0][4][10]/D (clocked by sys_clk_pin). Large setup violations at the end of those stages might be difficult to fix during the post-placement implementation flow and could be the result of non-optimal XDC constraints or non-optimal design architecture
Related violations: <none>

TIMING-16#593 Warning
Large setup violation  
There is a large setup violation of -1.520 ns between dut/COSSET[3].unite_lists/genblk1_0.dut/metrics1_r_reg[33]/C (clocked by sys_clk_pin) and dut/COSSET[3].unite_lists/genblk1_0.dut/SS_00/m_p_reg[0][1][9]/D (clocked by sys_clk_pin). Large setup violations at the end of those stages might be difficult to fix during the post-placement implementation flow and could be the result of non-optimal XDC constraints or non-optimal design architecture
Related violations: <none>

TIMING-16#594 Warning
Large setup violation  
There is a large setup violation of -1.521 ns between dut/COSSET[0].unite_lists/genblk1_0.dut/metrics1_r_reg[31]/C (clocked by sys_clk_pin) and dut/COSSET[0].unite_lists/genblk1_0.dut/SS_00/m_p_reg[0][6][7]/D (clocked by sys_clk_pin). Large setup violations at the end of those stages might be difficult to fix during the post-placement implementation flow and could be the result of non-optimal XDC constraints or non-optimal design architecture
Related violations: <none>

TIMING-16#595 Warning
Large setup violation  
There is a large setup violation of -1.522 ns between dut/COSSET[0].unite_lists/genblk1_0.dut/metrics1_r_reg[31]/C (clocked by sys_clk_pin) and dut/COSSET[0].unite_lists/genblk1_0.dut/SS_00/m_p_reg[0][6][2]/D (clocked by sys_clk_pin). Large setup violations at the end of those stages might be difficult to fix during the post-placement implementation flow and could be the result of non-optimal XDC constraints or non-optimal design architecture
Related violations: <none>

TIMING-16#596 Warning
Large setup violation  
There is a large setup violation of -1.522 ns between dut/COSSET[2].unite_lists/genblk1_0.dut/metrics_r_reg[32]/C (clocked by sys_clk_pin) and dut/COSSET[2].unite_lists/genblk1_0.dut/SS_00/m_p_reg[0][0][10]/D (clocked by sys_clk_pin). Large setup violations at the end of those stages might be difficult to fix during the post-placement implementation flow and could be the result of non-optimal XDC constraints or non-optimal design architecture
Related violations: <none>

TIMING-16#597 Warning
Large setup violation  
There is a large setup violation of -1.523 ns between dut/COSSET[1].unite_lists/genblk1_0.dut/metrics_r_reg[20]/C (clocked by sys_clk_pin) and dut/COSSET[1].unite_lists/genblk1_0.dut/SS_00/m_p_reg[0][3][10]/D (clocked by sys_clk_pin). Large setup violations at the end of those stages might be difficult to fix during the post-placement implementation flow and could be the result of non-optimal XDC constraints or non-optimal design architecture
Related violations: <none>

TIMING-16#598 Warning
Large setup violation  
There is a large setup violation of -1.524 ns between dut/COSSET[0].unite_lists/genblk1_0.dut/metrics1_r_reg[31]/C (clocked by sys_clk_pin) and dut/COSSET[0].unite_lists/genblk1_0.dut/SS_00/m_p_reg[0][7][7]/D (clocked by sys_clk_pin). Large setup violations at the end of those stages might be difficult to fix during the post-placement implementation flow and could be the result of non-optimal XDC constraints or non-optimal design architecture
Related violations: <none>

TIMING-16#599 Warning
Large setup violation  
There is a large setup violation of -1.524 ns between dut/COSSET[1].unite_lists/genblk1_0.dut/metrics_r_reg[20]/C (clocked by sys_clk_pin) and dut/COSSET[1].unite_lists/genblk1_0.dut/SS_00/m_p_reg[0][3][9]/D (clocked by sys_clk_pin). Large setup violations at the end of those stages might be difficult to fix during the post-placement implementation flow and could be the result of non-optimal XDC constraints or non-optimal design architecture
Related violations: <none>

TIMING-16#600 Warning
Large setup violation  
There is a large setup violation of -1.524 ns between dut/COSSET[3].unite_lists/genblk1_0.dut/metrics_r_reg[22]/C (clocked by sys_clk_pin) and dut/COSSET[3].unite_lists/genblk1_0.dut/SS_00/m_p_reg[0][3][3]/D (clocked by sys_clk_pin). Large setup violations at the end of those stages might be difficult to fix during the post-placement implementation flow and could be the result of non-optimal XDC constraints or non-optimal design architecture
Related violations: <none>

TIMING-16#601 Warning
Large setup violation  
There is a large setup violation of -1.525 ns between dut/COSSET[3].unite_lists/genblk1_0.dut/metrics1_r_reg[33]/C (clocked by sys_clk_pin) and dut/COSSET[3].unite_lists/genblk1_0.dut/SS_00/m_p_reg[0][0][10]/D (clocked by sys_clk_pin). Large setup violations at the end of those stages might be difficult to fix during the post-placement implementation flow and could be the result of non-optimal XDC constraints or non-optimal design architecture
Related violations: <none>

TIMING-16#602 Warning
Large setup violation  
There is a large setup violation of -1.526 ns between dut/COSSET[2].unite_lists/genblk1_0.dut/FDRE/C (clocked by sys_clk_pin) and dut/COSSET[2].unite_lists/genblk1_0.dut/valid_d_reg[5]_srl7_srlopt_replica_5/D (clocked by sys_clk_pin). Large setup violations at the end of those stages might be difficult to fix during the post-placement implementation flow and could be the result of non-optimal XDC constraints or non-optimal design architecture
Related violations: <none>

TIMING-16#603 Warning
Large setup violation  
There is a large setup violation of -1.528 ns between dut/COSSET[1].unite_lists/genblk1_0.dut/metrics1_r_reg[30]/C (clocked by sys_clk_pin) and dut/COSSET[1].unite_lists/genblk1_0.dut/SS_00/m_p_reg[0][7][7]/D (clocked by sys_clk_pin). Large setup violations at the end of those stages might be difficult to fix during the post-placement implementation flow and could be the result of non-optimal XDC constraints or non-optimal design architecture
Related violations: <none>

TIMING-16#604 Warning
Large setup violation  
There is a large setup violation of -1.530 ns between dut/COSSET[3].unite_lists/genblk1_0.dut/metrics1_r_reg[31]/C (clocked by sys_clk_pin) and dut/COSSET[3].unite_lists/genblk1_0.dut/SS_00/m_p_reg[0][6][5]/D (clocked by sys_clk_pin). Large setup violations at the end of those stages might be difficult to fix during the post-placement implementation flow and could be the result of non-optimal XDC constraints or non-optimal design architecture
Related violations: <none>

TIMING-16#605 Warning
Large setup violation  
There is a large setup violation of -1.530 ns between dut/COSSET[3].unite_lists/genblk1_0.dut/metrics_r_reg[22]/C (clocked by sys_clk_pin) and dut/COSSET[3].unite_lists/genblk1_0.dut/SS_00/m_p_reg[0][3][10]/D (clocked by sys_clk_pin). Large setup violations at the end of those stages might be difficult to fix during the post-placement implementation flow and could be the result of non-optimal XDC constraints or non-optimal design architecture
Related violations: <none>

TIMING-16#606 Warning
Large setup violation  
There is a large setup violation of -1.532 ns between dut/COSSET[4].unite_lists/genblk1_0.dut/metrics1_r_reg[30]/C (clocked by sys_clk_pin) and dut/COSSET[4].unite_lists/genblk1_0.dut/SS_00/m_p_reg[0][1][10]/D (clocked by sys_clk_pin). Large setup violations at the end of those stages might be difficult to fix during the post-placement implementation flow and could be the result of non-optimal XDC constraints or non-optimal design architecture
Related violations: <none>

TIMING-16#607 Warning
Large setup violation  
There is a large setup violation of -1.533 ns between dut/COSSET[1].unite_lists/genblk1_0.dut/metrics1_r_reg[30]/C (clocked by sys_clk_pin) and dut/COSSET[1].unite_lists/genblk1_0.dut/SS_00/m_p_reg[0][7][10]/D (clocked by sys_clk_pin). Large setup violations at the end of those stages might be difficult to fix during the post-placement implementation flow and could be the result of non-optimal XDC constraints or non-optimal design architecture
Related violations: <none>

TIMING-16#608 Warning
Large setup violation  
There is a large setup violation of -1.534 ns between dut/COSSET[2].unite_lists/genblk1_0.dut/metrics_r_reg[11]/C (clocked by sys_clk_pin) and dut/COSSET[2].unite_lists/genblk1_0.dut/SS_00/m_p_reg[0][7][0]/D (clocked by sys_clk_pin). Large setup violations at the end of those stages might be difficult to fix during the post-placement implementation flow and could be the result of non-optimal XDC constraints or non-optimal design architecture
Related violations: <none>

TIMING-16#609 Warning
Large setup violation  
There is a large setup violation of -1.534 ns between dut/COSSET[3].unite_lists/genblk1_0.dut/metrics1_r_reg[31]/C (clocked by sys_clk_pin) and dut/COSSET[3].unite_lists/genblk1_0.dut/SS_00/m_p_reg[0][7][5]/D (clocked by sys_clk_pin). Large setup violations at the end of those stages might be difficult to fix during the post-placement implementation flow and could be the result of non-optimal XDC constraints or non-optimal design architecture
Related violations: <none>

TIMING-16#610 Warning
Large setup violation  
There is a large setup violation of -1.536 ns between dut/COSSET[4].unite_lists/genblk1_0.dut/metrics_r_reg[20]/C (clocked by sys_clk_pin) and dut/COSSET[4].unite_lists/genblk1_0.dut/SS_00/m_p_reg[0][2][10]/D (clocked by sys_clk_pin). Large setup violations at the end of those stages might be difficult to fix during the post-placement implementation flow and could be the result of non-optimal XDC constraints or non-optimal design architecture
Related violations: <none>

TIMING-16#611 Warning
Large setup violation  
There is a large setup violation of -1.537 ns between dut/COSSET[4].unite_lists/genblk1_0.dut/metrics1_r_reg[30]/C (clocked by sys_clk_pin) and dut/COSSET[4].unite_lists/genblk1_0.dut/SS_00/m_p_reg[0][0][10]/D (clocked by sys_clk_pin). Large setup violations at the end of those stages might be difficult to fix during the post-placement implementation flow and could be the result of non-optimal XDC constraints or non-optimal design architecture
Related violations: <none>

TIMING-16#612 Warning
Large setup violation  
There is a large setup violation of -1.537 ns between dut/COSSET[4].unite_lists/genblk1_0.dut/metrics_r_reg[20]/C (clocked by sys_clk_pin) and dut/COSSET[4].unite_lists/genblk1_0.dut/SS_00/m_p_reg[0][2][8]/D (clocked by sys_clk_pin). Large setup violations at the end of those stages might be difficult to fix during the post-placement implementation flow and could be the result of non-optimal XDC constraints or non-optimal design architecture
Related violations: <none>

TIMING-16#613 Warning
Large setup violation  
There is a large setup violation of -1.539 ns between dut/COSSET[3].unite_lists/genblk1_0.dut/metrics1_r_reg[31]/C (clocked by sys_clk_pin) and dut/COSSET[3].unite_lists/genblk1_0.dut/SS_00/m_p_reg[0][7][3]/D (clocked by sys_clk_pin). Large setup violations at the end of those stages might be difficult to fix during the post-placement implementation flow and could be the result of non-optimal XDC constraints or non-optimal design architecture
Related violations: <none>

TIMING-16#614 Warning
Large setup violation  
There is a large setup violation of -1.542 ns between dut/COSSET[3].unite_lists/genblk1_0.dut/metrics1_r_reg[14]/C (clocked by sys_clk_pin) and dut/COSSET[3].unite_lists/genblk1_0.dut/SS_00/m_p_reg[0][4][5]/D (clocked by sys_clk_pin). Large setup violations at the end of those stages might be difficult to fix during the post-placement implementation flow and could be the result of non-optimal XDC constraints or non-optimal design architecture
Related violations: <none>

TIMING-16#615 Warning
Large setup violation  
There is a large setup violation of -1.544 ns between dut/COSSET[2].unite_lists/genblk1_0.dut/SS_00/m_p_reg[2][3][9]/C (clocked by sys_clk_pin) and dut/COSSET[2].unite_lists/genblk1_0.dut/SS_00/idx_p_reg[4][7][0]_srl2/D (clocked by sys_clk_pin). Large setup violations at the end of those stages might be difficult to fix during the post-placement implementation flow and could be the result of non-optimal XDC constraints or non-optimal design architecture
Related violations: <none>

TIMING-16#616 Warning
Large setup violation  
There is a large setup violation of -1.545 ns between dut/COSSET[1].unite_lists/genblk1_0.dut/metrics1_r_reg[30]/C (clocked by sys_clk_pin) and dut/COSSET[1].unite_lists/genblk1_0.dut/SS_00/m_p_reg[0][7][4]/D (clocked by sys_clk_pin). Large setup violations at the end of those stages might be difficult to fix during the post-placement implementation flow and could be the result of non-optimal XDC constraints or non-optimal design architecture
Related violations: <none>

TIMING-16#617 Warning
Large setup violation  
There is a large setup violation of -1.546 ns between dut/COSSET[0].unite_lists/genblk1_0.dut/metrics1_r_reg[31]/C (clocked by sys_clk_pin) and dut/COSSET[0].unite_lists/genblk1_0.dut/SS_00/m_p_reg[0][7][2]/D (clocked by sys_clk_pin). Large setup violations at the end of those stages might be difficult to fix during the post-placement implementation flow and could be the result of non-optimal XDC constraints or non-optimal design architecture
Related violations: <none>

TIMING-16#618 Warning
Large setup violation  
There is a large setup violation of -1.546 ns between dut/COSSET[0].unite_lists/genblk1_0.dut/metrics_r_reg[31]/C (clocked by sys_clk_pin) and dut/COSSET[0].unite_lists/genblk1_0.dut/SS_00/idx_p_reg[0][0][0]/D (clocked by sys_clk_pin). Large setup violations at the end of those stages might be difficult to fix during the post-placement implementation flow and could be the result of non-optimal XDC constraints or non-optimal design architecture
Related violations: <none>

TIMING-16#619 Warning
Large setup violation  
There is a large setup violation of -1.547 ns between dut/COSSET[2].unite_lists/genblk1_0.dut/metrics_r_reg[0]/C (clocked by sys_clk_pin) and dut/COSSET[2].unite_lists/genblk1_0.dut/SS_00/m_p_reg[0][7][5]/D (clocked by sys_clk_pin). Large setup violations at the end of those stages might be difficult to fix during the post-placement implementation flow and could be the result of non-optimal XDC constraints or non-optimal design architecture
Related violations: <none>

TIMING-16#620 Warning
Large setup violation  
There is a large setup violation of -1.547 ns between dut/COSSET[3].unite_lists/genblk1_0.dut/metrics_r_reg[22]/C (clocked by sys_clk_pin) and dut/COSSET[3].unite_lists/genblk1_0.dut/SS_00/idx_p_reg[0][2][0]/D (clocked by sys_clk_pin). Large setup violations at the end of those stages might be difficult to fix during the post-placement implementation flow and could be the result of non-optimal XDC constraints or non-optimal design architecture
Related violations: <none>

TIMING-16#621 Warning
Large setup violation  
There is a large setup violation of -1.547 ns between dut/COSSET[4].unite_lists/genblk1_0.dut/metrics_r_reg[33]/C (clocked by sys_clk_pin) and dut/COSSET[4].unite_lists/genblk1_0.dut/SS_00/idx_p_reg[0][4][0]/D (clocked by sys_clk_pin). Large setup violations at the end of those stages might be difficult to fix during the post-placement implementation flow and could be the result of non-optimal XDC constraints or non-optimal design architecture
Related violations: <none>

TIMING-16#622 Warning
Large setup violation  
There is a large setup violation of -1.548 ns between dut/COSSET[0].unite_lists/genblk1_0.dut/metrics_r_reg[31]/C (clocked by sys_clk_pin) and dut/COSSET[0].unite_lists/genblk1_0.dut/SS_00/m_p_reg[0][0][6]/D (clocked by sys_clk_pin). Large setup violations at the end of those stages might be difficult to fix during the post-placement implementation flow and could be the result of non-optimal XDC constraints or non-optimal design architecture
Related violations: <none>

TIMING-16#623 Warning
Large setup violation  
There is a large setup violation of -1.549 ns between dut/COSSET[2].unite_lists/genblk1_0.dut/metrics_r_reg[11]/C (clocked by sys_clk_pin) and dut/COSSET[2].unite_lists/genblk1_0.dut/SS_00/m_p_reg[0][7][2]/D (clocked by sys_clk_pin). Large setup violations at the end of those stages might be difficult to fix during the post-placement implementation flow and could be the result of non-optimal XDC constraints or non-optimal design architecture
Related violations: <none>

TIMING-16#624 Warning
Large setup violation  
There is a large setup violation of -1.549 ns between dut/COSSET[4].unite_lists/genblk1_0.dut/metrics1_r_reg[30]/C (clocked by sys_clk_pin) and dut/COSSET[4].unite_lists/genblk1_0.dut/SS_00/m_p_reg[0][1][6]/D (clocked by sys_clk_pin). Large setup violations at the end of those stages might be difficult to fix during the post-placement implementation flow and could be the result of non-optimal XDC constraints or non-optimal design architecture
Related violations: <none>

TIMING-16#625 Warning
Large setup violation  
There is a large setup violation of -1.550 ns between dut/COSSET[0].unite_lists/genblk1_0.dut/metrics_r_reg[31]/C (clocked by sys_clk_pin) and dut/COSSET[0].unite_lists/genblk1_0.dut/SS_00/m_p_reg[0][1][6]/D (clocked by sys_clk_pin). Large setup violations at the end of those stages might be difficult to fix during the post-placement implementation flow and could be the result of non-optimal XDC constraints or non-optimal design architecture
Related violations: <none>

TIMING-16#626 Warning
Large setup violation  
There is a large setup violation of -1.550 ns between dut/COSSET[2].unite_lists/genblk1_0.dut/metrics_r_reg[0]/C (clocked by sys_clk_pin) and dut/COSSET[2].unite_lists/genblk1_0.dut/SS_00/m_p_reg[0][7][4]/D (clocked by sys_clk_pin). Large setup violations at the end of those stages might be difficult to fix during the post-placement implementation flow and could be the result of non-optimal XDC constraints or non-optimal design architecture
Related violations: <none>

TIMING-16#627 Warning
Large setup violation  
There is a large setup violation of -1.551 ns between dut/COSSET[0].unite_lists/genblk1_0.dut/metrics1_r_reg[31]/C (clocked by sys_clk_pin) and dut/COSSET[0].unite_lists/genblk1_0.dut/SS_00/m_p_reg[0][7][1]/D (clocked by sys_clk_pin). Large setup violations at the end of those stages might be difficult to fix during the post-placement implementation flow and could be the result of non-optimal XDC constraints or non-optimal design architecture
Related violations: <none>

TIMING-16#628 Warning
Large setup violation  
There is a large setup violation of -1.551 ns between dut/COSSET[1].unite_lists/genblk1_0.dut/metrics_r_reg[30]/C (clocked by sys_clk_pin) and dut/COSSET[1].unite_lists/genblk1_0.dut/SS_00/m_p_reg[0][5][10]/D (clocked by sys_clk_pin). Large setup violations at the end of those stages might be difficult to fix during the post-placement implementation flow and could be the result of non-optimal XDC constraints or non-optimal design architecture
Related violations: <none>

TIMING-16#629 Warning
Large setup violation  
There is a large setup violation of -1.551 ns between dut/COSSET[2].unite_lists/genblk1_0.dut/SS_00/m_p_reg[2][3][9]/C (clocked by sys_clk_pin) and dut/COSSET[2].unite_lists/genblk1_0.dut/SS_00/m_p_reg[4][7][7]_srl2/D (clocked by sys_clk_pin). Large setup violations at the end of those stages might be difficult to fix during the post-placement implementation flow and could be the result of non-optimal XDC constraints or non-optimal design architecture
Related violations: <none>

TIMING-16#630 Warning
Large setup violation  
There is a large setup violation of -1.552 ns between dut/COSSET[1].unite_lists/genblk1_0.dut/metrics_r_reg[30]/C (clocked by sys_clk_pin) and dut/COSSET[1].unite_lists/genblk1_0.dut/SS_00/m_p_reg[0][5][6]/D (clocked by sys_clk_pin). Large setup violations at the end of those stages might be difficult to fix during the post-placement implementation flow and could be the result of non-optimal XDC constraints or non-optimal design architecture
Related violations: <none>

TIMING-16#631 Warning
Large setup violation  
There is a large setup violation of -1.552 ns between dut/COSSET[3].unite_lists/genblk1_0.dut/metrics_r_reg[22]/C (clocked by sys_clk_pin) and dut/COSSET[3].unite_lists/genblk1_0.dut/SS_00/m_p_reg[0][2][6]/D (clocked by sys_clk_pin). Large setup violations at the end of those stages might be difficult to fix during the post-placement implementation flow and could be the result of non-optimal XDC constraints or non-optimal design architecture
Related violations: <none>

TIMING-16#632 Warning
Large setup violation  
There is a large setup violation of -1.552 ns between dut/COSSET[4].unite_lists/genblk1_0.dut/metrics_r_reg[33]/C (clocked by sys_clk_pin) and dut/COSSET[4].unite_lists/genblk1_0.dut/SS_00/m_p_reg[0][4][7]/D (clocked by sys_clk_pin). Large setup violations at the end of those stages might be difficult to fix during the post-placement implementation flow and could be the result of non-optimal XDC constraints or non-optimal design architecture
Related violations: <none>

TIMING-16#633 Warning
Large setup violation  
There is a large setup violation of -1.553 ns between dut/COSSET[3].unite_lists/genblk1_0.dut/metrics1_r_reg[33]/C (clocked by sys_clk_pin) and dut/COSSET[3].unite_lists/genblk1_0.dut/SS_00/m_p_reg[0][0][8]/D (clocked by sys_clk_pin). Large setup violations at the end of those stages might be difficult to fix during the post-placement implementation flow and could be the result of non-optimal XDC constraints or non-optimal design architecture
Related violations: <none>

TIMING-16#634 Warning
Large setup violation  
There is a large setup violation of -1.556 ns between dut/COSSET[2].unite_lists/genblk1_0.dut/metrics_r_reg[30]/C (clocked by sys_clk_pin) and dut/COSSET[2].unite_lists/genblk1_0.dut/SS_00/m_p_reg[0][4][10]/D (clocked by sys_clk_pin). Large setup violations at the end of those stages might be difficult to fix during the post-placement implementation flow and could be the result of non-optimal XDC constraints or non-optimal design architecture
Related violations: <none>

TIMING-16#635 Warning
Large setup violation  
There is a large setup violation of -1.558 ns between dut/COSSET[1].unite_lists/genblk1_0.dut/metrics_r_reg[20]/C (clocked by sys_clk_pin) and dut/COSSET[1].unite_lists/genblk1_0.dut/SS_00/m_p_reg[0][2][9]/D (clocked by sys_clk_pin). Large setup violations at the end of those stages might be difficult to fix during the post-placement implementation flow and could be the result of non-optimal XDC constraints or non-optimal design architecture
Related violations: <none>

TIMING-16#636 Warning
Large setup violation  
There is a large setup violation of -1.558 ns between dut/COSSET[1].unite_lists/genblk1_0.dut/metrics_r_reg[30]/C (clocked by sys_clk_pin) and dut/COSSET[1].unite_lists/genblk1_0.dut/SS_00/m_p_reg[0][0][10]/D (clocked by sys_clk_pin). Large setup violations at the end of those stages might be difficult to fix during the post-placement implementation flow and could be the result of non-optimal XDC constraints or non-optimal design architecture
Related violations: <none>

TIMING-16#637 Warning
Large setup violation  
There is a large setup violation of -1.558 ns between dut/COSSET[2].unite_lists/genblk1_0.dut/metrics_r_reg[20]/C (clocked by sys_clk_pin) and dut/COSSET[2].unite_lists/genblk1_0.dut/SS_00/m_p_reg[0][2][4]/D (clocked by sys_clk_pin). Large setup violations at the end of those stages might be difficult to fix during the post-placement implementation flow and could be the result of non-optimal XDC constraints or non-optimal design architecture
Related violations: <none>

TIMING-16#638 Warning
Large setup violation  
There is a large setup violation of -1.558 ns between dut/COSSET[4].unite_lists/genblk1_0.dut/metrics1_r_reg[32]/C (clocked by sys_clk_pin) and dut/COSSET[4].unite_lists/genblk1_0.dut/SS_00/idx_p_reg[0][6][0]/D (clocked by sys_clk_pin). Large setup violations at the end of those stages might be difficult to fix during the post-placement implementation flow and could be the result of non-optimal XDC constraints or non-optimal design architecture
Related violations: <none>

TIMING-16#639 Warning
Large setup violation  
There is a large setup violation of -1.558 ns between dut/COSSET[4].unite_lists/genblk1_0.dut/metrics_r_reg[33]/C (clocked by sys_clk_pin) and dut/COSSET[4].unite_lists/genblk1_0.dut/SS_00/m_p_reg[0][5][2]/D (clocked by sys_clk_pin). Large setup violations at the end of those stages might be difficult to fix during the post-placement implementation flow and could be the result of non-optimal XDC constraints or non-optimal design architecture
Related violations: <none>

TIMING-16#640 Warning
Large setup violation  
There is a large setup violation of -1.559 ns between dut/COSSET[0].unite_lists/genblk1_0.dut/metrics_r_reg[31]/C (clocked by sys_clk_pin) and dut/COSSET[0].unite_lists/genblk1_0.dut/SS_00/m_p_reg[0][1][7]/D (clocked by sys_clk_pin). Large setup violations at the end of those stages might be difficult to fix during the post-placement implementation flow and could be the result of non-optimal XDC constraints or non-optimal design architecture
Related violations: <none>

TIMING-16#641 Warning
Large setup violation  
There is a large setup violation of -1.559 ns between dut/COSSET[1].unite_lists/genblk1_0.dut/metrics_r_reg[30]/C (clocked by sys_clk_pin) and dut/COSSET[1].unite_lists/genblk1_0.dut/SS_00/m_p_reg[0][0][8]/D (clocked by sys_clk_pin). Large setup violations at the end of those stages might be difficult to fix during the post-placement implementation flow and could be the result of non-optimal XDC constraints or non-optimal design architecture
Related violations: <none>

TIMING-16#642 Warning
Large setup violation  
There is a large setup violation of -1.561 ns between dut/COSSET[0].unite_lists/genblk1_0.dut/metrics1_r_reg[31]/C (clocked by sys_clk_pin) and dut/COSSET[0].unite_lists/genblk1_0.dut/SS_00/m_p_reg[0][7][9]/D (clocked by sys_clk_pin). Large setup violations at the end of those stages might be difficult to fix during the post-placement implementation flow and could be the result of non-optimal XDC constraints or non-optimal design architecture
Related violations: <none>

TIMING-16#643 Warning
Large setup violation  
There is a large setup violation of -1.563 ns between dut/COSSET[1].unite_lists/genblk1_0.dut/metrics_r_reg[20]/C (clocked by sys_clk_pin) and dut/COSSET[1].unite_lists/genblk1_0.dut/SS_00/m_p_reg[0][2][10]/D (clocked by sys_clk_pin). Large setup violations at the end of those stages might be difficult to fix during the post-placement implementation flow and could be the result of non-optimal XDC constraints or non-optimal design architecture
Related violations: <none>

TIMING-16#644 Warning
Large setup violation  
There is a large setup violation of -1.563 ns between dut/COSSET[2].unite_lists/genblk1_0.dut/metrics_r_reg[30]/C (clocked by sys_clk_pin) and dut/COSSET[2].unite_lists/genblk1_0.dut/SS_00/m_p_reg[0][5][8]/D (clocked by sys_clk_pin). Large setup violations at the end of those stages might be difficult to fix during the post-placement implementation flow and could be the result of non-optimal XDC constraints or non-optimal design architecture
Related violations: <none>

TIMING-16#645 Warning
Large setup violation  
There is a large setup violation of -1.564 ns between dut/COSSET[2].unite_lists/genblk1_0.dut/metrics_r_reg[32]/C (clocked by sys_clk_pin) and dut/COSSET[2].unite_lists/genblk1_0.dut/SS_00/m_p_reg[0][0][7]/D (clocked by sys_clk_pin). Large setup violations at the end of those stages might be difficult to fix during the post-placement implementation flow and could be the result of non-optimal XDC constraints or non-optimal design architecture
Related violations: <none>

TIMING-16#646 Warning
Large setup violation  
There is a large setup violation of -1.566 ns between dut/COSSET[0].unite_lists/genblk1_0.dut/metrics_r_reg[31]/C (clocked by sys_clk_pin) and dut/COSSET[0].unite_lists/genblk1_0.dut/SS_00/m_p_reg[0][0][7]/D (clocked by sys_clk_pin). Large setup violations at the end of those stages might be difficult to fix during the post-placement implementation flow and could be the result of non-optimal XDC constraints or non-optimal design architecture
Related violations: <none>

TIMING-16#647 Warning
Large setup violation  
There is a large setup violation of -1.566 ns between dut/COSSET[0].unite_lists/genblk1_0.dut/metrics_r_reg[31]/C (clocked by sys_clk_pin) and dut/COSSET[0].unite_lists/genblk1_0.dut/SS_00/m_p_reg[0][5][9]/D (clocked by sys_clk_pin). Large setup violations at the end of those stages might be difficult to fix during the post-placement implementation flow and could be the result of non-optimal XDC constraints or non-optimal design architecture
Related violations: <none>

TIMING-16#648 Warning
Large setup violation  
There is a large setup violation of -1.567 ns between dut/COSSET[1].unite_lists/genblk1_0.dut/metrics1_r_reg[30]/C (clocked by sys_clk_pin) and dut/COSSET[1].unite_lists/genblk1_0.dut/SS_00/m_p_reg[0][6][5]/D (clocked by sys_clk_pin). Large setup violations at the end of those stages might be difficult to fix during the post-placement implementation flow and could be the result of non-optimal XDC constraints or non-optimal design architecture
Related violations: <none>

TIMING-16#649 Warning
Large setup violation  
There is a large setup violation of -1.568 ns between dut/COSSET[1].unite_lists/genblk1_0.dut/metrics1_r_reg[32]/C (clocked by sys_clk_pin) and dut/COSSET[1].unite_lists/genblk1_0.dut/SS_00/m_p_reg[0][3][7]/D (clocked by sys_clk_pin). Large setup violations at the end of those stages might be difficult to fix during the post-placement implementation flow and could be the result of non-optimal XDC constraints or non-optimal design architecture
Related violations: <none>

TIMING-16#650 Warning
Large setup violation  
There is a large setup violation of -1.568 ns between dut/COSSET[2].unite_lists/genblk1_0.dut/metrics_r_reg[32]/C (clocked by sys_clk_pin) and dut/COSSET[2].unite_lists/genblk1_0.dut/SS_00/m_p_reg[0][1][5]/D (clocked by sys_clk_pin). Large setup violations at the end of those stages might be difficult to fix during the post-placement implementation flow and could be the result of non-optimal XDC constraints or non-optimal design architecture
Related violations: <none>

TIMING-16#651 Warning
Large setup violation  
There is a large setup violation of -1.570 ns between dut/COSSET[1].unite_lists/genblk1_0.dut/metrics1_r_reg[30]/C (clocked by sys_clk_pin) and dut/COSSET[1].unite_lists/genblk1_0.dut/SS_00/m_p_reg[0][7][6]/D (clocked by sys_clk_pin). Large setup violations at the end of those stages might be difficult to fix during the post-placement implementation flow and could be the result of non-optimal XDC constraints or non-optimal design architecture
Related violations: <none>

TIMING-16#652 Warning
Large setup violation  
There is a large setup violation of -1.570 ns between dut/COSSET[1].unite_lists/genblk1_0.dut/metrics1_r_reg[32]/C (clocked by sys_clk_pin) and dut/COSSET[1].unite_lists/genblk1_0.dut/SS_00/m_p_reg[0][3][5]/D (clocked by sys_clk_pin). Large setup violations at the end of those stages might be difficult to fix during the post-placement implementation flow and could be the result of non-optimal XDC constraints or non-optimal design architecture
Related violations: <none>

TIMING-16#653 Warning
Large setup violation  
There is a large setup violation of -1.570 ns between dut/COSSET[2].unite_lists/genblk1_0.dut/metrics_r_reg[32]/C (clocked by sys_clk_pin) and dut/COSSET[2].unite_lists/genblk1_0.dut/SS_00/m_p_reg[0][1][1]/D (clocked by sys_clk_pin). Large setup violations at the end of those stages might be difficult to fix during the post-placement implementation flow and could be the result of non-optimal XDC constraints or non-optimal design architecture
Related violations: <none>

TIMING-16#654 Warning
Large setup violation  
There is a large setup violation of -1.571 ns between dut/COSSET[2].unite_lists/genblk1_0.dut/metrics_r_reg[11]/C (clocked by sys_clk_pin) and dut/COSSET[2].unite_lists/genblk1_0.dut/SS_00/m_p_reg[0][6][0]/D (clocked by sys_clk_pin). Large setup violations at the end of those stages might be difficult to fix during the post-placement implementation flow and could be the result of non-optimal XDC constraints or non-optimal design architecture
Related violations: <none>

TIMING-16#655 Warning
Large setup violation  
There is a large setup violation of -1.571 ns between dut/COSSET[2].unite_lists/genblk1_0.dut/metrics_r_reg[32]/C (clocked by sys_clk_pin) and dut/COSSET[2].unite_lists/genblk1_0.dut/SS_00/m_p_reg[0][1][2]/D (clocked by sys_clk_pin). Large setup violations at the end of those stages might be difficult to fix during the post-placement implementation flow and could be the result of non-optimal XDC constraints or non-optimal design architecture
Related violations: <none>

TIMING-16#656 Warning
Large setup violation  
There is a large setup violation of -1.572 ns between dut/COSSET[0].unite_lists/genblk1_0.dut/metrics_r_reg[31]/C (clocked by sys_clk_pin) and dut/COSSET[0].unite_lists/genblk1_0.dut/SS_00/m_p_reg[0][5][2]/D (clocked by sys_clk_pin). Large setup violations at the end of those stages might be difficult to fix during the post-placement implementation flow and could be the result of non-optimal XDC constraints or non-optimal design architecture
Related violations: <none>

TIMING-16#657 Warning
Large setup violation  
There is a large setup violation of -1.572 ns between dut/COSSET[1].unite_lists/genblk1_0.dut/metrics1_r_reg[30]/C (clocked by sys_clk_pin) and dut/COSSET[1].unite_lists/genblk1_0.dut/SS_00/m_p_reg[0][6][8]/D (clocked by sys_clk_pin). Large setup violations at the end of those stages might be difficult to fix during the post-placement implementation flow and could be the result of non-optimal XDC constraints or non-optimal design architecture
Related violations: <none>

TIMING-16#658 Warning
Large setup violation  
There is a large setup violation of -1.573 ns between dut/COSSET[4].unite_lists/genblk1_0.dut/metrics_r_reg[33]/C (clocked by sys_clk_pin) and dut/COSSET[4].unite_lists/genblk1_0.dut/SS_00/m_p_reg[0][4][4]/D (clocked by sys_clk_pin). Large setup violations at the end of those stages might be difficult to fix during the post-placement implementation flow and could be the result of non-optimal XDC constraints or non-optimal design architecture
Related violations: <none>

TIMING-16#659 Warning
Large setup violation  
There is a large setup violation of -1.574 ns between dut/COSSET[4].unite_lists/genblk1_0.dut/metrics_r_reg[33]/C (clocked by sys_clk_pin) and dut/COSSET[4].unite_lists/genblk1_0.dut/SS_00/m_p_reg[0][4][2]/D (clocked by sys_clk_pin). Large setup violations at the end of those stages might be difficult to fix during the post-placement implementation flow and could be the result of non-optimal XDC constraints or non-optimal design architecture
Related violations: <none>

TIMING-16#660 Warning
Large setup violation  
There is a large setup violation of -1.576 ns between dut/COSSET[2].unite_lists/genblk1_0.dut/metrics_r_reg[32]/C (clocked by sys_clk_pin) and dut/COSSET[2].unite_lists/genblk1_0.dut/SS_00/m_p_reg[0][1][0]/D (clocked by sys_clk_pin). Large setup violations at the end of those stages might be difficult to fix during the post-placement implementation flow and could be the result of non-optimal XDC constraints or non-optimal design architecture
Related violations: <none>

TIMING-16#661 Warning
Large setup violation  
There is a large setup violation of -1.577 ns between dut/COSSET[0].unite_lists/genblk1_0.dut/metrics_r_reg[31]/C (clocked by sys_clk_pin) and dut/COSSET[0].unite_lists/genblk1_0.dut/SS_00/m_p_reg[0][1][4]/D (clocked by sys_clk_pin). Large setup violations at the end of those stages might be difficult to fix during the post-placement implementation flow and could be the result of non-optimal XDC constraints or non-optimal design architecture
Related violations: <none>

TIMING-16#662 Warning
Large setup violation  
There is a large setup violation of -1.578 ns between dut/COSSET[0].unite_lists/genblk1_0.dut/metrics_r_reg[31]/C (clocked by sys_clk_pin) and dut/COSSET[0].unite_lists/genblk1_0.dut/SS_00/m_p_reg[0][0][4]/D (clocked by sys_clk_pin). Large setup violations at the end of those stages might be difficult to fix during the post-placement implementation flow and could be the result of non-optimal XDC constraints or non-optimal design architecture
Related violations: <none>

TIMING-16#663 Warning
Large setup violation  
There is a large setup violation of -1.578 ns between dut/COSSET[2].unite_lists/genblk1_0.dut/metrics_r_reg[32]/C (clocked by sys_clk_pin) and dut/COSSET[2].unite_lists/genblk1_0.dut/SS_00/m_p_reg[0][0][3]/D (clocked by sys_clk_pin). Large setup violations at the end of those stages might be difficult to fix during the post-placement implementation flow and could be the result of non-optimal XDC constraints or non-optimal design architecture
Related violations: <none>

TIMING-16#664 Warning
Large setup violation  
There is a large setup violation of -1.578 ns between dut/COSSET[3].unite_lists/genblk1_0.dut/metrics1_r_reg[14]/C (clocked by sys_clk_pin) and dut/COSSET[3].unite_lists/genblk1_0.dut/SS_00/m_p_reg[0][4][2]/D (clocked by sys_clk_pin). Large setup violations at the end of those stages might be difficult to fix during the post-placement implementation flow and could be the result of non-optimal XDC constraints or non-optimal design architecture
Related violations: <none>

TIMING-16#665 Warning
Large setup violation  
There is a large setup violation of -1.582 ns between dut/COSSET[3].unite_lists/genblk1_0.dut/metrics1_r_reg[14]/C (clocked by sys_clk_pin) and dut/COSSET[3].unite_lists/genblk1_0.dut/SS_00/m_p_reg[0][4][3]/D (clocked by sys_clk_pin). Large setup violations at the end of those stages might be difficult to fix during the post-placement implementation flow and could be the result of non-optimal XDC constraints or non-optimal design architecture
Related violations: <none>

TIMING-16#666 Warning
Large setup violation  
There is a large setup violation of -1.582 ns between dut/COSSET[4].unite_lists/genblk1_0.dut/metrics_r_reg[1]/C (clocked by sys_clk_pin) and dut/COSSET[4].unite_lists/genblk1_0.dut/SS_00/m_p_reg[0][7][6]/D (clocked by sys_clk_pin). Large setup violations at the end of those stages might be difficult to fix during the post-placement implementation flow and could be the result of non-optimal XDC constraints or non-optimal design architecture
Related violations: <none>

TIMING-16#667 Warning
Large setup violation  
There is a large setup violation of -1.586 ns between dut/COSSET[1].unite_lists/genblk1_0.dut/metrics1_r_reg[32]/C (clocked by sys_clk_pin) and dut/COSSET[1].unite_lists/genblk1_0.dut/SS_00/m_p_reg[0][2][7]/D (clocked by sys_clk_pin). Large setup violations at the end of those stages might be difficult to fix during the post-placement implementation flow and could be the result of non-optimal XDC constraints or non-optimal design architecture
Related violations: <none>

TIMING-16#668 Warning
Large setup violation  
There is a large setup violation of -1.586 ns between dut/COSSET[1].unite_lists/genblk1_0.dut/metrics_r_reg[30]/C (clocked by sys_clk_pin) and dut/COSSET[1].unite_lists/genblk1_0.dut/SS_00/m_p_reg[0][4][7]/D (clocked by sys_clk_pin). Large setup violations at the end of those stages might be difficult to fix during the post-placement implementation flow and could be the result of non-optimal XDC constraints or non-optimal design architecture
Related violations: <none>

TIMING-16#669 Warning
Large setup violation  
There is a large setup violation of -1.586 ns between dut/COSSET[3].unite_lists/genblk1_0.dut/metrics1_r_reg[31]/C (clocked by sys_clk_pin) and dut/COSSET[3].unite_lists/genblk1_0.dut/SS_00/m_p_reg[0][6][2]/D (clocked by sys_clk_pin). Large setup violations at the end of those stages might be difficult to fix during the post-placement implementation flow and could be the result of non-optimal XDC constraints or non-optimal design architecture
Related violations: <none>

TIMING-16#670 Warning
Large setup violation  
There is a large setup violation of -1.586 ns between dut/COSSET[4].unite_lists/genblk1_0.dut/metrics1_r_reg[30]/C (clocked by sys_clk_pin) and dut/COSSET[4].unite_lists/genblk1_0.dut/SS_00/m_p_reg[0][1][1]/D (clocked by sys_clk_pin). Large setup violations at the end of those stages might be difficult to fix during the post-placement implementation flow and could be the result of non-optimal XDC constraints or non-optimal design architecture
Related violations: <none>

TIMING-16#671 Warning
Large setup violation  
There is a large setup violation of -1.587 ns between dut/COSSET[1].unite_lists/genblk1_0.dut/metrics1_r_reg[32]/C (clocked by sys_clk_pin) and dut/COSSET[1].unite_lists/genblk1_0.dut/SS_00/m_p_reg[0][2][5]/D (clocked by sys_clk_pin). Large setup violations at the end of those stages might be difficult to fix during the post-placement implementation flow and could be the result of non-optimal XDC constraints or non-optimal design architecture
Related violations: <none>

TIMING-16#672 Warning
Large setup violation  
There is a large setup violation of -1.590 ns between dut/COSSET[3].unite_lists/genblk1_0.dut/metrics1_r_reg[31]/C (clocked by sys_clk_pin) and dut/COSSET[3].unite_lists/genblk1_0.dut/SS_00/m_p_reg[0][6][9]/D (clocked by sys_clk_pin). Large setup violations at the end of those stages might be difficult to fix during the post-placement implementation flow and could be the result of non-optimal XDC constraints or non-optimal design architecture
Related violations: <none>

TIMING-16#673 Warning
Large setup violation  
There is a large setup violation of -1.591 ns between dut/COSSET[0].unite_lists/genblk1_0.dut/metrics1_r_reg[31]/C (clocked by sys_clk_pin) and dut/COSSET[0].unite_lists/genblk1_0.dut/SS_00/m_p_reg[0][7][5]/D (clocked by sys_clk_pin). Large setup violations at the end of those stages might be difficult to fix during the post-placement implementation flow and could be the result of non-optimal XDC constraints or non-optimal design architecture
Related violations: <none>

TIMING-16#674 Warning
Large setup violation  
There is a large setup violation of -1.591 ns between dut/COSSET[1].unite_lists/genblk1_0.dut/metrics_r_reg[30]/C (clocked by sys_clk_pin) and dut/COSSET[1].unite_lists/genblk1_0.dut/SS_00/m_p_reg[0][4][10]/D (clocked by sys_clk_pin). Large setup violations at the end of those stages might be difficult to fix during the post-placement implementation flow and could be the result of non-optimal XDC constraints or non-optimal design architecture
Related violations: <none>

TIMING-16#675 Warning
Large setup violation  
There is a large setup violation of -1.592 ns between dut/COSSET[2].unite_lists/genblk1_0.dut/metrics_r_reg[11]/C (clocked by sys_clk_pin) and dut/COSSET[2].unite_lists/genblk1_0.dut/SS_00/m_p_reg[0][7][6]/D (clocked by sys_clk_pin). Large setup violations at the end of those stages might be difficult to fix during the post-placement implementation flow and could be the result of non-optimal XDC constraints or non-optimal design architecture
Related violations: <none>

TIMING-16#676 Warning
Large setup violation  
There is a large setup violation of -1.593 ns between dut/COSSET[1].unite_lists/genblk1_0.dut/SS_00/m_p_reg[2][7][3]/C (clocked by sys_clk_pin) and dut/COSSET[1].unite_lists/genblk1_0.dut/SS_00/m_p_reg[4][7][1]_srl2/D (clocked by sys_clk_pin). Large setup violations at the end of those stages might be difficult to fix during the post-placement implementation flow and could be the result of non-optimal XDC constraints or non-optimal design architecture
Related violations: <none>

TIMING-16#677 Warning
Large setup violation  
There is a large setup violation of -1.593 ns between dut/COSSET[1].unite_lists/genblk1_0.dut/metrics_r_reg[30]/C (clocked by sys_clk_pin) and dut/COSSET[1].unite_lists/genblk1_0.dut/SS_00/m_p_reg[0][1][8]/D (clocked by sys_clk_pin). Large setup violations at the end of those stages might be difficult to fix during the post-placement implementation flow and could be the result of non-optimal XDC constraints or non-optimal design architecture
Related violations: <none>

TIMING-16#678 Warning
Large setup violation  
There is a large setup violation of -1.593 ns between dut/COSSET[3].unite_lists/genblk1_0.dut/metrics1_r_reg[14]/C (clocked by sys_clk_pin) and dut/COSSET[3].unite_lists/genblk1_0.dut/SS_00/m_p_reg[0][4][6]/D (clocked by sys_clk_pin). Large setup violations at the end of those stages might be difficult to fix during the post-placement implementation flow and could be the result of non-optimal XDC constraints or non-optimal design architecture
Related violations: <none>

TIMING-16#679 Warning
Large setup violation  
There is a large setup violation of -1.594 ns between dut/COSSET[3].unite_lists/genblk1_0.dut/metrics1_r_reg[33]/C (clocked by sys_clk_pin) and dut/COSSET[3].unite_lists/genblk1_0.dut/SS_00/m_p_reg[0][0][0]/D (clocked by sys_clk_pin). Large setup violations at the end of those stages might be difficult to fix during the post-placement implementation flow and could be the result of non-optimal XDC constraints or non-optimal design architecture
Related violations: <none>

TIMING-16#680 Warning
Large setup violation  
There is a large setup violation of -1.594 ns between dut/COSSET[3].unite_lists/genblk1_0.dut/metrics_r_reg[22]/C (clocked by sys_clk_pin) and dut/COSSET[3].unite_lists/genblk1_0.dut/SS_00/m_p_reg[0][2][3]/D (clocked by sys_clk_pin). Large setup violations at the end of those stages might be difficult to fix during the post-placement implementation flow and could be the result of non-optimal XDC constraints or non-optimal design architecture
Related violations: <none>

TIMING-16#681 Warning
Large setup violation  
There is a large setup violation of -1.595 ns between dut/COSSET[1].unite_lists/genblk1_0.dut/metrics_r_reg[32]/C (clocked by sys_clk_pin) and dut/COSSET[1].unite_lists/genblk1_0.dut/SS_00/m_p_reg[0][5][9]/D (clocked by sys_clk_pin). Large setup violations at the end of those stages might be difficult to fix during the post-placement implementation flow and could be the result of non-optimal XDC constraints or non-optimal design architecture
Related violations: <none>

TIMING-16#682 Warning
Large setup violation  
There is a large setup violation of -1.595 ns between dut/COSSET[3].unite_lists/genblk1_0.dut/metrics1_r_reg[31]/C (clocked by sys_clk_pin) and dut/COSSET[3].unite_lists/genblk1_0.dut/SS_00/m_p_reg[0][7][1]/D (clocked by sys_clk_pin). Large setup violations at the end of those stages might be difficult to fix during the post-placement implementation flow and could be the result of non-optimal XDC constraints or non-optimal design architecture
Related violations: <none>

TIMING-16#683 Warning
Large setup violation  
There is a large setup violation of -1.596 ns between dut/COSSET[0].unite_lists/genblk1_0.dut/metrics_r_reg[32]/C (clocked by sys_clk_pin) and dut/COSSET[0].unite_lists/genblk1_0.dut/SS_00/m_p_reg[0][5][7]/D (clocked by sys_clk_pin). Large setup violations at the end of those stages might be difficult to fix during the post-placement implementation flow and could be the result of non-optimal XDC constraints or non-optimal design architecture
Related violations: <none>

TIMING-16#684 Warning
Large setup violation  
There is a large setup violation of -1.596 ns between dut/COSSET[3].unite_lists/genblk1_0.dut/metrics1_r_reg[14]/C (clocked by sys_clk_pin) and dut/COSSET[3].unite_lists/genblk1_0.dut/SS_00/m_p_reg[0][5][4]/D (clocked by sys_clk_pin). Large setup violations at the end of those stages might be difficult to fix during the post-placement implementation flow and could be the result of non-optimal XDC constraints or non-optimal design architecture
Related violations: <none>

TIMING-16#685 Warning
Large setup violation  
There is a large setup violation of -1.597 ns between dut/COSSET[3].unite_lists/genblk1_0.dut/metrics1_r_reg[14]/C (clocked by sys_clk_pin) and dut/COSSET[3].unite_lists/genblk1_0.dut/SS_00/m_p_reg[0][5][2]/D (clocked by sys_clk_pin). Large setup violations at the end of those stages might be difficult to fix during the post-placement implementation flow and could be the result of non-optimal XDC constraints or non-optimal design architecture
Related violations: <none>

TIMING-16#686 Warning
Large setup violation  
There is a large setup violation of -1.598 ns between dut/COSSET[0].unite_lists/genblk1_0.dut/metrics1_r_reg[31]/C (clocked by sys_clk_pin) and dut/COSSET[0].unite_lists/genblk1_0.dut/SS_00/m_p_reg[0][2][10]/D (clocked by sys_clk_pin). Large setup violations at the end of those stages might be difficult to fix during the post-placement implementation flow and could be the result of non-optimal XDC constraints or non-optimal design architecture
Related violations: <none>

TIMING-16#687 Warning
Large setup violation  
There is a large setup violation of -1.598 ns between dut/COSSET[1].unite_lists/genblk1_0.dut/metrics_r_reg[30]/C (clocked by sys_clk_pin) and dut/COSSET[1].unite_lists/genblk1_0.dut/SS_00/m_p_reg[0][1][10]/D (clocked by sys_clk_pin). Large setup violations at the end of those stages might be difficult to fix during the post-placement implementation flow and could be the result of non-optimal XDC constraints or non-optimal design architecture
Related violations: <none>

TIMING-16#688 Warning
Large setup violation  
There is a large setup violation of -1.598 ns between dut/COSSET[2].unite_lists/genblk1_0.dut/metrics_r_reg[30]/C (clocked by sys_clk_pin) and dut/COSSET[2].unite_lists/genblk1_0.dut/SS_00/m_p_reg[0][5][10]/D (clocked by sys_clk_pin). Large setup violations at the end of those stages might be difficult to fix during the post-placement implementation flow and could be the result of non-optimal XDC constraints or non-optimal design architecture
Related violations: <none>

TIMING-16#689 Warning
Large setup violation  
There is a large setup violation of -1.599 ns between dut/COSSET[0].unite_lists/genblk1_0.dut/metrics1_r_reg[31]/C (clocked by sys_clk_pin) and dut/COSSET[0].unite_lists/genblk1_0.dut/SS_00/m_p_reg[0][2][9]/D (clocked by sys_clk_pin). Large setup violations at the end of those stages might be difficult to fix during the post-placement implementation flow and could be the result of non-optimal XDC constraints or non-optimal design architecture
Related violations: <none>

TIMING-16#690 Warning
Large setup violation  
There is a large setup violation of -1.599 ns between dut/COSSET[2].unite_lists/genblk1_0.dut/metrics_r_reg[30]/C (clocked by sys_clk_pin) and dut/COSSET[2].unite_lists/genblk1_0.dut/SS_00/m_p_reg[0][4][8]/D (clocked by sys_clk_pin). Large setup violations at the end of those stages might be difficult to fix during the post-placement implementation flow and could be the result of non-optimal XDC constraints or non-optimal design architecture
Related violations: <none>

TIMING-16#691 Warning
Large setup violation  
There is a large setup violation of -1.600 ns between dut/COSSET[1].unite_lists/genblk1_0.dut/SS_00/m_p_reg[2][7][3]/C (clocked by sys_clk_pin) and dut/COSSET[1].unite_lists/genblk1_0.dut/SS_00/m_p_reg[4][7][7]_srl2/D (clocked by sys_clk_pin). Large setup violations at the end of those stages might be difficult to fix during the post-placement implementation flow and could be the result of non-optimal XDC constraints or non-optimal design architecture
Related violations: <none>

TIMING-16#692 Warning
Large setup violation  
There is a large setup violation of -1.600 ns between dut/COSSET[4].unite_lists/genblk1_0.dut/metrics_r_reg[20]/C (clocked by sys_clk_pin) and dut/COSSET[4].unite_lists/genblk1_0.dut/SS_00/m_p_reg[0][3][9]/D (clocked by sys_clk_pin). Large setup violations at the end of those stages might be difficult to fix during the post-placement implementation flow and could be the result of non-optimal XDC constraints or non-optimal design architecture
Related violations: <none>

TIMING-16#693 Warning
Large setup violation  
There is a large setup violation of -1.601 ns between dut/COSSET[1].unite_lists/genblk1_0.dut/metrics_r_reg[32]/C (clocked by sys_clk_pin) and dut/COSSET[1].unite_lists/genblk1_0.dut/SS_00/m_p_reg[0][5][7]/D (clocked by sys_clk_pin). Large setup violations at the end of those stages might be difficult to fix during the post-placement implementation flow and could be the result of non-optimal XDC constraints or non-optimal design architecture
Related violations: <none>

TIMING-16#694 Warning
Large setup violation  
There is a large setup violation of -1.602 ns between dut/COSSET[0].unite_lists/genblk1_0.dut/metrics_r_reg[32]/C (clocked by sys_clk_pin) and dut/COSSET[0].unite_lists/genblk1_0.dut/SS_00/m_p_reg[0][5][3]/D (clocked by sys_clk_pin). Large setup violations at the end of those stages might be difficult to fix during the post-placement implementation flow and could be the result of non-optimal XDC constraints or non-optimal design architecture
Related violations: <none>

TIMING-16#695 Warning
Large setup violation  
There is a large setup violation of -1.602 ns between dut/COSSET[3].unite_lists/genblk1_0.dut/metrics1_r_reg[31]/C (clocked by sys_clk_pin) and dut/COSSET[3].unite_lists/genblk1_0.dut/SS_00/m_p_reg[0][6][1]/D (clocked by sys_clk_pin). Large setup violations at the end of those stages might be difficult to fix during the post-placement implementation flow and could be the result of non-optimal XDC constraints or non-optimal design architecture
Related violations: <none>

TIMING-16#696 Warning
Large setup violation  
There is a large setup violation of -1.602 ns between dut/COSSET[3].unite_lists/genblk1_0.dut/metrics1_r_reg[31]/C (clocked by sys_clk_pin) and dut/COSSET[3].unite_lists/genblk1_0.dut/SS_00/m_p_reg[0][7][2]/D (clocked by sys_clk_pin). Large setup violations at the end of those stages might be difficult to fix during the post-placement implementation flow and could be the result of non-optimal XDC constraints or non-optimal design architecture
Related violations: <none>

TIMING-16#697 Warning
Large setup violation  
There is a large setup violation of -1.602 ns between dut/COSSET[4].unite_lists/genblk1_0.dut/metrics_r_reg[20]/C (clocked by sys_clk_pin) and dut/COSSET[4].unite_lists/genblk1_0.dut/SS_00/m_p_reg[0][3][5]/D (clocked by sys_clk_pin). Large setup violations at the end of those stages might be difficult to fix during the post-placement implementation flow and could be the result of non-optimal XDC constraints or non-optimal design architecture
Related violations: <none>

TIMING-16#698 Warning
Large setup violation  
There is a large setup violation of -1.605 ns between dut/COSSET[3].unite_lists/genblk1_0.dut/metrics1_r_reg[33]/C (clocked by sys_clk_pin) and dut/COSSET[3].unite_lists/genblk1_0.dut/SS_00/idx_p_reg[0][0][0]/D (clocked by sys_clk_pin). Large setup violations at the end of those stages might be difficult to fix during the post-placement implementation flow and could be the result of non-optimal XDC constraints or non-optimal design architecture
Related violations: <none>

TIMING-16#699 Warning
Large setup violation  
There is a large setup violation of -1.607 ns between dut/COSSET[2].unite_lists/genblk1_0.dut/metrics_r_reg[20]/C (clocked by sys_clk_pin) and dut/COSSET[2].unite_lists/genblk1_0.dut/SS_00/m_p_reg[0][2][0]/D (clocked by sys_clk_pin). Large setup violations at the end of those stages might be difficult to fix during the post-placement implementation flow and could be the result of non-optimal XDC constraints or non-optimal design architecture
Related violations: <none>

TIMING-16#700 Warning
Large setup violation  
There is a large setup violation of -1.608 ns between dut/COSSET[1].unite_lists/genblk1_0.dut/metrics1_r_reg[30]/C (clocked by sys_clk_pin) and dut/COSSET[1].unite_lists/genblk1_0.dut/SS_00/m_p_reg[0][6][6]/D (clocked by sys_clk_pin). Large setup violations at the end of those stages might be difficult to fix during the post-placement implementation flow and could be the result of non-optimal XDC constraints or non-optimal design architecture
Related violations: <none>

TIMING-16#701 Warning
Large setup violation  
There is a large setup violation of -1.608 ns between dut/COSSET[1].unite_lists/genblk1_0.dut/metrics_r_reg[33]/C (clocked by sys_clk_pin) and dut/COSSET[1].unite_lists/genblk1_0.dut/SS_00/m_p_reg[0][0][0]/D (clocked by sys_clk_pin). Large setup violations at the end of those stages might be difficult to fix during the post-placement implementation flow and could be the result of non-optimal XDC constraints or non-optimal design architecture
Related violations: <none>

TIMING-16#702 Warning
Large setup violation  
There is a large setup violation of -1.608 ns between dut/COSSET[2].unite_lists/genblk1_0.dut/metrics_r_reg[20]/C (clocked by sys_clk_pin) and dut/COSSET[2].unite_lists/genblk1_0.dut/SS_00/m_p_reg[0][2][6]/D (clocked by sys_clk_pin). Large setup violations at the end of those stages might be difficult to fix during the post-placement implementation flow and could be the result of non-optimal XDC constraints or non-optimal design architecture
Related violations: <none>

TIMING-16#703 Warning
Large setup violation  
There is a large setup violation of -1.609 ns between dut/COSSET[0].unite_lists/genblk1_0.dut/metrics1_r_reg[31]/C (clocked by sys_clk_pin) and dut/COSSET[0].unite_lists/genblk1_0.dut/SS_00/m_p_reg[0][7][3]/D (clocked by sys_clk_pin). Large setup violations at the end of those stages might be difficult to fix during the post-placement implementation flow and could be the result of non-optimal XDC constraints or non-optimal design architecture
Related violations: <none>

TIMING-16#704 Warning
Large setup violation  
There is a large setup violation of -1.610 ns between dut/COSSET[3].unite_lists/genblk1_0.dut/metrics_r_reg[22]/C (clocked by sys_clk_pin) and dut/COSSET[3].unite_lists/genblk1_0.dut/SS_00/m_p_reg[0][3][2]/D (clocked by sys_clk_pin). Large setup violations at the end of those stages might be difficult to fix during the post-placement implementation flow and could be the result of non-optimal XDC constraints or non-optimal design architecture
Related violations: <none>

TIMING-16#705 Warning
Large setup violation  
There is a large setup violation of -1.611 ns between dut/COSSET[4].unite_lists/genblk1_0.dut/metrics_r_reg[1]/C (clocked by sys_clk_pin) and dut/COSSET[4].unite_lists/genblk1_0.dut/SS_00/m_p_reg[0][6][6]/D (clocked by sys_clk_pin). Large setup violations at the end of those stages might be difficult to fix during the post-placement implementation flow and could be the result of non-optimal XDC constraints or non-optimal design architecture
Related violations: <none>

TIMING-16#706 Warning
Large setup violation  
There is a large setup violation of -1.612 ns between dut/COSSET[3].unite_lists/genblk1_0.dut/metrics1_r_reg[31]/C (clocked by sys_clk_pin) and dut/COSSET[3].unite_lists/genblk1_0.dut/SS_00/m_p_reg[0][7][9]/D (clocked by sys_clk_pin). Large setup violations at the end of those stages might be difficult to fix during the post-placement implementation flow and could be the result of non-optimal XDC constraints or non-optimal design architecture
Related violations: <none>

TIMING-16#707 Warning
Large setup violation  
There is a large setup violation of -1.613 ns between dut/COSSET[4].unite_lists/genblk1_0.dut/metrics1_r_reg[32]/C (clocked by sys_clk_pin) and dut/COSSET[4].unite_lists/genblk1_0.dut/SS_00/m_p_reg[0][6][9]/D (clocked by sys_clk_pin). Large setup violations at the end of those stages might be difficult to fix during the post-placement implementation flow and could be the result of non-optimal XDC constraints or non-optimal design architecture
Related violations: <none>

TIMING-16#708 Warning
Large setup violation  
There is a large setup violation of -1.615 ns between dut/COSSET[3].unite_lists/genblk1_0.dut/metrics1_r_reg[14]/C (clocked by sys_clk_pin) and dut/COSSET[3].unite_lists/genblk1_0.dut/SS_00/m_p_reg[0][5][6]/D (clocked by sys_clk_pin). Large setup violations at the end of those stages might be difficult to fix during the post-placement implementation flow and could be the result of non-optimal XDC constraints or non-optimal design architecture
Related violations: <none>

TIMING-16#709 Warning
Large setup violation  
There is a large setup violation of -1.618 ns between dut/COSSET[1].unite_lists/genblk1_0.dut/metrics_r_reg[30]/C (clocked by sys_clk_pin) and dut/COSSET[1].unite_lists/genblk1_0.dut/SS_00/m_p_reg[0][5][0]/D (clocked by sys_clk_pin). Large setup violations at the end of those stages might be difficult to fix during the post-placement implementation flow and could be the result of non-optimal XDC constraints or non-optimal design architecture
Related violations: <none>

TIMING-16#710 Warning
Large setup violation  
There is a large setup violation of -1.620 ns between dut/COSSET[0].unite_lists/genblk1_0.dut/metrics_r_reg[32]/C (clocked by sys_clk_pin) and dut/COSSET[0].unite_lists/genblk1_0.dut/SS_00/m_p_reg[0][4][8]/D (clocked by sys_clk_pin). Large setup violations at the end of those stages might be difficult to fix during the post-placement implementation flow and could be the result of non-optimal XDC constraints or non-optimal design architecture
Related violations: <none>

TIMING-16#711 Warning
Large setup violation  
There is a large setup violation of -1.622 ns between dut/COSSET[3].unite_lists/genblk1_0.dut/metrics_r_reg[22]/C (clocked by sys_clk_pin) and dut/COSSET[3].unite_lists/genblk1_0.dut/SS_00/m_p_reg[0][3][5]/D (clocked by sys_clk_pin). Large setup violations at the end of those stages might be difficult to fix during the post-placement implementation flow and could be the result of non-optimal XDC constraints or non-optimal design architecture
Related violations: <none>

TIMING-16#712 Warning
Large setup violation  
There is a large setup violation of -1.622 ns between dut/COSSET[4].unite_lists/genblk1_0.dut/metrics1_r_reg[30]/C (clocked by sys_clk_pin) and dut/COSSET[4].unite_lists/genblk1_0.dut/SS_00/m_p_reg[0][0][7]/D (clocked by sys_clk_pin). Large setup violations at the end of those stages might be difficult to fix during the post-placement implementation flow and could be the result of non-optimal XDC constraints or non-optimal design architecture
Related violations: <none>

TIMING-16#713 Warning
Large setup violation  
There is a large setup violation of -1.623 ns between dut/COSSET[3].unite_lists/genblk1_0.dut/metrics_r_reg[22]/C (clocked by sys_clk_pin) and dut/COSSET[3].unite_lists/genblk1_0.dut/SS_00/m_p_reg[0][2][4]/D (clocked by sys_clk_pin). Large setup violations at the end of those stages might be difficult to fix during the post-placement implementation flow and could be the result of non-optimal XDC constraints or non-optimal design architecture
Related violations: <none>

TIMING-16#714 Warning
Large setup violation  
There is a large setup violation of -1.623 ns between dut/COSSET[4].unite_lists/genblk1_0.dut/metrics1_r_reg[30]/C (clocked by sys_clk_pin) and dut/COSSET[4].unite_lists/genblk1_0.dut/SS_00/m_p_reg[0][0][0]/D (clocked by sys_clk_pin). Large setup violations at the end of those stages might be difficult to fix during the post-placement implementation flow and could be the result of non-optimal XDC constraints or non-optimal design architecture
Related violations: <none>

TIMING-16#715 Warning
Large setup violation  
There is a large setup violation of -1.624 ns between dut/COSSET[4].unite_lists/genblk1_0.dut/metrics1_r_reg[30]/C (clocked by sys_clk_pin) and dut/COSSET[4].unite_lists/genblk1_0.dut/SS_00/m_p_reg[0][1][3]/D (clocked by sys_clk_pin). Large setup violations at the end of those stages might be difficult to fix during the post-placement implementation flow and could be the result of non-optimal XDC constraints or non-optimal design architecture
Related violations: <none>

TIMING-16#716 Warning
Large setup violation  
There is a large setup violation of -1.625 ns between dut/COSSET[0].unite_lists/genblk1_0.dut/metrics_r_reg[31]/C (clocked by sys_clk_pin) and dut/COSSET[0].unite_lists/genblk1_0.dut/SS_00/m_p_reg[0][1][3]/D (clocked by sys_clk_pin). Large setup violations at the end of those stages might be difficult to fix during the post-placement implementation flow and could be the result of non-optimal XDC constraints or non-optimal design architecture
Related violations: <none>

TIMING-16#717 Warning
Large setup violation  
There is a large setup violation of -1.625 ns between dut/COSSET[3].unite_lists/genblk1_0.dut/metrics1_r_reg[33]/C (clocked by sys_clk_pin) and dut/COSSET[3].unite_lists/genblk1_0.dut/SS_00/m_p_reg[0][0][4]/D (clocked by sys_clk_pin). Large setup violations at the end of those stages might be difficult to fix during the post-placement implementation flow and could be the result of non-optimal XDC constraints or non-optimal design architecture
Related violations: <none>

TIMING-16#718 Warning
Large setup violation  
There is a large setup violation of -1.625 ns between dut/COSSET[3].unite_lists/genblk1_0.dut/metrics_r_reg[22]/C (clocked by sys_clk_pin) and dut/COSSET[3].unite_lists/genblk1_0.dut/SS_00/m_p_reg[0][2][7]/D (clocked by sys_clk_pin). Large setup violations at the end of those stages might be difficult to fix during the post-placement implementation flow and could be the result of non-optimal XDC constraints or non-optimal design architecture
Related violations: <none>

TIMING-16#719 Warning
Large setup violation  
There is a large setup violation of -1.627 ns between dut/COSSET[3].unite_lists/genblk1_0.dut/metrics1_r_reg[14]/C (clocked by sys_clk_pin) and dut/COSSET[3].unite_lists/genblk1_0.dut/SS_00/m_p_reg[0][5][7]/D (clocked by sys_clk_pin). Large setup violations at the end of those stages might be difficult to fix during the post-placement implementation flow and could be the result of non-optimal XDC constraints or non-optimal design architecture
Related violations: <none>

TIMING-16#720 Warning
Large setup violation  
There is a large setup violation of -1.628 ns between dut/COSSET[0].unite_lists/genblk1_0.dut/metrics_r_reg[31]/C (clocked by sys_clk_pin) and dut/COSSET[0].unite_lists/genblk1_0.dut/SS_00/m_p_reg[0][1][1]/D (clocked by sys_clk_pin). Large setup violations at the end of those stages might be difficult to fix during the post-placement implementation flow and could be the result of non-optimal XDC constraints or non-optimal design architecture
Related violations: <none>

TIMING-16#721 Warning
Large setup violation  
There is a large setup violation of -1.628 ns between dut/COSSET[0].unite_lists/genblk1_0.dut/metrics_r_reg[32]/C (clocked by sys_clk_pin) and dut/COSSET[0].unite_lists/genblk1_0.dut/SS_00/idx_p_reg[0][4][0]/D (clocked by sys_clk_pin). Large setup violations at the end of those stages might be difficult to fix during the post-placement implementation flow and could be the result of non-optimal XDC constraints or non-optimal design architecture
Related violations: <none>

TIMING-16#722 Warning
Large setup violation  
There is a large setup violation of -1.628 ns between dut/COSSET[4].unite_lists/genblk1_0.dut/metrics_r_reg[33]/C (clocked by sys_clk_pin) and dut/COSSET[4].unite_lists/genblk1_0.dut/SS_00/m_p_reg[0][4][3]/D (clocked by sys_clk_pin). Large setup violations at the end of those stages might be difficult to fix during the post-placement implementation flow and could be the result of non-optimal XDC constraints or non-optimal design architecture
Related violations: <none>

TIMING-16#723 Warning
Large setup violation  
There is a large setup violation of -1.628 ns between dut/COSSET[4].unite_lists/genblk1_0.dut/metrics_r_reg[33]/C (clocked by sys_clk_pin) and dut/COSSET[4].unite_lists/genblk1_0.dut/SS_00/m_p_reg[0][5][5]/D (clocked by sys_clk_pin). Large setup violations at the end of those stages might be difficult to fix during the post-placement implementation flow and could be the result of non-optimal XDC constraints or non-optimal design architecture
Related violations: <none>

TIMING-16#724 Warning
Large setup violation  
There is a large setup violation of -1.629 ns between dut/COSSET[1].unite_lists/genblk1_0.dut/metrics_r_reg[30]/C (clocked by sys_clk_pin) and dut/COSSET[1].unite_lists/genblk1_0.dut/SS_00/idx_p_reg[0][0][0]/D (clocked by sys_clk_pin). Large setup violations at the end of those stages might be difficult to fix during the post-placement implementation flow and could be the result of non-optimal XDC constraints or non-optimal design architecture
Related violations: <none>

TIMING-16#725 Warning
Large setup violation  
There is a large setup violation of -1.629 ns between dut/COSSET[4].unite_lists/genblk1_0.dut/metrics_r_reg[33]/C (clocked by sys_clk_pin) and dut/COSSET[4].unite_lists/genblk1_0.dut/SS_00/m_p_reg[0][5][1]/D (clocked by sys_clk_pin). Large setup violations at the end of those stages might be difficult to fix during the post-placement implementation flow and could be the result of non-optimal XDC constraints or non-optimal design architecture
Related violations: <none>

TIMING-16#726 Warning
Large setup violation  
There is a large setup violation of -1.631 ns between dut/COSSET[1].unite_lists/genblk1_0.dut/metrics_r_reg[33]/C (clocked by sys_clk_pin) and dut/COSSET[1].unite_lists/genblk1_0.dut/SS_00/m_p_reg[0][0][6]/D (clocked by sys_clk_pin). Large setup violations at the end of those stages might be difficult to fix during the post-placement implementation flow and could be the result of non-optimal XDC constraints or non-optimal design architecture
Related violations: <none>

TIMING-16#727 Warning
Large setup violation  
There is a large setup violation of -1.631 ns between dut/COSSET[3].unite_lists/genblk1_0.dut/metrics1_r_reg[14]/C (clocked by sys_clk_pin) and dut/COSSET[3].unite_lists/genblk1_0.dut/SS_00/m_p_reg[0][5][3]/D (clocked by sys_clk_pin). Large setup violations at the end of those stages might be difficult to fix during the post-placement implementation flow and could be the result of non-optimal XDC constraints or non-optimal design architecture
Related violations: <none>

TIMING-16#728 Warning
Large setup violation  
There is a large setup violation of -1.632 ns between dut/COSSET[0].unite_lists/genblk1_0.dut/metrics_r_reg[31]/C (clocked by sys_clk_pin) and dut/COSSET[0].unite_lists/genblk1_0.dut/SS_00/m_p_reg[0][1][0]/D (clocked by sys_clk_pin). Large setup violations at the end of those stages might be difficult to fix during the post-placement implementation flow and could be the result of non-optimal XDC constraints or non-optimal design architecture
Related violations: <none>

TIMING-16#729 Warning
Large setup violation  
There is a large setup violation of -1.632 ns between dut/COSSET[1].unite_lists/genblk1_0.dut/metrics_r_reg[33]/C (clocked by sys_clk_pin) and dut/COSSET[1].unite_lists/genblk1_0.dut/SS_00/m_p_reg[0][0][4]/D (clocked by sys_clk_pin). Large setup violations at the end of those stages might be difficult to fix during the post-placement implementation flow and could be the result of non-optimal XDC constraints or non-optimal design architecture
Related violations: <none>

TIMING-16#730 Warning
Large setup violation  
There is a large setup violation of -1.632 ns between dut/COSSET[3].unite_lists/genblk1_0.dut/metrics1_r_reg[14]/C (clocked by sys_clk_pin) and dut/COSSET[3].unite_lists/genblk1_0.dut/SS_00/idx_p_reg[0][4][0]/D (clocked by sys_clk_pin). Large setup violations at the end of those stages might be difficult to fix during the post-placement implementation flow and could be the result of non-optimal XDC constraints or non-optimal design architecture
Related violations: <none>

TIMING-16#731 Warning
Large setup violation  
There is a large setup violation of -1.633 ns between dut/COSSET[0].unite_lists/genblk1_0.dut/metrics1_r_reg[31]/C (clocked by sys_clk_pin) and dut/COSSET[0].unite_lists/genblk1_0.dut/SS_00/m_p_reg[0][3][9]/D (clocked by sys_clk_pin). Large setup violations at the end of those stages might be difficult to fix during the post-placement implementation flow and could be the result of non-optimal XDC constraints or non-optimal design architecture
Related violations: <none>

TIMING-16#732 Warning
Large setup violation  
There is a large setup violation of -1.633 ns between dut/COSSET[4].unite_lists/genblk1_0.dut/metrics_r_reg[33]/C (clocked by sys_clk_pin) and dut/COSSET[4].unite_lists/genblk1_0.dut/SS_00/m_p_reg[0][5][3]/D (clocked by sys_clk_pin). Large setup violations at the end of those stages might be difficult to fix during the post-placement implementation flow and could be the result of non-optimal XDC constraints or non-optimal design architecture
Related violations: <none>

TIMING-16#733 Warning
Large setup violation  
There is a large setup violation of -1.633 ns between dut/COSSET[4].unite_lists/genblk1_0.dut/metrics_r_reg[33]/C (clocked by sys_clk_pin) and dut/COSSET[4].unite_lists/genblk1_0.dut/SS_00/m_p_reg[0][5][4]/D (clocked by sys_clk_pin). Large setup violations at the end of those stages might be difficult to fix during the post-placement implementation flow and could be the result of non-optimal XDC constraints or non-optimal design architecture
Related violations: <none>

TIMING-16#734 Warning
Large setup violation  
There is a large setup violation of -1.636 ns between dut/COSSET[0].unite_lists/genblk1_0.dut/metrics1_r_reg[31]/C (clocked by sys_clk_pin) and dut/COSSET[0].unite_lists/genblk1_0.dut/SS_00/m_p_reg[0][6][1]/D (clocked by sys_clk_pin). Large setup violations at the end of those stages might be difficult to fix during the post-placement implementation flow and could be the result of non-optimal XDC constraints or non-optimal design architecture
Related violations: <none>

TIMING-16#735 Warning
Large setup violation  
There is a large setup violation of -1.636 ns between dut/COSSET[2].unite_lists/genblk1_0.dut/metrics_r_reg[20]/C (clocked by sys_clk_pin) and dut/COSSET[2].unite_lists/genblk1_0.dut/SS_00/m_p_reg[0][3][6]/D (clocked by sys_clk_pin). Large setup violations at the end of those stages might be difficult to fix during the post-placement implementation flow and could be the result of non-optimal XDC constraints or non-optimal design architecture
Related violations: <none>

TIMING-16#736 Warning
Large setup violation  
There is a large setup violation of -1.636 ns between dut/COSSET[3].unite_lists/genblk1_0.dut/metrics1_r_reg[14]/C (clocked by sys_clk_pin) and dut/COSSET[3].unite_lists/genblk1_0.dut/SS_00/m_p_reg[0][4][4]/D (clocked by sys_clk_pin). Large setup violations at the end of those stages might be difficult to fix during the post-placement implementation flow and could be the result of non-optimal XDC constraints or non-optimal design architecture
Related violations: <none>

TIMING-16#737 Warning
Large setup violation  
There is a large setup violation of -1.636 ns between dut/COSSET[3].unite_lists/genblk1_0.dut/metrics_r_reg[22]/C (clocked by sys_clk_pin) and dut/COSSET[3].unite_lists/genblk1_0.dut/SS_00/m_p_reg[0][3][1]/D (clocked by sys_clk_pin). Large setup violations at the end of those stages might be difficult to fix during the post-placement implementation flow and could be the result of non-optimal XDC constraints or non-optimal design architecture
Related violations: <none>

TIMING-16#738 Warning
Large setup violation  
There is a large setup violation of -1.637 ns between dut/COSSET[4].unite_lists/genblk1_0.dut/metrics_r_reg[33]/C (clocked by sys_clk_pin) and dut/COSSET[4].unite_lists/genblk1_0.dut/SS_00/m_p_reg[0][5][7]/D (clocked by sys_clk_pin). Large setup violations at the end of those stages might be difficult to fix during the post-placement implementation flow and could be the result of non-optimal XDC constraints or non-optimal design architecture
Related violations: <none>

TIMING-16#739 Warning
Large setup violation  
There is a large setup violation of -1.638 ns between dut/COSSET[0].unite_lists/genblk1_0.dut/metrics1_r_reg[31]/C (clocked by sys_clk_pin) and dut/COSSET[0].unite_lists/genblk1_0.dut/SS_00/m_p_reg[0][3][10]/D (clocked by sys_clk_pin). Large setup violations at the end of those stages might be difficult to fix during the post-placement implementation flow and could be the result of non-optimal XDC constraints or non-optimal design architecture
Related violations: <none>

TIMING-16#740 Warning
Large setup violation  
There is a large setup violation of -1.638 ns between dut/COSSET[1].unite_lists/genblk1_0.dut/metrics_r_reg[30]/C (clocked by sys_clk_pin) and dut/COSSET[1].unite_lists/genblk1_0.dut/SS_00/m_p_reg[0][0][5]/D (clocked by sys_clk_pin). Large setup violations at the end of those stages might be difficult to fix during the post-placement implementation flow and could be the result of non-optimal XDC constraints or non-optimal design architecture
Related violations: <none>

TIMING-16#741 Warning
Large setup violation  
There is a large setup violation of -1.639 ns between dut/COSSET[4].unite_lists/genblk1_0.dut/metrics_r_reg[20]/C (clocked by sys_clk_pin) and dut/COSSET[4].unite_lists/genblk1_0.dut/SS_00/m_p_reg[0][2][5]/D (clocked by sys_clk_pin). Large setup violations at the end of those stages might be difficult to fix during the post-placement implementation flow and could be the result of non-optimal XDC constraints or non-optimal design architecture
Related violations: <none>

TIMING-16#742 Warning
Large setup violation  
There is a large setup violation of -1.640 ns between dut/COSSET[0].unite_lists/genblk1_0.dut/metrics1_r_reg[31]/C (clocked by sys_clk_pin) and dut/COSSET[0].unite_lists/genblk1_0.dut/SS_00/idx_p_reg[0][6][0]/D (clocked by sys_clk_pin). Large setup violations at the end of those stages might be difficult to fix during the post-placement implementation flow and could be the result of non-optimal XDC constraints or non-optimal design architecture
Related violations: <none>

TIMING-16#743 Warning
Large setup violation  
There is a large setup violation of -1.640 ns between dut/COSSET[0].unite_lists/genblk1_0.dut/metrics_r_reg[31]/C (clocked by sys_clk_pin) and dut/COSSET[0].unite_lists/genblk1_0.dut/SS_00/m_p_reg[0][4][5]/D (clocked by sys_clk_pin). Large setup violations at the end of those stages might be difficult to fix during the post-placement implementation flow and could be the result of non-optimal XDC constraints or non-optimal design architecture
Related violations: <none>

TIMING-16#744 Warning
Large setup violation  
There is a large setup violation of -1.641 ns between dut/COSSET[0].unite_lists/genblk1_0.dut/metrics_r_reg[31]/C (clocked by sys_clk_pin) and dut/COSSET[0].unite_lists/genblk1_0.dut/SS_00/m_p_reg[0][4][0]/D (clocked by sys_clk_pin). Large setup violations at the end of those stages might be difficult to fix during the post-placement implementation flow and could be the result of non-optimal XDC constraints or non-optimal design architecture
Related violations: <none>

TIMING-16#745 Warning
Large setup violation  
There is a large setup violation of -1.641 ns between dut/COSSET[0].unite_lists/genblk1_0.dut/metrics_r_reg[31]/C (clocked by sys_clk_pin) and dut/COSSET[0].unite_lists/genblk1_0.dut/SS_00/m_p_reg[0][4][4]/D (clocked by sys_clk_pin). Large setup violations at the end of those stages might be difficult to fix during the post-placement implementation flow and could be the result of non-optimal XDC constraints or non-optimal design architecture
Related violations: <none>

TIMING-16#746 Warning
Large setup violation  
There is a large setup violation of -1.641 ns between dut/COSSET[1].unite_lists/genblk1_0.dut/metrics1_r_reg[30]/C (clocked by sys_clk_pin) and dut/COSSET[1].unite_lists/genblk1_0.dut/SS_00/m_p_reg[0][7][3]/D (clocked by sys_clk_pin). Large setup violations at the end of those stages might be difficult to fix during the post-placement implementation flow and could be the result of non-optimal XDC constraints or non-optimal design architecture
Related violations: <none>

TIMING-16#747 Warning
Large setup violation  
There is a large setup violation of -1.641 ns between dut/COSSET[4].unite_lists/genblk1_0.dut/metrics_r_reg[20]/C (clocked by sys_clk_pin) and dut/COSSET[4].unite_lists/genblk1_0.dut/SS_00/m_p_reg[0][3][6]/D (clocked by sys_clk_pin). Large setup violations at the end of those stages might be difficult to fix during the post-placement implementation flow and could be the result of non-optimal XDC constraints or non-optimal design architecture
Related violations: <none>

TIMING-16#748 Warning
Large setup violation  
There is a large setup violation of -1.642 ns between dut/COSSET[2].unite_lists/genblk1_0.dut/metrics_r_reg[20]/C (clocked by sys_clk_pin) and dut/COSSET[2].unite_lists/genblk1_0.dut/SS_00/m_p_reg[0][3][0]/D (clocked by sys_clk_pin). Large setup violations at the end of those stages might be difficult to fix during the post-placement implementation flow and could be the result of non-optimal XDC constraints or non-optimal design architecture
Related violations: <none>

TIMING-16#749 Warning
Large setup violation  
There is a large setup violation of -1.643 ns between dut/COSSET[4].unite_lists/genblk1_0.dut/metrics_r_reg[1]/C (clocked by sys_clk_pin) and dut/COSSET[4].unite_lists/genblk1_0.dut/SS_00/m_p_reg[0][7][9]/D (clocked by sys_clk_pin). Large setup violations at the end of those stages might be difficult to fix during the post-placement implementation flow and could be the result of non-optimal XDC constraints or non-optimal design architecture
Related violations: <none>

TIMING-16#750 Warning
Large setup violation  
There is a large setup violation of -1.643 ns between dut/COSSET[4].unite_lists/genblk1_0.dut/metrics_r_reg[20]/C (clocked by sys_clk_pin) and dut/COSSET[4].unite_lists/genblk1_0.dut/SS_00/m_p_reg[0][3][3]/D (clocked by sys_clk_pin). Large setup violations at the end of those stages might be difficult to fix during the post-placement implementation flow and could be the result of non-optimal XDC constraints or non-optimal design architecture
Related violations: <none>

TIMING-16#751 Warning
Large setup violation  
There is a large setup violation of -1.644 ns between dut/COSSET[0].unite_lists/genblk1_0.dut/metrics1_r_reg[31]/C (clocked by sys_clk_pin) and dut/COSSET[0].unite_lists/genblk1_0.dut/SS_00/m_p_reg[0][6][6]/D (clocked by sys_clk_pin). Large setup violations at the end of those stages might be difficult to fix during the post-placement implementation flow and could be the result of non-optimal XDC constraints or non-optimal design architecture
Related violations: <none>

TIMING-16#752 Warning
Large setup violation  
There is a large setup violation of -1.645 ns between dut/COSSET[3].unite_lists/genblk1_0.dut/metrics1_r_reg[33]/C (clocked by sys_clk_pin) and dut/COSSET[3].unite_lists/genblk1_0.dut/SS_00/m_p_reg[0][0][6]/D (clocked by sys_clk_pin). Large setup violations at the end of those stages might be difficult to fix during the post-placement implementation flow and could be the result of non-optimal XDC constraints or non-optimal design architecture
Related violations: <none>

TIMING-16#753 Warning
Large setup violation  
There is a large setup violation of -1.645 ns between dut/COSSET[3].unite_lists/genblk1_0.dut/metrics1_r_reg[33]/C (clocked by sys_clk_pin) and dut/COSSET[3].unite_lists/genblk1_0.dut/SS_00/m_p_reg[0][0][7]/D (clocked by sys_clk_pin). Large setup violations at the end of those stages might be difficult to fix during the post-placement implementation flow and could be the result of non-optimal XDC constraints or non-optimal design architecture
Related violations: <none>

TIMING-16#754 Warning
Large setup violation  
There is a large setup violation of -1.646 ns between dut/COSSET[1].unite_lists/genblk1_0.dut/metrics_r_reg[30]/C (clocked by sys_clk_pin) and dut/COSSET[1].unite_lists/genblk1_0.dut/SS_00/m_p_reg[0][4][5]/D (clocked by sys_clk_pin). Large setup violations at the end of those stages might be difficult to fix during the post-placement implementation flow and could be the result of non-optimal XDC constraints or non-optimal design architecture
Related violations: <none>

TIMING-16#755 Warning
Large setup violation  
There is a large setup violation of -1.646 ns between dut/COSSET[2].unite_lists/genblk1_0.dut/metrics_r_reg[0]/C (clocked by sys_clk_pin) and dut/COSSET[2].unite_lists/genblk1_0.dut/SS_00/m_p_reg[0][6][4]/D (clocked by sys_clk_pin). Large setup violations at the end of those stages might be difficult to fix during the post-placement implementation flow and could be the result of non-optimal XDC constraints or non-optimal design architecture
Related violations: <none>

TIMING-16#756 Warning
Large setup violation  
There is a large setup violation of -1.647 ns between dut/COSSET[2].unite_lists/genblk1_0.dut/metrics_r_reg[32]/C (clocked by sys_clk_pin) and dut/COSSET[2].unite_lists/genblk1_0.dut/SS_00/m_p_reg[0][1][4]/D (clocked by sys_clk_pin). Large setup violations at the end of those stages might be difficult to fix during the post-placement implementation flow and could be the result of non-optimal XDC constraints or non-optimal design architecture
Related violations: <none>

TIMING-16#757 Warning
Large setup violation  
There is a large setup violation of -1.647 ns between dut/COSSET[3].unite_lists/genblk1_0.dut/metrics1_r_reg[33]/C (clocked by sys_clk_pin) and dut/COSSET[3].unite_lists/genblk1_0.dut/SS_00/m_p_reg[0][0][3]/D (clocked by sys_clk_pin). Large setup violations at the end of those stages might be difficult to fix during the post-placement implementation flow and could be the result of non-optimal XDC constraints or non-optimal design architecture
Related violations: <none>

TIMING-16#758 Warning
Large setup violation  
There is a large setup violation of -1.647 ns between dut/COSSET[3].unite_lists/genblk1_0.dut/metrics_r_reg[22]/C (clocked by sys_clk_pin) and dut/COSSET[3].unite_lists/genblk1_0.dut/SS_00/m_p_reg[0][3][0]/D (clocked by sys_clk_pin). Large setup violations at the end of those stages might be difficult to fix during the post-placement implementation flow and could be the result of non-optimal XDC constraints or non-optimal design architecture
Related violations: <none>

TIMING-16#759 Warning
Large setup violation  
There is a large setup violation of -1.648 ns between dut/COSSET[3].unite_lists/genblk1_0.dut/metrics_r_reg[22]/C (clocked by sys_clk_pin) and dut/COSSET[3].unite_lists/genblk1_0.dut/SS_00/m_p_reg[0][2][1]/D (clocked by sys_clk_pin). Large setup violations at the end of those stages might be difficult to fix during the post-placement implementation flow and could be the result of non-optimal XDC constraints or non-optimal design architecture
Related violations: <none>

TIMING-16#760 Warning
Large setup violation  
There is a large setup violation of -1.649 ns between dut/COSSET[3].unite_lists/genblk1_0.dut/metrics_r_reg[30]/C (clocked by sys_clk_pin) and dut/COSSET[3].unite_lists/genblk1_0.dut/SS_00/m_p_reg[0][4][0]/D (clocked by sys_clk_pin). Large setup violations at the end of those stages might be difficult to fix during the post-placement implementation flow and could be the result of non-optimal XDC constraints or non-optimal design architecture
Related violations: <none>

TIMING-16#761 Warning
Large setup violation  
There is a large setup violation of -1.651 ns between dut/COSSET[1].unite_lists/genblk1_0.dut/metrics_r_reg[30]/C (clocked by sys_clk_pin) and dut/COSSET[1].unite_lists/genblk1_0.dut/SS_00/m_p_reg[0][1][3]/D (clocked by sys_clk_pin). Large setup violations at the end of those stages might be difficult to fix during the post-placement implementation flow and could be the result of non-optimal XDC constraints or non-optimal design architecture
Related violations: <none>

TIMING-16#762 Warning
Large setup violation  
There is a large setup violation of -1.651 ns between dut/COSSET[4].unite_lists/genblk1_0.dut/metrics1_r_reg[32]/C (clocked by sys_clk_pin) and dut/COSSET[4].unite_lists/genblk1_0.dut/SS_00/m_p_reg[0][6][2]/D (clocked by sys_clk_pin). Large setup violations at the end of those stages might be difficult to fix during the post-placement implementation flow and could be the result of non-optimal XDC constraints or non-optimal design architecture
Related violations: <none>

TIMING-16#763 Warning
Large setup violation  
There is a large setup violation of -1.651 ns between dut/COSSET[4].unite_lists/genblk1_0.dut/metrics1_r_reg[32]/C (clocked by sys_clk_pin) and dut/COSSET[4].unite_lists/genblk1_0.dut/SS_00/m_p_reg[0][7][2]/D (clocked by sys_clk_pin). Large setup violations at the end of those stages might be difficult to fix during the post-placement implementation flow and could be the result of non-optimal XDC constraints or non-optimal design architecture
Related violations: <none>

TIMING-16#764 Warning
Large setup violation  
There is a large setup violation of -1.652 ns between dut/COSSET[4].unite_lists/genblk1_0.dut/metrics_r_reg[1]/C (clocked by sys_clk_pin) and dut/COSSET[4].unite_lists/genblk1_0.dut/SS_00/m_p_reg[0][7][5]/D (clocked by sys_clk_pin). Large setup violations at the end of those stages might be difficult to fix during the post-placement implementation flow and could be the result of non-optimal XDC constraints or non-optimal design architecture
Related violations: <none>

TIMING-16#765 Warning
Large setup violation  
There is a large setup violation of -1.652 ns between dut/COSSET[4].unite_lists/genblk1_0.dut/metrics_r_reg[33]/C (clocked by sys_clk_pin) and dut/COSSET[4].unite_lists/genblk1_0.dut/SS_00/m_p_reg[0][5][9]/D (clocked by sys_clk_pin). Large setup violations at the end of those stages might be difficult to fix during the post-placement implementation flow and could be the result of non-optimal XDC constraints or non-optimal design architecture
Related violations: <none>

TIMING-16#766 Warning
Large setup violation  
There is a large setup violation of -1.654 ns between dut/COSSET[2].unite_lists/genblk1_0.dut/metrics_r_reg[0]/C (clocked by sys_clk_pin) and dut/COSSET[2].unite_lists/genblk1_0.dut/SS_00/m_p_reg[0][7][7]/D (clocked by sys_clk_pin). Large setup violations at the end of those stages might be difficult to fix during the post-placement implementation flow and could be the result of non-optimal XDC constraints or non-optimal design architecture
Related violations: <none>

TIMING-16#767 Warning
Large setup violation  
There is a large setup violation of -1.657 ns between dut/COSSET[3].unite_lists/genblk1_0.dut/metrics_r_reg[22]/C (clocked by sys_clk_pin) and dut/COSSET[3].unite_lists/genblk1_0.dut/SS_00/m_p_reg[0][2][5]/D (clocked by sys_clk_pin). Large setup violations at the end of those stages might be difficult to fix during the post-placement implementation flow and could be the result of non-optimal XDC constraints or non-optimal design architecture
Related violations: <none>

TIMING-16#768 Warning
Large setup violation  
There is a large setup violation of -1.658 ns between dut/COSSET[2].unite_lists/genblk1_0.dut/metrics_r_reg[30]/C (clocked by sys_clk_pin) and dut/COSSET[2].unite_lists/genblk1_0.dut/SS_00/m_p_reg[0][4][5]/D (clocked by sys_clk_pin). Large setup violations at the end of those stages might be difficult to fix during the post-placement implementation flow and could be the result of non-optimal XDC constraints or non-optimal design architecture
Related violations: <none>

TIMING-16#769 Warning
Large setup violation  
There is a large setup violation of -1.658 ns between dut/COSSET[4].unite_lists/genblk1_0.dut/metrics_r_reg[33]/C (clocked by sys_clk_pin) and dut/COSSET[4].unite_lists/genblk1_0.dut/SS_00/m_p_reg[0][5][6]/D (clocked by sys_clk_pin). Large setup violations at the end of those stages might be difficult to fix during the post-placement implementation flow and could be the result of non-optimal XDC constraints or non-optimal design architecture
Related violations: <none>

TIMING-16#770 Warning
Large setup violation  
There is a large setup violation of -1.659 ns between dut/COSSET[0].unite_lists/genblk1_0.dut/metrics_r_reg[31]/C (clocked by sys_clk_pin) and dut/COSSET[0].unite_lists/genblk1_0.dut/SS_00/m_p_reg[0][1][5]/D (clocked by sys_clk_pin). Large setup violations at the end of those stages might be difficult to fix during the post-placement implementation flow and could be the result of non-optimal XDC constraints or non-optimal design architecture
Related violations: <none>

TIMING-16#771 Warning
Large setup violation  
There is a large setup violation of -1.659 ns between dut/COSSET[0].unite_lists/genblk1_0.dut/metrics_r_reg[31]/C (clocked by sys_clk_pin) and dut/COSSET[0].unite_lists/genblk1_0.dut/SS_00/m_p_reg[0][5][4]/D (clocked by sys_clk_pin). Large setup violations at the end of those stages might be difficult to fix during the post-placement implementation flow and could be the result of non-optimal XDC constraints or non-optimal design architecture
Related violations: <none>

TIMING-16#772 Warning
Large setup violation  
There is a large setup violation of -1.660 ns between dut/COSSET[0].unite_lists/genblk1_0.dut/metrics_r_reg[31]/C (clocked by sys_clk_pin) and dut/COSSET[0].unite_lists/genblk1_0.dut/SS_00/m_p_reg[0][0][1]/D (clocked by sys_clk_pin). Large setup violations at the end of those stages might be difficult to fix during the post-placement implementation flow and could be the result of non-optimal XDC constraints or non-optimal design architecture
Related violations: <none>

TIMING-16#773 Warning
Large setup violation  
There is a large setup violation of -1.660 ns between dut/COSSET[2].unite_lists/genblk1_0.dut/metrics_r_reg[0]/C (clocked by sys_clk_pin) and dut/COSSET[2].unite_lists/genblk1_0.dut/SS_00/m_p_reg[0][6][7]/D (clocked by sys_clk_pin). Large setup violations at the end of those stages might be difficult to fix during the post-placement implementation flow and could be the result of non-optimal XDC constraints or non-optimal design architecture
Related violations: <none>

TIMING-16#774 Warning
Large setup violation  
There is a large setup violation of -1.660 ns between dut/COSSET[4].unite_lists/genblk1_0.dut/metrics_r_reg[33]/C (clocked by sys_clk_pin) and dut/COSSET[4].unite_lists/genblk1_0.dut/SS_00/m_p_reg[0][5][0]/D (clocked by sys_clk_pin). Large setup violations at the end of those stages might be difficult to fix during the post-placement implementation flow and could be the result of non-optimal XDC constraints or non-optimal design architecture
Related violations: <none>

TIMING-16#775 Warning
Large setup violation  
There is a large setup violation of -1.661 ns between dut/COSSET[1].unite_lists/genblk1_0.dut/metrics1_r_reg[32]/C (clocked by sys_clk_pin) and dut/COSSET[1].unite_lists/genblk1_0.dut/SS_00/m_p_reg[0][3][2]/D (clocked by sys_clk_pin). Large setup violations at the end of those stages might be difficult to fix during the post-placement implementation flow and could be the result of non-optimal XDC constraints or non-optimal design architecture
Related violations: <none>

TIMING-16#776 Warning
Large setup violation  
There is a large setup violation of -1.661 ns between dut/COSSET[2].unite_lists/genblk1_0.dut/metrics_r_reg[32]/C (clocked by sys_clk_pin) and dut/COSSET[2].unite_lists/genblk1_0.dut/SS_00/m_p_reg[0][1][6]/D (clocked by sys_clk_pin). Large setup violations at the end of those stages might be difficult to fix during the post-placement implementation flow and could be the result of non-optimal XDC constraints or non-optimal design architecture
Related violations: <none>

TIMING-16#777 Warning
Large setup violation  
There is a large setup violation of -1.662 ns between dut/COSSET[1].unite_lists/genblk1_0.dut/metrics_r_reg[30]/C (clocked by sys_clk_pin) and dut/COSSET[1].unite_lists/genblk1_0.dut/SS_00/m_p_reg[0][0][2]/D (clocked by sys_clk_pin). Large setup violations at the end of those stages might be difficult to fix during the post-placement implementation flow and could be the result of non-optimal XDC constraints or non-optimal design architecture
Related violations: <none>

TIMING-16#778 Warning
Large setup violation  
There is a large setup violation of -1.662 ns between dut/COSSET[3].unite_lists/genblk1_0.dut/metrics_r_reg[22]/C (clocked by sys_clk_pin) and dut/COSSET[3].unite_lists/genblk1_0.dut/SS_00/m_p_reg[0][3][6]/D (clocked by sys_clk_pin). Large setup violations at the end of those stages might be difficult to fix during the post-placement implementation flow and could be the result of non-optimal XDC constraints or non-optimal design architecture
Related violations: <none>

TIMING-16#779 Warning
Large setup violation  
There is a large setup violation of -1.663 ns between dut/COSSET[1].unite_lists/genblk1_0.dut/metrics1_r_reg[30]/C (clocked by sys_clk_pin) and dut/COSSET[1].unite_lists/genblk1_0.dut/SS_00/m_p_reg[0][7][2]/D (clocked by sys_clk_pin). Large setup violations at the end of those stages might be difficult to fix during the post-placement implementation flow and could be the result of non-optimal XDC constraints or non-optimal design architecture
Related violations: <none>

TIMING-16#780 Warning
Large setup violation  
There is a large setup violation of -1.663 ns between dut/COSSET[4].unite_lists/genblk1_0.dut/metrics_r_reg[1]/C (clocked by sys_clk_pin) and dut/COSSET[4].unite_lists/genblk1_0.dut/SS_00/m_p_reg[0][7][1]/D (clocked by sys_clk_pin). Large setup violations at the end of those stages might be difficult to fix during the post-placement implementation flow and could be the result of non-optimal XDC constraints or non-optimal design architecture
Related violations: <none>

TIMING-16#781 Warning
Large setup violation  
There is a large setup violation of -1.663 ns between dut/COSSET[4].unite_lists/genblk1_0.dut/metrics_r_reg[33]/C (clocked by sys_clk_pin) and dut/COSSET[4].unite_lists/genblk1_0.dut/SS_00/m_p_reg[0][4][6]/D (clocked by sys_clk_pin). Large setup violations at the end of those stages might be difficult to fix during the post-placement implementation flow and could be the result of non-optimal XDC constraints or non-optimal design architecture
Related violations: <none>

TIMING-16#782 Warning
Large setup violation  
There is a large setup violation of -1.664 ns between dut/COSSET[2].unite_lists/genblk1_0.dut/metrics_r_reg[30]/C (clocked by sys_clk_pin) and dut/COSSET[2].unite_lists/genblk1_0.dut/SS_00/m_p_reg[0][5][6]/D (clocked by sys_clk_pin). Large setup violations at the end of those stages might be difficult to fix during the post-placement implementation flow and could be the result of non-optimal XDC constraints or non-optimal design architecture
Related violations: <none>

TIMING-16#783 Warning
Large setup violation  
There is a large setup violation of -1.664 ns between dut/COSSET[3].unite_lists/genblk1_0.dut/metrics1_r_reg[14]/C (clocked by sys_clk_pin) and dut/COSSET[3].unite_lists/genblk1_0.dut/SS_00/m_p_reg[0][4][8]/D (clocked by sys_clk_pin). Large setup violations at the end of those stages might be difficult to fix during the post-placement implementation flow and could be the result of non-optimal XDC constraints or non-optimal design architecture
Related violations: <none>

TIMING-16#784 Warning
Large setup violation  
There is a large setup violation of -1.664 ns between dut/COSSET[4].unite_lists/genblk1_0.dut/metrics_r_reg[33]/C (clocked by sys_clk_pin) and dut/COSSET[4].unite_lists/genblk1_0.dut/SS_00/m_p_reg[0][4][9]/D (clocked by sys_clk_pin). Large setup violations at the end of those stages might be difficult to fix during the post-placement implementation flow and could be the result of non-optimal XDC constraints or non-optimal design architecture
Related violations: <none>

TIMING-16#785 Warning
Large setup violation  
There is a large setup violation of -1.665 ns between dut/COSSET[0].unite_lists/genblk1_0.dut/metrics_r_reg[31]/C (clocked by sys_clk_pin) and dut/COSSET[0].unite_lists/genblk1_0.dut/SS_00/m_p_reg[0][5][0]/D (clocked by sys_clk_pin). Large setup violations at the end of those stages might be difficult to fix during the post-placement implementation flow and could be the result of non-optimal XDC constraints or non-optimal design architecture
Related violations: <none>

TIMING-16#786 Warning
Large setup violation  
There is a large setup violation of -1.665 ns between dut/COSSET[2].unite_lists/genblk1_0.dut/metrics_r_reg[30]/C (clocked by sys_clk_pin) and dut/COSSET[2].unite_lists/genblk1_0.dut/SS_00/m_p_reg[0][4][1]/D (clocked by sys_clk_pin). Large setup violations at the end of those stages might be difficult to fix during the post-placement implementation flow and could be the result of non-optimal XDC constraints or non-optimal design architecture
Related violations: <none>

TIMING-16#787 Warning
Large setup violation  
There is a large setup violation of -1.665 ns between dut/COSSET[3].unite_lists/genblk1_0.dut/metrics1_r_reg[33]/C (clocked by sys_clk_pin) and dut/COSSET[3].unite_lists/genblk1_0.dut/SS_00/m_p_reg[0][1][0]/D (clocked by sys_clk_pin). Large setup violations at the end of those stages might be difficult to fix during the post-placement implementation flow and could be the result of non-optimal XDC constraints or non-optimal design architecture
Related violations: <none>

TIMING-16#788 Warning
Large setup violation  
There is a large setup violation of -1.665 ns between dut/COSSET[3].unite_lists/genblk1_0.dut/metrics1_r_reg[33]/C (clocked by sys_clk_pin) and dut/COSSET[3].unite_lists/genblk1_0.dut/SS_00/m_p_reg[0][1][1]/D (clocked by sys_clk_pin). Large setup violations at the end of those stages might be difficult to fix during the post-placement implementation flow and could be the result of non-optimal XDC constraints or non-optimal design architecture
Related violations: <none>

TIMING-16#789 Warning
Large setup violation  
There is a large setup violation of -1.666 ns between dut/COSSET[1].unite_lists/genblk1_0.dut/metrics1_r_reg[30]/C (clocked by sys_clk_pin) and dut/COSSET[1].unite_lists/genblk1_0.dut/SS_00/m_p_reg[0][7][1]/D (clocked by sys_clk_pin). Large setup violations at the end of those stages might be difficult to fix during the post-placement implementation flow and could be the result of non-optimal XDC constraints or non-optimal design architecture
Related violations: <none>

TIMING-16#790 Warning
Large setup violation  
There is a large setup violation of -1.666 ns between dut/COSSET[1].unite_lists/genblk1_0.dut/metrics1_r_reg[32]/C (clocked by sys_clk_pin) and dut/COSSET[1].unite_lists/genblk1_0.dut/SS_00/m_p_reg[0][2][2]/D (clocked by sys_clk_pin). Large setup violations at the end of those stages might be difficult to fix during the post-placement implementation flow and could be the result of non-optimal XDC constraints or non-optimal design architecture
Related violations: <none>

TIMING-16#791 Warning
Large setup violation  
There is a large setup violation of -1.666 ns between dut/COSSET[4].unite_lists/genblk1_0.dut/metrics_r_reg[20]/C (clocked by sys_clk_pin) and dut/COSSET[4].unite_lists/genblk1_0.dut/SS_00/m_p_reg[0][3][4]/D (clocked by sys_clk_pin). Large setup violations at the end of those stages might be difficult to fix during the post-placement implementation flow and could be the result of non-optimal XDC constraints or non-optimal design architecture
Related violations: <none>

TIMING-16#792 Warning
Large setup violation  
There is a large setup violation of -1.667 ns between dut/COSSET[0].unite_lists/genblk1_0.dut/metrics_r_reg[31]/C (clocked by sys_clk_pin) and dut/COSSET[0].unite_lists/genblk1_0.dut/SS_00/m_p_reg[0][1][2]/D (clocked by sys_clk_pin). Large setup violations at the end of those stages might be difficult to fix during the post-placement implementation flow and could be the result of non-optimal XDC constraints or non-optimal design architecture
Related violations: <none>

TIMING-16#793 Warning
Large setup violation  
There is a large setup violation of -1.667 ns between dut/COSSET[2].unite_lists/genblk1_0.dut/metrics_r_reg[32]/C (clocked by sys_clk_pin) and dut/COSSET[2].unite_lists/genblk1_0.dut/SS_00/m_p_reg[0][0][0]/D (clocked by sys_clk_pin). Large setup violations at the end of those stages might be difficult to fix during the post-placement implementation flow and could be the result of non-optimal XDC constraints or non-optimal design architecture
Related violations: <none>

TIMING-16#794 Warning
Large setup violation  
There is a large setup violation of -1.667 ns between dut/COSSET[3].unite_lists/genblk1_0.dut/metrics1_r_reg[33]/C (clocked by sys_clk_pin) and dut/COSSET[3].unite_lists/genblk1_0.dut/SS_00/m_p_reg[0][1][6]/D (clocked by sys_clk_pin). Large setup violations at the end of those stages might be difficult to fix during the post-placement implementation flow and could be the result of non-optimal XDC constraints or non-optimal design architecture
Related violations: <none>

TIMING-16#795 Warning
Large setup violation  
There is a large setup violation of -1.668 ns between dut/COSSET[1].unite_lists/genblk1_0.dut/metrics1_r_reg[30]/C (clocked by sys_clk_pin) and dut/COSSET[1].unite_lists/genblk1_0.dut/SS_00/m_p_reg[0][6][4]/D (clocked by sys_clk_pin). Large setup violations at the end of those stages might be difficult to fix during the post-placement implementation flow and could be the result of non-optimal XDC constraints or non-optimal design architecture
Related violations: <none>

TIMING-16#796 Warning
Large setup violation  
There is a large setup violation of -1.669 ns between dut/COSSET[0].unite_lists/genblk1_0.dut/metrics_r_reg[31]/C (clocked by sys_clk_pin) and dut/COSSET[0].unite_lists/genblk1_0.dut/SS_00/m_p_reg[0][0][0]/D (clocked by sys_clk_pin). Large setup violations at the end of those stages might be difficult to fix during the post-placement implementation flow and could be the result of non-optimal XDC constraints or non-optimal design architecture
Related violations: <none>

TIMING-16#797 Warning
Large setup violation  
There is a large setup violation of -1.669 ns between dut/COSSET[3].unite_lists/genblk1_0.dut/metrics_r_reg[0]/C (clocked by sys_clk_pin) and dut/COSSET[3].unite_lists/genblk1_0.dut/SS_00/m_p_reg[0][7][7]/D (clocked by sys_clk_pin). Large setup violations at the end of those stages might be difficult to fix during the post-placement implementation flow and could be the result of non-optimal XDC constraints or non-optimal design architecture
Related violations: <none>

TIMING-16#798 Warning
Large setup violation  
There is a large setup violation of -1.670 ns between dut/COSSET[3].unite_lists/genblk1_0.dut/metrics_r_reg[22]/C (clocked by sys_clk_pin) and dut/COSSET[3].unite_lists/genblk1_0.dut/SS_00/m_p_reg[0][2][0]/D (clocked by sys_clk_pin). Large setup violations at the end of those stages might be difficult to fix during the post-placement implementation flow and could be the result of non-optimal XDC constraints or non-optimal design architecture
Related violations: <none>

TIMING-16#799 Warning
Large setup violation  
There is a large setup violation of -1.670 ns between dut/COSSET[4].unite_lists/genblk1_0.dut/metrics1_r_reg[30]/C (clocked by sys_clk_pin) and dut/COSSET[4].unite_lists/genblk1_0.dut/SS_00/m_p_reg[0][1][0]/D (clocked by sys_clk_pin). Large setup violations at the end of those stages might be difficult to fix during the post-placement implementation flow and could be the result of non-optimal XDC constraints or non-optimal design architecture
Related violations: <none>

TIMING-16#800 Warning
Large setup violation  
There is a large setup violation of -1.671 ns between dut/COSSET[0].unite_lists/genblk1_0.dut/metrics_r_reg[31]/C (clocked by sys_clk_pin) and dut/COSSET[0].unite_lists/genblk1_0.dut/SS_00/m_p_reg[0][5][5]/D (clocked by sys_clk_pin). Large setup violations at the end of those stages might be difficult to fix during the post-placement implementation flow and could be the result of non-optimal XDC constraints or non-optimal design architecture
Related violations: <none>

TIMING-16#801 Warning
Large setup violation  
There is a large setup violation of -1.671 ns between dut/COSSET[2].unite_lists/genblk1_0.dut/metrics_r_reg[30]/C (clocked by sys_clk_pin) and dut/COSSET[2].unite_lists/genblk1_0.dut/SS_00/m_p_reg[0][5][4]/D (clocked by sys_clk_pin). Large setup violations at the end of those stages might be difficult to fix during the post-placement implementation flow and could be the result of non-optimal XDC constraints or non-optimal design architecture
Related violations: <none>

TIMING-16#802 Warning
Large setup violation  
There is a large setup violation of -1.671 ns between dut/COSSET[4].unite_lists/genblk1_0.dut/metrics1_r_reg[30]/C (clocked by sys_clk_pin) and dut/COSSET[4].unite_lists/genblk1_0.dut/SS_00/m_p_reg[0][0][1]/D (clocked by sys_clk_pin). Large setup violations at the end of those stages might be difficult to fix during the post-placement implementation flow and could be the result of non-optimal XDC constraints or non-optimal design architecture
Related violations: <none>

TIMING-16#803 Warning
Large setup violation  
There is a large setup violation of -1.671 ns between dut/COSSET[4].unite_lists/genblk1_0.dut/metrics_r_reg[1]/C (clocked by sys_clk_pin) and dut/COSSET[4].unite_lists/genblk1_0.dut/SS_00/m_p_reg[0][7][4]/D (clocked by sys_clk_pin). Large setup violations at the end of those stages might be difficult to fix during the post-placement implementation flow and could be the result of non-optimal XDC constraints or non-optimal design architecture
Related violations: <none>

TIMING-16#804 Warning
Large setup violation  
There is a large setup violation of -1.672 ns between dut/COSSET[4].unite_lists/genblk1_0.dut/metrics1_r_reg[30]/C (clocked by sys_clk_pin) and dut/COSSET[4].unite_lists/genblk1_0.dut/SS_00/m_p_reg[0][0][2]/D (clocked by sys_clk_pin). Large setup violations at the end of those stages might be difficult to fix during the post-placement implementation flow and could be the result of non-optimal XDC constraints or non-optimal design architecture
Related violations: <none>

TIMING-16#805 Warning
Large setup violation  
There is a large setup violation of -1.672 ns between dut/COSSET[4].unite_lists/genblk1_0.dut/metrics1_r_reg[30]/C (clocked by sys_clk_pin) and dut/COSSET[4].unite_lists/genblk1_0.dut/SS_00/m_p_reg[0][1][2]/D (clocked by sys_clk_pin). Large setup violations at the end of those stages might be difficult to fix during the post-placement implementation flow and could be the result of non-optimal XDC constraints or non-optimal design architecture
Related violations: <none>

TIMING-16#806 Warning
Large setup violation  
There is a large setup violation of -1.672 ns between dut/COSSET[4].unite_lists/genblk1_0.dut/metrics_r_reg[20]/C (clocked by sys_clk_pin) and dut/COSSET[4].unite_lists/genblk1_0.dut/SS_00/m_p_reg[0][3][0]/D (clocked by sys_clk_pin). Large setup violations at the end of those stages might be difficult to fix during the post-placement implementation flow and could be the result of non-optimal XDC constraints or non-optimal design architecture
Related violations: <none>

TIMING-16#807 Warning
Large setup violation  
There is a large setup violation of -1.672 ns between dut/COSSET[4].unite_lists/genblk1_0.dut/metrics_r_reg[20]/C (clocked by sys_clk_pin) and dut/COSSET[4].unite_lists/genblk1_0.dut/SS_00/m_p_reg[0][3][1]/D (clocked by sys_clk_pin). Large setup violations at the end of those stages might be difficult to fix during the post-placement implementation flow and could be the result of non-optimal XDC constraints or non-optimal design architecture
Related violations: <none>

TIMING-16#808 Warning
Large setup violation  
There is a large setup violation of -1.673 ns between dut/COSSET[4].unite_lists/genblk1_0.dut/metrics_r_reg[1]/C (clocked by sys_clk_pin) and dut/COSSET[4].unite_lists/genblk1_0.dut/SS_00/m_p_reg[0][7][0]/D (clocked by sys_clk_pin). Large setup violations at the end of those stages might be difficult to fix during the post-placement implementation flow and could be the result of non-optimal XDC constraints or non-optimal design architecture
Related violations: <none>

TIMING-16#809 Warning
Large setup violation  
There is a large setup violation of -1.674 ns between dut/COSSET[0].unite_lists/genblk1_0.dut/metrics_r_reg[31]/C (clocked by sys_clk_pin) and dut/COSSET[0].unite_lists/genblk1_0.dut/SS_00/m_p_reg[0][0][2]/D (clocked by sys_clk_pin). Large setup violations at the end of those stages might be difficult to fix during the post-placement implementation flow and could be the result of non-optimal XDC constraints or non-optimal design architecture
Related violations: <none>

TIMING-16#810 Warning
Large setup violation  
There is a large setup violation of -1.674 ns between dut/COSSET[3].unite_lists/genblk1_0.dut/metrics_r_reg[30]/C (clocked by sys_clk_pin) and dut/COSSET[3].unite_lists/genblk1_0.dut/SS_00/m_p_reg[0][4][1]/D (clocked by sys_clk_pin). Large setup violations at the end of those stages might be difficult to fix during the post-placement implementation flow and could be the result of non-optimal XDC constraints or non-optimal design architecture
Related violations: <none>

TIMING-16#811 Warning
Large setup violation  
There is a large setup violation of -1.674 ns between dut/COSSET[4].unite_lists/genblk1_0.dut/metrics_r_reg[1]/C (clocked by sys_clk_pin) and dut/COSSET[4].unite_lists/genblk1_0.dut/SS_00/m_p_reg[0][7][7]/D (clocked by sys_clk_pin). Large setup violations at the end of those stages might be difficult to fix during the post-placement implementation flow and could be the result of non-optimal XDC constraints or non-optimal design architecture
Related violations: <none>

TIMING-16#812 Warning
Large setup violation  
There is a large setup violation of -1.675 ns between dut/COSSET[3].unite_lists/genblk1_0.dut/metrics1_r_reg[31]/C (clocked by sys_clk_pin) and dut/COSSET[3].unite_lists/genblk1_0.dut/SS_00/m_p_reg[0][7][0]/D (clocked by sys_clk_pin). Large setup violations at the end of those stages might be difficult to fix during the post-placement implementation flow and could be the result of non-optimal XDC constraints or non-optimal design architecture
Related violations: <none>

TIMING-16#813 Warning
Large setup violation  
There is a large setup violation of -1.675 ns between dut/COSSET[3].unite_lists/genblk1_0.dut/metrics_r_reg[0]/C (clocked by sys_clk_pin) and dut/COSSET[3].unite_lists/genblk1_0.dut/SS_00/m_p_reg[0][7][4]/D (clocked by sys_clk_pin). Large setup violations at the end of those stages might be difficult to fix during the post-placement implementation flow and could be the result of non-optimal XDC constraints or non-optimal design architecture
Related violations: <none>

TIMING-16#814 Warning
Large setup violation  
There is a large setup violation of -1.675 ns between dut/COSSET[4].unite_lists/genblk1_0.dut/metrics_r_reg[1]/C (clocked by sys_clk_pin) and dut/COSSET[4].unite_lists/genblk1_0.dut/SS_00/m_p_reg[0][6][7]/D (clocked by sys_clk_pin). Large setup violations at the end of those stages might be difficult to fix during the post-placement implementation flow and could be the result of non-optimal XDC constraints or non-optimal design architecture
Related violations: <none>

TIMING-16#815 Warning
Large setup violation  
There is a large setup violation of -1.676 ns between dut/COSSET[0].unite_lists/genblk1_0.dut/metrics1_r_reg[31]/C (clocked by sys_clk_pin) and dut/COSSET[0].unite_lists/genblk1_0.dut/SS_00/m_p_reg[0][3][6]/D (clocked by sys_clk_pin). Large setup violations at the end of those stages might be difficult to fix during the post-placement implementation flow and could be the result of non-optimal XDC constraints or non-optimal design architecture
Related violations: <none>

TIMING-16#816 Warning
Large setup violation  
There is a large setup violation of -1.678 ns between dut/COSSET[1].unite_lists/genblk1_0.dut/metrics1_r_reg[30]/C (clocked by sys_clk_pin) and dut/COSSET[1].unite_lists/genblk1_0.dut/SS_00/m_p_reg[0][6][3]/D (clocked by sys_clk_pin). Large setup violations at the end of those stages might be difficult to fix during the post-placement implementation flow and could be the result of non-optimal XDC constraints or non-optimal design architecture
Related violations: <none>

TIMING-16#817 Warning
Large setup violation  
There is a large setup violation of -1.678 ns between dut/COSSET[1].unite_lists/genblk1_0.dut/metrics1_r_reg[30]/C (clocked by sys_clk_pin) and dut/COSSET[1].unite_lists/genblk1_0.dut/SS_00/m_p_reg[0][7][8]/D (clocked by sys_clk_pin). Large setup violations at the end of those stages might be difficult to fix during the post-placement implementation flow and could be the result of non-optimal XDC constraints or non-optimal design architecture
Related violations: <none>

TIMING-16#818 Warning
Large setup violation  
There is a large setup violation of -1.678 ns between dut/COSSET[3].unite_lists/genblk1_0.dut/metrics1_r_reg[31]/C (clocked by sys_clk_pin) and dut/COSSET[3].unite_lists/genblk1_0.dut/SS_00/idx_p_reg[0][6][0]/D (clocked by sys_clk_pin). Large setup violations at the end of those stages might be difficult to fix during the post-placement implementation flow and could be the result of non-optimal XDC constraints or non-optimal design architecture
Related violations: <none>

TIMING-16#819 Warning
Large setup violation  
There is a large setup violation of -1.678 ns between dut/COSSET[4].unite_lists/genblk1_0.dut/metrics_r_reg[20]/C (clocked by sys_clk_pin) and dut/COSSET[4].unite_lists/genblk1_0.dut/SS_00/m_p_reg[0][2][1]/D (clocked by sys_clk_pin). Large setup violations at the end of those stages might be difficult to fix during the post-placement implementation flow and could be the result of non-optimal XDC constraints or non-optimal design architecture
Related violations: <none>

TIMING-16#820 Warning
Large setup violation  
There is a large setup violation of -1.680 ns between dut/COSSET[2].unite_lists/genblk1_0.dut/metrics_r_reg[30]/C (clocked by sys_clk_pin) and dut/COSSET[2].unite_lists/genblk1_0.dut/SS_00/m_p_reg[0][5][9]/D (clocked by sys_clk_pin). Large setup violations at the end of those stages might be difficult to fix during the post-placement implementation flow and could be the result of non-optimal XDC constraints or non-optimal design architecture
Related violations: <none>

TIMING-16#821 Warning
Large setup violation  
There is a large setup violation of -1.680 ns between dut/COSSET[3].unite_lists/genblk1_0.dut/metrics1_r_reg[33]/C (clocked by sys_clk_pin) and dut/COSSET[3].unite_lists/genblk1_0.dut/SS_00/m_p_reg[0][1][8]/D (clocked by sys_clk_pin). Large setup violations at the end of those stages might be difficult to fix during the post-placement implementation flow and could be the result of non-optimal XDC constraints or non-optimal design architecture
Related violations: <none>

TIMING-16#822 Warning
Large setup violation  
There is a large setup violation of -1.681 ns between dut/COSSET[0].unite_lists/genblk1_0.dut/metrics1_r_reg[31]/C (clocked by sys_clk_pin) and dut/COSSET[0].unite_lists/genblk1_0.dut/SS_00/m_p_reg[0][6][9]/D (clocked by sys_clk_pin). Large setup violations at the end of those stages might be difficult to fix during the post-placement implementation flow and could be the result of non-optimal XDC constraints or non-optimal design architecture
Related violations: <none>

TIMING-16#823 Warning
Large setup violation  
There is a large setup violation of -1.681 ns between dut/COSSET[0].unite_lists/genblk1_0.dut/metrics_r_reg[32]/C (clocked by sys_clk_pin) and dut/COSSET[0].unite_lists/genblk1_0.dut/SS_00/m_p_reg[0][5][8]/D (clocked by sys_clk_pin). Large setup violations at the end of those stages might be difficult to fix during the post-placement implementation flow and could be the result of non-optimal XDC constraints or non-optimal design architecture
Related violations: <none>

TIMING-16#824 Warning
Large setup violation  
There is a large setup violation of -1.681 ns between dut/COSSET[3].unite_lists/genblk1_0.dut/metrics_r_reg[22]/C (clocked by sys_clk_pin) and dut/COSSET[3].unite_lists/genblk1_0.dut/SS_00/m_p_reg[0][2][9]/D (clocked by sys_clk_pin). Large setup violations at the end of those stages might be difficult to fix during the post-placement implementation flow and could be the result of non-optimal XDC constraints or non-optimal design architecture
Related violations: <none>

TIMING-16#825 Warning
Large setup violation  
There is a large setup violation of -1.681 ns between dut/COSSET[3].unite_lists/genblk1_0.dut/metrics_r_reg[22]/C (clocked by sys_clk_pin) and dut/COSSET[3].unite_lists/genblk1_0.dut/SS_00/m_p_reg[0][3][9]/D (clocked by sys_clk_pin). Large setup violations at the end of those stages might be difficult to fix during the post-placement implementation flow and could be the result of non-optimal XDC constraints or non-optimal design architecture
Related violations: <none>

TIMING-16#826 Warning
Large setup violation  
There is a large setup violation of -1.681 ns between dut/COSSET[4].unite_lists/genblk1_0.dut/metrics1_r_reg[30]/C (clocked by sys_clk_pin) and dut/COSSET[4].unite_lists/genblk1_0.dut/SS_00/m_p_reg[0][0][3]/D (clocked by sys_clk_pin). Large setup violations at the end of those stages might be difficult to fix during the post-placement implementation flow and could be the result of non-optimal XDC constraints or non-optimal design architecture
Related violations: <none>

TIMING-16#827 Warning
Large setup violation  
There is a large setup violation of -1.682 ns between dut/COSSET[0].unite_lists/genblk1_0.dut/metrics1_r_reg[31]/C (clocked by sys_clk_pin) and dut/COSSET[0].unite_lists/genblk1_0.dut/SS_00/m_p_reg[0][3][4]/D (clocked by sys_clk_pin). Large setup violations at the end of those stages might be difficult to fix during the post-placement implementation flow and could be the result of non-optimal XDC constraints or non-optimal design architecture
Related violations: <none>

TIMING-16#828 Warning
Large setup violation  
There is a large setup violation of -1.682 ns between dut/COSSET[0].unite_lists/genblk1_0.dut/metrics_r_reg[31]/C (clocked by sys_clk_pin) and dut/COSSET[0].unite_lists/genblk1_0.dut/SS_00/m_p_reg[0][0][9]/D (clocked by sys_clk_pin). Large setup violations at the end of those stages might be difficult to fix during the post-placement implementation flow and could be the result of non-optimal XDC constraints or non-optimal design architecture
Related violations: <none>

TIMING-16#829 Warning
Large setup violation  
There is a large setup violation of -1.682 ns between dut/COSSET[3].unite_lists/genblk1_0.dut/metrics1_r_reg[33]/C (clocked by sys_clk_pin) and dut/COSSET[3].unite_lists/genblk1_0.dut/SS_00/s0_d_reg[4][8]_srl5/D (clocked by sys_clk_pin). Large setup violations at the end of those stages might be difficult to fix during the post-placement implementation flow and could be the result of non-optimal XDC constraints or non-optimal design architecture
Related violations: <none>

TIMING-16#830 Warning
Large setup violation  
There is a large setup violation of -1.682 ns between dut/COSSET[4].unite_lists/genblk1_0.dut/metrics1_r_reg[30]/C (clocked by sys_clk_pin) and dut/COSSET[4].unite_lists/genblk1_0.dut/SS_00/m_p_reg[0][0][8]/D (clocked by sys_clk_pin). Large setup violations at the end of those stages might be difficult to fix during the post-placement implementation flow and could be the result of non-optimal XDC constraints or non-optimal design architecture
Related violations: <none>

TIMING-16#831 Warning
Large setup violation  
There is a large setup violation of -1.683 ns between dut/COSSET[0].unite_lists/genblk1_0.dut/metrics_r_reg[31]/C (clocked by sys_clk_pin) and dut/COSSET[0].unite_lists/genblk1_0.dut/SS_00/m_p_reg[0][1][9]/D (clocked by sys_clk_pin). Large setup violations at the end of those stages might be difficult to fix during the post-placement implementation flow and could be the result of non-optimal XDC constraints or non-optimal design architecture
Related violations: <none>

TIMING-16#832 Warning
Large setup violation  
There is a large setup violation of -1.683 ns between dut/COSSET[2].unite_lists/genblk1_0.dut/metrics_r_reg[32]/C (clocked by sys_clk_pin) and dut/COSSET[2].unite_lists/genblk1_0.dut/SS_00/m_p_reg[0][1][3]/D (clocked by sys_clk_pin). Large setup violations at the end of those stages might be difficult to fix during the post-placement implementation flow and could be the result of non-optimal XDC constraints or non-optimal design architecture
Related violations: <none>

TIMING-16#833 Warning
Large setup violation  
There is a large setup violation of -1.683 ns between dut/COSSET[3].unite_lists/genblk1_0.dut/metrics1_r_reg[14]/C (clocked by sys_clk_pin) and dut/COSSET[3].unite_lists/genblk1_0.dut/SS_00/m_p_reg[0][5][1]/D (clocked by sys_clk_pin). Large setup violations at the end of those stages might be difficult to fix during the post-placement implementation flow and could be the result of non-optimal XDC constraints or non-optimal design architecture
Related violations: <none>

TIMING-16#834 Warning
Large setup violation  
There is a large setup violation of -1.684 ns between dut/COSSET[0].unite_lists/genblk1_0.dut/metrics1_r_reg[31]/C (clocked by sys_clk_pin) and dut/COSSET[0].unite_lists/genblk1_0.dut/SS_00/m_p_reg[0][3][3]/D (clocked by sys_clk_pin). Large setup violations at the end of those stages might be difficult to fix during the post-placement implementation flow and could be the result of non-optimal XDC constraints or non-optimal design architecture
Related violations: <none>

TIMING-16#835 Warning
Large setup violation  
There is a large setup violation of -1.684 ns between dut/COSSET[2].unite_lists/genblk1_0.dut/metrics_r_reg[32]/C (clocked by sys_clk_pin) and dut/COSSET[2].unite_lists/genblk1_0.dut/SS_00/m_p_reg[0][0][4]/D (clocked by sys_clk_pin). Large setup violations at the end of those stages might be difficult to fix during the post-placement implementation flow and could be the result of non-optimal XDC constraints or non-optimal design architecture
Related violations: <none>

TIMING-16#836 Warning
Large setup violation  
There is a large setup violation of -1.685 ns between dut/COSSET[2].unite_lists/genblk1_0.dut/metrics_r_reg[30]/C (clocked by sys_clk_pin) and dut/COSSET[2].unite_lists/genblk1_0.dut/SS_00/m_p_reg[0][5][7]/D (clocked by sys_clk_pin). Large setup violations at the end of those stages might be difficult to fix during the post-placement implementation flow and could be the result of non-optimal XDC constraints or non-optimal design architecture
Related violations: <none>

TIMING-16#837 Warning
Large setup violation  
There is a large setup violation of -1.686 ns between dut/COSSET[0].unite_lists/genblk1_0.dut/metrics1_r_reg[31]/C (clocked by sys_clk_pin) and dut/COSSET[0].unite_lists/genblk1_0.dut/SS_00/m_p_reg[0][3][1]/D (clocked by sys_clk_pin). Large setup violations at the end of those stages might be difficult to fix during the post-placement implementation flow and could be the result of non-optimal XDC constraints or non-optimal design architecture
Related violations: <none>

TIMING-16#838 Warning
Large setup violation  
There is a large setup violation of -1.686 ns between dut/COSSET[1].unite_lists/genblk1_0.dut/metrics_r_reg[30]/C (clocked by sys_clk_pin) and dut/COSSET[1].unite_lists/genblk1_0.dut/SS_00/m_p_reg[0][1][1]/D (clocked by sys_clk_pin). Large setup violations at the end of those stages might be difficult to fix during the post-placement implementation flow and could be the result of non-optimal XDC constraints or non-optimal design architecture
Related violations: <none>

TIMING-16#839 Warning
Large setup violation  
There is a large setup violation of -1.686 ns between dut/COSSET[2].unite_lists/genblk1_0.dut/metrics_r_reg[30]/C (clocked by sys_clk_pin) and dut/COSSET[2].unite_lists/genblk1_0.dut/SS_00/m_p_reg[0][5][2]/D (clocked by sys_clk_pin). Large setup violations at the end of those stages might be difficult to fix during the post-placement implementation flow and could be the result of non-optimal XDC constraints or non-optimal design architecture
Related violations: <none>

TIMING-16#840 Warning
Large setup violation  
There is a large setup violation of -1.686 ns between dut/COSSET[4].unite_lists/genblk1_0.dut/metrics_r_reg[20]/C (clocked by sys_clk_pin) and dut/COSSET[4].unite_lists/genblk1_0.dut/SS_00/m_p_reg[0][3][7]/D (clocked by sys_clk_pin). Large setup violations at the end of those stages might be difficult to fix during the post-placement implementation flow and could be the result of non-optimal XDC constraints or non-optimal design architecture
Related violations: <none>

TIMING-16#841 Warning
Large setup violation  
There is a large setup violation of -1.687 ns between dut/COSSET[2].unite_lists/genblk1_0.dut/metrics_r_reg[30]/C (clocked by sys_clk_pin) and dut/COSSET[2].unite_lists/genblk1_0.dut/SS_00/m_p_reg[0][4][9]/D (clocked by sys_clk_pin). Large setup violations at the end of those stages might be difficult to fix during the post-placement implementation flow and could be the result of non-optimal XDC constraints or non-optimal design architecture
Related violations: <none>

TIMING-16#842 Warning
Large setup violation  
There is a large setup violation of -1.688 ns between dut/COSSET[4].unite_lists/genblk1_0.dut/metrics1_r_reg[30]/C (clocked by sys_clk_pin) and dut/COSSET[4].unite_lists/genblk1_0.dut/SS_00/m_p_reg[0][1][7]/D (clocked by sys_clk_pin). Large setup violations at the end of those stages might be difficult to fix during the post-placement implementation flow and could be the result of non-optimal XDC constraints or non-optimal design architecture
Related violations: <none>

TIMING-16#843 Warning
Large setup violation  
There is a large setup violation of -1.691 ns between dut/COSSET[1].unite_lists/genblk1_0.dut/metrics_r_reg[20]/C (clocked by sys_clk_pin) and dut/COSSET[1].unite_lists/genblk1_0.dut/SS_00/m_p_reg[0][2][3]/D (clocked by sys_clk_pin). Large setup violations at the end of those stages might be difficult to fix during the post-placement implementation flow and could be the result of non-optimal XDC constraints or non-optimal design architecture
Related violations: <none>

TIMING-16#844 Warning
Large setup violation  
There is a large setup violation of -1.691 ns between dut/COSSET[1].unite_lists/genblk1_0.dut/metrics_r_reg[20]/C (clocked by sys_clk_pin) and dut/COSSET[1].unite_lists/genblk1_0.dut/SS_00/m_p_reg[0][2][4]/D (clocked by sys_clk_pin). Large setup violations at the end of those stages might be difficult to fix during the post-placement implementation flow and could be the result of non-optimal XDC constraints or non-optimal design architecture
Related violations: <none>

TIMING-16#845 Warning
Large setup violation  
There is a large setup violation of -1.691 ns between dut/COSSET[3].unite_lists/genblk1_0.dut/metrics_r_reg[0]/C (clocked by sys_clk_pin) and dut/COSSET[3].unite_lists/genblk1_0.dut/SS_00/m_p_reg[0][6][7]/D (clocked by sys_clk_pin). Large setup violations at the end of those stages might be difficult to fix during the post-placement implementation flow and could be the result of non-optimal XDC constraints or non-optimal design architecture
Related violations: <none>

TIMING-16#846 Warning
Large setup violation  
There is a large setup violation of -1.692 ns between dut/COSSET[4].unite_lists/genblk1_0.dut/metrics_r_reg[1]/C (clocked by sys_clk_pin) and dut/COSSET[4].unite_lists/genblk1_0.dut/SS_00/m_p_reg[0][6][3]/D (clocked by sys_clk_pin). Large setup violations at the end of those stages might be difficult to fix during the post-placement implementation flow and could be the result of non-optimal XDC constraints or non-optimal design architecture
Related violations: <none>

TIMING-16#847 Warning
Large setup violation  
There is a large setup violation of -1.692 ns between dut/COSSET[4].unite_lists/genblk1_0.dut/metrics_r_reg[20]/C (clocked by sys_clk_pin) and dut/COSSET[4].unite_lists/genblk1_0.dut/SS_00/m_p_reg[0][3][2]/D (clocked by sys_clk_pin). Large setup violations at the end of those stages might be difficult to fix during the post-placement implementation flow and could be the result of non-optimal XDC constraints or non-optimal design architecture
Related violations: <none>

TIMING-16#848 Warning
Large setup violation  
There is a large setup violation of -1.693 ns between dut/COSSET[4].unite_lists/genblk1_0.dut/metrics_r_reg[20]/C (clocked by sys_clk_pin) and dut/COSSET[4].unite_lists/genblk1_0.dut/SS_00/m_p_reg[0][2][9]/D (clocked by sys_clk_pin). Large setup violations at the end of those stages might be difficult to fix during the post-placement implementation flow and could be the result of non-optimal XDC constraints or non-optimal design architecture
Related violations: <none>

TIMING-16#849 Warning
Large setup violation  
There is a large setup violation of -1.694 ns between dut/COSSET[1].unite_lists/genblk1_0.dut/metrics_r_reg[30]/C (clocked by sys_clk_pin) and dut/COSSET[1].unite_lists/genblk1_0.dut/SS_00/m_p_reg[0][1][0]/D (clocked by sys_clk_pin). Large setup violations at the end of those stages might be difficult to fix during the post-placement implementation flow and could be the result of non-optimal XDC constraints or non-optimal design architecture
Related violations: <none>

TIMING-16#850 Warning
Large setup violation  
There is a large setup violation of -1.694 ns between dut/COSSET[2].unite_lists/genblk1_0.dut/metrics_r_reg[32]/C (clocked by sys_clk_pin) and dut/COSSET[2].unite_lists/genblk1_0.dut/SS_00/m_p_reg[0][0][8]/D (clocked by sys_clk_pin). Large setup violations at the end of those stages might be difficult to fix during the post-placement implementation flow and could be the result of non-optimal XDC constraints or non-optimal design architecture
Related violations: <none>

TIMING-16#851 Warning
Large setup violation  
There is a large setup violation of -1.698 ns between dut/COSSET[2].unite_lists/genblk1_0.dut/metrics_r_reg[32]/C (clocked by sys_clk_pin) and dut/COSSET[2].unite_lists/genblk1_0.dut/SS_00/m_p_reg[0][1][8]/D (clocked by sys_clk_pin). Large setup violations at the end of those stages might be difficult to fix during the post-placement implementation flow and could be the result of non-optimal XDC constraints or non-optimal design architecture
Related violations: <none>

TIMING-16#852 Warning
Large setup violation  
There is a large setup violation of -1.698 ns between dut/COSSET[3].unite_lists/genblk1_0.dut/metrics1_r_reg[33]/C (clocked by sys_clk_pin) and dut/COSSET[3].unite_lists/genblk1_0.dut/SS_00/m_p_reg[0][1][4]/D (clocked by sys_clk_pin). Large setup violations at the end of those stages might be difficult to fix during the post-placement implementation flow and could be the result of non-optimal XDC constraints or non-optimal design architecture
Related violations: <none>

TIMING-16#853 Warning
Large setup violation  
There is a large setup violation of -1.698 ns between dut/COSSET[3].unite_lists/genblk1_0.dut/metrics_r_reg[0]/C (clocked by sys_clk_pin) and dut/COSSET[3].unite_lists/genblk1_0.dut/SS_00/m_p_reg[0][6][4]/D (clocked by sys_clk_pin). Large setup violations at the end of those stages might be difficult to fix during the post-placement implementation flow and could be the result of non-optimal XDC constraints or non-optimal design architecture
Related violations: <none>

TIMING-16#854 Warning
Large setup violation  
There is a large setup violation of -1.698 ns between dut/COSSET[4].unite_lists/genblk1_0.dut/metrics_r_reg[20]/C (clocked by sys_clk_pin) and dut/COSSET[4].unite_lists/genblk1_0.dut/SS_00/m_p_reg[0][2][2]/D (clocked by sys_clk_pin). Large setup violations at the end of those stages might be difficult to fix during the post-placement implementation flow and could be the result of non-optimal XDC constraints or non-optimal design architecture
Related violations: <none>

TIMING-16#855 Warning
Large setup violation  
There is a large setup violation of -1.698 ns between dut/COSSET[4].unite_lists/genblk1_0.dut/metrics_r_reg[20]/C (clocked by sys_clk_pin) and dut/COSSET[4].unite_lists/genblk1_0.dut/SS_00/m_p_reg[0][2][7]/D (clocked by sys_clk_pin). Large setup violations at the end of those stages might be difficult to fix during the post-placement implementation flow and could be the result of non-optimal XDC constraints or non-optimal design architecture
Related violations: <none>

TIMING-16#856 Warning
Large setup violation  
There is a large setup violation of -1.699 ns between dut/COSSET[2].unite_lists/genblk1_0.dut/metrics_r_reg[20]/C (clocked by sys_clk_pin) and dut/COSSET[2].unite_lists/genblk1_0.dut/SS_00/m_p_reg[0][3][7]/D (clocked by sys_clk_pin). Large setup violations at the end of those stages might be difficult to fix during the post-placement implementation flow and could be the result of non-optimal XDC constraints or non-optimal design architecture
Related violations: <none>

TIMING-16#857 Warning
Large setup violation  
There is a large setup violation of -1.699 ns between dut/COSSET[4].unite_lists/genblk1_0.dut/metrics_r_reg[1]/C (clocked by sys_clk_pin) and dut/COSSET[4].unite_lists/genblk1_0.dut/SS_00/m_p_reg[0][6][1]/D (clocked by sys_clk_pin). Large setup violations at the end of those stages might be difficult to fix during the post-placement implementation flow and could be the result of non-optimal XDC constraints or non-optimal design architecture
Related violations: <none>

TIMING-16#858 Warning
Large setup violation  
There is a large setup violation of -1.701 ns between dut/COSSET[0].unite_lists/genblk1_0.dut/metrics_r_reg[31]/C (clocked by sys_clk_pin) and dut/COSSET[0].unite_lists/genblk1_0.dut/SS_00/m_p_reg[0][0][3]/D (clocked by sys_clk_pin). Large setup violations at the end of those stages might be difficult to fix during the post-placement implementation flow and could be the result of non-optimal XDC constraints or non-optimal design architecture
Related violations: <none>

TIMING-16#859 Warning
Large setup violation  
There is a large setup violation of -1.701 ns between dut/COSSET[4].unite_lists/genblk1_0.dut/metrics_r_reg[33]/C (clocked by sys_clk_pin) and dut/COSSET[4].unite_lists/genblk1_0.dut/SS_00/m_p_reg[0][4][5]/D (clocked by sys_clk_pin). Large setup violations at the end of those stages might be difficult to fix during the post-placement implementation flow and could be the result of non-optimal XDC constraints or non-optimal design architecture
Related violations: <none>

TIMING-16#860 Warning
Large setup violation  
There is a large setup violation of -1.702 ns between dut/COSSET[1].unite_lists/genblk1_0.dut/metrics1_r_reg[30]/C (clocked by sys_clk_pin) and dut/COSSET[1].unite_lists/genblk1_0.dut/SS_00/m_p_reg[0][6][2]/D (clocked by sys_clk_pin). Large setup violations at the end of those stages might be difficult to fix during the post-placement implementation flow and could be the result of non-optimal XDC constraints or non-optimal design architecture
Related violations: <none>

TIMING-16#861 Warning
Large setup violation  
There is a large setup violation of -1.703 ns between dut/COSSET[1].unite_lists/genblk1_0.dut/metrics1_r_reg[30]/C (clocked by sys_clk_pin) and dut/COSSET[1].unite_lists/genblk1_0.dut/SS_00/m_p_reg[0][6][1]/D (clocked by sys_clk_pin). Large setup violations at the end of those stages might be difficult to fix during the post-placement implementation flow and could be the result of non-optimal XDC constraints or non-optimal design architecture
Related violations: <none>

TIMING-16#862 Warning
Large setup violation  
There is a large setup violation of -1.703 ns between dut/COSSET[1].unite_lists/genblk1_0.dut/metrics_r_reg[30]/C (clocked by sys_clk_pin) and dut/COSSET[1].unite_lists/genblk1_0.dut/SS_00/m_p_reg[0][4][9]/D (clocked by sys_clk_pin). Large setup violations at the end of those stages might be difficult to fix during the post-placement implementation flow and could be the result of non-optimal XDC constraints or non-optimal design architecture
Related violations: <none>

TIMING-16#863 Warning
Large setup violation  
There is a large setup violation of -1.704 ns between dut/COSSET[2].unite_lists/genblk1_0.dut/metrics_r_reg[20]/C (clocked by sys_clk_pin) and dut/COSSET[2].unite_lists/genblk1_0.dut/SS_00/m_p_reg[0][2][8]/D (clocked by sys_clk_pin). Large setup violations at the end of those stages might be difficult to fix during the post-placement implementation flow and could be the result of non-optimal XDC constraints or non-optimal design architecture
Related violations: <none>

TIMING-16#864 Warning
Large setup violation  
There is a large setup violation of -1.705 ns between dut/COSSET[2].unite_lists/genblk1_0.dut/metrics_r_reg[20]/C (clocked by sys_clk_pin) and dut/COSSET[2].unite_lists/genblk1_0.dut/SS_00/m_p_reg[0][3][3]/D (clocked by sys_clk_pin). Large setup violations at the end of those stages might be difficult to fix during the post-placement implementation flow and could be the result of non-optimal XDC constraints or non-optimal design architecture
Related violations: <none>

TIMING-16#865 Warning
Large setup violation  
There is a large setup violation of -1.707 ns between dut/COSSET[3].unite_lists/genblk1_0.dut/metrics_r_reg[22]/C (clocked by sys_clk_pin) and dut/COSSET[3].unite_lists/genblk1_0.dut/SS_00/m_p_reg[0][2][2]/D (clocked by sys_clk_pin). Large setup violations at the end of those stages might be difficult to fix during the post-placement implementation flow and could be the result of non-optimal XDC constraints or non-optimal design architecture
Related violations: <none>

TIMING-16#866 Warning
Large setup violation  
There is a large setup violation of -1.709 ns between dut/COSSET[1].unite_lists/genblk1_0.dut/metrics_r_reg[20]/C (clocked by sys_clk_pin) and dut/COSSET[1].unite_lists/genblk1_0.dut/SS_00/m_p_reg[0][3][4]/D (clocked by sys_clk_pin). Large setup violations at the end of those stages might be difficult to fix during the post-placement implementation flow and could be the result of non-optimal XDC constraints or non-optimal design architecture
Related violations: <none>

TIMING-16#867 Warning
Large setup violation  
There is a large setup violation of -1.709 ns between dut/COSSET[1].unite_lists/genblk1_0.dut/metrics_r_reg[30]/C (clocked by sys_clk_pin) and dut/COSSET[1].unite_lists/genblk1_0.dut/SS_00/m_p_reg[0][4][4]/D (clocked by sys_clk_pin). Large setup violations at the end of those stages might be difficult to fix during the post-placement implementation flow and could be the result of non-optimal XDC constraints or non-optimal design architecture
Related violations: <none>

TIMING-16#868 Warning
Large setup violation  
There is a large setup violation of -1.710 ns between dut/COSSET[2].unite_lists/genblk1_0.dut/metrics_r_reg[20]/C (clocked by sys_clk_pin) and dut/COSSET[2].unite_lists/genblk1_0.dut/SS_00/m_p_reg[0][2][1]/D (clocked by sys_clk_pin). Large setup violations at the end of those stages might be difficult to fix during the post-placement implementation flow and could be the result of non-optimal XDC constraints or non-optimal design architecture
Related violations: <none>

TIMING-16#869 Warning
Large setup violation  
There is a large setup violation of -1.710 ns between dut/COSSET[3].unite_lists/genblk1_0.dut/metrics1_r_reg[33]/C (clocked by sys_clk_pin) and dut/COSSET[3].unite_lists/genblk1_0.dut/SS_00/m_p_reg[0][0][2]/D (clocked by sys_clk_pin). Large setup violations at the end of those stages might be difficult to fix during the post-placement implementation flow and could be the result of non-optimal XDC constraints or non-optimal design architecture
Related violations: <none>

TIMING-16#870 Warning
Large setup violation  
There is a large setup violation of -1.710 ns between dut/COSSET[3].unite_lists/genblk1_0.dut/metrics1_r_reg[33]/C (clocked by sys_clk_pin) and dut/COSSET[3].unite_lists/genblk1_0.dut/SS_00/m_p_reg[0][0][5]/D (clocked by sys_clk_pin). Large setup violations at the end of those stages might be difficult to fix during the post-placement implementation flow and could be the result of non-optimal XDC constraints or non-optimal design architecture
Related violations: <none>

TIMING-16#871 Warning
Large setup violation  
There is a large setup violation of -1.710 ns between dut/COSSET[3].unite_lists/genblk1_0.dut/metrics1_r_reg[33]/C (clocked by sys_clk_pin) and dut/COSSET[3].unite_lists/genblk1_0.dut/SS_00/m_p_reg[0][1][5]/D (clocked by sys_clk_pin). Large setup violations at the end of those stages might be difficult to fix during the post-placement implementation flow and could be the result of non-optimal XDC constraints or non-optimal design architecture
Related violations: <none>

TIMING-16#872 Warning
Large setup violation  
There is a large setup violation of -1.712 ns between dut/COSSET[0].unite_lists/genblk1_0.dut/metrics_r_reg[10]/C (clocked by sys_clk_pin) and dut/COSSET[0].unite_lists/genblk1_0.dut/SS_00/m_p_reg[0][7][4]/D (clocked by sys_clk_pin). Large setup violations at the end of those stages might be difficult to fix during the post-placement implementation flow and could be the result of non-optimal XDC constraints or non-optimal design architecture
Related violations: <none>

TIMING-16#873 Warning
Large setup violation  
There is a large setup violation of -1.715 ns between dut/COSSET[1].unite_lists/genblk1_0.dut/metrics_r_reg[20]/C (clocked by sys_clk_pin) and dut/COSSET[1].unite_lists/genblk1_0.dut/SS_00/m_p_reg[0][3][1]/D (clocked by sys_clk_pin). Large setup violations at the end of those stages might be difficult to fix during the post-placement implementation flow and could be the result of non-optimal XDC constraints or non-optimal design architecture
Related violations: <none>

TIMING-16#874 Warning
Large setup violation  
There is a large setup violation of -1.716 ns between dut/COSSET[0].unite_lists/genblk1_0.dut/metrics1_r_reg[31]/C (clocked by sys_clk_pin) and dut/COSSET[0].unite_lists/genblk1_0.dut/SS_00/m_p_reg[0][3][8]/D (clocked by sys_clk_pin). Large setup violations at the end of those stages might be difficult to fix during the post-placement implementation flow and could be the result of non-optimal XDC constraints or non-optimal design architecture
Related violations: <none>

TIMING-16#875 Warning
Large setup violation  
There is a large setup violation of -1.716 ns between dut/COSSET[2].unite_lists/genblk1_0.dut/metrics_r_reg[0]/C (clocked by sys_clk_pin) and dut/COSSET[2].unite_lists/genblk1_0.dut/SS_00/m_p_reg[0][7][8]/D (clocked by sys_clk_pin). Large setup violations at the end of those stages might be difficult to fix during the post-placement implementation flow and could be the result of non-optimal XDC constraints or non-optimal design architecture
Related violations: <none>

TIMING-16#876 Warning
Large setup violation  
There is a large setup violation of -1.717 ns between dut/COSSET[2].unite_lists/genblk1_0.dut/metrics_r_reg[0]/C (clocked by sys_clk_pin) and dut/COSSET[2].unite_lists/genblk1_0.dut/SS_00/m_p_reg[0][6][6]/D (clocked by sys_clk_pin). Large setup violations at the end of those stages might be difficult to fix during the post-placement implementation flow and could be the result of non-optimal XDC constraints or non-optimal design architecture
Related violations: <none>

TIMING-16#877 Warning
Large setup violation  
There is a large setup violation of -1.718 ns between dut/COSSET[0].unite_lists/genblk1_0.dut/metrics1_r_reg[31]/C (clocked by sys_clk_pin) and dut/COSSET[0].unite_lists/genblk1_0.dut/SS_00/m_p_reg[0][2][8]/D (clocked by sys_clk_pin). Large setup violations at the end of those stages might be difficult to fix during the post-placement implementation flow and could be the result of non-optimal XDC constraints or non-optimal design architecture
Related violations: <none>

TIMING-16#878 Warning
Large setup violation  
There is a large setup violation of -1.718 ns between dut/COSSET[1].unite_lists/genblk1_0.dut/metrics_r_reg[30]/C (clocked by sys_clk_pin) and dut/COSSET[1].unite_lists/genblk1_0.dut/SS_00/m_p_reg[0][1][9]/D (clocked by sys_clk_pin). Large setup violations at the end of those stages might be difficult to fix during the post-placement implementation flow and could be the result of non-optimal XDC constraints or non-optimal design architecture
Related violations: <none>

TIMING-16#879 Warning
Large setup violation  
There is a large setup violation of -1.719 ns between dut/COSSET[0].unite_lists/genblk1_0.dut/metrics_r_reg[31]/C (clocked by sys_clk_pin) and dut/COSSET[0].unite_lists/genblk1_0.dut/SS_00/m_p_reg[0][0][5]/D (clocked by sys_clk_pin). Large setup violations at the end of those stages might be difficult to fix during the post-placement implementation flow and could be the result of non-optimal XDC constraints or non-optimal design architecture
Related violations: <none>

TIMING-16#880 Warning
Large setup violation  
There is a large setup violation of -1.720 ns between dut/COSSET[1].unite_lists/genblk1_0.dut/metrics_r_reg[30]/C (clocked by sys_clk_pin) and dut/COSSET[1].unite_lists/genblk1_0.dut/SS_00/m_p_reg[0][4][8]/D (clocked by sys_clk_pin). Large setup violations at the end of those stages might be difficult to fix during the post-placement implementation flow and could be the result of non-optimal XDC constraints or non-optimal design architecture
Related violations: <none>

TIMING-16#881 Warning
Large setup violation  
There is a large setup violation of -1.720 ns between dut/COSSET[2].unite_lists/genblk1_0.dut/metrics_r_reg[30]/C (clocked by sys_clk_pin) and dut/COSSET[2].unite_lists/genblk1_0.dut/SS_00/m_p_reg[0][5][3]/D (clocked by sys_clk_pin). Large setup violations at the end of those stages might be difficult to fix during the post-placement implementation flow and could be the result of non-optimal XDC constraints or non-optimal design architecture
Related violations: <none>

TIMING-16#882 Warning
Large setup violation  
There is a large setup violation of -1.720 ns between dut/COSSET[4].unite_lists/genblk1_0.dut/metrics1_r_reg[30]/C (clocked by sys_clk_pin) and dut/COSSET[4].unite_lists/genblk1_0.dut/SS_00/m_p_reg[0][1][9]/D (clocked by sys_clk_pin). Large setup violations at the end of those stages might be difficult to fix during the post-placement implementation flow and could be the result of non-optimal XDC constraints or non-optimal design architecture
Related violations: <none>

TIMING-16#883 Warning
Large setup violation  
There is a large setup violation of -1.720 ns between dut/COSSET[4].unite_lists/genblk1_0.dut/metrics_r_reg[33]/C (clocked by sys_clk_pin) and dut/COSSET[4].unite_lists/genblk1_0.dut/SS_00/m_p_reg[0][4][0]/D (clocked by sys_clk_pin). Large setup violations at the end of those stages might be difficult to fix during the post-placement implementation flow and could be the result of non-optimal XDC constraints or non-optimal design architecture
Related violations: <none>

TIMING-16#884 Warning
Large setup violation  
There is a large setup violation of -1.720 ns between dut/COSSET[4].unite_lists/genblk1_0.dut/metrics_r_reg[33]/C (clocked by sys_clk_pin) and dut/COSSET[4].unite_lists/genblk1_0.dut/SS_00/m_p_reg[0][4][1]/D (clocked by sys_clk_pin). Large setup violations at the end of those stages might be difficult to fix during the post-placement implementation flow and could be the result of non-optimal XDC constraints or non-optimal design architecture
Related violations: <none>

TIMING-16#885 Warning
Large setup violation  
There is a large setup violation of -1.721 ns between dut/COSSET[1].unite_lists/genblk1_0.dut/metrics_r_reg[30]/C (clocked by sys_clk_pin) and dut/COSSET[1].unite_lists/genblk1_0.dut/SS_00/m_p_reg[0][1][2]/D (clocked by sys_clk_pin). Large setup violations at the end of those stages might be difficult to fix during the post-placement implementation flow and could be the result of non-optimal XDC constraints or non-optimal design architecture
Related violations: <none>

TIMING-16#886 Warning
Large setup violation  
There is a large setup violation of -1.721 ns between dut/COSSET[1].unite_lists/genblk1_0.dut/metrics_r_reg[30]/C (clocked by sys_clk_pin) and dut/COSSET[1].unite_lists/genblk1_0.dut/SS_00/m_p_reg[0][4][0]/D (clocked by sys_clk_pin). Large setup violations at the end of those stages might be difficult to fix during the post-placement implementation flow and could be the result of non-optimal XDC constraints or non-optimal design architecture
Related violations: <none>

TIMING-16#887 Warning
Large setup violation  
There is a large setup violation of -1.721 ns between dut/COSSET[1].unite_lists/genblk1_0.dut/metrics_r_reg[30]/C (clocked by sys_clk_pin) and dut/COSSET[1].unite_lists/genblk1_0.dut/SS_00/m_p_reg[0][4][2]/D (clocked by sys_clk_pin). Large setup violations at the end of those stages might be difficult to fix during the post-placement implementation flow and could be the result of non-optimal XDC constraints or non-optimal design architecture
Related violations: <none>

TIMING-16#888 Warning
Large setup violation  
There is a large setup violation of -1.722 ns between dut/COSSET[0].unite_lists/genblk1_0.dut/metrics1_r_reg[31]/C (clocked by sys_clk_pin) and dut/COSSET[0].unite_lists/genblk1_0.dut/SS_00/m_p_reg[0][2][1]/D (clocked by sys_clk_pin). Large setup violations at the end of those stages might be difficult to fix during the post-placement implementation flow and could be the result of non-optimal XDC constraints or non-optimal design architecture
Related violations: <none>

TIMING-16#889 Warning
Large setup violation  
There is a large setup violation of -1.722 ns between dut/COSSET[1].unite_lists/genblk1_0.dut/metrics1_r_reg[30]/C (clocked by sys_clk_pin) and dut/COSSET[1].unite_lists/genblk1_0.dut/SS_00/m_p_reg[0][7][0]/D (clocked by sys_clk_pin). Large setup violations at the end of those stages might be difficult to fix during the post-placement implementation flow and could be the result of non-optimal XDC constraints or non-optimal design architecture
Related violations: <none>

TIMING-16#890 Warning
Large setup violation  
There is a large setup violation of -1.722 ns between dut/COSSET[2].unite_lists/genblk1_0.dut/metrics_r_reg[0]/C (clocked by sys_clk_pin) and dut/COSSET[2].unite_lists/genblk1_0.dut/SS_00/m_p_reg[0][6][8]/D (clocked by sys_clk_pin). Large setup violations at the end of those stages might be difficult to fix during the post-placement implementation flow and could be the result of non-optimal XDC constraints or non-optimal design architecture
Related violations: <none>

TIMING-16#891 Warning
Large setup violation  
There is a large setup violation of -1.722 ns between dut/COSSET[2].unite_lists/genblk1_0.dut/metrics_r_reg[30]/C (clocked by sys_clk_pin) and dut/COSSET[2].unite_lists/genblk1_0.dut/SS_00/m_p_reg[0][4][3]/D (clocked by sys_clk_pin). Large setup violations at the end of those stages might be difficult to fix during the post-placement implementation flow and could be the result of non-optimal XDC constraints or non-optimal design architecture
Related violations: <none>

TIMING-16#892 Warning
Large setup violation  
There is a large setup violation of -1.723 ns between dut/COSSET[0].unite_lists/genblk1_0.dut/metrics1_r_reg[31]/C (clocked by sys_clk_pin) and dut/COSSET[0].unite_lists/genblk1_0.dut/SS_00/idx_p_reg[0][2][0]/D (clocked by sys_clk_pin). Large setup violations at the end of those stages might be difficult to fix during the post-placement implementation flow and could be the result of non-optimal XDC constraints or non-optimal design architecture
Related violations: <none>

TIMING-16#893 Warning
Large setup violation  
There is a large setup violation of -1.723 ns between dut/COSSET[2].unite_lists/genblk1_0.dut/metrics_r_reg[0]/C (clocked by sys_clk_pin) and dut/COSSET[2].unite_lists/genblk1_0.dut/SS_00/m_p_reg[0][6][5]/D (clocked by sys_clk_pin). Large setup violations at the end of those stages might be difficult to fix during the post-placement implementation flow and could be the result of non-optimal XDC constraints or non-optimal design architecture
Related violations: <none>

TIMING-16#894 Warning
Large setup violation  
There is a large setup violation of -1.723 ns between dut/COSSET[3].unite_lists/genblk1_0.dut/metrics1_r_reg[14]/C (clocked by sys_clk_pin) and dut/COSSET[3].unite_lists/genblk1_0.dut/SS_00/m_p_reg[0][5][5]/D (clocked by sys_clk_pin). Large setup violations at the end of those stages might be difficult to fix during the post-placement implementation flow and could be the result of non-optimal XDC constraints or non-optimal design architecture
Related violations: <none>

TIMING-16#895 Warning
Large setup violation  
There is a large setup violation of -1.725 ns between dut/COSSET[1].unite_lists/genblk1_0.dut/metrics_r_reg[33]/C (clocked by sys_clk_pin) and dut/COSSET[1].unite_lists/genblk1_0.dut/SS_00/m_p_reg[0][0][3]/D (clocked by sys_clk_pin). Large setup violations at the end of those stages might be difficult to fix during the post-placement implementation flow and could be the result of non-optimal XDC constraints or non-optimal design architecture
Related violations: <none>

TIMING-16#896 Warning
Large setup violation  
There is a large setup violation of -1.725 ns between dut/COSSET[1].unite_lists/genblk1_0.dut/metrics_r_reg[33]/C (clocked by sys_clk_pin) and dut/COSSET[1].unite_lists/genblk1_0.dut/SS_00/m_p_reg[0][0][7]/D (clocked by sys_clk_pin). Large setup violations at the end of those stages might be difficult to fix during the post-placement implementation flow and could be the result of non-optimal XDC constraints or non-optimal design architecture
Related violations: <none>

TIMING-16#897 Warning
Large setup violation  
There is a large setup violation of -1.725 ns between dut/COSSET[4].unite_lists/genblk1_0.dut/metrics_r_reg[20]/C (clocked by sys_clk_pin) and dut/COSSET[4].unite_lists/genblk1_0.dut/SS_00/idx_p_reg[0][2][0]/D (clocked by sys_clk_pin). Large setup violations at the end of those stages might be difficult to fix during the post-placement implementation flow and could be the result of non-optimal XDC constraints or non-optimal design architecture
Related violations: <none>

TIMING-16#898 Warning
Large setup violation  
There is a large setup violation of -1.726 ns between dut/COSSET[2].unite_lists/genblk1_0.dut/metrics_r_reg[30]/C (clocked by sys_clk_pin) and dut/COSSET[2].unite_lists/genblk1_0.dut/SS_00/m_p_reg[0][4][2]/D (clocked by sys_clk_pin). Large setup violations at the end of those stages might be difficult to fix during the post-placement implementation flow and could be the result of non-optimal XDC constraints or non-optimal design architecture
Related violations: <none>

TIMING-16#899 Warning
Large setup violation  
There is a large setup violation of -1.726 ns between dut/COSSET[2].unite_lists/genblk1_0.dut/metrics_r_reg[30]/C (clocked by sys_clk_pin) and dut/COSSET[2].unite_lists/genblk1_0.dut/SS_00/m_p_reg[0][4][4]/D (clocked by sys_clk_pin). Large setup violations at the end of those stages might be difficult to fix during the post-placement implementation flow and could be the result of non-optimal XDC constraints or non-optimal design architecture
Related violations: <none>

TIMING-16#900 Warning
Large setup violation  
There is a large setup violation of -1.727 ns between dut/COSSET[1].unite_lists/genblk1_0.dut/metrics1_r_reg[30]/C (clocked by sys_clk_pin) and dut/COSSET[1].unite_lists/genblk1_0.dut/SS_00/m_p_reg[0][6][9]/D (clocked by sys_clk_pin). Large setup violations at the end of those stages might be difficult to fix during the post-placement implementation flow and could be the result of non-optimal XDC constraints or non-optimal design architecture
Related violations: <none>

TIMING-16#901 Warning
Large setup violation  
There is a large setup violation of -1.727 ns between dut/COSSET[1].unite_lists/genblk1_0.dut/metrics1_r_reg[32]/C (clocked by sys_clk_pin) and dut/COSSET[1].unite_lists/genblk1_0.dut/SS_00/m_p_reg[0][2][0]/D (clocked by sys_clk_pin). Large setup violations at the end of those stages might be difficult to fix during the post-placement implementation flow and could be the result of non-optimal XDC constraints or non-optimal design architecture
Related violations: <none>

TIMING-16#902 Warning
Large setup violation  
There is a large setup violation of -1.727 ns between dut/COSSET[1].unite_lists/genblk1_0.dut/metrics1_r_reg[32]/C (clocked by sys_clk_pin) and dut/COSSET[1].unite_lists/genblk1_0.dut/SS_00/m_p_reg[0][2][6]/D (clocked by sys_clk_pin). Large setup violations at the end of those stages might be difficult to fix during the post-placement implementation flow and could be the result of non-optimal XDC constraints or non-optimal design architecture
Related violations: <none>

TIMING-16#903 Warning
Large setup violation  
There is a large setup violation of -1.727 ns between dut/COSSET[2].unite_lists/genblk1_0.dut/metrics_r_reg[30]/C (clocked by sys_clk_pin) and dut/COSSET[2].unite_lists/genblk1_0.dut/SS_00/m_p_reg[0][4][7]/D (clocked by sys_clk_pin). Large setup violations at the end of those stages might be difficult to fix during the post-placement implementation flow and could be the result of non-optimal XDC constraints or non-optimal design architecture
Related violations: <none>

TIMING-16#904 Warning
Large setup violation  
There is a large setup violation of -1.727 ns between dut/COSSET[4].unite_lists/genblk1_0.dut/metrics1_r_reg[30]/C (clocked by sys_clk_pin) and dut/COSSET[4].unite_lists/genblk1_0.dut/SS_00/m_p_reg[0][1][4]/D (clocked by sys_clk_pin). Large setup violations at the end of those stages might be difficult to fix during the post-placement implementation flow and could be the result of non-optimal XDC constraints or non-optimal design architecture
Related violations: <none>

TIMING-16#905 Warning
Large setup violation  
There is a large setup violation of -1.728 ns between dut/COSSET[0].unite_lists/genblk1_0.dut/metrics1_r_reg[31]/C (clocked by sys_clk_pin) and dut/COSSET[0].unite_lists/genblk1_0.dut/SS_00/m_p_reg[0][6][3]/D (clocked by sys_clk_pin). Large setup violations at the end of those stages might be difficult to fix during the post-placement implementation flow and could be the result of non-optimal XDC constraints or non-optimal design architecture
Related violations: <none>

TIMING-16#906 Warning
Large setup violation  
There is a large setup violation of -1.728 ns between dut/COSSET[0].unite_lists/genblk1_0.dut/metrics_r_reg[32]/C (clocked by sys_clk_pin) and dut/COSSET[0].unite_lists/genblk1_0.dut/SS_00/m_p_reg[0][5][6]/D (clocked by sys_clk_pin). Large setup violations at the end of those stages might be difficult to fix during the post-placement implementation flow and could be the result of non-optimal XDC constraints or non-optimal design architecture
Related violations: <none>

TIMING-16#907 Warning
Large setup violation  
There is a large setup violation of -1.728 ns between dut/COSSET[1].unite_lists/genblk1_0.dut/metrics1_r_reg[32]/C (clocked by sys_clk_pin) and dut/COSSET[1].unite_lists/genblk1_0.dut/SS_00/m_p_reg[0][3][0]/D (clocked by sys_clk_pin). Large setup violations at the end of those stages might be difficult to fix during the post-placement implementation flow and could be the result of non-optimal XDC constraints or non-optimal design architecture
Related violations: <none>

TIMING-16#908 Warning
Large setup violation  
There is a large setup violation of -1.729 ns between dut/COSSET[1].unite_lists/genblk1_0.dut/metrics_r_reg[20]/C (clocked by sys_clk_pin) and dut/COSSET[1].unite_lists/genblk1_0.dut/SS_00/m_p_reg[0][2][1]/D (clocked by sys_clk_pin). Large setup violations at the end of those stages might be difficult to fix during the post-placement implementation flow and could be the result of non-optimal XDC constraints or non-optimal design architecture
Related violations: <none>

TIMING-16#909 Warning
Large setup violation  
There is a large setup violation of -1.729 ns between dut/COSSET[1].unite_lists/genblk1_0.dut/metrics_r_reg[30]/C (clocked by sys_clk_pin) and dut/COSSET[1].unite_lists/genblk1_0.dut/SS_00/m_p_reg[0][1][7]/D (clocked by sys_clk_pin). Large setup violations at the end of those stages might be difficult to fix during the post-placement implementation flow and could be the result of non-optimal XDC constraints or non-optimal design architecture
Related violations: <none>

TIMING-16#910 Warning
Large setup violation  
There is a large setup violation of -1.729 ns between dut/COSSET[2].unite_lists/genblk1_0.dut/metrics_r_reg[32]/C (clocked by sys_clk_pin) and dut/COSSET[2].unite_lists/genblk1_0.dut/SS_00/m_p_reg[0][0][5]/D (clocked by sys_clk_pin). Large setup violations at the end of those stages might be difficult to fix during the post-placement implementation flow and could be the result of non-optimal XDC constraints or non-optimal design architecture
Related violations: <none>

TIMING-16#911 Warning
Large setup violation  
There is a large setup violation of -1.730 ns between dut/COSSET[0].unite_lists/genblk1_0.dut/metrics1_r_reg[31]/C (clocked by sys_clk_pin) and dut/COSSET[0].unite_lists/genblk1_0.dut/SS_00/m_p_reg[0][6][0]/D (clocked by sys_clk_pin). Large setup violations at the end of those stages might be difficult to fix during the post-placement implementation flow and could be the result of non-optimal XDC constraints or non-optimal design architecture
Related violations: <none>

TIMING-16#912 Warning
Large setup violation  
There is a large setup violation of -1.730 ns between dut/COSSET[1].unite_lists/genblk1_0.dut/metrics_r_reg[30]/C (clocked by sys_clk_pin) and dut/COSSET[1].unite_lists/genblk1_0.dut/SS_00/m_p_reg[0][5][5]/D (clocked by sys_clk_pin). Large setup violations at the end of those stages might be difficult to fix during the post-placement implementation flow and could be the result of non-optimal XDC constraints or non-optimal design architecture
Related violations: <none>

TIMING-16#913 Warning
Large setup violation  
There is a large setup violation of -1.731 ns between dut/COSSET[1].unite_lists/genblk1_0.dut/metrics_r_reg[30]/C (clocked by sys_clk_pin) and dut/COSSET[1].unite_lists/genblk1_0.dut/SS_00/m_p_reg[0][5][2]/D (clocked by sys_clk_pin). Large setup violations at the end of those stages might be difficult to fix during the post-placement implementation flow and could be the result of non-optimal XDC constraints or non-optimal design architecture
Related violations: <none>

TIMING-16#914 Warning
Large setup violation  
There is a large setup violation of -1.732 ns between dut/COSSET[2].unite_lists/genblk1_0.dut/metrics_r_reg[32]/C (clocked by sys_clk_pin) and dut/COSSET[2].unite_lists/genblk1_0.dut/SS_00/m_p_reg[0][0][1]/D (clocked by sys_clk_pin). Large setup violations at the end of those stages might be difficult to fix during the post-placement implementation flow and could be the result of non-optimal XDC constraints or non-optimal design architecture
Related violations: <none>

TIMING-16#915 Warning
Large setup violation  
There is a large setup violation of -1.733 ns between dut/COSSET[0].unite_lists/genblk1_0.dut/metrics_r_reg[32]/C (clocked by sys_clk_pin) and dut/COSSET[0].unite_lists/genblk1_0.dut/SS_00/m_p_reg[0][5][1]/D (clocked by sys_clk_pin). Large setup violations at the end of those stages might be difficult to fix during the post-placement implementation flow and could be the result of non-optimal XDC constraints or non-optimal design architecture
Related violations: <none>

TIMING-16#916 Warning
Large setup violation  
There is a large setup violation of -1.733 ns between dut/COSSET[2].unite_lists/genblk1_0.dut/metrics_r_reg[32]/C (clocked by sys_clk_pin) and dut/COSSET[2].unite_lists/genblk1_0.dut/SS_00/m_p_reg[0][0][2]/D (clocked by sys_clk_pin). Large setup violations at the end of those stages might be difficult to fix during the post-placement implementation flow and could be the result of non-optimal XDC constraints or non-optimal design architecture
Related violations: <none>

TIMING-16#917 Warning
Large setup violation  
There is a large setup violation of -1.733 ns between dut/COSSET[4].unite_lists/genblk1_0.dut/metrics_r_reg[1]/C (clocked by sys_clk_pin) and dut/COSSET[4].unite_lists/genblk1_0.dut/SS_00/m_p_reg[0][6][4]/D (clocked by sys_clk_pin). Large setup violations at the end of those stages might be difficult to fix during the post-placement implementation flow and could be the result of non-optimal XDC constraints or non-optimal design architecture
Related violations: <none>

TIMING-16#918 Warning
Large setup violation  
There is a large setup violation of -1.734 ns between dut/COSSET[0].unite_lists/genblk1_0.dut/metrics_r_reg[32]/C (clocked by sys_clk_pin) and dut/COSSET[0].unite_lists/genblk1_0.dut/SS_00/m_p_reg[0][4][6]/D (clocked by sys_clk_pin). Large setup violations at the end of those stages might be difficult to fix during the post-placement implementation flow and could be the result of non-optimal XDC constraints or non-optimal design architecture
Related violations: <none>

TIMING-16#919 Warning
Large setup violation  
There is a large setup violation of -1.734 ns between dut/COSSET[2].unite_lists/genblk1_0.dut/metrics_r_reg[20]/C (clocked by sys_clk_pin) and dut/COSSET[2].unite_lists/genblk1_0.dut/SS_00/m_p_reg[0][3][4]/D (clocked by sys_clk_pin). Large setup violations at the end of those stages might be difficult to fix during the post-placement implementation flow and could be the result of non-optimal XDC constraints or non-optimal design architecture
Related violations: <none>

TIMING-16#920 Warning
Large setup violation  
There is a large setup violation of -1.735 ns between dut/COSSET[0].unite_lists/genblk1_0.dut/metrics_r_reg[32]/C (clocked by sys_clk_pin) and dut/COSSET[0].unite_lists/genblk1_0.dut/SS_00/m_p_reg[0][4][1]/D (clocked by sys_clk_pin). Large setup violations at the end of those stages might be difficult to fix during the post-placement implementation flow and could be the result of non-optimal XDC constraints or non-optimal design architecture
Related violations: <none>

TIMING-16#921 Warning
Large setup violation  
There is a large setup violation of -1.737 ns between dut/COSSET[0].unite_lists/genblk1_0.dut/metrics1_r_reg[31]/C (clocked by sys_clk_pin) and dut/COSSET[0].unite_lists/genblk1_0.dut/SS_00/m_p_reg[0][3][5]/D (clocked by sys_clk_pin). Large setup violations at the end of those stages might be difficult to fix during the post-placement implementation flow and could be the result of non-optimal XDC constraints or non-optimal design architecture
Related violations: <none>

TIMING-16#922 Warning
Large setup violation  
There is a large setup violation of -1.739 ns between dut/COSSET[4].unite_lists/genblk1_0.dut/metrics_r_reg[20]/C (clocked by sys_clk_pin) and dut/COSSET[4].unite_lists/genblk1_0.dut/SS_00/m_p_reg[0][2][3]/D (clocked by sys_clk_pin). Large setup violations at the end of those stages might be difficult to fix during the post-placement implementation flow and could be the result of non-optimal XDC constraints or non-optimal design architecture
Related violations: <none>

TIMING-16#923 Warning
Large setup violation  
There is a large setup violation of -1.739 ns between dut/COSSET[4].unite_lists/genblk1_0.dut/metrics_r_reg[20]/C (clocked by sys_clk_pin) and dut/COSSET[4].unite_lists/genblk1_0.dut/SS_00/m_p_reg[0][2][6]/D (clocked by sys_clk_pin). Large setup violations at the end of those stages might be difficult to fix during the post-placement implementation flow and could be the result of non-optimal XDC constraints or non-optimal design architecture
Related violations: <none>

TIMING-16#924 Warning
Large setup violation  
There is a large setup violation of -1.740 ns between dut/COSSET[1].unite_lists/genblk1_0.dut/metrics1_r_reg[30]/C (clocked by sys_clk_pin) and dut/COSSET[1].unite_lists/genblk1_0.dut/SS_00/m_p_reg[0][7][9]/D (clocked by sys_clk_pin). Large setup violations at the end of those stages might be difficult to fix during the post-placement implementation flow and could be the result of non-optimal XDC constraints or non-optimal design architecture
Related violations: <none>

TIMING-16#925 Warning
Large setup violation  
There is a large setup violation of -1.740 ns between dut/COSSET[1].unite_lists/genblk1_0.dut/metrics_r_reg[30]/C (clocked by sys_clk_pin) and dut/COSSET[1].unite_lists/genblk1_0.dut/SS_00/m_p_reg[0][0][9]/D (clocked by sys_clk_pin). Large setup violations at the end of those stages might be difficult to fix during the post-placement implementation flow and could be the result of non-optimal XDC constraints or non-optimal design architecture
Related violations: <none>

TIMING-16#926 Warning
Large setup violation  
There is a large setup violation of -1.742 ns between dut/COSSET[0].unite_lists/genblk1_0.dut/metrics_r_reg[31]/C (clocked by sys_clk_pin) and dut/COSSET[0].unite_lists/genblk1_0.dut/SS_00/m_p_reg[0][4][2]/D (clocked by sys_clk_pin). Large setup violations at the end of those stages might be difficult to fix during the post-placement implementation flow and could be the result of non-optimal XDC constraints or non-optimal design architecture
Related violations: <none>

TIMING-16#927 Warning
Large setup violation  
There is a large setup violation of -1.742 ns between dut/COSSET[0].unite_lists/genblk1_0.dut/metrics_r_reg[31]/C (clocked by sys_clk_pin) and dut/COSSET[0].unite_lists/genblk1_0.dut/SS_00/m_p_reg[0][4][9]/D (clocked by sys_clk_pin). Large setup violations at the end of those stages might be difficult to fix during the post-placement implementation flow and could be the result of non-optimal XDC constraints or non-optimal design architecture
Related violations: <none>

TIMING-16#928 Warning
Large setup violation  
There is a large setup violation of -1.742 ns between dut/COSSET[2].unite_lists/genblk1_0.dut/metrics_r_reg[32]/C (clocked by sys_clk_pin) and dut/COSSET[2].unite_lists/genblk1_0.dut/SS_00/m_p_reg[0][1][7]/D (clocked by sys_clk_pin). Large setup violations at the end of those stages might be difficult to fix during the post-placement implementation flow and could be the result of non-optimal XDC constraints or non-optimal design architecture
Related violations: <none>

TIMING-16#929 Warning
Large setup violation  
There is a large setup violation of -1.743 ns between dut/COSSET[2].unite_lists/genblk1_0.dut/metrics_r_reg[32]/C (clocked by sys_clk_pin) and dut/COSSET[2].unite_lists/genblk1_0.dut/SS_00/m_p_reg[0][0][6]/D (clocked by sys_clk_pin). Large setup violations at the end of those stages might be difficult to fix during the post-placement implementation flow and could be the result of non-optimal XDC constraints or non-optimal design architecture
Related violations: <none>

TIMING-16#930 Warning
Large setup violation  
There is a large setup violation of -1.743 ns between dut/COSSET[4].unite_lists/genblk1_0.dut/metrics1_r_reg[30]/C (clocked by sys_clk_pin) and dut/COSSET[4].unite_lists/genblk1_0.dut/SS_00/m_p_reg[0][0][5]/D (clocked by sys_clk_pin). Large setup violations at the end of those stages might be difficult to fix during the post-placement implementation flow and could be the result of non-optimal XDC constraints or non-optimal design architecture
Related violations: <none>

TIMING-16#931 Warning
Large setup violation  
There is a large setup violation of -1.744 ns between dut/COSSET[1].unite_lists/genblk1_0.dut/metrics_r_reg[30]/C (clocked by sys_clk_pin) and dut/COSSET[1].unite_lists/genblk1_0.dut/SS_00/m_p_reg[0][4][1]/D (clocked by sys_clk_pin). Large setup violations at the end of those stages might be difficult to fix during the post-placement implementation flow and could be the result of non-optimal XDC constraints or non-optimal design architecture
Related violations: <none>

TIMING-16#932 Warning
Large setup violation  
There is a large setup violation of -1.745 ns between dut/COSSET[1].unite_lists/genblk1_0.dut/metrics1_r_reg[30]/C (clocked by sys_clk_pin) and dut/COSSET[1].unite_lists/genblk1_0.dut/SS_00/idx_p_reg[0][6][0]/D (clocked by sys_clk_pin). Large setup violations at the end of those stages might be difficult to fix during the post-placement implementation flow and could be the result of non-optimal XDC constraints or non-optimal design architecture
Related violations: <none>

TIMING-16#933 Warning
Large setup violation  
There is a large setup violation of -1.745 ns between dut/COSSET[1].unite_lists/genblk1_0.dut/metrics1_r_reg[32]/C (clocked by sys_clk_pin) and dut/COSSET[1].unite_lists/genblk1_0.dut/SS_00/m_p_reg[0][3][6]/D (clocked by sys_clk_pin). Large setup violations at the end of those stages might be difficult to fix during the post-placement implementation flow and could be the result of non-optimal XDC constraints or non-optimal design architecture
Related violations: <none>

TIMING-16#934 Warning
Large setup violation  
There is a large setup violation of -1.745 ns between dut/COSSET[1].unite_lists/genblk1_0.dut/metrics_r_reg[30]/C (clocked by sys_clk_pin) and dut/COSSET[1].unite_lists/genblk1_0.dut/SS_00/m_p_reg[0][1][5]/D (clocked by sys_clk_pin). Large setup violations at the end of those stages might be difficult to fix during the post-placement implementation flow and could be the result of non-optimal XDC constraints or non-optimal design architecture
Related violations: <none>

TIMING-16#935 Warning
Large setup violation  
There is a large setup violation of -1.745 ns between dut/COSSET[1].unite_lists/genblk1_0.dut/metrics_r_reg[30]/C (clocked by sys_clk_pin) and dut/COSSET[1].unite_lists/genblk1_0.dut/SS_00/m_p_reg[0][5][1]/D (clocked by sys_clk_pin). Large setup violations at the end of those stages might be difficult to fix during the post-placement implementation flow and could be the result of non-optimal XDC constraints or non-optimal design architecture
Related violations: <none>

TIMING-16#936 Warning
Large setup violation  
There is a large setup violation of -1.745 ns between dut/COSSET[1].unite_lists/genblk1_0.dut/metrics_r_reg[30]/C (clocked by sys_clk_pin) and dut/COSSET[1].unite_lists/genblk1_0.dut/SS_00/m_p_reg[0][5][8]/D (clocked by sys_clk_pin). Large setup violations at the end of those stages might be difficult to fix during the post-placement implementation flow and could be the result of non-optimal XDC constraints or non-optimal design architecture
Related violations: <none>

TIMING-16#937 Warning
Large setup violation  
There is a large setup violation of -1.745 ns between dut/COSSET[2].unite_lists/genblk1_0.dut/metrics_r_reg[20]/C (clocked by sys_clk_pin) and dut/COSSET[2].unite_lists/genblk1_0.dut/SS_00/m_p_reg[0][3][9]/D (clocked by sys_clk_pin). Large setup violations at the end of those stages might be difficult to fix during the post-placement implementation flow and could be the result of non-optimal XDC constraints or non-optimal design architecture
Related violations: <none>

TIMING-16#938 Warning
Large setup violation  
There is a large setup violation of -1.745 ns between dut/COSSET[3].unite_lists/genblk1_0.dut/metrics_r_reg[0]/C (clocked by sys_clk_pin) and dut/COSSET[3].unite_lists/genblk1_0.dut/SS_00/m_p_reg[0][6][6]/D (clocked by sys_clk_pin). Large setup violations at the end of those stages might be difficult to fix during the post-placement implementation flow and could be the result of non-optimal XDC constraints or non-optimal design architecture
Related violations: <none>

TIMING-16#939 Warning
Large setup violation  
There is a large setup violation of -1.745 ns between dut/COSSET[4].unite_lists/genblk1_0.dut/metrics1_r_reg[30]/C (clocked by sys_clk_pin) and dut/COSSET[4].unite_lists/genblk1_0.dut/SS_00/idx_p_reg[0][0][0]/D (clocked by sys_clk_pin). Large setup violations at the end of those stages might be difficult to fix during the post-placement implementation flow and could be the result of non-optimal XDC constraints or non-optimal design architecture
Related violations: <none>

TIMING-16#940 Warning
Large setup violation  
There is a large setup violation of -1.746 ns between dut/COSSET[2].unite_lists/genblk1_0.dut/metrics_r_reg[30]/C (clocked by sys_clk_pin) and dut/COSSET[2].unite_lists/genblk1_0.dut/SS_00/m_p_reg[0][4][6]/D (clocked by sys_clk_pin). Large setup violations at the end of those stages might be difficult to fix during the post-placement implementation flow and could be the result of non-optimal XDC constraints or non-optimal design architecture
Related violations: <none>

TIMING-16#941 Warning
Large setup violation  
There is a large setup violation of -1.746 ns between dut/COSSET[4].unite_lists/genblk1_0.dut/metrics_r_reg[20]/C (clocked by sys_clk_pin) and dut/COSSET[4].unite_lists/genblk1_0.dut/SS_00/m_p_reg[0][2][0]/D (clocked by sys_clk_pin). Large setup violations at the end of those stages might be difficult to fix during the post-placement implementation flow and could be the result of non-optimal XDC constraints or non-optimal design architecture
Related violations: <none>

TIMING-16#942 Warning
Large setup violation  
There is a large setup violation of -1.746 ns between dut/COSSET[4].unite_lists/genblk1_0.dut/metrics_r_reg[20]/C (clocked by sys_clk_pin) and dut/COSSET[4].unite_lists/genblk1_0.dut/SS_00/m_p_reg[0][2][4]/D (clocked by sys_clk_pin). Large setup violations at the end of those stages might be difficult to fix during the post-placement implementation flow and could be the result of non-optimal XDC constraints or non-optimal design architecture
Related violations: <none>

TIMING-16#943 Warning
Large setup violation  
There is a large setup violation of -1.747 ns between dut/COSSET[0].unite_lists/genblk1_0.dut/metrics1_r_reg[31]/C (clocked by sys_clk_pin) and dut/COSSET[0].unite_lists/genblk1_0.dut/SS_00/m_p_reg[0][7][0]/D (clocked by sys_clk_pin). Large setup violations at the end of those stages might be difficult to fix during the post-placement implementation flow and could be the result of non-optimal XDC constraints or non-optimal design architecture
Related violations: <none>

TIMING-16#944 Warning
Large setup violation  
There is a large setup violation of -1.747 ns between dut/COSSET[1].unite_lists/genblk1_0.dut/metrics_r_reg[30]/C (clocked by sys_clk_pin) and dut/COSSET[1].unite_lists/genblk1_0.dut/SS_00/m_p_reg[0][4][3]/D (clocked by sys_clk_pin). Large setup violations at the end of those stages might be difficult to fix during the post-placement implementation flow and could be the result of non-optimal XDC constraints or non-optimal design architecture
Related violations: <none>

TIMING-16#945 Warning
Large setup violation  
There is a large setup violation of -1.747 ns between dut/COSSET[1].unite_lists/genblk1_0.dut/metrics_r_reg[30]/C (clocked by sys_clk_pin) and dut/COSSET[1].unite_lists/genblk1_0.dut/SS_00/m_p_reg[0][5][3]/D (clocked by sys_clk_pin). Large setup violations at the end of those stages might be difficult to fix during the post-placement implementation flow and could be the result of non-optimal XDC constraints or non-optimal design architecture
Related violations: <none>

TIMING-16#946 Warning
Large setup violation  
There is a large setup violation of -1.747 ns between dut/COSSET[3].unite_lists/genblk1_0.dut/metrics1_r_reg[33]/C (clocked by sys_clk_pin) and dut/COSSET[3].unite_lists/genblk1_0.dut/SS_00/m_p_reg[0][0][9]/D (clocked by sys_clk_pin). Large setup violations at the end of those stages might be difficult to fix during the post-placement implementation flow and could be the result of non-optimal XDC constraints or non-optimal design architecture
Related violations: <none>

TIMING-16#947 Warning
Large setup violation  
There is a large setup violation of -1.747 ns between dut/COSSET[3].unite_lists/genblk1_0.dut/metrics_r_reg[22]/C (clocked by sys_clk_pin) and dut/COSSET[3].unite_lists/genblk1_0.dut/SS_00/m_p_reg[0][3][4]/D (clocked by sys_clk_pin). Large setup violations at the end of those stages might be difficult to fix during the post-placement implementation flow and could be the result of non-optimal XDC constraints or non-optimal design architecture
Related violations: <none>

TIMING-16#948 Warning
Large setup violation  
There is a large setup violation of -1.749 ns between dut/COSSET[1].unite_lists/genblk1_0.dut/metrics_r_reg[30]/C (clocked by sys_clk_pin) and dut/COSSET[1].unite_lists/genblk1_0.dut/SS_00/m_p_reg[0][1][4]/D (clocked by sys_clk_pin). Large setup violations at the end of those stages might be difficult to fix during the post-placement implementation flow and could be the result of non-optimal XDC constraints or non-optimal design architecture
Related violations: <none>

TIMING-16#949 Warning
Large setup violation  
There is a large setup violation of -1.749 ns between dut/COSSET[3].unite_lists/genblk1_0.dut/metrics1_r_reg[33]/C (clocked by sys_clk_pin) and dut/COSSET[3].unite_lists/genblk1_0.dut/SS_00/m_p_reg[0][0][1]/D (clocked by sys_clk_pin). Large setup violations at the end of those stages might be difficult to fix during the post-placement implementation flow and could be the result of non-optimal XDC constraints or non-optimal design architecture
Related violations: <none>

TIMING-16#950 Warning
Large setup violation  
There is a large setup violation of -1.749 ns between dut/COSSET[4].unite_lists/genblk1_0.dut/metrics_r_reg[1]/C (clocked by sys_clk_pin) and dut/COSSET[4].unite_lists/genblk1_0.dut/SS_00/m_p_reg[0][6][5]/D (clocked by sys_clk_pin). Large setup violations at the end of those stages might be difficult to fix during the post-placement implementation flow and could be the result of non-optimal XDC constraints or non-optimal design architecture
Related violations: <none>

TIMING-16#951 Warning
Large setup violation  
There is a large setup violation of -1.750 ns between dut/COSSET[1].unite_lists/genblk1_0.dut/metrics_r_reg[30]/C (clocked by sys_clk_pin) and dut/COSSET[1].unite_lists/genblk1_0.dut/SS_00/m_p_reg[0][1][6]/D (clocked by sys_clk_pin). Large setup violations at the end of those stages might be difficult to fix during the post-placement implementation flow and could be the result of non-optimal XDC constraints or non-optimal design architecture
Related violations: <none>

TIMING-16#952 Warning
Large setup violation  
There is a large setup violation of -1.750 ns between dut/COSSET[2].unite_lists/genblk1_0.dut/metrics_r_reg[20]/C (clocked by sys_clk_pin) and dut/COSSET[2].unite_lists/genblk1_0.dut/SS_00/m_p_reg[0][2][2]/D (clocked by sys_clk_pin). Large setup violations at the end of those stages might be difficult to fix during the post-placement implementation flow and could be the result of non-optimal XDC constraints or non-optimal design architecture
Related violations: <none>

TIMING-16#953 Warning
Large setup violation  
There is a large setup violation of -1.751 ns between dut/COSSET[3].unite_lists/genblk1_0.dut/metrics1_r_reg[14]/C (clocked by sys_clk_pin) and dut/COSSET[3].unite_lists/genblk1_0.dut/SS_00/m_p_reg[0][5][8]/D (clocked by sys_clk_pin). Large setup violations at the end of those stages might be difficult to fix during the post-placement implementation flow and could be the result of non-optimal XDC constraints or non-optimal design architecture
Related violations: <none>

TIMING-16#954 Warning
Large setup violation  
There is a large setup violation of -1.754 ns between dut/COSSET[4].unite_lists/genblk1_0.dut/metrics1_r_reg[30]/C (clocked by sys_clk_pin) and dut/COSSET[4].unite_lists/genblk1_0.dut/SS_00/m_p_reg[0][1][5]/D (clocked by sys_clk_pin). Large setup violations at the end of those stages might be difficult to fix during the post-placement implementation flow and could be the result of non-optimal XDC constraints or non-optimal design architecture
Related violations: <none>

TIMING-16#955 Warning
Large setup violation  
There is a large setup violation of -1.755 ns between dut/COSSET[1].unite_lists/genblk1_0.dut/metrics_r_reg[30]/C (clocked by sys_clk_pin) and dut/COSSET[1].unite_lists/genblk1_0.dut/SS_00/m_p_reg[0][0][1]/D (clocked by sys_clk_pin). Large setup violations at the end of those stages might be difficult to fix during the post-placement implementation flow and could be the result of non-optimal XDC constraints or non-optimal design architecture
Related violations: <none>

TIMING-16#956 Warning
Large setup violation  
There is a large setup violation of -1.756 ns between dut/COSSET[4].unite_lists/genblk1_0.dut/metrics_r_reg[1]/C (clocked by sys_clk_pin) and dut/COSSET[4].unite_lists/genblk1_0.dut/SS_00/m_p_reg[0][7][3]/D (clocked by sys_clk_pin). Large setup violations at the end of those stages might be difficult to fix during the post-placement implementation flow and could be the result of non-optimal XDC constraints or non-optimal design architecture
Related violations: <none>

TIMING-16#957 Warning
Large setup violation  
There is a large setup violation of -1.758 ns between dut/COSSET[1].unite_lists/genblk1_0.dut/metrics_r_reg[20]/C (clocked by sys_clk_pin) and dut/COSSET[1].unite_lists/genblk1_0.dut/SS_00/m_p_reg[0][3][3]/D (clocked by sys_clk_pin). Large setup violations at the end of those stages might be difficult to fix during the post-placement implementation flow and could be the result of non-optimal XDC constraints or non-optimal design architecture
Related violations: <none>

TIMING-16#958 Warning
Large setup violation  
There is a large setup violation of -1.759 ns between dut/COSSET[0].unite_lists/genblk1_0.dut/metrics1_r_reg[31]/C (clocked by sys_clk_pin) and dut/COSSET[0].unite_lists/genblk1_0.dut/SS_00/m_p_reg[0][6][4]/D (clocked by sys_clk_pin). Large setup violations at the end of those stages might be difficult to fix during the post-placement implementation flow and could be the result of non-optimal XDC constraints or non-optimal design architecture
Related violations: <none>

TIMING-16#959 Warning
Large setup violation  
There is a large setup violation of -1.761 ns between dut/COSSET[1].unite_lists/genblk1_0.dut/metrics1_r_reg[30]/C (clocked by sys_clk_pin) and dut/COSSET[1].unite_lists/genblk1_0.dut/SS_00/m_p_reg[0][6][0]/D (clocked by sys_clk_pin). Large setup violations at the end of those stages might be difficult to fix during the post-placement implementation flow and could be the result of non-optimal XDC constraints or non-optimal design architecture
Related violations: <none>

TIMING-16#960 Warning
Large setup violation  
There is a large setup violation of -1.764 ns between dut/COSSET[2].unite_lists/genblk1_0.dut/metrics_r_reg[30]/C (clocked by sys_clk_pin) and dut/COSSET[2].unite_lists/genblk1_0.dut/SS_00/m_p_reg[0][5][0]/D (clocked by sys_clk_pin). Large setup violations at the end of those stages might be difficult to fix during the post-placement implementation flow and could be the result of non-optimal XDC constraints or non-optimal design architecture
Related violations: <none>

TIMING-16#961 Warning
Large setup violation  
There is a large setup violation of -1.764 ns between dut/COSSET[3].unite_lists/genblk1_0.dut/metrics_r_reg[30]/C (clocked by sys_clk_pin) and dut/COSSET[3].unite_lists/genblk1_0.dut/SS_00/m_p_reg[0][5][0]/D (clocked by sys_clk_pin). Large setup violations at the end of those stages might be difficult to fix during the post-placement implementation flow and could be the result of non-optimal XDC constraints or non-optimal design architecture
Related violations: <none>

TIMING-16#962 Warning
Large setup violation  
There is a large setup violation of -1.770 ns between dut/COSSET[0].unite_lists/genblk1_0.dut/metrics1_r_reg[31]/C (clocked by sys_clk_pin) and dut/COSSET[0].unite_lists/genblk1_0.dut/SS_00/m_p_reg[0][3][7]/D (clocked by sys_clk_pin). Large setup violations at the end of those stages might be difficult to fix during the post-placement implementation flow and could be the result of non-optimal XDC constraints or non-optimal design architecture
Related violations: <none>

TIMING-16#963 Warning
Large setup violation  
There is a large setup violation of -1.772 ns between dut/COSSET[2].unite_lists/genblk1_0.dut/SS_00/m_p_reg[2][3][9]/C (clocked by sys_clk_pin) and dut/COSSET[2].unite_lists/genblk1_0.dut/SS_00/m_p_reg[4][7][6]_srl2/D (clocked by sys_clk_pin). Large setup violations at the end of those stages might be difficult to fix during the post-placement implementation flow and could be the result of non-optimal XDC constraints or non-optimal design architecture
Related violations: <none>

TIMING-16#964 Warning
Large setup violation  
There is a large setup violation of -1.773 ns between dut/COSSET[0].unite_lists/genblk1_0.dut/metrics1_r_reg[31]/C (clocked by sys_clk_pin) and dut/COSSET[0].unite_lists/genblk1_0.dut/SS_00/m_p_reg[0][2][5]/D (clocked by sys_clk_pin). Large setup violations at the end of those stages might be difficult to fix during the post-placement implementation flow and could be the result of non-optimal XDC constraints or non-optimal design architecture
Related violations: <none>

TIMING-16#965 Warning
Large setup violation  
There is a large setup violation of -1.774 ns between dut/COSSET[0].unite_lists/genblk1_0.dut/metrics1_r_reg[31]/C (clocked by sys_clk_pin) and dut/COSSET[0].unite_lists/genblk1_0.dut/SS_00/m_p_reg[0][2][0]/D (clocked by sys_clk_pin). Large setup violations at the end of those stages might be difficult to fix during the post-placement implementation flow and could be the result of non-optimal XDC constraints or non-optimal design architecture
Related violations: <none>

TIMING-16#966 Warning
Large setup violation  
There is a large setup violation of -1.774 ns between dut/COSSET[1].unite_lists/genblk1_0.dut/metrics_r_reg[20]/C (clocked by sys_clk_pin) and dut/COSSET[1].unite_lists/genblk1_0.dut/SS_00/m_p_reg[0][3][8]/D (clocked by sys_clk_pin). Large setup violations at the end of those stages might be difficult to fix during the post-placement implementation flow and could be the result of non-optimal XDC constraints or non-optimal design architecture
Related violations: <none>

TIMING-16#967 Warning
Large setup violation  
There is a large setup violation of -1.775 ns between dut/COSSET[4].unite_lists/genblk1_0.dut/metrics1_r_reg[30]/C (clocked by sys_clk_pin) and dut/COSSET[4].unite_lists/genblk1_0.dut/SS_00/m_p_reg[0][0][4]/D (clocked by sys_clk_pin). Large setup violations at the end of those stages might be difficult to fix during the post-placement implementation flow and could be the result of non-optimal XDC constraints or non-optimal design architecture
Related violations: <none>

TIMING-16#968 Warning
Large setup violation  
There is a large setup violation of -1.775 ns between dut/COSSET[4].unite_lists/genblk1_0.dut/metrics1_r_reg[30]/C (clocked by sys_clk_pin) and dut/COSSET[4].unite_lists/genblk1_0.dut/SS_00/m_p_reg[0][0][6]/D (clocked by sys_clk_pin). Large setup violations at the end of those stages might be difficult to fix during the post-placement implementation flow and could be the result of non-optimal XDC constraints or non-optimal design architecture
Related violations: <none>

TIMING-16#969 Warning
Large setup violation  
There is a large setup violation of -1.776 ns between dut/COSSET[0].unite_lists/genblk1_0.dut/metrics1_r_reg[31]/C (clocked by sys_clk_pin) and dut/COSSET[0].unite_lists/genblk1_0.dut/SS_00/m_p_reg[0][2][4]/D (clocked by sys_clk_pin). Large setup violations at the end of those stages might be difficult to fix during the post-placement implementation flow and could be the result of non-optimal XDC constraints or non-optimal design architecture
Related violations: <none>

TIMING-16#970 Warning
Large setup violation  
There is a large setup violation of -1.776 ns between dut/COSSET[0].unite_lists/genblk1_0.dut/metrics1_r_reg[31]/C (clocked by sys_clk_pin) and dut/COSSET[0].unite_lists/genblk1_0.dut/SS_00/m_p_reg[0][3][0]/D (clocked by sys_clk_pin). Large setup violations at the end of those stages might be difficult to fix during the post-placement implementation flow and could be the result of non-optimal XDC constraints or non-optimal design architecture
Related violations: <none>

TIMING-16#971 Warning
Large setup violation  
There is a large setup violation of -1.777 ns between dut/COSSET[0].unite_lists/genblk1_0.dut/metrics1_r_reg[31]/C (clocked by sys_clk_pin) and dut/COSSET[0].unite_lists/genblk1_0.dut/SS_00/m_p_reg[0][2][6]/D (clocked by sys_clk_pin). Large setup violations at the end of those stages might be difficult to fix during the post-placement implementation flow and could be the result of non-optimal XDC constraints or non-optimal design architecture
Related violations: <none>

TIMING-16#972 Warning
Large setup violation  
There is a large setup violation of -1.778 ns between dut/COSSET[2].unite_lists/genblk1_0.dut/metrics_r_reg[20]/C (clocked by sys_clk_pin) and dut/COSSET[2].unite_lists/genblk1_0.dut/SS_00/m_p_reg[0][3][5]/D (clocked by sys_clk_pin). Large setup violations at the end of those stages might be difficult to fix during the post-placement implementation flow and could be the result of non-optimal XDC constraints or non-optimal design architecture
Related violations: <none>

TIMING-16#973 Warning
Large setup violation  
There is a large setup violation of -1.780 ns between dut/COSSET[2].unite_lists/genblk1_0.dut/metrics_r_reg[0]/C (clocked by sys_clk_pin) and dut/COSSET[2].unite_lists/genblk1_0.dut/SS_00/m_p_reg[0][7][1]/D (clocked by sys_clk_pin). Large setup violations at the end of those stages might be difficult to fix during the post-placement implementation flow and could be the result of non-optimal XDC constraints or non-optimal design architecture
Related violations: <none>

TIMING-16#974 Warning
Large setup violation  
There is a large setup violation of -1.781 ns between dut/COSSET[0].unite_lists/genblk1_0.dut/metrics1_r_reg[31]/C (clocked by sys_clk_pin) and dut/COSSET[0].unite_lists/genblk1_0.dut/SS_00/m_p_reg[0][2][2]/D (clocked by sys_clk_pin). Large setup violations at the end of those stages might be difficult to fix during the post-placement implementation flow and could be the result of non-optimal XDC constraints or non-optimal design architecture
Related violations: <none>

TIMING-16#975 Warning
Large setup violation  
There is a large setup violation of -1.781 ns between dut/COSSET[0].unite_lists/genblk1_0.dut/metrics1_r_reg[31]/C (clocked by sys_clk_pin) and dut/COSSET[0].unite_lists/genblk1_0.dut/SS_00/m_p_reg[0][3][2]/D (clocked by sys_clk_pin). Large setup violations at the end of those stages might be difficult to fix during the post-placement implementation flow and could be the result of non-optimal XDC constraints or non-optimal design architecture
Related violations: <none>

TIMING-16#976 Warning
Large setup violation  
There is a large setup violation of -1.781 ns between dut/COSSET[3].unite_lists/genblk1_0.dut/metrics1_r_reg[33]/C (clocked by sys_clk_pin) and dut/COSSET[3].unite_lists/genblk1_0.dut/SS_00/m_p_reg[0][1][2]/D (clocked by sys_clk_pin). Large setup violations at the end of those stages might be difficult to fix during the post-placement implementation flow and could be the result of non-optimal XDC constraints or non-optimal design architecture
Related violations: <none>

TIMING-16#977 Warning
Large setup violation  
There is a large setup violation of -1.782 ns between dut/COSSET[0].unite_lists/genblk1_0.dut/metrics1_r_reg[31]/C (clocked by sys_clk_pin) and dut/COSSET[0].unite_lists/genblk1_0.dut/SS_00/m_p_reg[0][2][7]/D (clocked by sys_clk_pin). Large setup violations at the end of those stages might be difficult to fix during the post-placement implementation flow and could be the result of non-optimal XDC constraints or non-optimal design architecture
Related violations: <none>

TIMING-16#978 Warning
Large setup violation  
There is a large setup violation of -1.782 ns between dut/COSSET[2].unite_lists/genblk1_0.dut/metrics_r_reg[0]/C (clocked by sys_clk_pin) and dut/COSSET[2].unite_lists/genblk1_0.dut/SS_00/idx_p_reg[0][6][0]/D (clocked by sys_clk_pin). Large setup violations at the end of those stages might be difficult to fix during the post-placement implementation flow and could be the result of non-optimal XDC constraints or non-optimal design architecture
Related violations: <none>

TIMING-16#979 Warning
Large setup violation  
There is a large setup violation of -1.783 ns between dut/COSSET[2].unite_lists/genblk1_0.dut/metrics_r_reg[20]/C (clocked by sys_clk_pin) and dut/COSSET[2].unite_lists/genblk1_0.dut/SS_00/m_p_reg[0][3][2]/D (clocked by sys_clk_pin). Large setup violations at the end of those stages might be difficult to fix during the post-placement implementation flow and could be the result of non-optimal XDC constraints or non-optimal design architecture
Related violations: <none>

TIMING-16#980 Warning
Large setup violation  
There is a large setup violation of -1.784 ns between dut/COSSET[1].unite_lists/genblk1_0.dut/metrics_r_reg[30]/C (clocked by sys_clk_pin) and dut/COSSET[1].unite_lists/genblk1_0.dut/SS_00/m_p_reg[0][4][6]/D (clocked by sys_clk_pin). Large setup violations at the end of those stages might be difficult to fix during the post-placement implementation flow and could be the result of non-optimal XDC constraints or non-optimal design architecture
Related violations: <none>

TIMING-16#981 Warning
Large setup violation  
There is a large setup violation of -1.784 ns between dut/COSSET[3].unite_lists/genblk1_0.dut/metrics1_r_reg[33]/C (clocked by sys_clk_pin) and dut/COSSET[3].unite_lists/genblk1_0.dut/SS_00/m_p_reg[0][1][3]/D (clocked by sys_clk_pin). Large setup violations at the end of those stages might be difficult to fix during the post-placement implementation flow and could be the result of non-optimal XDC constraints or non-optimal design architecture
Related violations: <none>

TIMING-16#982 Warning
Large setup violation  
There is a large setup violation of -1.793 ns between dut/COSSET[1].unite_lists/genblk1_0.dut/metrics1_r_reg[30]/C (clocked by sys_clk_pin) and dut/COSSET[1].unite_lists/genblk1_0.dut/SS_00/m_p_reg[0][7][5]/D (clocked by sys_clk_pin). Large setup violations at the end of those stages might be difficult to fix during the post-placement implementation flow and could be the result of non-optimal XDC constraints or non-optimal design architecture
Related violations: <none>

TIMING-16#983 Warning
Large setup violation  
There is a large setup violation of -1.794 ns between dut/COSSET[0].unite_lists/genblk1_0.dut/metrics_r_reg[32]/C (clocked by sys_clk_pin) and dut/COSSET[0].unite_lists/genblk1_0.dut/SS_00/m_p_reg[0][4][3]/D (clocked by sys_clk_pin). Large setup violations at the end of those stages might be difficult to fix during the post-placement implementation flow and could be the result of non-optimal XDC constraints or non-optimal design architecture
Related violations: <none>

TIMING-16#984 Warning
Large setup violation  
There is a large setup violation of -1.794 ns between dut/COSSET[2].unite_lists/genblk1_0.dut/metrics_r_reg[30]/C (clocked by sys_clk_pin) and dut/COSSET[2].unite_lists/genblk1_0.dut/SS_00/idx_p_reg[0][4][0]/D (clocked by sys_clk_pin). Large setup violations at the end of those stages might be difficult to fix during the post-placement implementation flow and could be the result of non-optimal XDC constraints or non-optimal design architecture
Related violations: <none>

TIMING-16#985 Warning
Large setup violation  
There is a large setup violation of -1.794 ns between dut/COSSET[2].unite_lists/genblk1_0.dut/metrics_r_reg[30]/C (clocked by sys_clk_pin) and dut/COSSET[2].unite_lists/genblk1_0.dut/SS_00/m_p_reg[0][4][0]/D (clocked by sys_clk_pin). Large setup violations at the end of those stages might be difficult to fix during the post-placement implementation flow and could be the result of non-optimal XDC constraints or non-optimal design architecture
Related violations: <none>

TIMING-16#986 Warning
Large setup violation  
There is a large setup violation of -1.794 ns between dut/COSSET[2].unite_lists/genblk1_0.dut/metrics_r_reg[32]/C (clocked by sys_clk_pin) and dut/COSSET[2].unite_lists/genblk1_0.dut/SS_00/idx_p_reg[0][0][0]/D (clocked by sys_clk_pin). Large setup violations at the end of those stages might be difficult to fix during the post-placement implementation flow and could be the result of non-optimal XDC constraints or non-optimal design architecture
Related violations: <none>

TIMING-16#987 Warning
Large setup violation  
There is a large setup violation of -1.795 ns between dut/COSSET[1].unite_lists/genblk1_0.dut/metrics_r_reg[20]/C (clocked by sys_clk_pin) and dut/COSSET[1].unite_lists/genblk1_0.dut/SS_00/m_p_reg[0][2][8]/D (clocked by sys_clk_pin). Large setup violations at the end of those stages might be difficult to fix during the post-placement implementation flow and could be the result of non-optimal XDC constraints or non-optimal design architecture
Related violations: <none>

TIMING-16#988 Warning
Large setup violation  
There is a large setup violation of -1.797 ns between dut/COSSET[4].unite_lists/genblk1_0.dut/metrics1_r_reg[30]/C (clocked by sys_clk_pin) and dut/COSSET[4].unite_lists/genblk1_0.dut/SS_00/m_p_reg[0][0][9]/D (clocked by sys_clk_pin). Large setup violations at the end of those stages might be difficult to fix during the post-placement implementation flow and could be the result of non-optimal XDC constraints or non-optimal design architecture
Related violations: <none>

TIMING-16#989 Warning
Large setup violation  
There is a large setup violation of -1.800 ns between dut/COSSET[1].unite_lists/genblk1_0.dut/metrics_r_reg[20]/C (clocked by sys_clk_pin) and dut/COSSET[1].unite_lists/genblk1_0.dut/SS_00/idx_p_reg[0][2][0]/D (clocked by sys_clk_pin). Large setup violations at the end of those stages might be difficult to fix during the post-placement implementation flow and could be the result of non-optimal XDC constraints or non-optimal design architecture
Related violations: <none>

TIMING-16#990 Warning
Large setup violation  
There is a large setup violation of -1.805 ns between dut/COSSET[2].unite_lists/genblk1_0.dut/metrics_r_reg[0]/C (clocked by sys_clk_pin) and dut/COSSET[2].unite_lists/genblk1_0.dut/SS_00/m_p_reg[0][6][1]/D (clocked by sys_clk_pin). Large setup violations at the end of those stages might be difficult to fix during the post-placement implementation flow and could be the result of non-optimal XDC constraints or non-optimal design architecture
Related violations: <none>

TIMING-16#991 Warning
Large setup violation  
There is a large setup violation of -1.818 ns between dut/COSSET[0].unite_lists/genblk1_0.dut/metrics_r_reg[32]/C (clocked by sys_clk_pin) and dut/COSSET[0].unite_lists/genblk1_0.dut/SS_00/m_p_reg[0][4][7]/D (clocked by sys_clk_pin). Large setup violations at the end of those stages might be difficult to fix during the post-placement implementation flow and could be the result of non-optimal XDC constraints or non-optimal design architecture
Related violations: <none>

TIMING-16#992 Warning
Large setup violation  
There is a large setup violation of -1.818 ns between dut/COSSET[2].unite_lists/genblk1_0.dut/metrics_r_reg[20]/C (clocked by sys_clk_pin) and dut/COSSET[2].unite_lists/genblk1_0.dut/SS_00/m_p_reg[0][3][1]/D (clocked by sys_clk_pin). Large setup violations at the end of those stages might be difficult to fix during the post-placement implementation flow and could be the result of non-optimal XDC constraints or non-optimal design architecture
Related violations: <none>

TIMING-16#993 Warning
Large setup violation  
There is a large setup violation of -1.822 ns between dut/COSSET[1].unite_lists/genblk1_0.dut/metrics_r_reg[30]/C (clocked by sys_clk_pin) and dut/COSSET[1].unite_lists/genblk1_0.dut/SS_00/idx_p_reg[0][4][0]/D (clocked by sys_clk_pin). Large setup violations at the end of those stages might be difficult to fix during the post-placement implementation flow and could be the result of non-optimal XDC constraints or non-optimal design architecture
Related violations: <none>

TIMING-16#994 Warning
Large setup violation  
There is a large setup violation of -1.824 ns between dut/COSSET[2].unite_lists/genblk1_0.dut/metrics_r_reg[20]/C (clocked by sys_clk_pin) and dut/COSSET[2].unite_lists/genblk1_0.dut/SS_00/idx_p_reg[0][2][0]/D (clocked by sys_clk_pin). Large setup violations at the end of those stages might be difficult to fix during the post-placement implementation flow and could be the result of non-optimal XDC constraints or non-optimal design architecture
Related violations: <none>

TIMING-16#995 Warning
Large setup violation  
There is a large setup violation of -1.824 ns between dut/COSSET[2].unite_lists/genblk1_0.dut/metrics_r_reg[20]/C (clocked by sys_clk_pin) and dut/COSSET[2].unite_lists/genblk1_0.dut/SS_00/m_p_reg[0][2][5]/D (clocked by sys_clk_pin). Large setup violations at the end of those stages might be difficult to fix during the post-placement implementation flow and could be the result of non-optimal XDC constraints or non-optimal design architecture
Related violations: <none>

TIMING-16#996 Warning
Large setup violation  
There is a large setup violation of -1.827 ns between dut/COSSET[2].unite_lists/genblk1_0.dut/metrics_r_reg[20]/C (clocked by sys_clk_pin) and dut/COSSET[2].unite_lists/genblk1_0.dut/SS_00/m_p_reg[0][2][3]/D (clocked by sys_clk_pin). Large setup violations at the end of those stages might be difficult to fix during the post-placement implementation flow and could be the result of non-optimal XDC constraints or non-optimal design architecture
Related violations: <none>

TIMING-16#997 Warning
Large setup violation  
There is a large setup violation of -1.834 ns between dut/COSSET[0].unite_lists/genblk1_0.dut/metrics1_r_reg[31]/C (clocked by sys_clk_pin) and dut/COSSET[0].unite_lists/genblk1_0.dut/SS_00/m_p_reg[0][2][3]/D (clocked by sys_clk_pin). Large setup violations at the end of those stages might be difficult to fix during the post-placement implementation flow and could be the result of non-optimal XDC constraints or non-optimal design architecture
Related violations: <none>

TIMING-16#998 Warning
Large setup violation  
There is a large setup violation of -1.849 ns between dut/COSSET[2].unite_lists/genblk1_0.dut/metrics_r_reg[0]/C (clocked by sys_clk_pin) and dut/COSSET[2].unite_lists/genblk1_0.dut/SS_00/m_p_reg[0][7][3]/D (clocked by sys_clk_pin). Large setup violations at the end of those stages might be difficult to fix during the post-placement implementation flow and could be the result of non-optimal XDC constraints or non-optimal design architecture
Related violations: <none>

TIMING-16#999 Warning
Large setup violation  
There is a large setup violation of -1.868 ns between dut/COSSET[2].unite_lists/genblk1_0.dut/metrics_r_reg[20]/C (clocked by sys_clk_pin) and dut/COSSET[2].unite_lists/genblk1_0.dut/SS_00/m_p_reg[0][3][8]/D (clocked by sys_clk_pin). Large setup violations at the end of those stages might be difficult to fix during the post-placement implementation flow and could be the result of non-optimal XDC constraints or non-optimal design architecture
Related violations: <none>

TIMING-16#1000 Warning
Large setup violation  
There is a large setup violation of -1.869 ns between dut/COSSET[1].unite_lists/genblk1_0.dut/metrics_r_reg[30]/C (clocked by sys_clk_pin) and dut/COSSET[1].unite_lists/genblk1_0.dut/SS_00/m_p_reg[0][5][4]/D (clocked by sys_clk_pin). Large setup violations at the end of those stages might be difficult to fix during the post-placement implementation flow and could be the result of non-optimal XDC constraints or non-optimal design architecture
Related violations: <none>

TIMING-18#1 Warning
Missing input or output delay  
An input delay is missing on i_label1[0] relative to clock(s) sys_clk_pin
Related violations: <none>

TIMING-18#2 Warning
Missing input or output delay  
An input delay is missing on i_label1[10] relative to clock(s) sys_clk_pin
Related violations: <none>

TIMING-18#3 Warning
Missing input or output delay  
An input delay is missing on i_label1[11] relative to clock(s) sys_clk_pin
Related violations: <none>

TIMING-18#4 Warning
Missing input or output delay  
An input delay is missing on i_label1[12] relative to clock(s) sys_clk_pin
Related violations: <none>

TIMING-18#5 Warning
Missing input or output delay  
An input delay is missing on i_label1[13] relative to clock(s) sys_clk_pin
Related violations: <none>

TIMING-18#6 Warning
Missing input or output delay  
An input delay is missing on i_label1[14] relative to clock(s) sys_clk_pin
Related violations: <none>

TIMING-18#7 Warning
Missing input or output delay  
An input delay is missing on i_label1[15] relative to clock(s) sys_clk_pin
Related violations: <none>

TIMING-18#8 Warning
Missing input or output delay  
An input delay is missing on i_label1[16] relative to clock(s) sys_clk_pin
Related violations: <none>

TIMING-18#9 Warning
Missing input or output delay  
An input delay is missing on i_label1[17] relative to clock(s) sys_clk_pin
Related violations: <none>

TIMING-18#10 Warning
Missing input or output delay  
An input delay is missing on i_label1[18] relative to clock(s) sys_clk_pin
Related violations: <none>

TIMING-18#11 Warning
Missing input or output delay  
An input delay is missing on i_label1[19] relative to clock(s) sys_clk_pin
Related violations: <none>

TIMING-18#12 Warning
Missing input or output delay  
An input delay is missing on i_label1[1] relative to clock(s) sys_clk_pin
Related violations: <none>

TIMING-18#13 Warning
Missing input or output delay  
An input delay is missing on i_label1[20] relative to clock(s) sys_clk_pin
Related violations: <none>

TIMING-18#14 Warning
Missing input or output delay  
An input delay is missing on i_label1[21] relative to clock(s) sys_clk_pin
Related violations: <none>

TIMING-18#15 Warning
Missing input or output delay  
An input delay is missing on i_label1[22] relative to clock(s) sys_clk_pin
Related violations: <none>

TIMING-18#16 Warning
Missing input or output delay  
An input delay is missing on i_label1[23] relative to clock(s) sys_clk_pin
Related violations: <none>

TIMING-18#17 Warning
Missing input or output delay  
An input delay is missing on i_label1[24] relative to clock(s) sys_clk_pin
Related violations: <none>

TIMING-18#18 Warning
Missing input or output delay  
An input delay is missing on i_label1[25] relative to clock(s) sys_clk_pin
Related violations: <none>

TIMING-18#19 Warning
Missing input or output delay  
An input delay is missing on i_label1[26] relative to clock(s) sys_clk_pin
Related violations: <none>

TIMING-18#20 Warning
Missing input or output delay  
An input delay is missing on i_label1[27] relative to clock(s) sys_clk_pin
Related violations: <none>

TIMING-18#21 Warning
Missing input or output delay  
An input delay is missing on i_label1[28] relative to clock(s) sys_clk_pin
Related violations: <none>

TIMING-18#22 Warning
Missing input or output delay  
An input delay is missing on i_label1[29] relative to clock(s) sys_clk_pin
Related violations: <none>

TIMING-18#23 Warning
Missing input or output delay  
An input delay is missing on i_label1[2] relative to clock(s) sys_clk_pin
Related violations: <none>

TIMING-18#24 Warning
Missing input or output delay  
An input delay is missing on i_label1[30] relative to clock(s) sys_clk_pin
Related violations: <none>

TIMING-18#25 Warning
Missing input or output delay  
An input delay is missing on i_label1[31] relative to clock(s) sys_clk_pin
Related violations: <none>

TIMING-18#26 Warning
Missing input or output delay  
An input delay is missing on i_label1[3] relative to clock(s) sys_clk_pin
Related violations: <none>

TIMING-18#27 Warning
Missing input or output delay  
An input delay is missing on i_label1[4] relative to clock(s) sys_clk_pin
Related violations: <none>

TIMING-18#28 Warning
Missing input or output delay  
An input delay is missing on i_label1[5] relative to clock(s) sys_clk_pin
Related violations: <none>

TIMING-18#29 Warning
Missing input or output delay  
An input delay is missing on i_label1[6] relative to clock(s) sys_clk_pin
Related violations: <none>

TIMING-18#30 Warning
Missing input or output delay  
An input delay is missing on i_label1[7] relative to clock(s) sys_clk_pin
Related violations: <none>

TIMING-18#31 Warning
Missing input or output delay  
An input delay is missing on i_label1[8] relative to clock(s) sys_clk_pin
Related violations: <none>

TIMING-18#32 Warning
Missing input or output delay  
An input delay is missing on i_label1[9] relative to clock(s) sys_clk_pin
Related violations: <none>

TIMING-18#33 Warning
Missing input or output delay  
An input delay is missing on i_label[0] relative to clock(s) sys_clk_pin
Related violations: <none>

TIMING-18#34 Warning
Missing input or output delay  
An input delay is missing on i_label[10] relative to clock(s) sys_clk_pin
Related violations: <none>

TIMING-18#35 Warning
Missing input or output delay  
An input delay is missing on i_label[11] relative to clock(s) sys_clk_pin
Related violations: <none>

TIMING-18#36 Warning
Missing input or output delay  
An input delay is missing on i_label[12] relative to clock(s) sys_clk_pin
Related violations: <none>

TIMING-18#37 Warning
Missing input or output delay  
An input delay is missing on i_label[13] relative to clock(s) sys_clk_pin
Related violations: <none>

TIMING-18#38 Warning
Missing input or output delay  
An input delay is missing on i_label[14] relative to clock(s) sys_clk_pin
Related violations: <none>

TIMING-18#39 Warning
Missing input or output delay  
An input delay is missing on i_label[15] relative to clock(s) sys_clk_pin
Related violations: <none>

TIMING-18#40 Warning
Missing input or output delay  
An input delay is missing on i_label[16] relative to clock(s) sys_clk_pin
Related violations: <none>

TIMING-18#41 Warning
Missing input or output delay  
An input delay is missing on i_label[17] relative to clock(s) sys_clk_pin
Related violations: <none>

TIMING-18#42 Warning
Missing input or output delay  
An input delay is missing on i_label[18] relative to clock(s) sys_clk_pin
Related violations: <none>

TIMING-18#43 Warning
Missing input or output delay  
An input delay is missing on i_label[19] relative to clock(s) sys_clk_pin
Related violations: <none>

TIMING-18#44 Warning
Missing input or output delay  
An input delay is missing on i_label[1] relative to clock(s) sys_clk_pin
Related violations: <none>

TIMING-18#45 Warning
Missing input or output delay  
An input delay is missing on i_label[20] relative to clock(s) sys_clk_pin
Related violations: <none>

TIMING-18#46 Warning
Missing input or output delay  
An input delay is missing on i_label[21] relative to clock(s) sys_clk_pin
Related violations: <none>

TIMING-18#47 Warning
Missing input or output delay  
An input delay is missing on i_label[22] relative to clock(s) sys_clk_pin
Related violations: <none>

TIMING-18#48 Warning
Missing input or output delay  
An input delay is missing on i_label[23] relative to clock(s) sys_clk_pin
Related violations: <none>

TIMING-18#49 Warning
Missing input or output delay  
An input delay is missing on i_label[24] relative to clock(s) sys_clk_pin
Related violations: <none>

TIMING-18#50 Warning
Missing input or output delay  
An input delay is missing on i_label[25] relative to clock(s) sys_clk_pin
Related violations: <none>

TIMING-18#51 Warning
Missing input or output delay  
An input delay is missing on i_label[26] relative to clock(s) sys_clk_pin
Related violations: <none>

TIMING-18#52 Warning
Missing input or output delay  
An input delay is missing on i_label[27] relative to clock(s) sys_clk_pin
Related violations: <none>

TIMING-18#53 Warning
Missing input or output delay  
An input delay is missing on i_label[28] relative to clock(s) sys_clk_pin
Related violations: <none>

TIMING-18#54 Warning
Missing input or output delay  
An input delay is missing on i_label[29] relative to clock(s) sys_clk_pin
Related violations: <none>

TIMING-18#55 Warning
Missing input or output delay  
An input delay is missing on i_label[2] relative to clock(s) sys_clk_pin
Related violations: <none>

TIMING-18#56 Warning
Missing input or output delay  
An input delay is missing on i_label[30] relative to clock(s) sys_clk_pin
Related violations: <none>

TIMING-18#57 Warning
Missing input or output delay  
An input delay is missing on i_label[31] relative to clock(s) sys_clk_pin
Related violations: <none>

TIMING-18#58 Warning
Missing input or output delay  
An input delay is missing on i_label[3] relative to clock(s) sys_clk_pin
Related violations: <none>

TIMING-18#59 Warning
Missing input or output delay  
An input delay is missing on i_label[4] relative to clock(s) sys_clk_pin
Related violations: <none>

TIMING-18#60 Warning
Missing input or output delay  
An input delay is missing on i_label[5] relative to clock(s) sys_clk_pin
Related violations: <none>

TIMING-18#61 Warning
Missing input or output delay  
An input delay is missing on i_label[6] relative to clock(s) sys_clk_pin
Related violations: <none>

TIMING-18#62 Warning
Missing input or output delay  
An input delay is missing on i_label[7] relative to clock(s) sys_clk_pin
Related violations: <none>

TIMING-18#63 Warning
Missing input or output delay  
An input delay is missing on i_label[8] relative to clock(s) sys_clk_pin
Related violations: <none>

TIMING-18#64 Warning
Missing input or output delay  
An input delay is missing on i_label[9] relative to clock(s) sys_clk_pin
Related violations: <none>

TIMING-18#65 Warning
Missing input or output delay  
An input delay is missing on i_metric1[0] relative to clock(s) sys_clk_pin
Related violations: <none>

TIMING-18#66 Warning
Missing input or output delay  
An input delay is missing on i_metric1[1] relative to clock(s) sys_clk_pin
Related violations: <none>

TIMING-18#67 Warning
Missing input or output delay  
An input delay is missing on i_metric1[2] relative to clock(s) sys_clk_pin
Related violations: <none>

TIMING-18#68 Warning
Missing input or output delay  
An input delay is missing on i_metric1[3] relative to clock(s) sys_clk_pin
Related violations: <none>

TIMING-18#69 Warning
Missing input or output delay  
An input delay is missing on i_metric1[4] relative to clock(s) sys_clk_pin
Related violations: <none>

TIMING-18#70 Warning
Missing input or output delay  
An input delay is missing on i_metric1[5] relative to clock(s) sys_clk_pin
Related violations: <none>

TIMING-18#71 Warning
Missing input or output delay  
An input delay is missing on i_metric1[6] relative to clock(s) sys_clk_pin
Related violations: <none>

TIMING-18#72 Warning
Missing input or output delay  
An input delay is missing on i_metric1[7] relative to clock(s) sys_clk_pin
Related violations: <none>

TIMING-18#73 Warning
Missing input or output delay  
An input delay is missing on i_metric1[8] relative to clock(s) sys_clk_pin
Related violations: <none>

TIMING-18#74 Warning
Missing input or output delay  
An input delay is missing on i_metric1[9] relative to clock(s) sys_clk_pin
Related violations: <none>

TIMING-18#75 Warning
Missing input or output delay  
An input delay is missing on i_metric[0] relative to clock(s) sys_clk_pin
Related violations: <none>

TIMING-18#76 Warning
Missing input or output delay  
An input delay is missing on i_metric[1] relative to clock(s) sys_clk_pin
Related violations: <none>

TIMING-18#77 Warning
Missing input or output delay  
An input delay is missing on i_metric[2] relative to clock(s) sys_clk_pin
Related violations: <none>

TIMING-18#78 Warning
Missing input or output delay  
An input delay is missing on i_metric[3] relative to clock(s) sys_clk_pin
Related violations: <none>

TIMING-18#79 Warning
Missing input or output delay  
An input delay is missing on i_metric[4] relative to clock(s) sys_clk_pin
Related violations: <none>

TIMING-18#80 Warning
Missing input or output delay  
An input delay is missing on i_metric[5] relative to clock(s) sys_clk_pin
Related violations: <none>

TIMING-18#81 Warning
Missing input or output delay  
An input delay is missing on i_metric[6] relative to clock(s) sys_clk_pin
Related violations: <none>

TIMING-18#82 Warning
Missing input or output delay  
An input delay is missing on i_metric[7] relative to clock(s) sys_clk_pin
Related violations: <none>

TIMING-18#83 Warning
Missing input or output delay  
An input delay is missing on i_metric[8] relative to clock(s) sys_clk_pin
Related violations: <none>

TIMING-18#84 Warning
Missing input or output delay  
An input delay is missing on i_metric[9] relative to clock(s) sys_clk_pin
Related violations: <none>

TIMING-18#85 Warning
Missing input or output delay  
An input delay is missing on i_valid relative to clock(s) sys_clk_pin
Related violations: <none>

TIMING-18#86 Warning
Missing input or output delay  
An input delay is missing on rst relative to clock(s) sys_clk_pin
Related violations: <none>

TIMING-18#87 Warning
Missing input or output delay  
An output delay is missing on o_label[0] relative to clock(s) sys_clk_pin
Related violations: <none>

TIMING-18#88 Warning
Missing input or output delay  
An output delay is missing on o_label[10] relative to clock(s) sys_clk_pin
Related violations: <none>

TIMING-18#89 Warning
Missing input or output delay  
An output delay is missing on o_label[11] relative to clock(s) sys_clk_pin
Related violations: <none>

TIMING-18#90 Warning
Missing input or output delay  
An output delay is missing on o_label[12] relative to clock(s) sys_clk_pin
Related violations: <none>

TIMING-18#91 Warning
Missing input or output delay  
An output delay is missing on o_label[13] relative to clock(s) sys_clk_pin
Related violations: <none>

TIMING-18#92 Warning
Missing input or output delay  
An output delay is missing on o_label[14] relative to clock(s) sys_clk_pin
Related violations: <none>

TIMING-18#93 Warning
Missing input or output delay  
An output delay is missing on o_label[15] relative to clock(s) sys_clk_pin
Related violations: <none>

TIMING-18#94 Warning
Missing input or output delay  
An output delay is missing on o_label[16] relative to clock(s) sys_clk_pin
Related violations: <none>

TIMING-18#95 Warning
Missing input or output delay  
An output delay is missing on o_label[17] relative to clock(s) sys_clk_pin
Related violations: <none>

TIMING-18#96 Warning
Missing input or output delay  
An output delay is missing on o_label[18] relative to clock(s) sys_clk_pin
Related violations: <none>

TIMING-18#97 Warning
Missing input or output delay  
An output delay is missing on o_label[19] relative to clock(s) sys_clk_pin
Related violations: <none>

TIMING-18#98 Warning
Missing input or output delay  
An output delay is missing on o_label[1] relative to clock(s) sys_clk_pin
Related violations: <none>

TIMING-18#99 Warning
Missing input or output delay  
An output delay is missing on o_label[20] relative to clock(s) sys_clk_pin
Related violations: <none>

TIMING-18#100 Warning
Missing input or output delay  
An output delay is missing on o_label[21] relative to clock(s) sys_clk_pin
Related violations: <none>

TIMING-18#101 Warning
Missing input or output delay  
An output delay is missing on o_label[22] relative to clock(s) sys_clk_pin
Related violations: <none>

TIMING-18#102 Warning
Missing input or output delay  
An output delay is missing on o_label[23] relative to clock(s) sys_clk_pin
Related violations: <none>

TIMING-18#103 Warning
Missing input or output delay  
An output delay is missing on o_label[24] relative to clock(s) sys_clk_pin
Related violations: <none>

TIMING-18#104 Warning
Missing input or output delay  
An output delay is missing on o_label[25] relative to clock(s) sys_clk_pin
Related violations: <none>

TIMING-18#105 Warning
Missing input or output delay  
An output delay is missing on o_label[26] relative to clock(s) sys_clk_pin
Related violations: <none>

TIMING-18#106 Warning
Missing input or output delay  
An output delay is missing on o_label[27] relative to clock(s) sys_clk_pin
Related violations: <none>

TIMING-18#107 Warning
Missing input or output delay  
An output delay is missing on o_label[28] relative to clock(s) sys_clk_pin
Related violations: <none>

TIMING-18#108 Warning
Missing input or output delay  
An output delay is missing on o_label[29] relative to clock(s) sys_clk_pin
Related violations: <none>

TIMING-18#109 Warning
Missing input or output delay  
An output delay is missing on o_label[2] relative to clock(s) sys_clk_pin
Related violations: <none>

TIMING-18#110 Warning
Missing input or output delay  
An output delay is missing on o_label[30] relative to clock(s) sys_clk_pin
Related violations: <none>

TIMING-18#111 Warning
Missing input or output delay  
An output delay is missing on o_label[31] relative to clock(s) sys_clk_pin
Related violations: <none>

TIMING-18#112 Warning
Missing input or output delay  
An output delay is missing on o_label[32] relative to clock(s) sys_clk_pin
Related violations: <none>

TIMING-18#113 Warning
Missing input or output delay  
An output delay is missing on o_label[33] relative to clock(s) sys_clk_pin
Related violations: <none>

TIMING-18#114 Warning
Missing input or output delay  
An output delay is missing on o_label[34] relative to clock(s) sys_clk_pin
Related violations: <none>

TIMING-18#115 Warning
Missing input or output delay  
An output delay is missing on o_label[35] relative to clock(s) sys_clk_pin
Related violations: <none>

TIMING-18#116 Warning
Missing input or output delay  
An output delay is missing on o_label[36] relative to clock(s) sys_clk_pin
Related violations: <none>

TIMING-18#117 Warning
Missing input or output delay  
An output delay is missing on o_label[37] relative to clock(s) sys_clk_pin
Related violations: <none>

TIMING-18#118 Warning
Missing input or output delay  
An output delay is missing on o_label[38] relative to clock(s) sys_clk_pin
Related violations: <none>

TIMING-18#119 Warning
Missing input or output delay  
An output delay is missing on o_label[39] relative to clock(s) sys_clk_pin
Related violations: <none>

TIMING-18#120 Warning
Missing input or output delay  
An output delay is missing on o_label[3] relative to clock(s) sys_clk_pin
Related violations: <none>

TIMING-18#121 Warning
Missing input or output delay  
An output delay is missing on o_label[40] relative to clock(s) sys_clk_pin
Related violations: <none>

TIMING-18#122 Warning
Missing input or output delay  
An output delay is missing on o_label[41] relative to clock(s) sys_clk_pin
Related violations: <none>

TIMING-18#123 Warning
Missing input or output delay  
An output delay is missing on o_label[42] relative to clock(s) sys_clk_pin
Related violations: <none>

TIMING-18#124 Warning
Missing input or output delay  
An output delay is missing on o_label[43] relative to clock(s) sys_clk_pin
Related violations: <none>

TIMING-18#125 Warning
Missing input or output delay  
An output delay is missing on o_label[44] relative to clock(s) sys_clk_pin
Related violations: <none>

TIMING-18#126 Warning
Missing input or output delay  
An output delay is missing on o_label[45] relative to clock(s) sys_clk_pin
Related violations: <none>

TIMING-18#127 Warning
Missing input or output delay  
An output delay is missing on o_label[46] relative to clock(s) sys_clk_pin
Related violations: <none>

TIMING-18#128 Warning
Missing input or output delay  
An output delay is missing on o_label[47] relative to clock(s) sys_clk_pin
Related violations: <none>

TIMING-18#129 Warning
Missing input or output delay  
An output delay is missing on o_label[48] relative to clock(s) sys_clk_pin
Related violations: <none>

TIMING-18#130 Warning
Missing input or output delay  
An output delay is missing on o_label[49] relative to clock(s) sys_clk_pin
Related violations: <none>

TIMING-18#131 Warning
Missing input or output delay  
An output delay is missing on o_label[4] relative to clock(s) sys_clk_pin
Related violations: <none>

TIMING-18#132 Warning
Missing input or output delay  
An output delay is missing on o_label[50] relative to clock(s) sys_clk_pin
Related violations: <none>

TIMING-18#133 Warning
Missing input or output delay  
An output delay is missing on o_label[51] relative to clock(s) sys_clk_pin
Related violations: <none>

TIMING-18#134 Warning
Missing input or output delay  
An output delay is missing on o_label[52] relative to clock(s) sys_clk_pin
Related violations: <none>

TIMING-18#135 Warning
Missing input or output delay  
An output delay is missing on o_label[53] relative to clock(s) sys_clk_pin
Related violations: <none>

TIMING-18#136 Warning
Missing input or output delay  
An output delay is missing on o_label[54] relative to clock(s) sys_clk_pin
Related violations: <none>

TIMING-18#137 Warning
Missing input or output delay  
An output delay is missing on o_label[55] relative to clock(s) sys_clk_pin
Related violations: <none>

TIMING-18#138 Warning
Missing input or output delay  
An output delay is missing on o_label[56] relative to clock(s) sys_clk_pin
Related violations: <none>

TIMING-18#139 Warning
Missing input or output delay  
An output delay is missing on o_label[57] relative to clock(s) sys_clk_pin
Related violations: <none>

TIMING-18#140 Warning
Missing input or output delay  
An output delay is missing on o_label[58] relative to clock(s) sys_clk_pin
Related violations: <none>

TIMING-18#141 Warning
Missing input or output delay  
An output delay is missing on o_label[59] relative to clock(s) sys_clk_pin
Related violations: <none>

TIMING-18#142 Warning
Missing input or output delay  
An output delay is missing on o_label[5] relative to clock(s) sys_clk_pin
Related violations: <none>

TIMING-18#143 Warning
Missing input or output delay  
An output delay is missing on o_label[60] relative to clock(s) sys_clk_pin
Related violations: <none>

TIMING-18#144 Warning
Missing input or output delay  
An output delay is missing on o_label[61] relative to clock(s) sys_clk_pin
Related violations: <none>

TIMING-18#145 Warning
Missing input or output delay  
An output delay is missing on o_label[62] relative to clock(s) sys_clk_pin
Related violations: <none>

TIMING-18#146 Warning
Missing input or output delay  
An output delay is missing on o_label[63] relative to clock(s) sys_clk_pin
Related violations: <none>

TIMING-18#147 Warning
Missing input or output delay  
An output delay is missing on o_label[6] relative to clock(s) sys_clk_pin
Related violations: <none>

TIMING-18#148 Warning
Missing input or output delay  
An output delay is missing on o_label[7] relative to clock(s) sys_clk_pin
Related violations: <none>

TIMING-18#149 Warning
Missing input or output delay  
An output delay is missing on o_label[8] relative to clock(s) sys_clk_pin
Related violations: <none>

TIMING-18#150 Warning
Missing input or output delay  
An output delay is missing on o_label[9] relative to clock(s) sys_clk_pin
Related violations: <none>

TIMING-18#151 Warning
Missing input or output delay  
An output delay is missing on o_metric[0] relative to clock(s) sys_clk_pin
Related violations: <none>

TIMING-18#152 Warning
Missing input or output delay  
An output delay is missing on o_metric[1] relative to clock(s) sys_clk_pin
Related violations: <none>

TIMING-18#153 Warning
Missing input or output delay  
An output delay is missing on o_metric[2] relative to clock(s) sys_clk_pin
Related violations: <none>

TIMING-18#154 Warning
Missing input or output delay  
An output delay is missing on o_metric[3] relative to clock(s) sys_clk_pin
Related violations: <none>

TIMING-18#155 Warning
Missing input or output delay  
An output delay is missing on o_metric[4] relative to clock(s) sys_clk_pin
Related violations: <none>

TIMING-18#156 Warning
Missing input or output delay  
An output delay is missing on o_metric[5] relative to clock(s) sys_clk_pin
Related violations: <none>

TIMING-18#157 Warning
Missing input or output delay  
An output delay is missing on o_metric[6] relative to clock(s) sys_clk_pin
Related violations: <none>

TIMING-18#158 Warning
Missing input or output delay  
An output delay is missing on o_metric[7] relative to clock(s) sys_clk_pin
Related violations: <none>

TIMING-18#159 Warning
Missing input or output delay  
An output delay is missing on o_metric[8] relative to clock(s) sys_clk_pin
Related violations: <none>

TIMING-18#160 Warning
Missing input or output delay  
An output delay is missing on o_metric[9] relative to clock(s) sys_clk_pin
Related violations: <none>

TIMING-18#161 Warning
Missing input or output delay  
An output delay is missing on o_valid relative to clock(s) sys_clk_pin
Related violations: <none>


