Copyright 1986-2022 Xilinx, Inc. All Rights Reserved.
-----------------------------------------------------------------------------------------------------------------------------------------------------------------------------------------------------------------------------------
| Tool Version      : Vivado v.2022.1 (win64) Build 3526262 Mon Apr 18 15:48:16 MDT 2022
| Date              : Mon May  4 18:59:31 2026
| Host              : feduuk running 64-bit major release  (build 9200)
| Command           : report_timing_summary -max_paths 10 -report_unconstrained -file wp_top_comb_timing_summary_routed.rpt -pb wp_top_comb_timing_summary_routed.pb -rpx wp_top_comb_timing_summary_routed.rpx -warn_on_violation
| Design            : wp_top_comb
| Device            : xcku035-fbva676
| Speed File        : -1  PRODUCTION 1.25 12-04-2018
| Temperature Grade : I
-----------------------------------------------------------------------------------------------------------------------------------------------------------------------------------------------------------------------------------

Timing Summary Report

------------------------------------------------------------------------------------------------
| Timer Settings
| --------------
------------------------------------------------------------------------------------------------

  Enable Multi Corner Analysis               :  Yes
  Enable Pessimism Removal                   :  Yes
  Pessimism Removal Resolution               :  Nearest Common Node
  Enable Input Delay Default Clock           :  No
  Enable Preset / Clear Arcs                 :  No
  Disable Flight Delays                      :  No
  Ignore I/O Paths                           :  No
  Timing Early Launch at Borrowing Latches   :  No
  Borrow Time for Max Delay Exceptions       :  Yes
  Merge Timing Exceptions                    :  Yes

  Corner  Analyze    Analyze    
  Name    Max Paths  Min Paths  
  ------  ---------  ---------  
  Slow    Yes        Yes        
  Fast    Yes        Yes        


------------------------------------------------------------------------------------------------
| Report Methodology
| ------------------
------------------------------------------------------------------------------------------------

Rule       Severity  Description                    Violations  
---------  --------  -----------------------------  ----------  
TIMING-16  Warning   Large setup violation          1000        
TIMING-18  Warning   Missing input or output delay  161         

Note: This report is based on the most recent report_methodology run and may not be up-to-date. Run report_methodology on the current design for the latest report.



check_timing report

Table of Contents
-----------------
1. checking no_clock (0)
2. checking constant_clock (0)
3. checking pulse_width_clock (0)
4. checking unconstrained_internal_endpoints (0)
5. checking no_input_delay (86)
6. checking no_output_delay (75)
7. checking multiple_clock (0)
8. checking generated_clocks (0)
9. checking loops (0)
10. checking partial_input_delay (0)
11. checking partial_output_delay (0)
12. checking latch_loops (0)

1. checking no_clock (0)
------------------------
 There are 0 register/latch pins with no clock.


2. checking constant_clock (0)
------------------------------
 There are 0 register/latch pins with constant_clock.


3. checking pulse_width_clock (0)
---------------------------------
 There are 0 register/latch pins which need pulse_width check


4. checking unconstrained_internal_endpoints (0)
------------------------------------------------
 There are 0 pins that are not constrained for maximum delay.

 There are 0 pins that are not constrained for maximum delay due to constant clock.


5. checking no_input_delay (86)
-------------------------------
 There are 86 input ports with no input delay specified. (HIGH)

 There are 0 input ports with no input delay but user has a false path constraint.


6. checking no_output_delay (75)
--------------------------------
 There are 75 ports with no output delay specified. (HIGH)

 There are 0 ports with no output delay but user has a false path constraint

 There are 0 ports with no output delay but with a timing clock defined on it or propagating through it


7. checking multiple_clock (0)
------------------------------
 There are 0 register/latch pins with multiple clocks.


8. checking generated_clocks (0)
--------------------------------
 There are 0 generated clocks that are not connected to a clock source.


9. checking loops (0)
---------------------
 There are 0 combinational loops in the design.


10. checking partial_input_delay (0)
------------------------------------
 There are 0 input ports with partial input delay specified.


11. checking partial_output_delay (0)
-------------------------------------
 There are 0 ports with partial output delay specified.


12. checking latch_loops (0)
----------------------------
 There are 0 combinational latch loops in the design through latch input



------------------------------------------------------------------------------------------------
| Design Timing Summary
| ---------------------
------------------------------------------------------------------------------------------------

    WNS(ns)      TNS(ns)  TNS Failing Endpoints  TNS Total Endpoints      WHS(ns)      THS(ns)  THS Failing Endpoints  THS Total Endpoints     WPWS(ns)     TPWS(ns)  TPWS Failing Endpoints  TPWS Total Endpoints  
    -------      -------  ---------------------  -------------------      -------      -------  ---------------------  -------------------     --------     --------  ----------------------  --------------------  
     -1.927   -41889.004                  38085                45303        0.030        0.000                      0                45303       -0.587    -1170.403                    3287                 37193  


Timing constraints are not met.


------------------------------------------------------------------------------------------------
| Clock Summary
| -------------
------------------------------------------------------------------------------------------------

Clock        Waveform(ns)         Period(ns)      Frequency(MHz)
-----        ------------         ----------      --------------
sys_clk_pin  {0.000 0.500}        1.000           1000.000        


------------------------------------------------------------------------------------------------
| Intra Clock Table
| -----------------
------------------------------------------------------------------------------------------------

Clock             WNS(ns)      TNS(ns)  TNS Failing Endpoints  TNS Total Endpoints      WHS(ns)      THS(ns)  THS Failing Endpoints  THS Total Endpoints     WPWS(ns)     TPWS(ns)  TPWS Failing Endpoints  TPWS Total Endpoints  
-----             -------      -------  ---------------------  -------------------      -------      -------  ---------------------  -------------------     --------     --------  ----------------------  --------------------  
sys_clk_pin        -1.927   -41889.004                  38085                45303        0.030        0.000                      0                45303       -0.587    -1170.403                    3287                 37193  


------------------------------------------------------------------------------------------------
| Inter Clock Table
| -----------------
------------------------------------------------------------------------------------------------

From Clock    To Clock          WNS(ns)      TNS(ns)  TNS Failing Endpoints  TNS Total Endpoints      WHS(ns)      THS(ns)  THS Failing Endpoints  THS Total Endpoints  
----------    --------          -------      -------  ---------------------  -------------------      -------      -------  ---------------------  -------------------  


------------------------------------------------------------------------------------------------
| Other Path Groups Table
| -----------------------
------------------------------------------------------------------------------------------------

Path Group    From Clock    To Clock          WNS(ns)      TNS(ns)  TNS Failing Endpoints  TNS Total Endpoints      WHS(ns)      THS(ns)  THS Failing Endpoints  THS Total Endpoints  
----------    ----------    --------          -------      -------  ---------------------  -------------------      -------      -------  ---------------------  -------------------  


------------------------------------------------------------------------------------------------
| User Ignored Path Table
| -----------------------
------------------------------------------------------------------------------------------------

Path Group    From Clock    To Clock    
----------    ----------    --------    


------------------------------------------------------------------------------------------------
| Unconstrained Path Table
| ------------------------
------------------------------------------------------------------------------------------------

Path Group    From Clock    To Clock    
----------    ----------    --------    
(none)        sys_clk_pin                 
(none)                      sys_clk_pin   


------------------------------------------------------------------------------------------------
| Timing Details
| --------------
------------------------------------------------------------------------------------------------


---------------------------------------------------------------------------------------------------
From Clock:  sys_clk_pin
  To Clock:  sys_clk_pin

Setup :        38085  Failing Endpoints,  Worst Slack       -1.927ns,  Total Violation   -41889.005ns
Hold  :            0  Failing Endpoints,  Worst Slack        0.030ns,  Total Violation        0.000ns
PW    :         3287  Failing Endpoints,  Worst Slack       -0.587ns,  Total Violation    -1170.403ns
---------------------------------------------------------------------------------------------------


Max Delay Paths
--------------------------------------------------------------------------------------
Slack (VIOLATED) :        -1.927ns  (required time - arrival time)
  Source:                 dut/merge_tree/i_m_r_reg[7][0][2]/C
                            (rising edge-triggered cell FDRE clocked by sys_clk_pin  {rise@0.000ns fall@0.500ns period=1.000ns})
  Destination:            dut/merge_tree/gen_layer[0].gen_node[3].merge_inst/genblk2[2].genblk1[0].delay_line_dut/dreg_reg[62]_srl3/D
                            (rising edge-triggered cell SRL16E clocked by sys_clk_pin  {rise@0.000ns fall@0.500ns period=1.000ns})
  Path Group:             sys_clk_pin
  Path Type:              Setup (Max at Slow Process Corner)
  Requirement:            1.000ns  (sys_clk_pin rise@1.000ns - sys_clk_pin rise@0.000ns)
  Data Path Delay:        2.720ns  (logic 0.768ns (28.235%)  route 1.952ns (71.765%))
  Logic Levels:           3  (CARRY8=1 LUT3=1 LUT4=1)
  Clock Path Skew:        -0.153ns (DCD - SCD + CPR)
    Destination Clock Delay (DCD):    4.141ns = ( 5.141 - 1.000 ) 
    Source Clock Delay      (SCD):    4.962ns
    Clock Pessimism Removal (CPR):    0.668ns
  Clock Uncertainty:      0.035ns  ((TSJ^2 + TIJ^2)^1/2 + DJ) / 2 + PE
    Total System Jitter     (TSJ):    0.071ns
    Total Input Jitter      (TIJ):    0.000ns
    Discrete Jitter          (DJ):    0.000ns
    Phase Error              (PE):    0.000ns
  Clock Net Delay (Source):      2.913ns (routing 1.146ns, distribution 1.767ns)
  Clock Net Delay (Destination): 2.566ns (routing 1.056ns, distribution 1.510ns)

    Location             Delay type                Incr(ns)  Path(ns)    Netlist Resource(s)
  -------------------------------------------------------------------    -------------------
                         (clock sys_clk_pin rise edge)
                                                      0.000     0.000 r  
    AA13                                              0.000     0.000 r  clk (IN)
                         net (fo=0)                   0.000     0.000    clk_IBUF_inst/I
    AA13                 INBUF (Prop_INBUF_HRIO_PAD_O)
                                                      0.955     0.955 r  clk_IBUF_inst/INBUF_INST/O
                         net (fo=1, routed)           0.105     1.060    clk_IBUF_inst/OUT
    AA13                 IBUFCTRL (Prop_IBUFCTRL_HRIO_I_O)
                                                      0.049     1.109 r  clk_IBUF_inst/IBUFCTRL_INST/O
                         net (fo=1, routed)           0.839     1.948    clk_IBUF
    BUFGCE_X1Y0          BUFGCE (Prop_BUFCE_BUFGCE_I_O)
                                                      0.101     2.049 r  clk_IBUF_BUFG_inst/O
    X2Y3 (CLOCK_ROOT)    net (fo=37192, routed)       2.913     4.962    dut/merge_tree/clk_IBUF_BUFG
    SLICE_X69Y210        FDRE                                         r  dut/merge_tree/i_m_r_reg[7][0][2]/C
  -------------------------------------------------------------------    -------------------
    SLICE_X69Y210        FDRE (Prop_AFF_SLICEM_C_Q)
                                                      0.140     5.102 r  dut/merge_tree/i_m_r_reg[7][0][2]/Q
                         net (fo=4, routed)           0.348     5.450    dut/merge_tree/gen_layer[0].gen_node[3].merge_inst/genblk2[8].genblk2[0].genblk1[0].cas_l_dut/o_max_reg[9]_1[2]
    SLICE_X67Y210        LUT4 (Prop_B5LUT_SLICEM_I0_O)
                                                      0.258     5.708 r  dut/merge_tree/gen_layer[0].gen_node[3].merge_inst/genblk2[8].genblk2[0].genblk1[0].cas_l_dut/o_max[9]_i_6__5/O
                         net (fo=1, routed)           0.000     5.708    dut/merge_tree/gen_layer[0].gen_node[3].merge_inst/genblk2[8].genblk2[0].genblk1[0].cas_l_dut/o_max[9]_i_6__5_n_0
    SLICE_X67Y210        CARRY8 (Prop_CARRY8_SLICEM_DI[1]_CO[4])
                                                      0.319     6.027 r  dut/merge_tree/gen_layer[0].gen_node[3].merge_inst/genblk2[8].genblk2[0].genblk1[0].cas_l_dut/o_max_reg[9]_i_2__5/CO[4]
                         net (fo=148, routed)         0.961     6.988    dut/merge_tree/gen_layer[0].gen_node[3].merge_inst/genblk2[2].genblk1[0].delay_line_dut/CO[0]
    SLICE_X67Y182        LUT3 (Prop_E6LUT_SLICEM_I2_O)
                                                      0.051     7.039 r  dut/merge_tree/gen_layer[0].gen_node[3].merge_inst/genblk2[2].genblk1[0].delay_line_dut/dreg_reg[62]_srl3_i_1__2/O
                         net (fo=1, routed)           0.643     7.682    dut/merge_tree/gen_layer[0].gen_node[3].merge_inst/genblk2[2].genblk1[0].delay_line_dut/dreg_reg[62]_srl3_i_1__2_n_0
    SLICE_X67Y197        SRL16E                                       r  dut/merge_tree/gen_layer[0].gen_node[3].merge_inst/genblk2[2].genblk1[0].delay_line_dut/dreg_reg[62]_srl3/D
  -------------------------------------------------------------------    -------------------

                         (clock sys_clk_pin rise edge)
                                                      1.000     1.000 r  
    AA13                                              0.000     1.000 r  clk (IN)
                         net (fo=0)                   0.000     1.000    clk_IBUF_inst/I
    AA13                 INBUF (Prop_INBUF_HRIO_PAD_O)
                                                      0.662     1.662 r  clk_IBUF_inst/INBUF_INST/O
                         net (fo=1, routed)           0.066     1.728    clk_IBUF_inst/OUT
    AA13                 IBUFCTRL (Prop_IBUFCTRL_HRIO_I_O)
                                                      0.034     1.762 r  clk_IBUF_inst/IBUFCTRL_INST/O
                         net (fo=1, routed)           0.722     2.484    clk_IBUF
    BUFGCE_X1Y0          BUFGCE (Prop_BUFCE_BUFGCE_I_O)
                                                      0.091     2.575 r  clk_IBUF_BUFG_inst/O
    X2Y3 (CLOCK_ROOT)    net (fo=37192, routed)       2.566     5.141    dut/merge_tree/gen_layer[0].gen_node[3].merge_inst/genblk2[2].genblk1[0].delay_line_dut/clk_IBUF_BUFG
    SLICE_X67Y197        SRL16E                                       r  dut/merge_tree/gen_layer[0].gen_node[3].merge_inst/genblk2[2].genblk1[0].delay_line_dut/dreg_reg[62]_srl3/CLK
                         clock pessimism              0.668     5.809    
                         clock uncertainty           -0.035     5.774    
    SLICE_X67Y197        SRL16E (Setup_G5LUT_SLICEM_CLK_D)
                                                     -0.019     5.755    dut/merge_tree/gen_layer[0].gen_node[3].merge_inst/genblk2[2].genblk1[0].delay_line_dut/dreg_reg[62]_srl3
  -------------------------------------------------------------------
                         required time                          5.755    
                         arrival time                          -7.682    
  -------------------------------------------------------------------
                         slack                                 -1.927    

Slack (VIOLATED) :        -1.910ns  (required time - arrival time)
  Source:                 dut/merge_tree/i_m_r_reg[7][0][2]/C
                            (rising edge-triggered cell FDRE clocked by sys_clk_pin  {rise@0.000ns fall@0.500ns period=1.000ns})
  Destination:            dut/merge_tree/gen_layer[0].gen_node[3].merge_inst/genblk2[2].genblk1[0].delay_line_dut/dreg_reg[58]_srl3/D
                            (rising edge-triggered cell SRL16E clocked by sys_clk_pin  {rise@0.000ns fall@0.500ns period=1.000ns})
  Path Group:             sys_clk_pin
  Path Type:              Setup (Max at Slow Process Corner)
  Requirement:            1.000ns  (sys_clk_pin rise@1.000ns - sys_clk_pin rise@0.000ns)
  Data Path Delay:        2.703ns  (logic 0.809ns (29.930%)  route 1.894ns (70.070%))
  Logic Levels:           3  (CARRY8=1 LUT3=1 LUT4=1)
  Clock Path Skew:        -0.153ns (DCD - SCD + CPR)
    Destination Clock Delay (DCD):    4.141ns = ( 5.141 - 1.000 ) 
    Source Clock Delay      (SCD):    4.962ns
    Clock Pessimism Removal (CPR):    0.668ns
  Clock Uncertainty:      0.035ns  ((TSJ^2 + TIJ^2)^1/2 + DJ) / 2 + PE
    Total System Jitter     (TSJ):    0.071ns
    Total Input Jitter      (TIJ):    0.000ns
    Discrete Jitter          (DJ):    0.000ns
    Phase Error              (PE):    0.000ns
  Clock Net Delay (Source):      2.913ns (routing 1.146ns, distribution 1.767ns)
  Clock Net Delay (Destination): 2.566ns (routing 1.056ns, distribution 1.510ns)

    Location             Delay type                Incr(ns)  Path(ns)    Netlist Resource(s)
  -------------------------------------------------------------------    -------------------
                         (clock sys_clk_pin rise edge)
                                                      0.000     0.000 r  
    AA13                                              0.000     0.000 r  clk (IN)
                         net (fo=0)                   0.000     0.000    clk_IBUF_inst/I
    AA13                 INBUF (Prop_INBUF_HRIO_PAD_O)
                                                      0.955     0.955 r  clk_IBUF_inst/INBUF_INST/O
                         net (fo=1, routed)           0.105     1.060    clk_IBUF_inst/OUT
    AA13                 IBUFCTRL (Prop_IBUFCTRL_HRIO_I_O)
                                                      0.049     1.109 r  clk_IBUF_inst/IBUFCTRL_INST/O
                         net (fo=1, routed)           0.839     1.948    clk_IBUF
    BUFGCE_X1Y0          BUFGCE (Prop_BUFCE_BUFGCE_I_O)
                                                      0.101     2.049 r  clk_IBUF_BUFG_inst/O
    X2Y3 (CLOCK_ROOT)    net (fo=37192, routed)       2.913     4.962    dut/merge_tree/clk_IBUF_BUFG
    SLICE_X69Y210        FDRE                                         r  dut/merge_tree/i_m_r_reg[7][0][2]/C
  -------------------------------------------------------------------    -------------------
    SLICE_X69Y210        FDRE (Prop_AFF_SLICEM_C_Q)
                                                      0.140     5.102 r  dut/merge_tree/i_m_r_reg[7][0][2]/Q
                         net (fo=4, routed)           0.348     5.450    dut/merge_tree/gen_layer[0].gen_node[3].merge_inst/genblk2[8].genblk2[0].genblk1[0].cas_l_dut/o_max_reg[9]_1[2]
    SLICE_X67Y210        LUT4 (Prop_B5LUT_SLICEM_I0_O)
                                                      0.258     5.708 r  dut/merge_tree/gen_layer[0].gen_node[3].merge_inst/genblk2[8].genblk2[0].genblk1[0].cas_l_dut/o_max[9]_i_6__5/O
                         net (fo=1, routed)           0.000     5.708    dut/merge_tree/gen_layer[0].gen_node[3].merge_inst/genblk2[8].genblk2[0].genblk1[0].cas_l_dut/o_max[9]_i_6__5_n_0
    SLICE_X67Y210        CARRY8 (Prop_CARRY8_SLICEM_DI[1]_CO[4])
                                                      0.319     6.027 r  dut/merge_tree/gen_layer[0].gen_node[3].merge_inst/genblk2[8].genblk2[0].genblk1[0].cas_l_dut/o_max_reg[9]_i_2__5/CO[4]
                         net (fo=148, routed)         0.898     6.925    dut/merge_tree/gen_layer[0].gen_node[3].merge_inst/genblk2[2].genblk1[0].delay_line_dut/CO[0]
    SLICE_X72Y190        LUT3 (Prop_B6LUT_SLICEM_I2_O)
                                                      0.092     7.017 r  dut/merge_tree/gen_layer[0].gen_node[3].merge_inst/genblk2[2].genblk1[0].delay_line_dut/dreg_reg[58]_srl3_i_1__2/O
                         net (fo=1, routed)           0.648     7.665    dut/merge_tree/gen_layer[0].gen_node[3].merge_inst/genblk2[2].genblk1[0].delay_line_dut/dreg_reg[58]_srl3_i_1__2_n_0
    SLICE_X67Y197        SRL16E                                       r  dut/merge_tree/gen_layer[0].gen_node[3].merge_inst/genblk2[2].genblk1[0].delay_line_dut/dreg_reg[58]_srl3/D
  -------------------------------------------------------------------    -------------------

                         (clock sys_clk_pin rise edge)
                                                      1.000     1.000 r  
    AA13                                              0.000     1.000 r  clk (IN)
                         net (fo=0)                   0.000     1.000    clk_IBUF_inst/I
    AA13                 INBUF (Prop_INBUF_HRIO_PAD_O)
                                                      0.662     1.662 r  clk_IBUF_inst/INBUF_INST/O
                         net (fo=1, routed)           0.066     1.728    clk_IBUF_inst/OUT
    AA13                 IBUFCTRL (Prop_IBUFCTRL_HRIO_I_O)
                                                      0.034     1.762 r  clk_IBUF_inst/IBUFCTRL_INST/O
                         net (fo=1, routed)           0.722     2.484    clk_IBUF
    BUFGCE_X1Y0          BUFGCE (Prop_BUFCE_BUFGCE_I_O)
                                                      0.091     2.575 r  clk_IBUF_BUFG_inst/O
    X2Y3 (CLOCK_ROOT)    net (fo=37192, routed)       2.566     5.141    dut/merge_tree/gen_layer[0].gen_node[3].merge_inst/genblk2[2].genblk1[0].delay_line_dut/clk_IBUF_BUFG
    SLICE_X67Y197        SRL16E                                       r  dut/merge_tree/gen_layer[0].gen_node[3].merge_inst/genblk2[2].genblk1[0].delay_line_dut/dreg_reg[58]_srl3/CLK
                         clock pessimism              0.668     5.809    
                         clock uncertainty           -0.035     5.774    
    SLICE_X67Y197        SRL16E (Setup_C5LUT_SLICEM_CLK_D)
                                                     -0.019     5.755    dut/merge_tree/gen_layer[0].gen_node[3].merge_inst/genblk2[2].genblk1[0].delay_line_dut/dreg_reg[58]_srl3
  -------------------------------------------------------------------
                         required time                          5.755    
                         arrival time                          -7.665    
  -------------------------------------------------------------------
                         slack                                 -1.910    

Slack (VIOLATED) :        -1.909ns  (required time - arrival time)
  Source:                 dut/merge_tree/i_m_r_reg[7][0][2]/C
                            (rising edge-triggered cell FDRE clocked by sys_clk_pin  {rise@0.000ns fall@0.500ns period=1.000ns})
  Destination:            dut/merge_tree/gen_layer[0].gen_node[3].merge_inst/genblk2[2].genblk1[0].delay_line_dut/dreg_reg[60]_srl3/D
                            (rising edge-triggered cell SRL16E clocked by sys_clk_pin  {rise@0.000ns fall@0.500ns period=1.000ns})
  Path Group:             sys_clk_pin
  Path Type:              Setup (Max at Slow Process Corner)
  Requirement:            1.000ns  (sys_clk_pin rise@1.000ns - sys_clk_pin rise@0.000ns)
  Data Path Delay:        2.702ns  (logic 0.863ns (31.939%)  route 1.839ns (68.061%))
  Logic Levels:           3  (CARRY8=1 LUT3=1 LUT4=1)
  Clock Path Skew:        -0.153ns (DCD - SCD + CPR)
    Destination Clock Delay (DCD):    4.141ns = ( 5.141 - 1.000 ) 
    Source Clock Delay      (SCD):    4.962ns
    Clock Pessimism Removal (CPR):    0.668ns
  Clock Uncertainty:      0.035ns  ((TSJ^2 + TIJ^2)^1/2 + DJ) / 2 + PE
    Total System Jitter     (TSJ):    0.071ns
    Total Input Jitter      (TIJ):    0.000ns
    Discrete Jitter          (DJ):    0.000ns
    Phase Error              (PE):    0.000ns
  Clock Net Delay (Source):      2.913ns (routing 1.146ns, distribution 1.767ns)
  Clock Net Delay (Destination): 2.566ns (routing 1.056ns, distribution 1.510ns)

    Location             Delay type                Incr(ns)  Path(ns)    Netlist Resource(s)
  -------------------------------------------------------------------    -------------------
                         (clock sys_clk_pin rise edge)
                                                      0.000     0.000 r  
    AA13                                              0.000     0.000 r  clk (IN)
                         net (fo=0)                   0.000     0.000    clk_IBUF_inst/I
    AA13                 INBUF (Prop_INBUF_HRIO_PAD_O)
                                                      0.955     0.955 r  clk_IBUF_inst/INBUF_INST/O
                         net (fo=1, routed)           0.105     1.060    clk_IBUF_inst/OUT
    AA13                 IBUFCTRL (Prop_IBUFCTRL_HRIO_I_O)
                                                      0.049     1.109 r  clk_IBUF_inst/IBUFCTRL_INST/O
                         net (fo=1, routed)           0.839     1.948    clk_IBUF
    BUFGCE_X1Y0          BUFGCE (Prop_BUFCE_BUFGCE_I_O)
                                                      0.101     2.049 r  clk_IBUF_BUFG_inst/O
    X2Y3 (CLOCK_ROOT)    net (fo=37192, routed)       2.913     4.962    dut/merge_tree/clk_IBUF_BUFG
    SLICE_X69Y210        FDRE                                         r  dut/merge_tree/i_m_r_reg[7][0][2]/C
  -------------------------------------------------------------------    -------------------
    SLICE_X69Y210        FDRE (Prop_AFF_SLICEM_C_Q)
                                                      0.140     5.102 r  dut/merge_tree/i_m_r_reg[7][0][2]/Q
                         net (fo=4, routed)           0.348     5.450    dut/merge_tree/gen_layer[0].gen_node[3].merge_inst/genblk2[8].genblk2[0].genblk1[0].cas_l_dut/o_max_reg[9]_1[2]
    SLICE_X67Y210        LUT4 (Prop_B5LUT_SLICEM_I0_O)
                                                      0.258     5.708 r  dut/merge_tree/gen_layer[0].gen_node[3].merge_inst/genblk2[8].genblk2[0].genblk1[0].cas_l_dut/o_max[9]_i_6__5/O
                         net (fo=1, routed)           0.000     5.708    dut/merge_tree/gen_layer[0].gen_node[3].merge_inst/genblk2[8].genblk2[0].genblk1[0].cas_l_dut/o_max[9]_i_6__5_n_0
    SLICE_X67Y210        CARRY8 (Prop_CARRY8_SLICEM_DI[1]_CO[4])
                                                      0.319     6.027 r  dut/merge_tree/gen_layer[0].gen_node[3].merge_inst/genblk2[8].genblk2[0].genblk1[0].cas_l_dut/o_max_reg[9]_i_2__5/CO[4]
                         net (fo=148, routed)         0.877     6.904    dut/merge_tree/gen_layer[0].gen_node[3].merge_inst/genblk2[2].genblk1[0].delay_line_dut/CO[0]
    SLICE_X70Y188        LUT3 (Prop_E6LUT_SLICEL_I2_O)
                                                      0.146     7.050 r  dut/merge_tree/gen_layer[0].gen_node[3].merge_inst/genblk2[2].genblk1[0].delay_line_dut/dreg_reg[60]_srl3_i_1__2/O
                         net (fo=1, routed)           0.614     7.664    dut/merge_tree/gen_layer[0].gen_node[3].merge_inst/genblk2[2].genblk1[0].delay_line_dut/dreg_reg[60]_srl3_i_1__2_n_0
    SLICE_X67Y197        SRL16E                                       r  dut/merge_tree/gen_layer[0].gen_node[3].merge_inst/genblk2[2].genblk1[0].delay_line_dut/dreg_reg[60]_srl3/D
  -------------------------------------------------------------------    -------------------

                         (clock sys_clk_pin rise edge)
                                                      1.000     1.000 r  
    AA13                                              0.000     1.000 r  clk (IN)
                         net (fo=0)                   0.000     1.000    clk_IBUF_inst/I
    AA13                 INBUF (Prop_INBUF_HRIO_PAD_O)
                                                      0.662     1.662 r  clk_IBUF_inst/INBUF_INST/O
                         net (fo=1, routed)           0.066     1.728    clk_IBUF_inst/OUT
    AA13                 IBUFCTRL (Prop_IBUFCTRL_HRIO_I_O)
                                                      0.034     1.762 r  clk_IBUF_inst/IBUFCTRL_INST/O
                         net (fo=1, routed)           0.722     2.484    clk_IBUF
    BUFGCE_X1Y0          BUFGCE (Prop_BUFCE_BUFGCE_I_O)
                                                      0.091     2.575 r  clk_IBUF_BUFG_inst/O
    X2Y3 (CLOCK_ROOT)    net (fo=37192, routed)       2.566     5.141    dut/merge_tree/gen_layer[0].gen_node[3].merge_inst/genblk2[2].genblk1[0].delay_line_dut/clk_IBUF_BUFG
    SLICE_X67Y197        SRL16E                                       r  dut/merge_tree/gen_layer[0].gen_node[3].merge_inst/genblk2[2].genblk1[0].delay_line_dut/dreg_reg[60]_srl3/CLK
                         clock pessimism              0.668     5.809    
                         clock uncertainty           -0.035     5.774    
    SLICE_X67Y197        SRL16E (Setup_E5LUT_SLICEM_CLK_D)
                                                     -0.019     5.755    dut/merge_tree/gen_layer[0].gen_node[3].merge_inst/genblk2[2].genblk1[0].delay_line_dut/dreg_reg[60]_srl3
  -------------------------------------------------------------------
                         required time                          5.755    
                         arrival time                          -7.664    
  -------------------------------------------------------------------
                         slack                                 -1.909    

Slack (VIOLATED) :        -1.905ns  (required time - arrival time)
  Source:                 dut/merge_tree/i_m_r_reg[7][0][2]/C
                            (rising edge-triggered cell FDRE clocked by sys_clk_pin  {rise@0.000ns fall@0.500ns period=1.000ns})
  Destination:            dut/merge_tree/gen_layer[0].gen_node[3].merge_inst/genblk2[2].genblk1[0].delay_line_dut/dreg_reg[55]_srl3/D
                            (rising edge-triggered cell SRL16E clocked by sys_clk_pin  {rise@0.000ns fall@0.500ns period=1.000ns})
  Path Group:             sys_clk_pin
  Path Type:              Setup (Max at Slow Process Corner)
  Requirement:            1.000ns  (sys_clk_pin rise@1.000ns - sys_clk_pin rise@0.000ns)
  Data Path Delay:        2.718ns  (logic 0.772ns (28.403%)  route 1.946ns (71.597%))
  Logic Levels:           3  (CARRY8=1 LUT3=1 LUT4=1)
  Clock Path Skew:        -0.153ns (DCD - SCD + CPR)
    Destination Clock Delay (DCD):    4.141ns = ( 5.141 - 1.000 ) 
    Source Clock Delay      (SCD):    4.962ns
    Clock Pessimism Removal (CPR):    0.668ns
  Clock Uncertainty:      0.035ns  ((TSJ^2 + TIJ^2)^1/2 + DJ) / 2 + PE
    Total System Jitter     (TSJ):    0.071ns
    Total Input Jitter      (TIJ):    0.000ns
    Discrete Jitter          (DJ):    0.000ns
    Phase Error              (PE):    0.000ns
  Clock Net Delay (Source):      2.913ns (routing 1.146ns, distribution 1.767ns)
  Clock Net Delay (Destination): 2.566ns (routing 1.056ns, distribution 1.510ns)

    Location             Delay type                Incr(ns)  Path(ns)    Netlist Resource(s)
  -------------------------------------------------------------------    -------------------
                         (clock sys_clk_pin rise edge)
                                                      0.000     0.000 r  
    AA13                                              0.000     0.000 r  clk (IN)
                         net (fo=0)                   0.000     0.000    clk_IBUF_inst/I
    AA13                 INBUF (Prop_INBUF_HRIO_PAD_O)
                                                      0.955     0.955 r  clk_IBUF_inst/INBUF_INST/O
                         net (fo=1, routed)           0.105     1.060    clk_IBUF_inst/OUT
    AA13                 IBUFCTRL (Prop_IBUFCTRL_HRIO_I_O)
                                                      0.049     1.109 r  clk_IBUF_inst/IBUFCTRL_INST/O
                         net (fo=1, routed)           0.839     1.948    clk_IBUF
    BUFGCE_X1Y0          BUFGCE (Prop_BUFCE_BUFGCE_I_O)
                                                      0.101     2.049 r  clk_IBUF_BUFG_inst/O
    X2Y3 (CLOCK_ROOT)    net (fo=37192, routed)       2.913     4.962    dut/merge_tree/clk_IBUF_BUFG
    SLICE_X69Y210        FDRE                                         r  dut/merge_tree/i_m_r_reg[7][0][2]/C
  -------------------------------------------------------------------    -------------------
    SLICE_X69Y210        FDRE (Prop_AFF_SLICEM_C_Q)
                                                      0.140     5.102 r  dut/merge_tree/i_m_r_reg[7][0][2]/Q
                         net (fo=4, routed)           0.348     5.450    dut/merge_tree/gen_layer[0].gen_node[3].merge_inst/genblk2[8].genblk2[0].genblk1[0].cas_l_dut/o_max_reg[9]_1[2]
    SLICE_X67Y210        LUT4 (Prop_B5LUT_SLICEM_I0_O)
                                                      0.258     5.708 r  dut/merge_tree/gen_layer[0].gen_node[3].merge_inst/genblk2[8].genblk2[0].genblk1[0].cas_l_dut/o_max[9]_i_6__5/O
                         net (fo=1, routed)           0.000     5.708    dut/merge_tree/gen_layer[0].gen_node[3].merge_inst/genblk2[8].genblk2[0].genblk1[0].cas_l_dut/o_max[9]_i_6__5_n_0
    SLICE_X67Y210        CARRY8 (Prop_CARRY8_SLICEM_DI[1]_CO[4])
                                                      0.319     6.027 r  dut/merge_tree/gen_layer[0].gen_node[3].merge_inst/genblk2[8].genblk2[0].genblk1[0].cas_l_dut/o_max_reg[9]_i_2__5/CO[4]
                         net (fo=148, routed)         0.924     6.951    dut/merge_tree/gen_layer[0].gen_node[3].merge_inst/genblk2[2].genblk1[0].delay_line_dut/CO[0]
    SLICE_X71Y186        LUT3 (Prop_H6LUT_SLICEM_I2_O)
                                                      0.055     7.006 r  dut/merge_tree/gen_layer[0].gen_node[3].merge_inst/genblk2[2].genblk1[0].delay_line_dut/dreg_reg[55]_srl3_i_1__2/O
                         net (fo=1, routed)           0.674     7.680    dut/merge_tree/gen_layer[0].gen_node[3].merge_inst/genblk2[2].genblk1[0].delay_line_dut/dreg_reg[55]_srl3_i_1__2_n_0
    SLICE_X67Y197        SRL16E                                       r  dut/merge_tree/gen_layer[0].gen_node[3].merge_inst/genblk2[2].genblk1[0].delay_line_dut/dreg_reg[55]_srl3/D
  -------------------------------------------------------------------    -------------------

                         (clock sys_clk_pin rise edge)
                                                      1.000     1.000 r  
    AA13                                              0.000     1.000 r  clk (IN)
                         net (fo=0)                   0.000     1.000    clk_IBUF_inst/I
    AA13                 INBUF (Prop_INBUF_HRIO_PAD_O)
                                                      0.662     1.662 r  clk_IBUF_inst/INBUF_INST/O
                         net (fo=1, routed)           0.066     1.728    clk_IBUF_inst/OUT
    AA13                 IBUFCTRL (Prop_IBUFCTRL_HRIO_I_O)
                                                      0.034     1.762 r  clk_IBUF_inst/IBUFCTRL_INST/O
                         net (fo=1, routed)           0.722     2.484    clk_IBUF
    BUFGCE_X1Y0          BUFGCE (Prop_BUFCE_BUFGCE_I_O)
                                                      0.091     2.575 r  clk_IBUF_BUFG_inst/O
    X2Y3 (CLOCK_ROOT)    net (fo=37192, routed)       2.566     5.141    dut/merge_tree/gen_layer[0].gen_node[3].merge_inst/genblk2[2].genblk1[0].delay_line_dut/clk_IBUF_BUFG
    SLICE_X67Y197        SRL16E                                       r  dut/merge_tree/gen_layer[0].gen_node[3].merge_inst/genblk2[2].genblk1[0].delay_line_dut/dreg_reg[55]_srl3/CLK
                         clock pessimism              0.668     5.809    
                         clock uncertainty           -0.035     5.774    
    SLICE_X67Y197        SRL16E (Setup_H6LUT_SLICEM_CLK_D)
                                                      0.001     5.775    dut/merge_tree/gen_layer[0].gen_node[3].merge_inst/genblk2[2].genblk1[0].delay_line_dut/dreg_reg[55]_srl3
  -------------------------------------------------------------------
                         required time                          5.775    
                         arrival time                          -7.680    
  -------------------------------------------------------------------
                         slack                                 -1.905    

Slack (VIOLATED) :        -1.903ns  (required time - arrival time)
  Source:                 dut/COSSET[6].unite_lists/genblk1_0.dut/metrics1_r_reg[30]/C
                            (rising edge-triggered cell FDRE clocked by sys_clk_pin  {rise@0.000ns fall@0.500ns period=1.000ns})
  Destination:            dut/COSSET[6].unite_lists/genblk1_0.dut/SS_00/m_p_reg[0][7][2]/D
                            (rising edge-triggered cell FDRE clocked by sys_clk_pin  {rise@0.000ns fall@0.500ns period=1.000ns})
  Path Group:             sys_clk_pin
  Path Type:              Setup (Max at Slow Process Corner)
  Requirement:            1.000ns  (sys_clk_pin rise@1.000ns - sys_clk_pin rise@0.000ns)
  Data Path Delay:        2.813ns  (logic 1.420ns (50.480%)  route 1.393ns (49.520%))
  Logic Levels:           6  (CARRY8=3 LUT2=1 LUT3=1 LUT4=1)
  Clock Path Skew:        -0.116ns (DCD - SCD + CPR)
    Destination Clock Delay (DCD):    4.284ns = ( 5.284 - 1.000 ) 
    Source Clock Delay      (SCD):    5.083ns
    Clock Pessimism Removal (CPR):    0.682ns
  Clock Uncertainty:      0.035ns  ((TSJ^2 + TIJ^2)^1/2 + DJ) / 2 + PE
    Total System Jitter     (TSJ):    0.071ns
    Total Input Jitter      (TIJ):    0.000ns
    Discrete Jitter          (DJ):    0.000ns
    Phase Error              (PE):    0.000ns
  Clock Net Delay (Source):      3.034ns (routing 1.146ns, distribution 1.888ns)
  Clock Net Delay (Destination): 2.709ns (routing 1.056ns, distribution 1.653ns)

    Location             Delay type                Incr(ns)  Path(ns)    Netlist Resource(s)
  -------------------------------------------------------------------    -------------------
                         (clock sys_clk_pin rise edge)
                                                      0.000     0.000 r  
    AA13                                              0.000     0.000 r  clk (IN)
                         net (fo=0)                   0.000     0.000    clk_IBUF_inst/I
    AA13                 INBUF (Prop_INBUF_HRIO_PAD_O)
                                                      0.955     0.955 r  clk_IBUF_inst/INBUF_INST/O
                         net (fo=1, routed)           0.105     1.060    clk_IBUF_inst/OUT
    AA13                 IBUFCTRL (Prop_IBUFCTRL_HRIO_I_O)
                                                      0.049     1.109 r  clk_IBUF_inst/IBUFCTRL_INST/O
                         net (fo=1, routed)           0.839     1.948    clk_IBUF
    BUFGCE_X1Y0          BUFGCE (Prop_BUFCE_BUFGCE_I_O)
                                                      0.101     2.049 r  clk_IBUF_BUFG_inst/O
    X2Y3 (CLOCK_ROOT)    net (fo=37192, routed)       3.034     5.083    dut/COSSET[6].unite_lists/genblk1_0.dut/clk_IBUF_BUFG
    SLICE_X87Y211        FDRE                                         r  dut/COSSET[6].unite_lists/genblk1_0.dut/metrics1_r_reg[30]/C
  -------------------------------------------------------------------    -------------------
    SLICE_X87Y211        FDRE (Prop_CFF_SLICEL_C_Q)
                                                      0.138     5.221 r  dut/COSSET[6].unite_lists/genblk1_0.dut/metrics1_r_reg[30]/Q
                         net (fo=4, routed)           0.623     5.844    dut/COSSET[6].unite_lists/genblk1_0.dut/SS_00/i___2_i_1__5_0[30]
    SLICE_X90Y212        LUT2 (Prop_A6LUT_SLICEL_I1_O)
                                                      0.089     5.933 r  dut/COSSET[6].unite_lists/genblk1_0.dut/SS_00/m_p[0][7][7]_i_19__5/O
                         net (fo=1, routed)           0.000     5.933    dut/COSSET[6].unite_lists/genblk1_0.dut/SS_00/m_p[0][7][7]_i_19__5_n_0
    SLICE_X90Y212        CARRY8 (Prop_CARRY8_SLICEL_S[0]_CO[7])
                                                      0.438     6.371 r  dut/COSSET[6].unite_lists/genblk1_0.dut/SS_00/m_p_reg[0][7][7]_i_3__5/CO[7]
                         net (fo=1, routed)           0.030     6.401    dut/COSSET[6].unite_lists/genblk1_0.dut/SS_00/m_p_reg[0][7][7]_i_3__5_n_0
    SLICE_X90Y213        CARRY8 (Prop_CARRY8_SLICEL_CI_O[1])
                                                      0.163     6.564 r  dut/COSSET[6].unite_lists/genblk1_0.dut/SS_00/i___2_i_2__5/O[1]
                         net (fo=4, routed)           0.351     6.915    dut/COSSET[6].unite_lists/genblk1_0.dut/SS_00/s_raw[6]_937[9]
    SLICE_X91Y212        LUT4 (Prop_E6LUT_SLICEL_I3_O)
                                                      0.146     7.061 r  dut/COSSET[6].unite_lists/genblk1_0.dut/SS_00/idx_p[0][7][0]_i_8__5/O
                         net (fo=1, routed)           0.000     7.061    dut/COSSET[6].unite_lists/genblk1_0.dut/SS_00/idx_p[0][7][0]_i_8__5_n_0
    SLICE_X91Y212        CARRY8 (Prop_CARRY8_SLICEL_S[4]_CO[5])
                                                      0.299     7.360 r  dut/COSSET[6].unite_lists/genblk1_0.dut/SS_00/idx_p_reg[0][7][0]_i_1__5/CO[5]
                         net (fo=24, routed)          0.356     7.716    dut/COSSET[6].unite_lists/genblk1_0.dut/SS_00/idx_w[1][7]_839[0]
    SLICE_X92Y211        LUT3 (Prop_B6LUT_SLICEL_I2_O)
                                                      0.147     7.863 r  dut/COSSET[6].unite_lists/genblk1_0.dut/SS_00/m_p[0][7][2]_i_1__5/O
                         net (fo=1, routed)           0.033     7.896    dut/COSSET[6].unite_lists/genblk1_0.dut/SS_00/m_w[1][7]_838[2]
    SLICE_X92Y211        FDRE                                         r  dut/COSSET[6].unite_lists/genblk1_0.dut/SS_00/m_p_reg[0][7][2]/D
  -------------------------------------------------------------------    -------------------

                         (clock sys_clk_pin rise edge)
                                                      1.000     1.000 r  
    AA13                                              0.000     1.000 r  clk (IN)
                         net (fo=0)                   0.000     1.000    clk_IBUF_inst/I
    AA13                 INBUF (Prop_INBUF_HRIO_PAD_O)
                                                      0.662     1.662 r  clk_IBUF_inst/INBUF_INST/O
                         net (fo=1, routed)           0.066     1.728    clk_IBUF_inst/OUT
    AA13                 IBUFCTRL (Prop_IBUFCTRL_HRIO_I_O)
                                                      0.034     1.762 r  clk_IBUF_inst/IBUFCTRL_INST/O
                         net (fo=1, routed)           0.722     2.484    clk_IBUF
    BUFGCE_X1Y0          BUFGCE (Prop_BUFCE_BUFGCE_I_O)
                                                      0.091     2.575 r  clk_IBUF_BUFG_inst/O
    X2Y3 (CLOCK_ROOT)    net (fo=37192, routed)       2.709     5.284    dut/COSSET[6].unite_lists/genblk1_0.dut/SS_00/clk_IBUF_BUFG
    SLICE_X92Y211        FDRE                                         r  dut/COSSET[6].unite_lists/genblk1_0.dut/SS_00/m_p_reg[0][7][2]/C
                         clock pessimism              0.682     5.967    
                         clock uncertainty           -0.035     5.931    
    SLICE_X92Y211        FDRE (Setup_BFF_SLICEL_C_D)
                                                      0.062     5.993    dut/COSSET[6].unite_lists/genblk1_0.dut/SS_00/m_p_reg[0][7][2]
  -------------------------------------------------------------------
                         required time                          5.993    
                         arrival time                          -7.896    
  -------------------------------------------------------------------
                         slack                                 -1.903    

Slack (VIOLATED) :        -1.895ns  (required time - arrival time)
  Source:                 dut/COSSET[6].unite_lists/genblk1_0.dut/metrics1_r_reg[30]/C
                            (rising edge-triggered cell FDRE clocked by sys_clk_pin  {rise@0.000ns fall@0.500ns period=1.000ns})
  Destination:            dut/COSSET[6].unite_lists/genblk1_0.dut/SS_00/m_p_reg[0][7][4]/D
                            (rising edge-triggered cell FDRE clocked by sys_clk_pin  {rise@0.000ns fall@0.500ns period=1.000ns})
  Path Group:             sys_clk_pin
  Path Type:              Setup (Max at Slow Process Corner)
  Requirement:            1.000ns  (sys_clk_pin rise@1.000ns - sys_clk_pin rise@0.000ns)
  Data Path Delay:        2.806ns  (logic 1.419ns (50.570%)  route 1.387ns (49.430%))
  Logic Levels:           6  (CARRY8=3 LUT2=1 LUT3=1 LUT4=1)
  Clock Path Skew:        -0.116ns (DCD - SCD + CPR)
    Destination Clock Delay (DCD):    4.284ns = ( 5.284 - 1.000 ) 
    Source Clock Delay      (SCD):    5.083ns
    Clock Pessimism Removal (CPR):    0.682ns
  Clock Uncertainty:      0.035ns  ((TSJ^2 + TIJ^2)^1/2 + DJ) / 2 + PE
    Total System Jitter     (TSJ):    0.071ns
    Total Input Jitter      (TIJ):    0.000ns
    Discrete Jitter          (DJ):    0.000ns
    Phase Error              (PE):    0.000ns
  Clock Net Delay (Source):      3.034ns (routing 1.146ns, distribution 1.888ns)
  Clock Net Delay (Destination): 2.709ns (routing 1.056ns, distribution 1.653ns)

    Location             Delay type                Incr(ns)  Path(ns)    Netlist Resource(s)
  -------------------------------------------------------------------    -------------------
                         (clock sys_clk_pin rise edge)
                                                      0.000     0.000 r  
    AA13                                              0.000     0.000 r  clk (IN)
                         net (fo=0)                   0.000     0.000    clk_IBUF_inst/I
    AA13                 INBUF (Prop_INBUF_HRIO_PAD_O)
                                                      0.955     0.955 r  clk_IBUF_inst/INBUF_INST/O
                         net (fo=1, routed)           0.105     1.060    clk_IBUF_inst/OUT
    AA13                 IBUFCTRL (Prop_IBUFCTRL_HRIO_I_O)
                                                      0.049     1.109 r  clk_IBUF_inst/IBUFCTRL_INST/O
                         net (fo=1, routed)           0.839     1.948    clk_IBUF
    BUFGCE_X1Y0          BUFGCE (Prop_BUFCE_BUFGCE_I_O)
                                                      0.101     2.049 r  clk_IBUF_BUFG_inst/O
    X2Y3 (CLOCK_ROOT)    net (fo=37192, routed)       3.034     5.083    dut/COSSET[6].unite_lists/genblk1_0.dut/clk_IBUF_BUFG
    SLICE_X87Y211        FDRE                                         r  dut/COSSET[6].unite_lists/genblk1_0.dut/metrics1_r_reg[30]/C
  -------------------------------------------------------------------    -------------------
    SLICE_X87Y211        FDRE (Prop_CFF_SLICEL_C_Q)
                                                      0.138     5.221 r  dut/COSSET[6].unite_lists/genblk1_0.dut/metrics1_r_reg[30]/Q
                         net (fo=4, routed)           0.623     5.844    dut/COSSET[6].unite_lists/genblk1_0.dut/SS_00/i___2_i_1__5_0[30]
    SLICE_X90Y212        LUT2 (Prop_A6LUT_SLICEL_I1_O)
                                                      0.089     5.933 r  dut/COSSET[6].unite_lists/genblk1_0.dut/SS_00/m_p[0][7][7]_i_19__5/O
                         net (fo=1, routed)           0.000     5.933    dut/COSSET[6].unite_lists/genblk1_0.dut/SS_00/m_p[0][7][7]_i_19__5_n_0
    SLICE_X90Y212        CARRY8 (Prop_CARRY8_SLICEL_S[0]_CO[7])
                                                      0.438     6.371 r  dut/COSSET[6].unite_lists/genblk1_0.dut/SS_00/m_p_reg[0][7][7]_i_3__5/CO[7]
                         net (fo=1, routed)           0.030     6.401    dut/COSSET[6].unite_lists/genblk1_0.dut/SS_00/m_p_reg[0][7][7]_i_3__5_n_0
    SLICE_X90Y213        CARRY8 (Prop_CARRY8_SLICEL_CI_O[1])
                                                      0.163     6.564 r  dut/COSSET[6].unite_lists/genblk1_0.dut/SS_00/i___2_i_2__5/O[1]
                         net (fo=4, routed)           0.351     6.915    dut/COSSET[6].unite_lists/genblk1_0.dut/SS_00/s_raw[6]_937[9]
    SLICE_X91Y212        LUT4 (Prop_E6LUT_SLICEL_I3_O)
                                                      0.146     7.061 r  dut/COSSET[6].unite_lists/genblk1_0.dut/SS_00/idx_p[0][7][0]_i_8__5/O
                         net (fo=1, routed)           0.000     7.061    dut/COSSET[6].unite_lists/genblk1_0.dut/SS_00/idx_p[0][7][0]_i_8__5_n_0
    SLICE_X91Y212        CARRY8 (Prop_CARRY8_SLICEL_S[4]_CO[5])
                                                      0.299     7.360 r  dut/COSSET[6].unite_lists/genblk1_0.dut/SS_00/idx_p_reg[0][7][0]_i_1__5/CO[5]
                         net (fo=24, routed)          0.353     7.713    dut/COSSET[6].unite_lists/genblk1_0.dut/SS_00/idx_w[1][7]_839[0]
    SLICE_X92Y211        LUT3 (Prop_A6LUT_SLICEL_I2_O)
                                                      0.146     7.859 r  dut/COSSET[6].unite_lists/genblk1_0.dut/SS_00/m_p[0][7][4]_i_1__5/O
                         net (fo=1, routed)           0.030     7.889    dut/COSSET[6].unite_lists/genblk1_0.dut/SS_00/m_w[1][7]_838[4]
    SLICE_X92Y211        FDRE                                         r  dut/COSSET[6].unite_lists/genblk1_0.dut/SS_00/m_p_reg[0][7][4]/D
  -------------------------------------------------------------------    -------------------

                         (clock sys_clk_pin rise edge)
                                                      1.000     1.000 r  
    AA13                                              0.000     1.000 r  clk (IN)
                         net (fo=0)                   0.000     1.000    clk_IBUF_inst/I
    AA13                 INBUF (Prop_INBUF_HRIO_PAD_O)
                                                      0.662     1.662 r  clk_IBUF_inst/INBUF_INST/O
                         net (fo=1, routed)           0.066     1.728    clk_IBUF_inst/OUT
    AA13                 IBUFCTRL (Prop_IBUFCTRL_HRIO_I_O)
                                                      0.034     1.762 r  clk_IBUF_inst/IBUFCTRL_INST/O
                         net (fo=1, routed)           0.722     2.484    clk_IBUF
    BUFGCE_X1Y0          BUFGCE (Prop_BUFCE_BUFGCE_I_O)
                                                      0.091     2.575 r  clk_IBUF_BUFG_inst/O
    X2Y3 (CLOCK_ROOT)    net (fo=37192, routed)       2.709     5.284    dut/COSSET[6].unite_lists/genblk1_0.dut/SS_00/clk_IBUF_BUFG
    SLICE_X92Y211        FDRE                                         r  dut/COSSET[6].unite_lists/genblk1_0.dut/SS_00/m_p_reg[0][7][4]/C
                         clock pessimism              0.682     5.967    
                         clock uncertainty           -0.035     5.931    
    SLICE_X92Y211        FDRE (Setup_AFF_SLICEL_C_D)
                                                      0.063     5.994    dut/COSSET[6].unite_lists/genblk1_0.dut/SS_00/m_p_reg[0][7][4]
  -------------------------------------------------------------------
                         required time                          5.994    
                         arrival time                          -7.889    
  -------------------------------------------------------------------
                         slack                                 -1.895    

Slack (VIOLATED) :        -1.869ns  (required time - arrival time)
  Source:                 dut/merge_tree/i_m_r_reg[7][0][2]/C
                            (rising edge-triggered cell FDRE clocked by sys_clk_pin  {rise@0.000ns fall@0.500ns period=1.000ns})
  Destination:            dut/merge_tree/gen_layer[0].gen_node[3].merge_inst/genblk2[2].genblk1[0].delay_line_dut/dreg_reg[61]_srl3/D
                            (rising edge-triggered cell SRL16E clocked by sys_clk_pin  {rise@0.000ns fall@0.500ns period=1.000ns})
  Path Group:             sys_clk_pin
  Path Type:              Setup (Max at Slow Process Corner)
  Requirement:            1.000ns  (sys_clk_pin rise@1.000ns - sys_clk_pin rise@0.000ns)
  Data Path Delay:        2.662ns  (logic 0.865ns (32.494%)  route 1.797ns (67.506%))
  Logic Levels:           3  (CARRY8=1 LUT3=1 LUT4=1)
  Clock Path Skew:        -0.153ns (DCD - SCD + CPR)
    Destination Clock Delay (DCD):    4.141ns = ( 5.141 - 1.000 ) 
    Source Clock Delay      (SCD):    4.962ns
    Clock Pessimism Removal (CPR):    0.668ns
  Clock Uncertainty:      0.035ns  ((TSJ^2 + TIJ^2)^1/2 + DJ) / 2 + PE
    Total System Jitter     (TSJ):    0.071ns
    Total Input Jitter      (TIJ):    0.000ns
    Discrete Jitter          (DJ):    0.000ns
    Phase Error              (PE):    0.000ns
  Clock Net Delay (Source):      2.913ns (routing 1.146ns, distribution 1.767ns)
  Clock Net Delay (Destination): 2.566ns (routing 1.056ns, distribution 1.510ns)

    Location             Delay type                Incr(ns)  Path(ns)    Netlist Resource(s)
  -------------------------------------------------------------------    -------------------
                         (clock sys_clk_pin rise edge)
                                                      0.000     0.000 r  
    AA13                                              0.000     0.000 r  clk (IN)
                         net (fo=0)                   0.000     0.000    clk_IBUF_inst/I
    AA13                 INBUF (Prop_INBUF_HRIO_PAD_O)
                                                      0.955     0.955 r  clk_IBUF_inst/INBUF_INST/O
                         net (fo=1, routed)           0.105     1.060    clk_IBUF_inst/OUT
    AA13                 IBUFCTRL (Prop_IBUFCTRL_HRIO_I_O)
                                                      0.049     1.109 r  clk_IBUF_inst/IBUFCTRL_INST/O
                         net (fo=1, routed)           0.839     1.948    clk_IBUF
    BUFGCE_X1Y0          BUFGCE (Prop_BUFCE_BUFGCE_I_O)
                                                      0.101     2.049 r  clk_IBUF_BUFG_inst/O
    X2Y3 (CLOCK_ROOT)    net (fo=37192, routed)       2.913     4.962    dut/merge_tree/clk_IBUF_BUFG
    SLICE_X69Y210        FDRE                                         r  dut/merge_tree/i_m_r_reg[7][0][2]/C
  -------------------------------------------------------------------    -------------------
    SLICE_X69Y210        FDRE (Prop_AFF_SLICEM_C_Q)
                                                      0.140     5.102 r  dut/merge_tree/i_m_r_reg[7][0][2]/Q
                         net (fo=4, routed)           0.348     5.450    dut/merge_tree/gen_layer[0].gen_node[3].merge_inst/genblk2[8].genblk2[0].genblk1[0].cas_l_dut/o_max_reg[9]_1[2]
    SLICE_X67Y210        LUT4 (Prop_B5LUT_SLICEM_I0_O)
                                                      0.258     5.708 r  dut/merge_tree/gen_layer[0].gen_node[3].merge_inst/genblk2[8].genblk2[0].genblk1[0].cas_l_dut/o_max[9]_i_6__5/O
                         net (fo=1, routed)           0.000     5.708    dut/merge_tree/gen_layer[0].gen_node[3].merge_inst/genblk2[8].genblk2[0].genblk1[0].cas_l_dut/o_max[9]_i_6__5_n_0
    SLICE_X67Y210        CARRY8 (Prop_CARRY8_SLICEM_DI[1]_CO[4])
                                                      0.319     6.027 r  dut/merge_tree/gen_layer[0].gen_node[3].merge_inst/genblk2[8].genblk2[0].genblk1[0].cas_l_dut/o_max_reg[9]_i_2__5/CO[4]
                         net (fo=148, routed)         0.874     6.901    dut/merge_tree/gen_layer[0].gen_node[3].merge_inst/genblk2[2].genblk1[0].delay_line_dut/CO[0]
    SLICE_X72Y191        LUT3 (Prop_E6LUT_SLICEM_I2_O)
                                                      0.148     7.049 r  dut/merge_tree/gen_layer[0].gen_node[3].merge_inst/genblk2[2].genblk1[0].delay_line_dut/dreg_reg[61]_srl3_i_1__2/O
                         net (fo=1, routed)           0.575     7.624    dut/merge_tree/gen_layer[0].gen_node[3].merge_inst/genblk2[2].genblk1[0].delay_line_dut/dreg_reg[61]_srl3_i_1__2_n_0
    SLICE_X67Y197        SRL16E                                       r  dut/merge_tree/gen_layer[0].gen_node[3].merge_inst/genblk2[2].genblk1[0].delay_line_dut/dreg_reg[61]_srl3/D
  -------------------------------------------------------------------    -------------------

                         (clock sys_clk_pin rise edge)
                                                      1.000     1.000 r  
    AA13                                              0.000     1.000 r  clk (IN)
                         net (fo=0)                   0.000     1.000    clk_IBUF_inst/I
    AA13                 INBUF (Prop_INBUF_HRIO_PAD_O)
                                                      0.662     1.662 r  clk_IBUF_inst/INBUF_INST/O
                         net (fo=1, routed)           0.066     1.728    clk_IBUF_inst/OUT
    AA13                 IBUFCTRL (Prop_IBUFCTRL_HRIO_I_O)
                                                      0.034     1.762 r  clk_IBUF_inst/IBUFCTRL_INST/O
                         net (fo=1, routed)           0.722     2.484    clk_IBUF
    BUFGCE_X1Y0          BUFGCE (Prop_BUFCE_BUFGCE_I_O)
                                                      0.091     2.575 r  clk_IBUF_BUFG_inst/O
    X2Y3 (CLOCK_ROOT)    net (fo=37192, routed)       2.566     5.141    dut/merge_tree/gen_layer[0].gen_node[3].merge_inst/genblk2[2].genblk1[0].delay_line_dut/clk_IBUF_BUFG
    SLICE_X67Y197        SRL16E                                       r  dut/merge_tree/gen_layer[0].gen_node[3].merge_inst/genblk2[2].genblk1[0].delay_line_dut/dreg_reg[61]_srl3/CLK
                         clock pessimism              0.668     5.809    
                         clock uncertainty           -0.035     5.774    
    SLICE_X67Y197        SRL16E (Setup_F5LUT_SLICEM_CLK_D)
                                                     -0.019     5.755    dut/merge_tree/gen_layer[0].gen_node[3].merge_inst/genblk2[2].genblk1[0].delay_line_dut/dreg_reg[61]_srl3
  -------------------------------------------------------------------
                         required time                          5.755    
                         arrival time                          -7.624    
  -------------------------------------------------------------------
                         slack                                 -1.869    

Slack (VIOLATED) :        -1.869ns  (required time - arrival time)
  Source:                 dut/COSSET[1].unite_lists/genblk1_0.dut/metrics_r_reg[30]/C
                            (rising edge-triggered cell FDRE clocked by sys_clk_pin  {rise@0.000ns fall@0.500ns period=1.000ns})
  Destination:            dut/COSSET[1].unite_lists/genblk1_0.dut/SS_00/m_p_reg[0][5][4]/D
                            (rising edge-triggered cell FDRE clocked by sys_clk_pin  {rise@0.000ns fall@0.500ns period=1.000ns})
  Path Group:             sys_clk_pin
  Path Type:              Setup (Max at Slow Process Corner)
  Requirement:            1.000ns  (sys_clk_pin rise@1.000ns - sys_clk_pin rise@0.000ns)
  Data Path Delay:        2.737ns  (logic 1.421ns (51.918%)  route 1.316ns (48.082%))
  Logic Levels:           5  (CARRY8=3 LUT3=1 LUT4=1)
  Clock Path Skew:        -0.159ns (DCD - SCD + CPR)
    Destination Clock Delay (DCD):    4.305ns = ( 5.305 - 1.000 ) 
    Source Clock Delay      (SCD):    5.146ns
    Clock Pessimism Removal (CPR):    0.682ns
  Clock Uncertainty:      0.035ns  ((TSJ^2 + TIJ^2)^1/2 + DJ) / 2 + PE
    Total System Jitter     (TSJ):    0.071ns
    Total Input Jitter      (TIJ):    0.000ns
    Discrete Jitter          (DJ):    0.000ns
    Phase Error              (PE):    0.000ns
  Clock Net Delay (Source):      3.097ns (routing 1.146ns, distribution 1.951ns)
  Clock Net Delay (Destination): 2.730ns (routing 1.056ns, distribution 1.674ns)

    Location             Delay type                Incr(ns)  Path(ns)    Netlist Resource(s)
  -------------------------------------------------------------------    -------------------
                         (clock sys_clk_pin rise edge)
                                                      0.000     0.000 r  
    AA13                                              0.000     0.000 r  clk (IN)
                         net (fo=0)                   0.000     0.000    clk_IBUF_inst/I
    AA13                 INBUF (Prop_INBUF_HRIO_PAD_O)
                                                      0.955     0.955 r  clk_IBUF_inst/INBUF_INST/O
                         net (fo=1, routed)           0.105     1.060    clk_IBUF_inst/OUT
    AA13                 IBUFCTRL (Prop_IBUFCTRL_HRIO_I_O)
                                                      0.049     1.109 r  clk_IBUF_inst/IBUFCTRL_INST/O
                         net (fo=1, routed)           0.839     1.948    clk_IBUF
    BUFGCE_X1Y0          BUFGCE (Prop_BUFCE_BUFGCE_I_O)
                                                      0.101     2.049 r  clk_IBUF_BUFG_inst/O
    X2Y3 (CLOCK_ROOT)    net (fo=37192, routed)       3.097     5.146    dut/COSSET[1].unite_lists/genblk1_0.dut/clk_IBUF_BUFG
    SLICE_X96Y239        FDRE                                         r  dut/COSSET[1].unite_lists/genblk1_0.dut/metrics_r_reg[30]/C
  -------------------------------------------------------------------    -------------------
    SLICE_X96Y239        FDRE (Prop_HFF2_SLICEL_C_Q)
                                                      0.137     5.283 r  dut/COSSET[1].unite_lists/genblk1_0.dut/metrics_r_reg[30]/Q
                         net (fo=8, routed)           0.510     5.793    dut/COSSET[1].unite_lists/genblk1_0.dut/SS_00/m_p_reg[0][5][10]_1[30]
    SLICE_X98Y235        CARRY8 (Prop_CARRY8_SLICEL_DI[0]_CO[7])
                                                      0.457     6.250 r  dut/COSSET[1].unite_lists/genblk1_0.dut/SS_00/m_p_reg[0][5][7]_i_2__0/CO[7]
                         net (fo=1, routed)           0.030     6.280    dut/COSSET[1].unite_lists/genblk1_0.dut/SS_00/m_p_reg[0][5][7]_i_2__0_n_0
    SLICE_X98Y236        CARRY8 (Prop_CARRY8_SLICEL_CI_O[1])
                                                      0.163     6.443 r  dut/COSSET[1].unite_lists/genblk1_0.dut/SS_00/i___1_i_1__0/O[1]
                         net (fo=4, routed)           0.329     6.772    dut/COSSET[1].unite_lists/genblk1_0.dut/SS_00/s_raw[5]_331[9]
    SLICE_X99Y234        LUT4 (Prop_E6LUT_SLICEL_I2_O)
                                                      0.219     6.991 r  dut/COSSET[1].unite_lists/genblk1_0.dut/SS_00/idx_p[0][5][0]_i_8__0/O
                         net (fo=1, routed)           0.000     6.991    dut/COSSET[1].unite_lists/genblk1_0.dut/SS_00/idx_p[0][5][0]_i_8__0_n_0
    SLICE_X99Y234        CARRY8 (Prop_CARRY8_SLICEL_S[4]_CO[5])
                                                      0.299     7.290 r  dut/COSSET[1].unite_lists/genblk1_0.dut/SS_00/idx_p_reg[0][5][0]_i_1__0/CO[5]
                         net (fo=24, routed)          0.412     7.702    dut/COSSET[1].unite_lists/genblk1_0.dut/SS_00/idx_w[1][5]_230[0]
    SLICE_X98Y237        LUT3 (Prop_D6LUT_SLICEL_I2_O)
                                                      0.146     7.848 r  dut/COSSET[1].unite_lists/genblk1_0.dut/SS_00/m_p[0][5][4]_i_1__0/O
                         net (fo=1, routed)           0.035     7.883    dut/COSSET[1].unite_lists/genblk1_0.dut/SS_00/m_w[1][5]_229[4]
    SLICE_X98Y237        FDRE                                         r  dut/COSSET[1].unite_lists/genblk1_0.dut/SS_00/m_p_reg[0][5][4]/D
  -------------------------------------------------------------------    -------------------

                         (clock sys_clk_pin rise edge)
                                                      1.000     1.000 r  
    AA13                                              0.000     1.000 r  clk (IN)
                         net (fo=0)                   0.000     1.000    clk_IBUF_inst/I
    AA13                 INBUF (Prop_INBUF_HRIO_PAD_O)
                                                      0.662     1.662 r  clk_IBUF_inst/INBUF_INST/O
                         net (fo=1, routed)           0.066     1.728    clk_IBUF_inst/OUT
    AA13                 IBUFCTRL (Prop_IBUFCTRL_HRIO_I_O)
                                                      0.034     1.762 r  clk_IBUF_inst/IBUFCTRL_INST/O
                         net (fo=1, routed)           0.722     2.484    clk_IBUF
    BUFGCE_X1Y0          BUFGCE (Prop_BUFCE_BUFGCE_I_O)
                                                      0.091     2.575 r  clk_IBUF_BUFG_inst/O
    X2Y3 (CLOCK_ROOT)    net (fo=37192, routed)       2.730     5.305    dut/COSSET[1].unite_lists/genblk1_0.dut/SS_00/clk_IBUF_BUFG
    SLICE_X98Y237        FDRE                                         r  dut/COSSET[1].unite_lists/genblk1_0.dut/SS_00/m_p_reg[0][5][4]/C
                         clock pessimism              0.682     5.987    
                         clock uncertainty           -0.035     5.951    
    SLICE_X98Y237        FDRE (Setup_DFF_SLICEL_C_D)
                                                      0.063     6.014    dut/COSSET[1].unite_lists/genblk1_0.dut/SS_00/m_p_reg[0][5][4]
  -------------------------------------------------------------------
                         required time                          6.014    
                         arrival time                          -7.883    
  -------------------------------------------------------------------
                         slack                                 -1.869    

Slack (VIOLATED) :        -1.868ns  (required time - arrival time)
  Source:                 dut/COSSET[2].unite_lists/genblk1_0.dut/metrics_r_reg[20]/C
                            (rising edge-triggered cell FDRE clocked by sys_clk_pin  {rise@0.000ns fall@0.500ns period=1.000ns})
  Destination:            dut/COSSET[2].unite_lists/genblk1_0.dut/SS_00/m_p_reg[0][3][8]/D
                            (rising edge-triggered cell FDRE clocked by sys_clk_pin  {rise@0.000ns fall@0.500ns period=1.000ns})
  Path Group:             sys_clk_pin
  Path Type:              Setup (Max at Slow Process Corner)
  Requirement:            1.000ns  (sys_clk_pin rise@1.000ns - sys_clk_pin rise@0.000ns)
  Data Path Delay:        2.723ns  (logic 1.659ns (60.925%)  route 1.064ns (39.075%))
  Logic Levels:           6  (CARRY8=3 LUT2=1 LUT3=1 LUT4=1)
  Clock Path Skew:        -0.172ns (DCD - SCD + CPR)
    Destination Clock Delay (DCD):    4.263ns = ( 5.263 - 1.000 ) 
    Source Clock Delay      (SCD):    5.118ns
    Clock Pessimism Removal (CPR):    0.682ns
  Clock Uncertainty:      0.035ns  ((TSJ^2 + TIJ^2)^1/2 + DJ) / 2 + PE
    Total System Jitter     (TSJ):    0.071ns
    Total Input Jitter      (TIJ):    0.000ns
    Discrete Jitter          (DJ):    0.000ns
    Phase Error              (PE):    0.000ns
  Clock Net Delay (Source):      3.069ns (routing 1.146ns, distribution 1.923ns)
  Clock Net Delay (Destination): 2.688ns (routing 1.056ns, distribution 1.632ns)

    Location             Delay type                Incr(ns)  Path(ns)    Netlist Resource(s)
  -------------------------------------------------------------------    -------------------
                         (clock sys_clk_pin rise edge)
                                                      0.000     0.000 r  
    AA13                                              0.000     0.000 r  clk (IN)
                         net (fo=0)                   0.000     0.000    clk_IBUF_inst/I
    AA13                 INBUF (Prop_INBUF_HRIO_PAD_O)
                                                      0.955     0.955 r  clk_IBUF_inst/INBUF_INST/O
                         net (fo=1, routed)           0.105     1.060    clk_IBUF_inst/OUT
    AA13                 IBUFCTRL (Prop_IBUFCTRL_HRIO_I_O)
                                                      0.049     1.109 r  clk_IBUF_inst/IBUFCTRL_INST/O
                         net (fo=1, routed)           0.839     1.948    clk_IBUF
    BUFGCE_X1Y0          BUFGCE (Prop_BUFCE_BUFGCE_I_O)
                                                      0.101     2.049 r  clk_IBUF_BUFG_inst/O
    X2Y3 (CLOCK_ROOT)    net (fo=37192, routed)       3.069     5.118    dut/COSSET[2].unite_lists/genblk1_0.dut/clk_IBUF_BUFG
    SLICE_X84Y235        FDRE                                         r  dut/COSSET[2].unite_lists/genblk1_0.dut/metrics_r_reg[20]/C
  -------------------------------------------------------------------    -------------------
    SLICE_X84Y235        FDRE (Prop_BFF_SLICEL_C_Q)
                                                      0.139     5.257 r  dut/COSSET[2].unite_lists/genblk1_0.dut/metrics_r_reg[20]/Q
                         net (fo=4, routed)           0.267     5.524    dut/COSSET[2].unite_lists/genblk1_0.dut/SS_00/m_p_reg[0][5][10]_1[20]
    SLICE_X84Y235        LUT2 (Prop_A6LUT_SLICEL_I0_O)
                                                      0.236     5.760 r  dut/COSSET[2].unite_lists/genblk1_0.dut/SS_00/m_p[0][3][7]_i_19__1/O
                         net (fo=1, routed)           0.000     5.760    dut/COSSET[2].unite_lists/genblk1_0.dut/SS_00/m_p[0][3][7]_i_19__1_n_0
    SLICE_X84Y235        CARRY8 (Prop_CARRY8_SLICEL_S[0]_CO[7])
                                                      0.438     6.198 r  dut/COSSET[2].unite_lists/genblk1_0.dut/SS_00/m_p_reg[0][3][7]_i_3__1/CO[7]
                         net (fo=1, routed)           0.030     6.228    dut/COSSET[2].unite_lists/genblk1_0.dut/SS_00/m_p_reg[0][3][7]_i_3__1_n_0
    SLICE_X84Y236        CARRY8 (Prop_CARRY8_SLICEL_CI_O[1])
                                                      0.163     6.391 r  dut/COSSET[2].unite_lists/genblk1_0.dut/SS_00/i___0_i_2__1/O[1]
                         net (fo=4, routed)           0.328     6.719    dut/COSSET[2].unite_lists/genblk1_0.dut/SS_00/s_raw[2]_449[9]
    SLICE_X85Y234        LUT4 (Prop_E6LUT_SLICEL_I3_O)
                                                      0.219     6.938 r  dut/COSSET[2].unite_lists/genblk1_0.dut/SS_00/idx_p[0][3][0]_i_8__1/O
                         net (fo=1, routed)           0.000     6.938    dut/COSSET[2].unite_lists/genblk1_0.dut/SS_00/idx_p[0][3][0]_i_8__1_n_0
    SLICE_X85Y234        CARRY8 (Prop_CARRY8_SLICEL_S[4]_CO[5])
                                                      0.299     7.237 r  dut/COSSET[2].unite_lists/genblk1_0.dut/SS_00/idx_p_reg[0][3][0]_i_1__1/CO[5]
                         net (fo=24, routed)          0.402     7.639    dut/COSSET[2].unite_lists/genblk1_0.dut/SS_00/idx_w[1][3]_347[0]
    SLICE_X86Y236        LUT3 (Prop_C6LUT_SLICEL_I2_O)
                                                      0.165     7.804 r  dut/COSSET[2].unite_lists/genblk1_0.dut/SS_00/m_p[0][3][8]_i_1__1/O
                         net (fo=1, routed)           0.037     7.841    dut/COSSET[2].unite_lists/genblk1_0.dut/SS_00/m_w[1][3]_346[8]
    SLICE_X86Y236        FDRE                                         r  dut/COSSET[2].unite_lists/genblk1_0.dut/SS_00/m_p_reg[0][3][8]/D
  -------------------------------------------------------------------    -------------------

                         (clock sys_clk_pin rise edge)
                                                      1.000     1.000 r  
    AA13                                              0.000     1.000 r  clk (IN)
                         net (fo=0)                   0.000     1.000    clk_IBUF_inst/I
    AA13                 INBUF (Prop_INBUF_HRIO_PAD_O)
                                                      0.662     1.662 r  clk_IBUF_inst/INBUF_INST/O
                         net (fo=1, routed)           0.066     1.728    clk_IBUF_inst/OUT
    AA13                 IBUFCTRL (Prop_IBUFCTRL_HRIO_I_O)
                                                      0.034     1.762 r  clk_IBUF_inst/IBUFCTRL_INST/O
                         net (fo=1, routed)           0.722     2.484    clk_IBUF
    BUFGCE_X1Y0          BUFGCE (Prop_BUFCE_BUFGCE_I_O)
                                                      0.091     2.575 r  clk_IBUF_BUFG_inst/O
    X2Y3 (CLOCK_ROOT)    net (fo=37192, routed)       2.688     5.263    dut/COSSET[2].unite_lists/genblk1_0.dut/SS_00/clk_IBUF_BUFG
    SLICE_X86Y236        FDRE                                         r  dut/COSSET[2].unite_lists/genblk1_0.dut/SS_00/m_p_reg[0][3][8]/C
                         clock pessimism              0.682     5.946    
                         clock uncertainty           -0.035     5.910    
    SLICE_X86Y236        FDRE (Setup_CFF_SLICEL_C_D)
                                                      0.063     5.973    dut/COSSET[2].unite_lists/genblk1_0.dut/SS_00/m_p_reg[0][3][8]
  -------------------------------------------------------------------
                         required time                          5.973    
                         arrival time                          -7.841    
  -------------------------------------------------------------------
                         slack                                 -1.868    

Slack (VIOLATED) :        -1.866ns  (required time - arrival time)
  Source:                 dut/merge_tree/i_m_r_reg[7][0][2]/C
                            (rising edge-triggered cell FDRE clocked by sys_clk_pin  {rise@0.000ns fall@0.500ns period=1.000ns})
  Destination:            dut/merge_tree/gen_layer[0].gen_node[3].merge_inst/genblk2[2].genblk1[0].delay_line_dut/dreg_reg[51]_srl3/D
                            (rising edge-triggered cell SRL16E clocked by sys_clk_pin  {rise@0.000ns fall@0.500ns period=1.000ns})
  Path Group:             sys_clk_pin
  Path Type:              Setup (Max at Slow Process Corner)
  Requirement:            1.000ns  (sys_clk_pin rise@1.000ns - sys_clk_pin rise@0.000ns)
  Data Path Delay:        2.589ns  (logic 0.770ns (29.741%)  route 1.819ns (70.259%))
  Logic Levels:           3  (CARRY8=1 LUT3=1 LUT4=1)
  Clock Path Skew:        -0.153ns (DCD - SCD + CPR)
    Destination Clock Delay (DCD):    4.141ns = ( 5.141 - 1.000 ) 
    Source Clock Delay      (SCD):    4.962ns
    Clock Pessimism Removal (CPR):    0.668ns
  Clock Uncertainty:      0.035ns  ((TSJ^2 + TIJ^2)^1/2 + DJ) / 2 + PE
    Total System Jitter     (TSJ):    0.071ns
    Total Input Jitter      (TIJ):    0.000ns
    Discrete Jitter          (DJ):    0.000ns
    Phase Error              (PE):    0.000ns
  Clock Net Delay (Source):      2.913ns (routing 1.146ns, distribution 1.767ns)
  Clock Net Delay (Destination): 2.566ns (routing 1.056ns, distribution 1.510ns)

    Location             Delay type                Incr(ns)  Path(ns)    Netlist Resource(s)
  -------------------------------------------------------------------    -------------------
                         (clock sys_clk_pin rise edge)
                                                      0.000     0.000 r  
    AA13                                              0.000     0.000 r  clk (IN)
                         net (fo=0)                   0.000     0.000    clk_IBUF_inst/I
    AA13                 INBUF (Prop_INBUF_HRIO_PAD_O)
                                                      0.955     0.955 r  clk_IBUF_inst/INBUF_INST/O
                         net (fo=1, routed)           0.105     1.060    clk_IBUF_inst/OUT
    AA13                 IBUFCTRL (Prop_IBUFCTRL_HRIO_I_O)
                                                      0.049     1.109 r  clk_IBUF_inst/IBUFCTRL_INST/O
                         net (fo=1, routed)           0.839     1.948    clk_IBUF
    BUFGCE_X1Y0          BUFGCE (Prop_BUFCE_BUFGCE_I_O)
                                                      0.101     2.049 r  clk_IBUF_BUFG_inst/O
    X2Y3 (CLOCK_ROOT)    net (fo=37192, routed)       2.913     4.962    dut/merge_tree/clk_IBUF_BUFG
    SLICE_X69Y210        FDRE                                         r  dut/merge_tree/i_m_r_reg[7][0][2]/C
  -------------------------------------------------------------------    -------------------
    SLICE_X69Y210        FDRE (Prop_AFF_SLICEM_C_Q)
                                                      0.140     5.102 r  dut/merge_tree/i_m_r_reg[7][0][2]/Q
                         net (fo=4, routed)           0.348     5.450    dut/merge_tree/gen_layer[0].gen_node[3].merge_inst/genblk2[8].genblk2[0].genblk1[0].cas_l_dut/o_max_reg[9]_1[2]
    SLICE_X67Y210        LUT4 (Prop_B5LUT_SLICEM_I0_O)
                                                      0.258     5.708 r  dut/merge_tree/gen_layer[0].gen_node[3].merge_inst/genblk2[8].genblk2[0].genblk1[0].cas_l_dut/o_max[9]_i_6__5/O
                         net (fo=1, routed)           0.000     5.708    dut/merge_tree/gen_layer[0].gen_node[3].merge_inst/genblk2[8].genblk2[0].genblk1[0].cas_l_dut/o_max[9]_i_6__5_n_0
    SLICE_X67Y210        CARRY8 (Prop_CARRY8_SLICEM_DI[1]_CO[4])
                                                      0.319     6.027 r  dut/merge_tree/gen_layer[0].gen_node[3].merge_inst/genblk2[8].genblk2[0].genblk1[0].cas_l_dut/o_max_reg[9]_i_2__5/CO[4]
                         net (fo=148, routed)         0.902     6.929    dut/merge_tree/gen_layer[0].gen_node[3].merge_inst/genblk2[2].genblk1[0].delay_line_dut/CO[0]
    SLICE_X68Y184        LUT3 (Prop_H6LUT_SLICEL_I2_O)
                                                      0.053     6.982 r  dut/merge_tree/gen_layer[0].gen_node[3].merge_inst/genblk2[2].genblk1[0].delay_line_dut/dreg_reg[51]_srl3_i_1__2/O
                         net (fo=1, routed)           0.569     7.551    dut/merge_tree/gen_layer[0].gen_node[3].merge_inst/genblk2[2].genblk1[0].delay_line_dut/dreg_reg[51]_srl3_i_1__2_n_0
    SLICE_X67Y197        SRL16E                                       r  dut/merge_tree/gen_layer[0].gen_node[3].merge_inst/genblk2[2].genblk1[0].delay_line_dut/dreg_reg[51]_srl3/D
  -------------------------------------------------------------------    -------------------

                         (clock sys_clk_pin rise edge)
                                                      1.000     1.000 r  
    AA13                                              0.000     1.000 r  clk (IN)
                         net (fo=0)                   0.000     1.000    clk_IBUF_inst/I
    AA13                 INBUF (Prop_INBUF_HRIO_PAD_O)
                                                      0.662     1.662 r  clk_IBUF_inst/INBUF_INST/O
                         net (fo=1, routed)           0.066     1.728    clk_IBUF_inst/OUT
    AA13                 IBUFCTRL (Prop_IBUFCTRL_HRIO_I_O)
                                                      0.034     1.762 r  clk_IBUF_inst/IBUFCTRL_INST/O
                         net (fo=1, routed)           0.722     2.484    clk_IBUF
    BUFGCE_X1Y0          BUFGCE (Prop_BUFCE_BUFGCE_I_O)
                                                      0.091     2.575 r  clk_IBUF_BUFG_inst/O
    X2Y3 (CLOCK_ROOT)    net (fo=37192, routed)       2.566     5.141    dut/merge_tree/gen_layer[0].gen_node[3].merge_inst/genblk2[2].genblk1[0].delay_line_dut/clk_IBUF_BUFG
    SLICE_X67Y197        SRL16E                                       r  dut/merge_tree/gen_layer[0].gen_node[3].merge_inst/genblk2[2].genblk1[0].delay_line_dut/dreg_reg[51]_srl3/CLK
                         clock pessimism              0.668     5.809    
                         clock uncertainty           -0.035     5.774    
    SLICE_X67Y197        SRL16E (Setup_D6LUT_SLICEM_CLK_D)
                                                     -0.089     5.685    dut/merge_tree/gen_layer[0].gen_node[3].merge_inst/genblk2[2].genblk1[0].delay_line_dut/dreg_reg[51]_srl3
  -------------------------------------------------------------------
                         required time                          5.685    
                         arrival time                          -7.551    
  -------------------------------------------------------------------
                         slack                                 -1.866    





Min Delay Paths
--------------------------------------------------------------------------------------
Slack (MET) :             0.030ns  (arrival time - required time)
  Source:                 dut/COSSET[4].unite_lists/genblk1_0.dut/SS_00/m_p_reg[5][3][0]/C
                            (rising edge-triggered cell FDRE clocked by sys_clk_pin  {rise@0.000ns fall@0.500ns period=1.000ns})
  Destination:            dut/merge_tree/i_m_r_reg[4][3][0]/D
                            (rising edge-triggered cell FDRE clocked by sys_clk_pin  {rise@0.000ns fall@0.500ns period=1.000ns})
  Path Group:             sys_clk_pin
  Path Type:              Hold (Min at Fast Process Corner)
  Requirement:            0.000ns  (sys_clk_pin rise@0.000ns - sys_clk_pin rise@0.000ns)
  Data Path Delay:        0.165ns  (logic 0.079ns (47.879%)  route 0.086ns (52.121%))
  Logic Levels:           1  (LUT2=1)
  Clock Path Skew:        0.079ns (DCD - SCD - CPR)
    Destination Clock Delay (DCD):    2.774ns
    Source Clock Delay      (SCD):    2.115ns
    Clock Pessimism Removal (CPR):    0.580ns
  Clock Net Delay (Source):      1.136ns (routing 0.452ns, distribution 0.684ns)
  Clock Net Delay (Destination): 1.332ns (routing 0.503ns, distribution 0.829ns)

    Location             Delay type                Incr(ns)  Path(ns)    Netlist Resource(s)
  -------------------------------------------------------------------    -------------------
                         (clock sys_clk_pin rise edge)
                                                      0.000     0.000 r  
    AA13                                              0.000     0.000 r  clk (IN)
                         net (fo=0)                   0.000     0.000    clk_IBUF_inst/I
    AA13                 INBUF (Prop_INBUF_HRIO_PAD_O)
                                                      0.562     0.562 r  clk_IBUF_inst/INBUF_INST/O
                         net (fo=1, routed)           0.025     0.587    clk_IBUF_inst/OUT
    AA13                 IBUFCTRL (Prop_IBUFCTRL_HRIO_I_O)
                                                      0.015     0.602 r  clk_IBUF_inst/IBUFCTRL_INST/O
                         net (fo=1, routed)           0.350     0.952    clk_IBUF
    BUFGCE_X1Y0          BUFGCE (Prop_BUFCE_BUFGCE_I_O)
                                                      0.027     0.979 r  clk_IBUF_BUFG_inst/O
    X2Y3 (CLOCK_ROOT)    net (fo=37192, routed)       1.136     2.115    dut/COSSET[4].unite_lists/genblk1_0.dut/SS_00/clk_IBUF_BUFG
    SLICE_X84Y214        FDRE                                         r  dut/COSSET[4].unite_lists/genblk1_0.dut/SS_00/m_p_reg[5][3][0]/C
  -------------------------------------------------------------------    -------------------
    SLICE_X84Y214        FDRE (Prop_DFF_SLICEL_C_Q)
                                                      0.049     2.164 r  dut/COSSET[4].unite_lists/genblk1_0.dut/SS_00/m_p_reg[5][3][0]/Q
                         net (fo=1, routed)           0.070     2.234    dut/COSSET[4].unite_lists/genblk1_0.dut/SS_00/m_p_reg[5][3]_662[0]
    SLICE_X83Y214        LUT2 (Prop_D6LUT_SLICEL_I1_O)
                                                      0.030     2.264 r  dut/COSSET[4].unite_lists/genblk1_0.dut/SS_00/i_m_r[4][3][0]_i_1/O
                         net (fo=1, routed)           0.016     2.280    dut/merge_tree/i_m[4][3][0]
    SLICE_X83Y214        FDRE                                         r  dut/merge_tree/i_m_r_reg[4][3][0]/D
  -------------------------------------------------------------------    -------------------

                         (clock sys_clk_pin rise edge)
                                                      0.000     0.000 r  
    AA13                                              0.000     0.000 r  clk (IN)
                         net (fo=0)                   0.000     0.000    clk_IBUF_inst/I
    AA13                 INBUF (Prop_INBUF_HRIO_PAD_O)
                                                      0.938     0.938 r  clk_IBUF_inst/INBUF_INST/O
                         net (fo=1, routed)           0.042     0.980    clk_IBUF_inst/OUT
    AA13                 IBUFCTRL (Prop_IBUFCTRL_HRIO_I_O)
                                                      0.022     1.002 r  clk_IBUF_inst/IBUFCTRL_INST/O
                         net (fo=1, routed)           0.409     1.411    clk_IBUF
    BUFGCE_X1Y0          BUFGCE (Prop_BUFCE_BUFGCE_I_O)
                                                      0.031     1.442 r  clk_IBUF_BUFG_inst/O
    X2Y3 (CLOCK_ROOT)    net (fo=37192, routed)       1.332     2.774    dut/merge_tree/clk_IBUF_BUFG
    SLICE_X83Y214        FDRE                                         r  dut/merge_tree/i_m_r_reg[4][3][0]/C
                         clock pessimism             -0.580     2.194    
    SLICE_X83Y214        FDRE (Hold_DFF_SLICEL_C_D)
                                                      0.056     2.250    dut/merge_tree/i_m_r_reg[4][3][0]
  -------------------------------------------------------------------
                         required time                         -2.250    
                         arrival time                           2.280    
  -------------------------------------------------------------------
                         slack                                  0.030    

Slack (MET) :             0.030ns  (arrival time - required time)
  Source:                 dut/merge_tree/gen_layer[0].gen_node[3].merge_inst/genblk2[4].genblk2[4].genblk1[3].cas_l_dut/o_min_reg[9]/C
                            (rising edge-triggered cell FDRE clocked by sys_clk_pin  {rise@0.000ns fall@0.500ns period=1.000ns})
  Destination:            dut/merge_tree/gen_layer[0].gen_node[3].merge_inst/genblk2[2].genblk2[6].genblk1[1].cas_l_dut/o_min_reg[9]/D
                            (rising edge-triggered cell FDRE clocked by sys_clk_pin  {rise@0.000ns fall@0.500ns period=1.000ns})
  Path Group:             sys_clk_pin
  Path Type:              Hold (Min at Fast Process Corner)
  Requirement:            0.000ns  (sys_clk_pin rise@0.000ns - sys_clk_pin rise@0.000ns)
  Data Path Delay:        0.161ns  (logic 0.065ns (40.373%)  route 0.096ns (59.627%))
  Logic Levels:           1  (LUT3=1)
  Clock Path Skew:        0.075ns (DCD - SCD - CPR)
    Destination Clock Delay (DCD):    2.705ns
    Source Clock Delay      (SCD):    2.062ns
    Clock Pessimism Removal (CPR):    0.568ns
  Clock Net Delay (Source):      1.083ns (routing 0.452ns, distribution 0.631ns)
  Clock Net Delay (Destination): 1.263ns (routing 0.503ns, distribution 0.760ns)

    Location             Delay type                Incr(ns)  Path(ns)    Netlist Resource(s)
  -------------------------------------------------------------------    -------------------
                         (clock sys_clk_pin rise edge)
                                                      0.000     0.000 r  
    AA13                                              0.000     0.000 r  clk (IN)
                         net (fo=0)                   0.000     0.000    clk_IBUF_inst/I
    AA13                 INBUF (Prop_INBUF_HRIO_PAD_O)
                                                      0.562     0.562 r  clk_IBUF_inst/INBUF_INST/O
                         net (fo=1, routed)           0.025     0.587    clk_IBUF_inst/OUT
    AA13                 IBUFCTRL (Prop_IBUFCTRL_HRIO_I_O)
                                                      0.015     0.602 r  clk_IBUF_inst/IBUFCTRL_INST/O
                         net (fo=1, routed)           0.350     0.952    clk_IBUF
    BUFGCE_X1Y0          BUFGCE (Prop_BUFCE_BUFGCE_I_O)
                                                      0.027     0.979 r  clk_IBUF_BUFG_inst/O
    X2Y3 (CLOCK_ROOT)    net (fo=37192, routed)       1.083     2.062    dut/merge_tree/gen_layer[0].gen_node[3].merge_inst/genblk2[4].genblk2[4].genblk1[3].cas_l_dut/clk_IBUF_BUFG
    SLICE_X69Y196        FDRE                                         r  dut/merge_tree/gen_layer[0].gen_node[3].merge_inst/genblk2[4].genblk2[4].genblk1[3].cas_l_dut/o_min_reg[9]/C
  -------------------------------------------------------------------    -------------------
    SLICE_X69Y196        FDRE (Prop_EFF_SLICEM_C_Q)
                                                      0.049     2.111 r  dut/merge_tree/gen_layer[0].gen_node[3].merge_inst/genblk2[4].genblk2[4].genblk1[3].cas_l_dut/o_min_reg[9]/Q
                         net (fo=3, routed)           0.084     2.195    dut/merge_tree/gen_layer[0].gen_node[3].merge_inst/genblk2[4].genblk2[4].genblk1[1].cas_l_dut/o_min[9]
    SLICE_X67Y196        LUT3 (Prop_F6LUT_SLICEM_I0_O)
                                                      0.016     2.211 r  dut/merge_tree/gen_layer[0].gen_node[3].merge_inst/genblk2[4].genblk2[4].genblk1[1].cas_l_dut/o_min[9]_i_1__66/O
                         net (fo=1, routed)           0.012     2.223    dut/merge_tree/gen_layer[0].gen_node[3].merge_inst/genblk2[2].genblk2[6].genblk1[1].cas_l_dut/D[9]
    SLICE_X67Y196        FDRE                                         r  dut/merge_tree/gen_layer[0].gen_node[3].merge_inst/genblk2[2].genblk2[6].genblk1[1].cas_l_dut/o_min_reg[9]/D
  -------------------------------------------------------------------    -------------------

                         (clock sys_clk_pin rise edge)
                                                      0.000     0.000 r  
    AA13                                              0.000     0.000 r  clk (IN)
                         net (fo=0)                   0.000     0.000    clk_IBUF_inst/I
    AA13                 INBUF (Prop_INBUF_HRIO_PAD_O)
                                                      0.938     0.938 r  clk_IBUF_inst/INBUF_INST/O
                         net (fo=1, routed)           0.042     0.980    clk_IBUF_inst/OUT
    AA13                 IBUFCTRL (Prop_IBUFCTRL_HRIO_I_O)
                                                      0.022     1.002 r  clk_IBUF_inst/IBUFCTRL_INST/O
                         net (fo=1, routed)           0.409     1.411    clk_IBUF
    BUFGCE_X1Y0          BUFGCE (Prop_BUFCE_BUFGCE_I_O)
                                                      0.031     1.442 r  clk_IBUF_BUFG_inst/O
    X2Y3 (CLOCK_ROOT)    net (fo=37192, routed)       1.263     2.705    dut/merge_tree/gen_layer[0].gen_node[3].merge_inst/genblk2[2].genblk2[6].genblk1[1].cas_l_dut/clk_IBUF_BUFG
    SLICE_X67Y196        FDRE                                         r  dut/merge_tree/gen_layer[0].gen_node[3].merge_inst/genblk2[2].genblk2[6].genblk1[1].cas_l_dut/o_min_reg[9]/C
                         clock pessimism             -0.568     2.137    
    SLICE_X67Y196        FDRE (Hold_FFF_SLICEM_C_D)
                                                      0.056     2.193    dut/merge_tree/gen_layer[0].gen_node[3].merge_inst/genblk2[2].genblk2[6].genblk1[1].cas_l_dut/o_min_reg[9]
  -------------------------------------------------------------------
                         required time                         -2.193    
                         arrival time                           2.223    
  -------------------------------------------------------------------
                         slack                                  0.030    

Slack (MET) :             0.030ns  (arrival time - required time)
  Source:                 dut/merge_tree/gen_layer[0].gen_node[0].merge_inst/genblk2[2].genblk2[6].genblk1[0].cas_l_dut/o_lmax_reg[54]/C
                            (rising edge-triggered cell FDRE clocked by sys_clk_pin  {rise@0.000ns fall@0.500ns period=1.000ns})
  Destination:            dut/merge_tree/gen_layer[0].gen_node[0].merge_inst/genblk2[1].genblk2[7].genblk1[0].cas_l_dut/o_lmin_reg[54]/D
                            (rising edge-triggered cell FDRE clocked by sys_clk_pin  {rise@0.000ns fall@0.500ns period=1.000ns})
  Path Group:             sys_clk_pin
  Path Type:              Hold (Min at Fast Process Corner)
  Requirement:            0.000ns  (sys_clk_pin rise@0.000ns - sys_clk_pin rise@0.000ns)
  Data Path Delay:        0.157ns  (logic 0.065ns (41.401%)  route 0.092ns (58.599%))
  Logic Levels:           1  (LUT3=1)
  Clock Path Skew:        0.071ns (DCD - SCD - CPR)
    Destination Clock Delay (DCD):    2.783ns
    Source Clock Delay      (SCD):    2.130ns
    Clock Pessimism Removal (CPR):    0.582ns
  Clock Net Delay (Source):      1.151ns (routing 0.452ns, distribution 0.699ns)
  Clock Net Delay (Destination): 1.341ns (routing 0.503ns, distribution 0.838ns)

    Location             Delay type                Incr(ns)  Path(ns)    Netlist Resource(s)
  -------------------------------------------------------------------    -------------------
                         (clock sys_clk_pin rise edge)
                                                      0.000     0.000 r  
    AA13                                              0.000     0.000 r  clk (IN)
                         net (fo=0)                   0.000     0.000    clk_IBUF_inst/I
    AA13                 INBUF (Prop_INBUF_HRIO_PAD_O)
                                                      0.562     0.562 r  clk_IBUF_inst/INBUF_INST/O
                         net (fo=1, routed)           0.025     0.587    clk_IBUF_inst/OUT
    AA13                 IBUFCTRL (Prop_IBUFCTRL_HRIO_I_O)
                                                      0.015     0.602 r  clk_IBUF_inst/IBUFCTRL_INST/O
                         net (fo=1, routed)           0.350     0.952    clk_IBUF
    BUFGCE_X1Y0          BUFGCE (Prop_BUFCE_BUFGCE_I_O)
                                                      0.027     0.979 r  clk_IBUF_BUFG_inst/O
    X2Y3 (CLOCK_ROOT)    net (fo=37192, routed)       1.151     2.130    dut/merge_tree/gen_layer[0].gen_node[0].merge_inst/genblk2[2].genblk2[6].genblk1[0].cas_l_dut/clk_IBUF_BUFG
    SLICE_X77Y251        FDRE                                         r  dut/merge_tree/gen_layer[0].gen_node[0].merge_inst/genblk2[2].genblk2[6].genblk1[0].cas_l_dut/o_lmax_reg[54]/C
  -------------------------------------------------------------------    -------------------
    SLICE_X77Y251        FDRE (Prop_DFF_SLICEL_C_Q)
                                                      0.049     2.179 r  dut/merge_tree/gen_layer[0].gen_node[0].merge_inst/genblk2[2].genblk2[6].genblk1[0].cas_l_dut/o_lmax_reg[54]/Q
                         net (fo=1, routed)           0.076     2.255    dut/merge_tree/gen_layer[0].gen_node[0].merge_inst/genblk2[2].genblk2[6].genblk1[0].cas_l_dut/tmpl[3][8]_1110[54]
    SLICE_X78Y251        LUT3 (Prop_D6LUT_SLICEM_I1_O)
                                                      0.016     2.271 r  dut/merge_tree/gen_layer[0].gen_node[0].merge_inst/genblk2[2].genblk2[6].genblk1[0].cas_l_dut/o_lmin[54]_i_1__16/O
                         net (fo=1, routed)           0.016     2.287    dut/merge_tree/gen_layer[0].gen_node[0].merge_inst/genblk2[1].genblk2[7].genblk1[0].cas_l_dut/o_lmin_reg[63]_1[54]
    SLICE_X78Y251        FDRE                                         r  dut/merge_tree/gen_layer[0].gen_node[0].merge_inst/genblk2[1].genblk2[7].genblk1[0].cas_l_dut/o_lmin_reg[54]/D
  -------------------------------------------------------------------    -------------------

                         (clock sys_clk_pin rise edge)
                                                      0.000     0.000 r  
    AA13                                              0.000     0.000 r  clk (IN)
                         net (fo=0)                   0.000     0.000    clk_IBUF_inst/I
    AA13                 INBUF (Prop_INBUF_HRIO_PAD_O)
                                                      0.938     0.938 r  clk_IBUF_inst/INBUF_INST/O
                         net (fo=1, routed)           0.042     0.980    clk_IBUF_inst/OUT
    AA13                 IBUFCTRL (Prop_IBUFCTRL_HRIO_I_O)
                                                      0.022     1.002 r  clk_IBUF_inst/IBUFCTRL_INST/O
                         net (fo=1, routed)           0.409     1.411    clk_IBUF
    BUFGCE_X1Y0          BUFGCE (Prop_BUFCE_BUFGCE_I_O)
                                                      0.031     1.442 r  clk_IBUF_BUFG_inst/O
    X2Y3 (CLOCK_ROOT)    net (fo=37192, routed)       1.341     2.783    dut/merge_tree/gen_layer[0].gen_node[0].merge_inst/genblk2[1].genblk2[7].genblk1[0].cas_l_dut/clk_IBUF_BUFG
    SLICE_X78Y251        FDRE                                         r  dut/merge_tree/gen_layer[0].gen_node[0].merge_inst/genblk2[1].genblk2[7].genblk1[0].cas_l_dut/o_lmin_reg[54]/C
                         clock pessimism             -0.582     2.201    
    SLICE_X78Y251        FDRE (Hold_DFF_SLICEM_C_D)
                                                      0.056     2.257    dut/merge_tree/gen_layer[0].gen_node[0].merge_inst/genblk2[1].genblk2[7].genblk1[0].cas_l_dut/o_lmin_reg[54]
  -------------------------------------------------------------------
                         required time                         -2.257    
                         arrival time                           2.287    
  -------------------------------------------------------------------
                         slack                                  0.030    

Slack (MET) :             0.030ns  (arrival time - required time)
  Source:                 dut/COSSET[6].unite_lists/genblk1_0.dut/SS_00/m_p_reg[1][5][2]/C
                            (rising edge-triggered cell FDRE clocked by sys_clk_pin  {rise@0.000ns fall@0.500ns period=1.000ns})
  Destination:            dut/COSSET[6].unite_lists/genblk1_0.dut/SS_00/m_p_reg[2][5][2]/D
                            (rising edge-triggered cell FDRE clocked by sys_clk_pin  {rise@0.000ns fall@0.500ns period=1.000ns})
  Path Group:             sys_clk_pin
  Path Type:              Hold (Min at Fast Process Corner)
  Requirement:            0.000ns  (sys_clk_pin rise@0.000ns - sys_clk_pin rise@0.000ns)
  Data Path Delay:        0.167ns  (logic 0.063ns (37.725%)  route 0.104ns (62.275%))
  Logic Levels:           1  (LUT3=1)
  Clock Path Skew:        0.081ns (DCD - SCD - CPR)
    Destination Clock Delay (DCD):    2.797ns
    Source Clock Delay      (SCD):    2.137ns
    Clock Pessimism Removal (CPR):    0.579ns
  Clock Net Delay (Source):      1.158ns (routing 0.452ns, distribution 0.706ns)
  Clock Net Delay (Destination): 1.355ns (routing 0.503ns, distribution 0.852ns)

    Location             Delay type                Incr(ns)  Path(ns)    Netlist Resource(s)
  -------------------------------------------------------------------    -------------------
                         (clock sys_clk_pin rise edge)
                                                      0.000     0.000 r  
    AA13                                              0.000     0.000 r  clk (IN)
                         net (fo=0)                   0.000     0.000    clk_IBUF_inst/I
    AA13                 INBUF (Prop_INBUF_HRIO_PAD_O)
                                                      0.562     0.562 r  clk_IBUF_inst/INBUF_INST/O
                         net (fo=1, routed)           0.025     0.587    clk_IBUF_inst/OUT
    AA13                 IBUFCTRL (Prop_IBUFCTRL_HRIO_I_O)
                                                      0.015     0.602 r  clk_IBUF_inst/IBUFCTRL_INST/O
                         net (fo=1, routed)           0.350     0.952    clk_IBUF
    BUFGCE_X1Y0          BUFGCE (Prop_BUFCE_BUFGCE_I_O)
                                                      0.027     0.979 r  clk_IBUF_BUFG_inst/O
    X2Y3 (CLOCK_ROOT)    net (fo=37192, routed)       1.158     2.137    dut/COSSET[6].unite_lists/genblk1_0.dut/SS_00/clk_IBUF_BUFG
    SLICE_X92Y210        FDRE                                         r  dut/COSSET[6].unite_lists/genblk1_0.dut/SS_00/m_p_reg[1][5][2]/C
  -------------------------------------------------------------------    -------------------
    SLICE_X92Y210        FDRE (Prop_HFF_SLICEL_C_Q)
                                                      0.048     2.185 r  dut/COSSET[6].unite_lists/genblk1_0.dut/SS_00/m_p_reg[1][5][2]/Q
                         net (fo=4, routed)           0.092     2.277    dut/COSSET[6].unite_lists/genblk1_0.dut/SS_00/m_p_reg_n_0_[1][5][2]
    SLICE_X92Y209        LUT3 (Prop_A6LUT_SLICEL_I0_O)
                                                      0.015     2.292 r  dut/COSSET[6].unite_lists/genblk1_0.dut/SS_00/m_p[2][5][2]_i_1__5/O
                         net (fo=1, routed)           0.012     2.304    dut/COSSET[6].unite_lists/genblk1_0.dut/SS_00/m_w[3][5]_863[2]
    SLICE_X92Y209        FDRE                                         r  dut/COSSET[6].unite_lists/genblk1_0.dut/SS_00/m_p_reg[2][5][2]/D
  -------------------------------------------------------------------    -------------------

                         (clock sys_clk_pin rise edge)
                                                      0.000     0.000 r  
    AA13                                              0.000     0.000 r  clk (IN)
                         net (fo=0)                   0.000     0.000    clk_IBUF_inst/I
    AA13                 INBUF (Prop_INBUF_HRIO_PAD_O)
                                                      0.938     0.938 r  clk_IBUF_inst/INBUF_INST/O
                         net (fo=1, routed)           0.042     0.980    clk_IBUF_inst/OUT
    AA13                 IBUFCTRL (Prop_IBUFCTRL_HRIO_I_O)
                                                      0.022     1.002 r  clk_IBUF_inst/IBUFCTRL_INST/O
                         net (fo=1, routed)           0.409     1.411    clk_IBUF
    BUFGCE_X1Y0          BUFGCE (Prop_BUFCE_BUFGCE_I_O)
                                                      0.031     1.442 r  clk_IBUF_BUFG_inst/O
    X2Y3 (CLOCK_ROOT)    net (fo=37192, routed)       1.355     2.797    dut/COSSET[6].unite_lists/genblk1_0.dut/SS_00/clk_IBUF_BUFG
    SLICE_X92Y209        FDRE                                         r  dut/COSSET[6].unite_lists/genblk1_0.dut/SS_00/m_p_reg[2][5][2]/C
                         clock pessimism             -0.579     2.218    
    SLICE_X92Y209        FDRE (Hold_AFF_SLICEL_C_D)
                                                      0.056     2.274    dut/COSSET[6].unite_lists/genblk1_0.dut/SS_00/m_p_reg[2][5][2]
  -------------------------------------------------------------------
                         required time                         -2.274    
                         arrival time                           2.304    
  -------------------------------------------------------------------
                         slack                                  0.030    

Slack (MET) :             0.031ns  (arrival time - required time)
  Source:                 dut/merge_tree/gen_layer[0].gen_node[1].merge_inst/genblk2[4].genblk2[4].genblk1[0].cas_l_dut/o_lmin_reg[45]/C
                            (rising edge-triggered cell FDRE clocked by sys_clk_pin  {rise@0.000ns fall@0.500ns period=1.000ns})
  Destination:            dut/merge_tree/gen_layer[0].gen_node[1].merge_inst/genblk2[2].genblk2[2].genblk1[0].cas_l_dut/o_lmin_reg[45]/D
                            (rising edge-triggered cell FDRE clocked by sys_clk_pin  {rise@0.000ns fall@0.500ns period=1.000ns})
  Path Group:             sys_clk_pin
  Path Type:              Hold (Min at Fast Process Corner)
  Requirement:            0.000ns  (sys_clk_pin rise@0.000ns - sys_clk_pin rise@0.000ns)
  Data Path Delay:        0.165ns  (logic 0.078ns (47.273%)  route 0.087ns (52.727%))
  Logic Levels:           1  (LUT3=1)
  Clock Path Skew:        0.078ns (DCD - SCD - CPR)
    Destination Clock Delay (DCD):    2.814ns
    Source Clock Delay      (SCD):    2.154ns
    Clock Pessimism Removal (CPR):    0.581ns
  Clock Net Delay (Source):      1.175ns (routing 0.452ns, distribution 0.723ns)
  Clock Net Delay (Destination): 1.372ns (routing 0.503ns, distribution 0.869ns)

    Location             Delay type                Incr(ns)  Path(ns)    Netlist Resource(s)
  -------------------------------------------------------------------    -------------------
                         (clock sys_clk_pin rise edge)
                                                      0.000     0.000 r  
    AA13                                              0.000     0.000 r  clk (IN)
                         net (fo=0)                   0.000     0.000    clk_IBUF_inst/I
    AA13                 INBUF (Prop_INBUF_HRIO_PAD_O)
                                                      0.562     0.562 r  clk_IBUF_inst/INBUF_INST/O
                         net (fo=1, routed)           0.025     0.587    clk_IBUF_inst/OUT
    AA13                 IBUFCTRL (Prop_IBUFCTRL_HRIO_I_O)
                                                      0.015     0.602 r  clk_IBUF_inst/IBUFCTRL_INST/O
                         net (fo=1, routed)           0.350     0.952    clk_IBUF
    BUFGCE_X1Y0          BUFGCE (Prop_BUFCE_BUFGCE_I_O)
                                                      0.027     0.979 r  clk_IBUF_BUFG_inst/O
    X2Y3 (CLOCK_ROOT)    net (fo=37192, routed)       1.175     2.154    dut/merge_tree/gen_layer[0].gen_node[1].merge_inst/genblk2[4].genblk2[4].genblk1[0].cas_l_dut/clk_IBUF_BUFG
    SLICE_X86Y297        FDRE                                         r  dut/merge_tree/gen_layer[0].gen_node[1].merge_inst/genblk2[4].genblk2[4].genblk1[0].cas_l_dut/o_lmin_reg[45]/C
  -------------------------------------------------------------------    -------------------
    SLICE_X86Y297        FDRE (Prop_HFF_SLICEL_C_Q)
                                                      0.048     2.202 r  dut/merge_tree/gen_layer[0].gen_node[1].merge_inst/genblk2[4].genblk2[4].genblk1[0].cas_l_dut/o_lmin_reg[45]/Q
                         net (fo=2, routed)           0.075     2.277    dut/merge_tree/gen_layer[0].gen_node[1].merge_inst/genblk2[4].genblk2[4].genblk1[0].cas_l_dut/tmpl[2][4]_1151[45]
    SLICE_X87Y297        LUT3 (Prop_F6LUT_SLICEL_I1_O)
                                                      0.030     2.307 r  dut/merge_tree/gen_layer[0].gen_node[1].merge_inst/genblk2[4].genblk2[4].genblk1[0].cas_l_dut/o_lmin[45]_i_1__27/O
                         net (fo=1, routed)           0.012     2.319    dut/merge_tree/gen_layer[0].gen_node[1].merge_inst/genblk2[2].genblk2[2].genblk1[0].cas_l_dut/o_lmin_reg[63]_2[45]
    SLICE_X87Y297        FDRE                                         r  dut/merge_tree/gen_layer[0].gen_node[1].merge_inst/genblk2[2].genblk2[2].genblk1[0].cas_l_dut/o_lmin_reg[45]/D
  -------------------------------------------------------------------    -------------------

                         (clock sys_clk_pin rise edge)
                                                      0.000     0.000 r  
    AA13                                              0.000     0.000 r  clk (IN)
                         net (fo=0)                   0.000     0.000    clk_IBUF_inst/I
    AA13                 INBUF (Prop_INBUF_HRIO_PAD_O)
                                                      0.938     0.938 r  clk_IBUF_inst/INBUF_INST/O
                         net (fo=1, routed)           0.042     0.980    clk_IBUF_inst/OUT
    AA13                 IBUFCTRL (Prop_IBUFCTRL_HRIO_I_O)
                                                      0.022     1.002 r  clk_IBUF_inst/IBUFCTRL_INST/O
                         net (fo=1, routed)           0.409     1.411    clk_IBUF
    BUFGCE_X1Y0          BUFGCE (Prop_BUFCE_BUFGCE_I_O)
                                                      0.031     1.442 r  clk_IBUF_BUFG_inst/O
    X2Y3 (CLOCK_ROOT)    net (fo=37192, routed)       1.372     2.814    dut/merge_tree/gen_layer[0].gen_node[1].merge_inst/genblk2[2].genblk2[2].genblk1[0].cas_l_dut/clk_IBUF_BUFG
    SLICE_X87Y297        FDRE                                         r  dut/merge_tree/gen_layer[0].gen_node[1].merge_inst/genblk2[2].genblk2[2].genblk1[0].cas_l_dut/o_lmin_reg[45]/C
                         clock pessimism             -0.581     2.233    
    SLICE_X87Y297        FDRE (Hold_FFF_SLICEL_C_D)
                                                      0.056     2.289    dut/merge_tree/gen_layer[0].gen_node[1].merge_inst/genblk2[2].genblk2[2].genblk1[0].cas_l_dut/o_lmin_reg[45]
  -------------------------------------------------------------------
                         required time                         -2.289    
                         arrival time                           2.319    
  -------------------------------------------------------------------
                         slack                                  0.031    

Slack (MET) :             0.031ns  (arrival time - required time)
  Source:                 dut/merge_tree/gen_layer[1].gen_node[0].merge_inst/genblk2[4].genblk1[2].delay_line_dut/dreg_reg[37]/C
                            (rising edge-triggered cell FDRE clocked by sys_clk_pin  {rise@0.000ns fall@0.500ns period=1.000ns})
  Destination:            dut/merge_tree/gen_layer[1].gen_node[0].merge_inst/genblk2[2].genblk2[2].genblk1[0].cas_l_dut/o_lmax_reg[37]/D
                            (rising edge-triggered cell FDRE clocked by sys_clk_pin  {rise@0.000ns fall@0.500ns period=1.000ns})
  Path Group:             sys_clk_pin
  Path Type:              Hold (Min at Fast Process Corner)
  Requirement:            0.000ns  (sys_clk_pin rise@0.000ns - sys_clk_pin rise@0.000ns)
  Data Path Delay:        0.173ns  (logic 0.080ns (46.243%)  route 0.093ns (53.757%))
  Logic Levels:           1  (LUT3=1)
  Clock Path Skew:        0.086ns (DCD - SCD - CPR)
    Destination Clock Delay (DCD):    2.710ns
    Source Clock Delay      (SCD):    2.053ns
    Clock Pessimism Removal (CPR):    0.571ns
  Clock Net Delay (Source):      1.074ns (routing 0.452ns, distribution 0.622ns)
  Clock Net Delay (Destination): 1.268ns (routing 0.503ns, distribution 0.765ns)

    Location             Delay type                Incr(ns)  Path(ns)    Netlist Resource(s)
  -------------------------------------------------------------------    -------------------
                         (clock sys_clk_pin rise edge)
                                                      0.000     0.000 r  
    AA13                                              0.000     0.000 r  clk (IN)
                         net (fo=0)                   0.000     0.000    clk_IBUF_inst/I
    AA13                 INBUF (Prop_INBUF_HRIO_PAD_O)
                                                      0.562     0.562 r  clk_IBUF_inst/INBUF_INST/O
                         net (fo=1, routed)           0.025     0.587    clk_IBUF_inst/OUT
    AA13                 IBUFCTRL (Prop_IBUFCTRL_HRIO_I_O)
                                                      0.015     0.602 r  clk_IBUF_inst/IBUFCTRL_INST/O
                         net (fo=1, routed)           0.350     0.952    clk_IBUF
    BUFGCE_X1Y0          BUFGCE (Prop_BUFCE_BUFGCE_I_O)
                                                      0.027     0.979 r  clk_IBUF_BUFG_inst/O
    X2Y3 (CLOCK_ROOT)    net (fo=37192, routed)       1.074     2.053    dut/merge_tree/gen_layer[1].gen_node[0].merge_inst/genblk2[4].genblk1[2].delay_line_dut/clk_IBUF_BUFG
    SLICE_X57Y295        FDRE                                         r  dut/merge_tree/gen_layer[1].gen_node[0].merge_inst/genblk2[4].genblk1[2].delay_line_dut/dreg_reg[37]/C
  -------------------------------------------------------------------    -------------------
    SLICE_X57Y295        FDRE (Prop_EFF_SLICEM_C_Q)
                                                      0.049     2.102 r  dut/merge_tree/gen_layer[1].gen_node[0].merge_inst/genblk2[4].genblk1[2].delay_line_dut/dreg_reg[37]/Q
                         net (fo=2, routed)           0.081     2.183    dut/merge_tree/gen_layer[1].gen_node[0].merge_inst/genblk2[4].genblk2[4].genblk1[0].cas_l_dut/dreg[37]
    SLICE_X55Y295        LUT3 (Prop_F6LUT_SLICEM_I1_O)
                                                      0.031     2.214 r  dut/merge_tree/gen_layer[1].gen_node[0].merge_inst/genblk2[4].genblk2[4].genblk1[0].cas_l_dut/o_lmax[37]_i_1__53/O
                         net (fo=1, routed)           0.012     2.226    dut/merge_tree/gen_layer[1].gen_node[0].merge_inst/genblk2[2].genblk2[2].genblk1[0].cas_l_dut/o_lmax_reg[63]_1[37]
    SLICE_X55Y295        FDRE                                         r  dut/merge_tree/gen_layer[1].gen_node[0].merge_inst/genblk2[2].genblk2[2].genblk1[0].cas_l_dut/o_lmax_reg[37]/D
  -------------------------------------------------------------------    -------------------

                         (clock sys_clk_pin rise edge)
                                                      0.000     0.000 r  
    AA13                                              0.000     0.000 r  clk (IN)
                         net (fo=0)                   0.000     0.000    clk_IBUF_inst/I
    AA13                 INBUF (Prop_INBUF_HRIO_PAD_O)
                                                      0.938     0.938 r  clk_IBUF_inst/INBUF_INST/O
                         net (fo=1, routed)           0.042     0.980    clk_IBUF_inst/OUT
    AA13                 IBUFCTRL (Prop_IBUFCTRL_HRIO_I_O)
                                                      0.022     1.002 r  clk_IBUF_inst/IBUFCTRL_INST/O
                         net (fo=1, routed)           0.409     1.411    clk_IBUF
    BUFGCE_X1Y0          BUFGCE (Prop_BUFCE_BUFGCE_I_O)
                                                      0.031     1.442 r  clk_IBUF_BUFG_inst/O
    X2Y3 (CLOCK_ROOT)    net (fo=37192, routed)       1.268     2.710    dut/merge_tree/gen_layer[1].gen_node[0].merge_inst/genblk2[2].genblk2[2].genblk1[0].cas_l_dut/clk_IBUF_BUFG
    SLICE_X55Y295        FDRE                                         r  dut/merge_tree/gen_layer[1].gen_node[0].merge_inst/genblk2[2].genblk2[2].genblk1[0].cas_l_dut/o_lmax_reg[37]/C
                         clock pessimism             -0.571     2.139    
    SLICE_X55Y295        FDRE (Hold_FFF_SLICEM_C_D)
                                                      0.056     2.195    dut/merge_tree/gen_layer[1].gen_node[0].merge_inst/genblk2[2].genblk2[2].genblk1[0].cas_l_dut/o_lmax_reg[37]
  -------------------------------------------------------------------
                         required time                         -2.195    
                         arrival time                           2.226    
  -------------------------------------------------------------------
                         slack                                  0.031    

Slack (MET) :             0.031ns  (arrival time - required time)
  Source:                 dut/merge_tree/i_l_r_reg[1][5][52]/C
                            (rising edge-triggered cell FDRE clocked by sys_clk_pin  {rise@0.000ns fall@0.500ns period=1.000ns})
  Destination:            dut/merge_tree/gen_layer[0].gen_node[0].merge_inst/genblk2[8].genblk2[0].genblk1[5].cas_l_dut/o_lmin_reg[52]/D
                            (rising edge-triggered cell FDRE clocked by sys_clk_pin  {rise@0.000ns fall@0.500ns period=1.000ns})
  Path Group:             sys_clk_pin
  Path Type:              Hold (Min at Fast Process Corner)
  Requirement:            0.000ns  (sys_clk_pin rise@0.000ns - sys_clk_pin rise@0.000ns)
  Data Path Delay:        0.154ns  (logic 0.065ns (42.208%)  route 0.089ns (57.792%))
  Logic Levels:           1  (LUT3=1)
  Clock Path Skew:        0.067ns (DCD - SCD - CPR)
    Destination Clock Delay (DCD):    2.794ns
    Source Clock Delay      (SCD):    2.145ns
    Clock Pessimism Removal (CPR):    0.582ns
  Clock Net Delay (Source):      1.166ns (routing 0.452ns, distribution 0.714ns)
  Clock Net Delay (Destination): 1.352ns (routing 0.503ns, distribution 0.849ns)

    Location             Delay type                Incr(ns)  Path(ns)    Netlist Resource(s)
  -------------------------------------------------------------------    -------------------
                         (clock sys_clk_pin rise edge)
                                                      0.000     0.000 r  
    AA13                                              0.000     0.000 r  clk (IN)
                         net (fo=0)                   0.000     0.000    clk_IBUF_inst/I
    AA13                 INBUF (Prop_INBUF_HRIO_PAD_O)
                                                      0.562     0.562 r  clk_IBUF_inst/INBUF_INST/O
                         net (fo=1, routed)           0.025     0.587    clk_IBUF_inst/OUT
    AA13                 IBUFCTRL (Prop_IBUFCTRL_HRIO_I_O)
                                                      0.015     0.602 r  clk_IBUF_inst/IBUFCTRL_INST/O
                         net (fo=1, routed)           0.350     0.952    clk_IBUF
    BUFGCE_X1Y0          BUFGCE (Prop_BUFCE_BUFGCE_I_O)
                                                      0.027     0.979 r  clk_IBUF_BUFG_inst/O
    X2Y3 (CLOCK_ROOT)    net (fo=37192, routed)       1.166     2.145    dut/merge_tree/clk_IBUF_BUFG
    SLICE_X80Y244        FDRE                                         r  dut/merge_tree/i_l_r_reg[1][5][52]/C
  -------------------------------------------------------------------    -------------------
    SLICE_X80Y244        FDRE (Prop_DFF_SLICEL_C_Q)
                                                      0.049     2.194 r  dut/merge_tree/i_l_r_reg[1][5][52]/Q
                         net (fo=1, routed)           0.073     2.267    dut/merge_tree/gen_layer[0].gen_node[0].merge_inst/genblk2[8].genblk2[0].genblk1[5].cas_l_dut/o_lmin_reg[63]_2[52]
    SLICE_X81Y244        LUT3 (Prop_D6LUT_SLICEM_I1_O)
                                                      0.016     2.283 r  dut/merge_tree/gen_layer[0].gen_node[0].merge_inst/genblk2[8].genblk2[0].genblk1[5].cas_l_dut/o_lmin[52]_i_1__2/O
                         net (fo=1, routed)           0.016     2.299    dut/merge_tree/gen_layer[0].gen_node[0].merge_inst/genblk2[8].genblk2[0].genblk1[5].cas_l_dut/o_lmin[52]_i_1__2_n_0
    SLICE_X81Y244        FDRE                                         r  dut/merge_tree/gen_layer[0].gen_node[0].merge_inst/genblk2[8].genblk2[0].genblk1[5].cas_l_dut/o_lmin_reg[52]/D
  -------------------------------------------------------------------    -------------------

                         (clock sys_clk_pin rise edge)
                                                      0.000     0.000 r  
    AA13                                              0.000     0.000 r  clk (IN)
                         net (fo=0)                   0.000     0.000    clk_IBUF_inst/I
    AA13                 INBUF (Prop_INBUF_HRIO_PAD_O)
                                                      0.938     0.938 r  clk_IBUF_inst/INBUF_INST/O
                         net (fo=1, routed)           0.042     0.980    clk_IBUF_inst/OUT
    AA13                 IBUFCTRL (Prop_IBUFCTRL_HRIO_I_O)
                                                      0.022     1.002 r  clk_IBUF_inst/IBUFCTRL_INST/O
                         net (fo=1, routed)           0.409     1.411    clk_IBUF
    BUFGCE_X1Y0          BUFGCE (Prop_BUFCE_BUFGCE_I_O)
                                                      0.031     1.442 r  clk_IBUF_BUFG_inst/O
    X2Y3 (CLOCK_ROOT)    net (fo=37192, routed)       1.352     2.794    dut/merge_tree/gen_layer[0].gen_node[0].merge_inst/genblk2[8].genblk2[0].genblk1[5].cas_l_dut/clk_IBUF_BUFG
    SLICE_X81Y244        FDRE                                         r  dut/merge_tree/gen_layer[0].gen_node[0].merge_inst/genblk2[8].genblk2[0].genblk1[5].cas_l_dut/o_lmin_reg[52]/C
                         clock pessimism             -0.582     2.212    
    SLICE_X81Y244        FDRE (Hold_DFF_SLICEM_C_D)
                                                      0.056     2.268    dut/merge_tree/gen_layer[0].gen_node[0].merge_inst/genblk2[8].genblk2[0].genblk1[5].cas_l_dut/o_lmin_reg[52]
  -------------------------------------------------------------------
                         required time                         -2.268    
                         arrival time                           2.299    
  -------------------------------------------------------------------
                         slack                                  0.031    

Slack (MET) :             0.031ns  (arrival time - required time)
  Source:                 dut/merge_tree/gen_layer[0].gen_node[2].merge_inst/genblk2[4].genblk1[1].delay_line_dut/dreg_reg[32]_srl2_srlopt/C
                            (rising edge-triggered cell FDRE clocked by sys_clk_pin  {rise@0.000ns fall@0.500ns period=1.000ns})
  Destination:            dut/merge_tree/gen_layer[0].gen_node[2].merge_inst/genblk2[4].genblk1[1].delay_line_dut/dreg_reg[32]_srl2/D
                            (rising edge-triggered cell SRL16E clocked by sys_clk_pin  {rise@0.000ns fall@0.500ns period=1.000ns})
  Path Group:             sys_clk_pin
  Path Type:              Hold (Min at Fast Process Corner)
  Requirement:            0.000ns  (sys_clk_pin rise@0.000ns - sys_clk_pin rise@0.000ns)
  Data Path Delay:        0.257ns  (logic 0.048ns (18.677%)  route 0.209ns (81.323%))
  Logic Levels:           0  
  Clock Path Skew:        0.106ns (DCD - SCD - CPR)
    Destination Clock Delay (DCD):    2.734ns
    Source Clock Delay      (SCD):    2.060ns
    Clock Pessimism Removal (CPR):    0.568ns
  Clock Net Delay (Source):      1.081ns (routing 0.452ns, distribution 0.629ns)
  Clock Net Delay (Destination): 1.292ns (routing 0.503ns, distribution 0.789ns)

    Location             Delay type                Incr(ns)  Path(ns)    Netlist Resource(s)
  -------------------------------------------------------------------    -------------------
                         (clock sys_clk_pin rise edge)
                                                      0.000     0.000 r  
    AA13                                              0.000     0.000 r  clk (IN)
                         net (fo=0)                   0.000     0.000    clk_IBUF_inst/I
    AA13                 INBUF (Prop_INBUF_HRIO_PAD_O)
                                                      0.562     0.562 r  clk_IBUF_inst/INBUF_INST/O
                         net (fo=1, routed)           0.025     0.587    clk_IBUF_inst/OUT
    AA13                 IBUFCTRL (Prop_IBUFCTRL_HRIO_I_O)
                                                      0.015     0.602 r  clk_IBUF_inst/IBUFCTRL_INST/O
                         net (fo=1, routed)           0.350     0.952    clk_IBUF
    BUFGCE_X1Y0          BUFGCE (Prop_BUFCE_BUFGCE_I_O)
                                                      0.027     0.979 r  clk_IBUF_BUFG_inst/O
    X2Y3 (CLOCK_ROOT)    net (fo=37192, routed)       1.081     2.060    dut/merge_tree/gen_layer[0].gen_node[2].merge_inst/genblk2[4].genblk1[1].delay_line_dut/clk_IBUF_BUFG
    SLICE_X68Y225        FDRE                                         r  dut/merge_tree/gen_layer[0].gen_node[2].merge_inst/genblk2[4].genblk1[1].delay_line_dut/dreg_reg[32]_srl2_srlopt/C
  -------------------------------------------------------------------    -------------------
    SLICE_X68Y225        FDRE (Prop_FFF2_SLICEL_C_Q)
                                                      0.048     2.108 r  dut/merge_tree/gen_layer[0].gen_node[2].merge_inst/genblk2[4].genblk1[1].delay_line_dut/dreg_reg[32]_srl2_srlopt/Q
                         net (fo=1, routed)           0.209     2.317    dut/merge_tree/gen_layer[0].gen_node[2].merge_inst/genblk2[4].genblk1[1].delay_line_dut/srlopt_n_2
    SLICE_X69Y231        SRL16E                                       r  dut/merge_tree/gen_layer[0].gen_node[2].merge_inst/genblk2[4].genblk1[1].delay_line_dut/dreg_reg[32]_srl2/D
  -------------------------------------------------------------------    -------------------

                         (clock sys_clk_pin rise edge)
                                                      0.000     0.000 r  
    AA13                                              0.000     0.000 r  clk (IN)
                         net (fo=0)                   0.000     0.000    clk_IBUF_inst/I
    AA13                 INBUF (Prop_INBUF_HRIO_PAD_O)
                                                      0.938     0.938 r  clk_IBUF_inst/INBUF_INST/O
                         net (fo=1, routed)           0.042     0.980    clk_IBUF_inst/OUT
    AA13                 IBUFCTRL (Prop_IBUFCTRL_HRIO_I_O)
                                                      0.022     1.002 r  clk_IBUF_inst/IBUFCTRL_INST/O
                         net (fo=1, routed)           0.409     1.411    clk_IBUF
    BUFGCE_X1Y0          BUFGCE (Prop_BUFCE_BUFGCE_I_O)
                                                      0.031     1.442 r  clk_IBUF_BUFG_inst/O
    X2Y3 (CLOCK_ROOT)    net (fo=37192, routed)       1.292     2.734    dut/merge_tree/gen_layer[0].gen_node[2].merge_inst/genblk2[4].genblk1[1].delay_line_dut/clk_IBUF_BUFG
    SLICE_X69Y231        SRL16E                                       r  dut/merge_tree/gen_layer[0].gen_node[2].merge_inst/genblk2[4].genblk1[1].delay_line_dut/dreg_reg[32]_srl2/CLK
                         clock pessimism             -0.568     2.166    
    SLICE_X69Y231        SRL16E (Hold_A6LUT_SLICEM_CLK_D)
                                                      0.120     2.286    dut/merge_tree/gen_layer[0].gen_node[2].merge_inst/genblk2[4].genblk1[1].delay_line_dut/dreg_reg[32]_srl2
  -------------------------------------------------------------------
                         required time                         -2.286    
                         arrival time                           2.317    
  -------------------------------------------------------------------
                         slack                                  0.031    

Slack (MET) :             0.031ns  (arrival time - required time)
  Source:                 dut/COSSET[0].unite_lists/genblk1_0.dut/SS_00/m_p_reg[5][6][8]/C
                            (rising edge-triggered cell FDRE clocked by sys_clk_pin  {rise@0.000ns fall@0.500ns period=1.000ns})
  Destination:            dut/merge_tree/i_m_r_reg[0][6][8]/D
                            (rising edge-triggered cell FDRE clocked by sys_clk_pin  {rise@0.000ns fall@0.500ns period=1.000ns})
  Path Group:             sys_clk_pin
  Path Type:              Hold (Min at Fast Process Corner)
  Requirement:            0.000ns  (sys_clk_pin rise@0.000ns - sys_clk_pin rise@0.000ns)
  Data Path Delay:        0.268ns  (logic 0.094ns (35.075%)  route 0.174ns (64.925%))
  Logic Levels:           1  (LUT2=1)
  Clock Path Skew:        0.181ns (DCD - SCD - CPR)
    Destination Clock Delay (DCD):    2.849ns
    Source Clock Delay      (SCD):    2.154ns
    Clock Pessimism Removal (CPR):    0.514ns
  Clock Net Delay (Source):      1.175ns (routing 0.452ns, distribution 0.723ns)
  Clock Net Delay (Destination): 1.407ns (routing 0.503ns, distribution 0.904ns)

    Location             Delay type                Incr(ns)  Path(ns)    Netlist Resource(s)
  -------------------------------------------------------------------    -------------------
                         (clock sys_clk_pin rise edge)
                                                      0.000     0.000 r  
    AA13                                              0.000     0.000 r  clk (IN)
                         net (fo=0)                   0.000     0.000    clk_IBUF_inst/I
    AA13                 INBUF (Prop_INBUF_HRIO_PAD_O)
                                                      0.562     0.562 r  clk_IBUF_inst/INBUF_INST/O
                         net (fo=1, routed)           0.025     0.587    clk_IBUF_inst/OUT
    AA13                 IBUFCTRL (Prop_IBUFCTRL_HRIO_I_O)
                                                      0.015     0.602 r  clk_IBUF_inst/IBUFCTRL_INST/O
                         net (fo=1, routed)           0.350     0.952    clk_IBUF
    BUFGCE_X1Y0          BUFGCE (Prop_BUFCE_BUFGCE_I_O)
                                                      0.027     0.979 r  clk_IBUF_BUFG_inst/O
    X2Y3 (CLOCK_ROOT)    net (fo=37192, routed)       1.175     2.154    dut/COSSET[0].unite_lists/genblk1_0.dut/SS_00/clk_IBUF_BUFG
    SLICE_X91Y237        FDRE                                         r  dut/COSSET[0].unite_lists/genblk1_0.dut/SS_00/m_p_reg[5][6][8]/C
  -------------------------------------------------------------------    -------------------
    SLICE_X91Y237        FDRE (Prop_BFF_SLICEL_C_Q)
                                                      0.049     2.203 r  dut/COSSET[0].unite_lists/genblk1_0.dut/SS_00/m_p_reg[5][6][8]/Q
                         net (fo=1, routed)           0.158     2.361    dut/COSSET[0].unite_lists/genblk1_0.dut/SS_00/m_p_reg[5][6]_184[8]
    SLICE_X90Y242        LUT2 (Prop_H6LUT_SLICEL_I1_O)
                                                      0.045     2.406 r  dut/COSSET[0].unite_lists/genblk1_0.dut/SS_00/i_m_r[0][6][8]_i_1/O
                         net (fo=1, routed)           0.016     2.422    dut/merge_tree/i_m[0][6][8]
    SLICE_X90Y242        FDRE                                         r  dut/merge_tree/i_m_r_reg[0][6][8]/D
  -------------------------------------------------------------------    -------------------

                         (clock sys_clk_pin rise edge)
                                                      0.000     0.000 r  
    AA13                                              0.000     0.000 r  clk (IN)
                         net (fo=0)                   0.000     0.000    clk_IBUF_inst/I
    AA13                 INBUF (Prop_INBUF_HRIO_PAD_O)
                                                      0.938     0.938 r  clk_IBUF_inst/INBUF_INST/O
                         net (fo=1, routed)           0.042     0.980    clk_IBUF_inst/OUT
    AA13                 IBUFCTRL (Prop_IBUFCTRL_HRIO_I_O)
                                                      0.022     1.002 r  clk_IBUF_inst/IBUFCTRL_INST/O
                         net (fo=1, routed)           0.409     1.411    clk_IBUF
    BUFGCE_X1Y0          BUFGCE (Prop_BUFCE_BUFGCE_I_O)
                                                      0.031     1.442 r  clk_IBUF_BUFG_inst/O
    X2Y3 (CLOCK_ROOT)    net (fo=37192, routed)       1.407     2.849    dut/merge_tree/clk_IBUF_BUFG
    SLICE_X90Y242        FDRE                                         r  dut/merge_tree/i_m_r_reg[0][6][8]/C
                         clock pessimism             -0.514     2.335    
    SLICE_X90Y242        FDRE (Hold_HFF_SLICEL_C_D)
                                                      0.056     2.391    dut/merge_tree/i_m_r_reg[0][6][8]
  -------------------------------------------------------------------
                         required time                         -2.391    
                         arrival time                           2.422    
  -------------------------------------------------------------------
                         slack                                  0.031    

Slack (MET) :             0.031ns  (arrival time - required time)
  Source:                 dut/COSSET[4].unite_lists/genblk1_0.dut/SS_00/idx_p_reg[3][2][0]/C
                            (rising edge-triggered cell FDRE clocked by sys_clk_pin  {rise@0.000ns fall@0.500ns period=1.000ns})
  Destination:            dut/COSSET[4].unite_lists/genblk1_0.dut/SS_00/idx_p_reg[4][4][0]/D
                            (rising edge-triggered cell FDRE clocked by sys_clk_pin  {rise@0.000ns fall@0.500ns period=1.000ns})
  Path Group:             sys_clk_pin
  Path Type:              Hold (Min at Fast Process Corner)
  Requirement:            0.000ns  (sys_clk_pin rise@0.000ns - sys_clk_pin rise@0.000ns)
  Data Path Delay:        0.169ns  (logic 0.079ns (46.746%)  route 0.090ns (53.254%))
  Logic Levels:           1  (LUT3=1)
  Clock Path Skew:        0.082ns (DCD - SCD - CPR)
    Destination Clock Delay (DCD):    2.809ns
    Source Clock Delay      (SCD):    2.148ns
    Clock Pessimism Removal (CPR):    0.579ns
  Clock Net Delay (Source):      1.169ns (routing 0.452ns, distribution 0.717ns)
  Clock Net Delay (Destination): 1.367ns (routing 0.503ns, distribution 0.864ns)

    Location             Delay type                Incr(ns)  Path(ns)    Netlist Resource(s)
  -------------------------------------------------------------------    -------------------
                         (clock sys_clk_pin rise edge)
                                                      0.000     0.000 r  
    AA13                                              0.000     0.000 r  clk (IN)
                         net (fo=0)                   0.000     0.000    clk_IBUF_inst/I
    AA13                 INBUF (Prop_INBUF_HRIO_PAD_O)
                                                      0.562     0.562 r  clk_IBUF_inst/INBUF_INST/O
                         net (fo=1, routed)           0.025     0.587    clk_IBUF_inst/OUT
    AA13                 IBUFCTRL (Prop_IBUFCTRL_HRIO_I_O)
                                                      0.015     0.602 r  clk_IBUF_inst/IBUFCTRL_INST/O
                         net (fo=1, routed)           0.350     0.952    clk_IBUF
    BUFGCE_X1Y0          BUFGCE (Prop_BUFCE_BUFGCE_I_O)
                                                      0.027     0.979 r  clk_IBUF_BUFG_inst/O
    X2Y3 (CLOCK_ROOT)    net (fo=37192, routed)       1.169     2.148    dut/COSSET[4].unite_lists/genblk1_0.dut/SS_00/clk_IBUF_BUFG
    SLICE_X98Y212        FDRE                                         r  dut/COSSET[4].unite_lists/genblk1_0.dut/SS_00/idx_p_reg[3][2][0]/C
  -------------------------------------------------------------------    -------------------
    SLICE_X98Y212        FDRE (Prop_EFF_SLICEL_C_Q)
                                                      0.049     2.197 r  dut/COSSET[4].unite_lists/genblk1_0.dut/SS_00/idx_p_reg[3][2][0]/Q
                         net (fo=2, routed)           0.076     2.273    dut/COSSET[4].unite_lists/genblk1_0.dut/SS_00/idx_p_reg_n_0_[3][2][0]
    SLICE_X96Y212        LUT3 (Prop_G6LUT_SLICEL_I2_O)
                                                      0.030     2.303 r  dut/COSSET[4].unite_lists/genblk1_0.dut/SS_00/idx_p[4][4][0]_i_1__3/O
                         net (fo=1, routed)           0.014     2.317    dut/COSSET[4].unite_lists/genblk1_0.dut/SS_00/idx_w[5][4]_638[0]
    SLICE_X96Y212        FDRE                                         r  dut/COSSET[4].unite_lists/genblk1_0.dut/SS_00/idx_p_reg[4][4][0]/D
  -------------------------------------------------------------------    -------------------

                         (clock sys_clk_pin rise edge)
                                                      0.000     0.000 r  
    AA13                                              0.000     0.000 r  clk (IN)
                         net (fo=0)                   0.000     0.000    clk_IBUF_inst/I
    AA13                 INBUF (Prop_INBUF_HRIO_PAD_O)
                                                      0.938     0.938 r  clk_IBUF_inst/INBUF_INST/O
                         net (fo=1, routed)           0.042     0.980    clk_IBUF_inst/OUT
    AA13                 IBUFCTRL (Prop_IBUFCTRL_HRIO_I_O)
                                                      0.022     1.002 r  clk_IBUF_inst/IBUFCTRL_INST/O
                         net (fo=1, routed)           0.409     1.411    clk_IBUF
    BUFGCE_X1Y0          BUFGCE (Prop_BUFCE_BUFGCE_I_O)
                                                      0.031     1.442 r  clk_IBUF_BUFG_inst/O
    X2Y3 (CLOCK_ROOT)    net (fo=37192, routed)       1.367     2.809    dut/COSSET[4].unite_lists/genblk1_0.dut/SS_00/clk_IBUF_BUFG
    SLICE_X96Y212        FDRE                                         r  dut/COSSET[4].unite_lists/genblk1_0.dut/SS_00/idx_p_reg[4][4][0]/C
                         clock pessimism             -0.579     2.230    
    SLICE_X96Y212        FDRE (Hold_GFF_SLICEL_C_D)
                                                      0.056     2.286    dut/COSSET[4].unite_lists/genblk1_0.dut/SS_00/idx_p_reg[4][4][0]
  -------------------------------------------------------------------
                         required time                         -2.286    
                         arrival time                           2.317    
  -------------------------------------------------------------------
                         slack                                  0.031    





Pulse Width Checks
--------------------------------------------------------------------------------------
Clock Name:         sys_clk_pin
Waveform(ns):       { 0.000 0.500 }
Period(ns):         1.000
Sources:            { clk }

Check Type        Corner  Lib Pin     Reference Pin  Required(ns)  Actual(ns)  Slack(ns)  Location       Pin
Min Period        n/a     BUFGCE/I    n/a            1.587         1.000       -0.587     BUFGCE_X1Y0    clk_IBUF_BUFG_inst/I
Min Period        n/a     SRL16E/CLK  n/a            1.356         1.000       -0.356     SLICE_X94Y249  dut/COSSET[0].unite_lists/genblk1_0.dut/SS_00/conc_d_reg[4][1][0]_srl7/CLK
Min Period        n/a     SRL16E/CLK  n/a            1.356         1.000       -0.356     SLICE_X94Y249  dut/COSSET[0].unite_lists/genblk1_0.dut/SS_00/conc_d_reg[4][1][10]_srl7/CLK
Min Period        n/a     SRL16E/CLK  n/a            1.356         1.000       -0.356     SLICE_X94Y249  dut/COSSET[0].unite_lists/genblk1_0.dut/SS_00/conc_d_reg[4][1][11]_srl7/CLK
Min Period        n/a     SRL16E/CLK  n/a            1.356         1.000       -0.356     SLICE_X94Y249  dut/COSSET[0].unite_lists/genblk1_0.dut/SS_00/conc_d_reg[4][1][12]_srl7/CLK
Min Period        n/a     SRL16E/CLK  n/a            1.356         1.000       -0.356     SLICE_X94Y249  dut/COSSET[0].unite_lists/genblk1_0.dut/SS_00/conc_d_reg[4][1][13]_srl7/CLK
Min Period        n/a     SRL16E/CLK  n/a            1.356         1.000       -0.356     SLICE_X94Y249  dut/COSSET[0].unite_lists/genblk1_0.dut/SS_00/conc_d_reg[4][1][14]_srl7/CLK
Min Period        n/a     SRL16E/CLK  n/a            1.356         1.000       -0.356     SLICE_X94Y249  dut/COSSET[0].unite_lists/genblk1_0.dut/SS_00/conc_d_reg[4][1][15]_srl7/CLK
Min Period        n/a     SRL16E/CLK  n/a            1.356         1.000       -0.356     SLICE_X71Y244  dut/COSSET[0].unite_lists/genblk1_0.dut/SS_00/conc_d_reg[4][1][16]_srl7/CLK
Min Period        n/a     SRL16E/CLK  n/a            1.356         1.000       -0.356     SLICE_X71Y244  dut/COSSET[0].unite_lists/genblk1_0.dut/SS_00/conc_d_reg[4][1][17]_srl7/CLK
Low Pulse Width   Slow    SRL16E/CLK  n/a            0.678         0.500       -0.178     SLICE_X94Y249  dut/COSSET[0].unite_lists/genblk1_0.dut/SS_00/conc_d_reg[4][1][0]_srl7/CLK
Low Pulse Width   Fast    SRL16E/CLK  n/a            0.678         0.500       -0.178     SLICE_X94Y249  dut/COSSET[0].unite_lists/genblk1_0.dut/SS_00/conc_d_reg[4][1][0]_srl7/CLK
Low Pulse Width   Slow    SRL16E/CLK  n/a            0.678         0.500       -0.178     SLICE_X94Y249  dut/COSSET[0].unite_lists/genblk1_0.dut/SS_00/conc_d_reg[4][1][10]_srl7/CLK
Low Pulse Width   Fast    SRL16E/CLK  n/a            0.678         0.500       -0.178     SLICE_X94Y249  dut/COSSET[0].unite_lists/genblk1_0.dut/SS_00/conc_d_reg[4][1][10]_srl7/CLK
Low Pulse Width   Slow    SRL16E/CLK  n/a            0.678         0.500       -0.178     SLICE_X94Y249  dut/COSSET[0].unite_lists/genblk1_0.dut/SS_00/conc_d_reg[4][1][11]_srl7/CLK
Low Pulse Width   Fast    SRL16E/CLK  n/a            0.678         0.500       -0.178     SLICE_X94Y249  dut/COSSET[0].unite_lists/genblk1_0.dut/SS_00/conc_d_reg[4][1][11]_srl7/CLK
Low Pulse Width   Slow    SRL16E/CLK  n/a            0.678         0.500       -0.178     SLICE_X94Y249  dut/COSSET[0].unite_lists/genblk1_0.dut/SS_00/conc_d_reg[4][1][12]_srl7/CLK
Low Pulse Width   Fast    SRL16E/CLK  n/a            0.678         0.500       -0.178     SLICE_X94Y249  dut/COSSET[0].unite_lists/genblk1_0.dut/SS_00/conc_d_reg[4][1][12]_srl7/CLK
Low Pulse Width   Slow    SRL16E/CLK  n/a            0.678         0.500       -0.178     SLICE_X94Y249  dut/COSSET[0].unite_lists/genblk1_0.dut/SS_00/conc_d_reg[4][1][13]_srl7/CLK
Low Pulse Width   Fast    SRL16E/CLK  n/a            0.678         0.500       -0.178     SLICE_X94Y249  dut/COSSET[0].unite_lists/genblk1_0.dut/SS_00/conc_d_reg[4][1][13]_srl7/CLK
High Pulse Width  Slow    SRL16E/CLK  n/a            0.678         0.500       -0.178     SLICE_X94Y249  dut/COSSET[0].unite_lists/genblk1_0.dut/SS_00/conc_d_reg[4][1][0]_srl7/CLK
High Pulse Width  Fast    SRL16E/CLK  n/a            0.678         0.500       -0.178     SLICE_X94Y249  dut/COSSET[0].unite_lists/genblk1_0.dut/SS_00/conc_d_reg[4][1][0]_srl7/CLK
High Pulse Width  Slow    SRL16E/CLK  n/a            0.678         0.500       -0.178     SLICE_X94Y249  dut/COSSET[0].unite_lists/genblk1_0.dut/SS_00/conc_d_reg[4][1][10]_srl7/CLK
High Pulse Width  Fast    SRL16E/CLK  n/a            0.678         0.500       -0.178     SLICE_X94Y249  dut/COSSET[0].unite_lists/genblk1_0.dut/SS_00/conc_d_reg[4][1][10]_srl7/CLK
High Pulse Width  Slow    SRL16E/CLK  n/a            0.678         0.500       -0.178     SLICE_X94Y249  dut/COSSET[0].unite_lists/genblk1_0.dut/SS_00/conc_d_reg[4][1][11]_srl7/CLK
High Pulse Width  Fast    SRL16E/CLK  n/a            0.678         0.500       -0.178     SLICE_X94Y249  dut/COSSET[0].unite_lists/genblk1_0.dut/SS_00/conc_d_reg[4][1][11]_srl7/CLK
High Pulse Width  Slow    SRL16E/CLK  n/a            0.678         0.500       -0.178     SLICE_X94Y249  dut/COSSET[0].unite_lists/genblk1_0.dut/SS_00/conc_d_reg[4][1][12]_srl7/CLK
High Pulse Width  Fast    SRL16E/CLK  n/a            0.678         0.500       -0.178     SLICE_X94Y249  dut/COSSET[0].unite_lists/genblk1_0.dut/SS_00/conc_d_reg[4][1][12]_srl7/CLK
High Pulse Width  Slow    SRL16E/CLK  n/a            0.678         0.500       -0.178     SLICE_X94Y249  dut/COSSET[0].unite_lists/genblk1_0.dut/SS_00/conc_d_reg[4][1][13]_srl7/CLK
High Pulse Width  Fast    SRL16E/CLK  n/a            0.678         0.500       -0.178     SLICE_X94Y249  dut/COSSET[0].unite_lists/genblk1_0.dut/SS_00/conc_d_reg[4][1][13]_srl7/CLK



--------------------------------------------------------------------------------------
Path Group:  (none)
From Clock:  sys_clk_pin
  To Clock:  

Max Delay            75 Endpoints
Min Delay            75 Endpoints
--------------------------------------------------------------------------------------


Max Delay Paths
--------------------------------------------------------------------------------------
Slack:                    inf
  Source:                 o_label_reg[43]/C
                            (rising edge-triggered cell FDRE clocked by sys_clk_pin  {rise@0.000ns fall@0.500ns period=1.000ns})
  Destination:            o_label[43]
                            (output port)
  Path Group:             (none)
  Path Type:              Max at Slow Process Corner
  Data Path Delay:        7.937ns  (logic 0.965ns (12.163%)  route 6.972ns (87.837%))
  Logic Levels:           1  (OBUF=1)
  Clock Uncertainty:      0.025ns  ((TSJ^2 + TIJ^2)^1/2 + DJ) / 2 + PE
    Total System Jitter     (TSJ):    0.050ns
    Total Input Jitter      (TIJ):    0.000ns
    Discrete Jitter          (DJ):    0.000ns
    Phase Error              (PE):    0.000ns
  Clock Net Delay (Source):      2.871ns (routing 1.146ns, distribution 1.725ns)

    Location             Delay type                Incr(ns)  Path(ns)    Netlist Resource(s)
  -------------------------------------------------------------------    -------------------
                         (clock sys_clk_pin rise edge)
                                                      0.000     0.000 r  
    AA13                                              0.000     0.000 r  clk (IN)
                         net (fo=0)                   0.000     0.000    clk_IBUF_inst/I
    AA13                 INBUF (Prop_INBUF_HRIO_PAD_O)
                                                      0.955     0.955 r  clk_IBUF_inst/INBUF_INST/O
                         net (fo=1, routed)           0.105     1.060    clk_IBUF_inst/OUT
    AA13                 IBUFCTRL (Prop_IBUFCTRL_HRIO_I_O)
                                                      0.049     1.109 r  clk_IBUF_inst/IBUFCTRL_INST/O
                         net (fo=1, routed)           0.839     1.948    clk_IBUF
    BUFGCE_X1Y0          BUFGCE (Prop_BUFCE_BUFGCE_I_O)
                                                      0.101     2.049 r  clk_IBUF_BUFG_inst/O
    X2Y3 (CLOCK_ROOT)    net (fo=37192, routed)       2.871     4.920    clk_IBUF_BUFG
    SLICE_X51Y298        FDRE                                         r  o_label_reg[43]/C
  -------------------------------------------------------------------    -------------------
    SLICE_X51Y298        FDRE (Prop_DFF_SLICEL_C_Q)
                                                      0.139     5.059 r  o_label_reg[43]/Q
                         net (fo=1, routed)           6.972    12.031    o_label_OBUF[43]
    AB22                 OBUF (Prop_OUTBUF_HPIOB_I_O)
                                                      0.826    12.857 r  o_label_OBUF[43]_inst/O
                         net (fo=0)                   0.000    12.857    o_label[43]
    AB22                                                              r  o_label[43] (OUT)
  -------------------------------------------------------------------    -------------------

Slack:                    inf
  Source:                 o_label_reg[42]/C
                            (rising edge-triggered cell FDRE clocked by sys_clk_pin  {rise@0.000ns fall@0.500ns period=1.000ns})
  Destination:            o_label[42]
                            (output port)
  Path Group:             (none)
  Path Type:              Max at Slow Process Corner
  Data Path Delay:        7.869ns  (logic 0.964ns (12.247%)  route 6.905ns (87.753%))
  Logic Levels:           1  (OBUF=1)
  Clock Uncertainty:      0.025ns  ((TSJ^2 + TIJ^2)^1/2 + DJ) / 2 + PE
    Total System Jitter     (TSJ):    0.050ns
    Total Input Jitter      (TIJ):    0.000ns
    Discrete Jitter          (DJ):    0.000ns
    Phase Error              (PE):    0.000ns
  Clock Net Delay (Source):      2.904ns (routing 1.146ns, distribution 1.758ns)

    Location             Delay type                Incr(ns)  Path(ns)    Netlist Resource(s)
  -------------------------------------------------------------------    -------------------
                         (clock sys_clk_pin rise edge)
                                                      0.000     0.000 r  
    AA13                                              0.000     0.000 r  clk (IN)
                         net (fo=0)                   0.000     0.000    clk_IBUF_inst/I
    AA13                 INBUF (Prop_INBUF_HRIO_PAD_O)
                                                      0.955     0.955 r  clk_IBUF_inst/INBUF_INST/O
                         net (fo=1, routed)           0.105     1.060    clk_IBUF_inst/OUT
    AA13                 IBUFCTRL (Prop_IBUFCTRL_HRIO_I_O)
                                                      0.049     1.109 r  clk_IBUF_inst/IBUFCTRL_INST/O
                         net (fo=1, routed)           0.839     1.948    clk_IBUF
    BUFGCE_X1Y0          BUFGCE (Prop_BUFCE_BUFGCE_I_O)
                                                      0.101     2.049 r  clk_IBUF_BUFG_inst/O
    X2Y3 (CLOCK_ROOT)    net (fo=37192, routed)       2.904     4.953    clk_IBUF_BUFG
    SLICE_X50Y295        FDRE                                         r  o_label_reg[42]/C
  -------------------------------------------------------------------    -------------------
    SLICE_X50Y295        FDRE (Prop_DFF_SLICEM_C_Q)
                                                      0.139     5.092 r  o_label_reg[42]/Q
                         net (fo=1, routed)           6.905    11.997    o_label_OBUF[42]
    AA22                 OBUF (Prop_OUTBUF_HPIOB_I_O)
                                                      0.825    12.822 r  o_label_OBUF[42]_inst/O
                         net (fo=0)                   0.000    12.822    o_label[42]
    AA22                                                              r  o_label[42] (OUT)
  -------------------------------------------------------------------    -------------------

Slack:                    inf
  Source:                 o_label_reg[39]/C
                            (rising edge-triggered cell FDRE clocked by sys_clk_pin  {rise@0.000ns fall@0.500ns period=1.000ns})
  Destination:            o_label[39]
                            (output port)
  Path Group:             (none)
  Path Type:              Max at Slow Process Corner
  Data Path Delay:        7.903ns  (logic 0.983ns (12.438%)  route 6.920ns (87.562%))
  Logic Levels:           1  (OBUF=1)
  Clock Uncertainty:      0.025ns  ((TSJ^2 + TIJ^2)^1/2 + DJ) / 2 + PE
    Total System Jitter     (TSJ):    0.050ns
    Total Input Jitter      (TIJ):    0.000ns
    Discrete Jitter          (DJ):    0.000ns
    Phase Error              (PE):    0.000ns
  Clock Net Delay (Source):      2.865ns (routing 1.146ns, distribution 1.719ns)

    Location             Delay type                Incr(ns)  Path(ns)    Netlist Resource(s)
  -------------------------------------------------------------------    -------------------
                         (clock sys_clk_pin rise edge)
                                                      0.000     0.000 r  
    AA13                                              0.000     0.000 r  clk (IN)
                         net (fo=0)                   0.000     0.000    clk_IBUF_inst/I
    AA13                 INBUF (Prop_INBUF_HRIO_PAD_O)
                                                      0.955     0.955 r  clk_IBUF_inst/INBUF_INST/O
                         net (fo=1, routed)           0.105     1.060    clk_IBUF_inst/OUT
    AA13                 IBUFCTRL (Prop_IBUFCTRL_HRIO_I_O)
                                                      0.049     1.109 r  clk_IBUF_inst/IBUFCTRL_INST/O
                         net (fo=1, routed)           0.839     1.948    clk_IBUF
    BUFGCE_X1Y0          BUFGCE (Prop_BUFCE_BUFGCE_I_O)
                                                      0.101     2.049 r  clk_IBUF_BUFG_inst/O
    X2Y3 (CLOCK_ROOT)    net (fo=37192, routed)       2.865     4.914    clk_IBUF_BUFG
    SLICE_X49Y286        FDRE                                         r  o_label_reg[39]/C
  -------------------------------------------------------------------    -------------------
    SLICE_X49Y286        FDRE (Prop_DFF_SLICEL_C_Q)
                                                      0.139     5.053 r  o_label_reg[39]/Q
                         net (fo=1, routed)           6.920    11.973    o_label_OBUF[39]
    AA23                 OBUF (Prop_OUTBUF_HPIOB_I_O)
                                                      0.844    12.817 r  o_label_OBUF[39]_inst/O
                         net (fo=0)                   0.000    12.817    o_label[39]
    AA23                                                              r  o_label[39] (OUT)
  -------------------------------------------------------------------    -------------------

Slack:                    inf
  Source:                 o_label_reg[40]/C
                            (rising edge-triggered cell FDRE clocked by sys_clk_pin  {rise@0.000ns fall@0.500ns period=1.000ns})
  Destination:            o_label[40]
                            (output port)
  Path Group:             (none)
  Path Type:              Max at Slow Process Corner
  Data Path Delay:        7.762ns  (logic 0.982ns (12.649%)  route 6.780ns (87.351%))
  Logic Levels:           1  (OBUF=1)
  Clock Uncertainty:      0.025ns  ((TSJ^2 + TIJ^2)^1/2 + DJ) / 2 + PE
    Total System Jitter     (TSJ):    0.050ns
    Total Input Jitter      (TIJ):    0.000ns
    Discrete Jitter          (DJ):    0.000ns
    Phase Error              (PE):    0.000ns
  Clock Net Delay (Source):      2.898ns (routing 1.146ns, distribution 1.752ns)

    Location             Delay type                Incr(ns)  Path(ns)    Netlist Resource(s)
  -------------------------------------------------------------------    -------------------
                         (clock sys_clk_pin rise edge)
                                                      0.000     0.000 r  
    AA13                                              0.000     0.000 r  clk (IN)
                         net (fo=0)                   0.000     0.000    clk_IBUF_inst/I
    AA13                 INBUF (Prop_INBUF_HRIO_PAD_O)
                                                      0.955     0.955 r  clk_IBUF_inst/INBUF_INST/O
                         net (fo=1, routed)           0.105     1.060    clk_IBUF_inst/OUT
    AA13                 IBUFCTRL (Prop_IBUFCTRL_HRIO_I_O)
                                                      0.049     1.109 r  clk_IBUF_inst/IBUFCTRL_INST/O
                         net (fo=1, routed)           0.839     1.948    clk_IBUF
    BUFGCE_X1Y0          BUFGCE (Prop_BUFCE_BUFGCE_I_O)
                                                      0.101     2.049 r  clk_IBUF_BUFG_inst/O
    X2Y3 (CLOCK_ROOT)    net (fo=37192, routed)       2.898     4.947    clk_IBUF_BUFG
    SLICE_X51Y285        FDRE                                         r  o_label_reg[40]/C
  -------------------------------------------------------------------    -------------------
    SLICE_X51Y285        FDRE (Prop_DFF_SLICEL_C_Q)
                                                      0.139     5.086 r  o_label_reg[40]/Q
                         net (fo=1, routed)           6.780    11.866    o_label_OBUF[40]
    AA25                 OBUF (Prop_OUTBUF_HPIOB_I_O)
                                                      0.843    12.709 r  o_label_OBUF[40]_inst/O
                         net (fo=0)                   0.000    12.709    o_label[40]
    AA25                                                              r  o_label[40] (OUT)
  -------------------------------------------------------------------    -------------------

Slack:                    inf
  Source:                 o_label_reg[36]/C
                            (rising edge-triggered cell FDRE clocked by sys_clk_pin  {rise@0.000ns fall@0.500ns period=1.000ns})
  Destination:            o_label[36]
                            (output port)
  Path Group:             (none)
  Path Type:              Max at Slow Process Corner
  Data Path Delay:        7.742ns  (logic 0.982ns (12.684%)  route 6.760ns (87.316%))
  Logic Levels:           1  (OBUF=1)
  Clock Uncertainty:      0.025ns  ((TSJ^2 + TIJ^2)^1/2 + DJ) / 2 + PE
    Total System Jitter     (TSJ):    0.050ns
    Total Input Jitter      (TIJ):    0.000ns
    Discrete Jitter          (DJ):    0.000ns
    Phase Error              (PE):    0.000ns
  Clock Net Delay (Source):      2.902ns (routing 1.146ns, distribution 1.756ns)

    Location             Delay type                Incr(ns)  Path(ns)    Netlist Resource(s)
  -------------------------------------------------------------------    -------------------
                         (clock sys_clk_pin rise edge)
                                                      0.000     0.000 r  
    AA13                                              0.000     0.000 r  clk (IN)
                         net (fo=0)                   0.000     0.000    clk_IBUF_inst/I
    AA13                 INBUF (Prop_INBUF_HRIO_PAD_O)
                                                      0.955     0.955 r  clk_IBUF_inst/INBUF_INST/O
                         net (fo=1, routed)           0.105     1.060    clk_IBUF_inst/OUT
    AA13                 IBUFCTRL (Prop_IBUFCTRL_HRIO_I_O)
                                                      0.049     1.109 r  clk_IBUF_inst/IBUFCTRL_INST/O
                         net (fo=1, routed)           0.839     1.948    clk_IBUF
    BUFGCE_X1Y0          BUFGCE (Prop_BUFCE_BUFGCE_I_O)
                                                      0.101     2.049 r  clk_IBUF_BUFG_inst/O
    X2Y3 (CLOCK_ROOT)    net (fo=37192, routed)       2.902     4.951    clk_IBUF_BUFG
    SLICE_X51Y294        FDRE                                         r  o_label_reg[36]/C
  -------------------------------------------------------------------    -------------------
    SLICE_X51Y294        FDRE (Prop_DFF_SLICEL_C_Q)
                                                      0.139     5.090 r  o_label_reg[36]/Q
                         net (fo=1, routed)           6.760    11.850    o_label_OBUF[36]
    AC23                 OBUF (Prop_OUTBUF_HPIOB_I_O)
                                                      0.843    12.693 r  o_label_OBUF[36]_inst/O
                         net (fo=0)                   0.000    12.693    o_label[36]
    AC23                                                              r  o_label[36] (OUT)
  -------------------------------------------------------------------    -------------------

Slack:                    inf
  Source:                 o_label_reg[14]/C
                            (rising edge-triggered cell FDRE clocked by sys_clk_pin  {rise@0.000ns fall@0.500ns period=1.000ns})
  Destination:            o_label[14]
                            (output port)
  Path Group:             (none)
  Path Type:              Max at Slow Process Corner
  Data Path Delay:        7.684ns  (logic 1.006ns (13.091%)  route 6.678ns (86.909%))
  Logic Levels:           1  (OBUF=1)
  Clock Uncertainty:      0.025ns  ((TSJ^2 + TIJ^2)^1/2 + DJ) / 2 + PE
    Total System Jitter     (TSJ):    0.050ns
    Total Input Jitter      (TIJ):    0.000ns
    Discrete Jitter          (DJ):    0.000ns
    Phase Error              (PE):    0.000ns
  Clock Net Delay (Source):      2.934ns (routing 1.146ns, distribution 1.788ns)

    Location             Delay type                Incr(ns)  Path(ns)    Netlist Resource(s)
  -------------------------------------------------------------------    -------------------
                         (clock sys_clk_pin rise edge)
                                                      0.000     0.000 r  
    AA13                                              0.000     0.000 r  clk (IN)
                         net (fo=0)                   0.000     0.000    clk_IBUF_inst/I
    AA13                 INBUF (Prop_INBUF_HRIO_PAD_O)
                                                      0.955     0.955 r  clk_IBUF_inst/INBUF_INST/O
                         net (fo=1, routed)           0.105     1.060    clk_IBUF_inst/OUT
    AA13                 IBUFCTRL (Prop_IBUFCTRL_HRIO_I_O)
                                                      0.049     1.109 r  clk_IBUF_inst/IBUFCTRL_INST/O
                         net (fo=1, routed)           0.839     1.948    clk_IBUF
    BUFGCE_X1Y0          BUFGCE (Prop_BUFCE_BUFGCE_I_O)
                                                      0.101     2.049 r  clk_IBUF_BUFG_inst/O
    X2Y3 (CLOCK_ROOT)    net (fo=37192, routed)       2.934     4.983    clk_IBUF_BUFG
    SLICE_X59Y299        FDRE                                         r  o_label_reg[14]/C
  -------------------------------------------------------------------    -------------------
    SLICE_X59Y299        FDRE (Prop_DFF_SLICEL_C_Q)
                                                      0.139     5.122 r  o_label_reg[14]/Q
                         net (fo=1, routed)           6.678    11.800    o_label_OBUF[14]
    P23                  OBUF (Prop_OUTBUF_HPIOB_I_O)
                                                      0.867    12.667 r  o_label_OBUF[14]_inst/O
                         net (fo=0)                   0.000    12.667    o_label[14]
    P23                                                               r  o_label[14] (OUT)
  -------------------------------------------------------------------    -------------------

Slack:                    inf
  Source:                 o_label_reg[44]/C
                            (rising edge-triggered cell FDRE clocked by sys_clk_pin  {rise@0.000ns fall@0.500ns period=1.000ns})
  Destination:            o_label[44]
                            (output port)
  Path Group:             (none)
  Path Type:              Max at Slow Process Corner
  Data Path Delay:        7.735ns  (logic 0.983ns (12.704%)  route 6.752ns (87.296%))
  Logic Levels:           1  (OBUF=1)
  Clock Uncertainty:      0.025ns  ((TSJ^2 + TIJ^2)^1/2 + DJ) / 2 + PE
    Total System Jitter     (TSJ):    0.050ns
    Total Input Jitter      (TIJ):    0.000ns
    Discrete Jitter          (DJ):    0.000ns
    Phase Error              (PE):    0.000ns
  Clock Net Delay (Source):      2.864ns (routing 1.146ns, distribution 1.718ns)

    Location             Delay type                Incr(ns)  Path(ns)    Netlist Resource(s)
  -------------------------------------------------------------------    -------------------
                         (clock sys_clk_pin rise edge)
                                                      0.000     0.000 r  
    AA13                                              0.000     0.000 r  clk (IN)
                         net (fo=0)                   0.000     0.000    clk_IBUF_inst/I
    AA13                 INBUF (Prop_INBUF_HRIO_PAD_O)
                                                      0.955     0.955 r  clk_IBUF_inst/INBUF_INST/O
                         net (fo=1, routed)           0.105     1.060    clk_IBUF_inst/OUT
    AA13                 IBUFCTRL (Prop_IBUFCTRL_HRIO_I_O)
                                                      0.049     1.109 r  clk_IBUF_inst/IBUFCTRL_INST/O
                         net (fo=1, routed)           0.839     1.948    clk_IBUF
    BUFGCE_X1Y0          BUFGCE (Prop_BUFCE_BUFGCE_I_O)
                                                      0.101     2.049 r  clk_IBUF_BUFG_inst/O
    X2Y3 (CLOCK_ROOT)    net (fo=37192, routed)       2.864     4.913    clk_IBUF_BUFG
    SLICE_X49Y284        FDRE                                         r  o_label_reg[44]/C
  -------------------------------------------------------------------    -------------------
    SLICE_X49Y284        FDRE (Prop_DFF_SLICEL_C_Q)
                                                      0.139     5.052 r  o_label_reg[44]/Q
                         net (fo=1, routed)           6.752    11.804    o_label_OBUF[44]
    AB26                 OBUF (Prop_OUTBUF_HPIOB_I_O)
                                                      0.844    12.648 r  o_label_OBUF[44]_inst/O
                         net (fo=0)                   0.000    12.648    o_label[44]
    AB26                                                              r  o_label[44] (OUT)
  -------------------------------------------------------------------    -------------------

Slack:                    inf
  Source:                 o_label_reg[45]/C
                            (rising edge-triggered cell FDRE clocked by sys_clk_pin  {rise@0.000ns fall@0.500ns period=1.000ns})
  Destination:            o_label[45]
                            (output port)
  Path Group:             (none)
  Path Type:              Max at Slow Process Corner
  Data Path Delay:        7.652ns  (logic 0.987ns (12.895%)  route 6.665ns (87.105%))
  Logic Levels:           1  (OBUF=1)
  Clock Uncertainty:      0.025ns  ((TSJ^2 + TIJ^2)^1/2 + DJ) / 2 + PE
    Total System Jitter     (TSJ):    0.050ns
    Total Input Jitter      (TIJ):    0.000ns
    Discrete Jitter          (DJ):    0.000ns
    Phase Error              (PE):    0.000ns
  Clock Net Delay (Source):      2.917ns (routing 1.146ns, distribution 1.771ns)

    Location             Delay type                Incr(ns)  Path(ns)    Netlist Resource(s)
  -------------------------------------------------------------------    -------------------
                         (clock sys_clk_pin rise edge)
                                                      0.000     0.000 r  
    AA13                                              0.000     0.000 r  clk (IN)
                         net (fo=0)                   0.000     0.000    clk_IBUF_inst/I
    AA13                 INBUF (Prop_INBUF_HRIO_PAD_O)
                                                      0.955     0.955 r  clk_IBUF_inst/INBUF_INST/O
                         net (fo=1, routed)           0.105     1.060    clk_IBUF_inst/OUT
    AA13                 IBUFCTRL (Prop_IBUFCTRL_HRIO_I_O)
                                                      0.049     1.109 r  clk_IBUF_inst/IBUFCTRL_INST/O
                         net (fo=1, routed)           0.839     1.948    clk_IBUF
    BUFGCE_X1Y0          BUFGCE (Prop_BUFCE_BUFGCE_I_O)
                                                      0.101     2.049 r  clk_IBUF_BUFG_inst/O
    X2Y3 (CLOCK_ROOT)    net (fo=37192, routed)       2.917     4.966    clk_IBUF_BUFG
    SLICE_X54Y298        FDRE                                         r  o_label_reg[45]/C
  -------------------------------------------------------------------    -------------------
    SLICE_X54Y298        FDRE (Prop_DFF_SLICEL_C_Q)
                                                      0.139     5.105 r  o_label_reg[45]/Q
                         net (fo=1, routed)           6.665    11.770    o_label_OBUF[45]
    AC26                 OBUF (Prop_OUTBUF_HPIOB_I_O)
                                                      0.848    12.618 r  o_label_OBUF[45]_inst/O
                         net (fo=0)                   0.000    12.618    o_label[45]
    AC26                                                              r  o_label[45] (OUT)
  -------------------------------------------------------------------    -------------------

Slack:                    inf
  Source:                 o_label_reg[41]/C
                            (rising edge-triggered cell FDRE clocked by sys_clk_pin  {rise@0.000ns fall@0.500ns period=1.000ns})
  Destination:            o_label[41]
                            (output port)
  Path Group:             (none)
  Path Type:              Max at Slow Process Corner
  Data Path Delay:        7.687ns  (logic 0.984ns (12.797%)  route 6.703ns (87.203%))
  Logic Levels:           1  (OBUF=1)
  Clock Uncertainty:      0.025ns  ((TSJ^2 + TIJ^2)^1/2 + DJ) / 2 + PE
    Total System Jitter     (TSJ):    0.050ns
    Total Input Jitter      (TIJ):    0.000ns
    Discrete Jitter          (DJ):    0.000ns
    Phase Error              (PE):    0.000ns
  Clock Net Delay (Source):      2.868ns (routing 1.146ns, distribution 1.722ns)

    Location             Delay type                Incr(ns)  Path(ns)    Netlist Resource(s)
  -------------------------------------------------------------------    -------------------
                         (clock sys_clk_pin rise edge)
                                                      0.000     0.000 r  
    AA13                                              0.000     0.000 r  clk (IN)
                         net (fo=0)                   0.000     0.000    clk_IBUF_inst/I
    AA13                 INBUF (Prop_INBUF_HRIO_PAD_O)
                                                      0.955     0.955 r  clk_IBUF_inst/INBUF_INST/O
                         net (fo=1, routed)           0.105     1.060    clk_IBUF_inst/OUT
    AA13                 IBUFCTRL (Prop_IBUFCTRL_HRIO_I_O)
                                                      0.049     1.109 r  clk_IBUF_inst/IBUFCTRL_INST/O
                         net (fo=1, routed)           0.839     1.948    clk_IBUF
    BUFGCE_X1Y0          BUFGCE (Prop_BUFCE_BUFGCE_I_O)
                                                      0.101     2.049 r  clk_IBUF_BUFG_inst/O
    X2Y3 (CLOCK_ROOT)    net (fo=37192, routed)       2.868     4.917    clk_IBUF_BUFG
    SLICE_X49Y292        FDRE                                         r  o_label_reg[41]/C
  -------------------------------------------------------------------    -------------------
    SLICE_X49Y292        FDRE (Prop_DFF_SLICEL_C_Q)
                                                      0.139     5.056 r  o_label_reg[41]/Q
                         net (fo=1, routed)           6.703    11.759    o_label_OBUF[41]
    AB25                 OBUF (Prop_OUTBUF_HPIOB_I_O)
                                                      0.845    12.604 r  o_label_OBUF[41]_inst/O
                         net (fo=0)                   0.000    12.604    o_label[41]
    AB25                                                              r  o_label[41] (OUT)
  -------------------------------------------------------------------    -------------------

Slack:                    inf
  Source:                 o_label_reg[9]/C
                            (rising edge-triggered cell FDRE clocked by sys_clk_pin  {rise@0.000ns fall@0.500ns period=1.000ns})
  Destination:            o_label[9]
                            (output port)
  Path Group:             (none)
  Path Type:              Max at Slow Process Corner
  Data Path Delay:        7.617ns  (logic 0.993ns (13.039%)  route 6.624ns (86.961%))
  Logic Levels:           1  (OBUF=1)
  Clock Uncertainty:      0.025ns  ((TSJ^2 + TIJ^2)^1/2 + DJ) / 2 + PE
    Total System Jitter     (TSJ):    0.050ns
    Total Input Jitter      (TIJ):    0.000ns
    Discrete Jitter          (DJ):    0.000ns
    Phase Error              (PE):    0.000ns
  Clock Net Delay (Source):      2.936ns (routing 1.146ns, distribution 1.790ns)

    Location             Delay type                Incr(ns)  Path(ns)    Netlist Resource(s)
  -------------------------------------------------------------------    -------------------
                         (clock sys_clk_pin rise edge)
                                                      0.000     0.000 r  
    AA13                                              0.000     0.000 r  clk (IN)
                         net (fo=0)                   0.000     0.000    clk_IBUF_inst/I
    AA13                 INBUF (Prop_INBUF_HRIO_PAD_O)
                                                      0.955     0.955 r  clk_IBUF_inst/INBUF_INST/O
                         net (fo=1, routed)           0.105     1.060    clk_IBUF_inst/OUT
    AA13                 IBUFCTRL (Prop_IBUFCTRL_HRIO_I_O)
                                                      0.049     1.109 r  clk_IBUF_inst/IBUFCTRL_INST/O
                         net (fo=1, routed)           0.839     1.948    clk_IBUF
    BUFGCE_X1Y0          BUFGCE (Prop_BUFCE_BUFGCE_I_O)
                                                      0.101     2.049 r  clk_IBUF_BUFG_inst/O
    X2Y3 (CLOCK_ROOT)    net (fo=37192, routed)       2.936     4.985    clk_IBUF_BUFG
    SLICE_X58Y299        FDRE                                         r  o_label_reg[9]/C
  -------------------------------------------------------------------    -------------------
    SLICE_X58Y299        FDRE (Prop_DFF_SLICEM_C_Q)
                                                      0.139     5.124 r  o_label_reg[9]/Q
                         net (fo=1, routed)           6.624    11.748    o_label_OBUF[9]
    R21                  OBUF (Prop_OUTBUF_HPIOB_I_O)
                                                      0.854    12.602 r  o_label_OBUF[9]_inst/O
                         net (fo=0)                   0.000    12.602    o_label[9]
    R21                                                               r  o_label[9] (OUT)
  -------------------------------------------------------------------    -------------------





Min Delay Paths
--------------------------------------------------------------------------------------
Slack:                    inf
  Source:                 o_label_reg[56]/C
                            (rising edge-triggered cell FDRE clocked by sys_clk_pin  {rise@0.000ns fall@0.500ns period=1.000ns})
  Destination:            o_label[56]
                            (output port)
  Path Group:             (none)
  Path Type:              Min at Fast Process Corner
  Data Path Delay:        2.505ns  (logic 0.419ns (16.737%)  route 2.086ns (83.263%))
  Logic Levels:           1  (OBUF=1)
  Clock Uncertainty:      0.025ns  ((TSJ^2 + TIJ^2)^1/2 + DJ) / 2 + PE
    Total System Jitter     (TSJ):    0.050ns
    Total Input Jitter      (TIJ):    0.000ns
    Discrete Jitter          (DJ):    0.000ns
    Phase Error              (PE):    0.000ns
  Clock Net Delay (Source):      1.064ns (routing 0.452ns, distribution 0.612ns)

    Location             Delay type                Incr(ns)  Path(ns)    Netlist Resource(s)
  -------------------------------------------------------------------    -------------------
                         (clock sys_clk_pin rise edge)
                                                      0.000     0.000 r  
    AA13                                              0.000     0.000 r  clk (IN)
                         net (fo=0)                   0.000     0.000    clk_IBUF_inst/I
    AA13                 INBUF (Prop_INBUF_HRIO_PAD_O)
                                                      0.562     0.562 r  clk_IBUF_inst/INBUF_INST/O
                         net (fo=1, routed)           0.025     0.587    clk_IBUF_inst/OUT
    AA13                 IBUFCTRL (Prop_IBUFCTRL_HRIO_I_O)
                                                      0.015     0.602 r  clk_IBUF_inst/IBUFCTRL_INST/O
                         net (fo=1, routed)           0.350     0.952    clk_IBUF
    BUFGCE_X1Y0          BUFGCE (Prop_BUFCE_BUFGCE_I_O)
                                                      0.027     0.979 r  clk_IBUF_BUFG_inst/O
    X2Y3 (CLOCK_ROOT)    net (fo=37192, routed)       1.064     2.043    clk_IBUF_BUFG
    SLICE_X51Y250        FDRE                                         r  o_label_reg[56]/C
  -------------------------------------------------------------------    -------------------
    SLICE_X51Y250        FDRE (Prop_BFF_SLICEL_C_Q)
                                                      0.049     2.092 r  o_label_reg[56]/Q
                         net (fo=1, routed)           2.086     4.178    o_label_OBUF[56]
    M19                  OBUF (Prop_OUTBUF_HPIOB_I_O)
                                                      0.370     4.548 r  o_label_OBUF[56]_inst/O
                         net (fo=0)                   0.000     4.548    o_label[56]
    M19                                                               r  o_label[56] (OUT)
  -------------------------------------------------------------------    -------------------

Slack:                    inf
  Source:                 o_label_reg[54]/C
                            (rising edge-triggered cell FDRE clocked by sys_clk_pin  {rise@0.000ns fall@0.500ns period=1.000ns})
  Destination:            o_label[54]
                            (output port)
  Path Group:             (none)
  Path Type:              Min at Fast Process Corner
  Data Path Delay:        2.532ns  (logic 0.417ns (16.465%)  route 2.115ns (83.535%))
  Logic Levels:           1  (OBUF=1)
  Clock Uncertainty:      0.025ns  ((TSJ^2 + TIJ^2)^1/2 + DJ) / 2 + PE
    Total System Jitter     (TSJ):    0.050ns
    Total Input Jitter      (TIJ):    0.000ns
    Discrete Jitter          (DJ):    0.000ns
    Phase Error              (PE):    0.000ns
  Clock Net Delay (Source):      1.060ns (routing 0.452ns, distribution 0.608ns)

    Location             Delay type                Incr(ns)  Path(ns)    Netlist Resource(s)
  -------------------------------------------------------------------    -------------------
                         (clock sys_clk_pin rise edge)
                                                      0.000     0.000 r  
    AA13                                              0.000     0.000 r  clk (IN)
                         net (fo=0)                   0.000     0.000    clk_IBUF_inst/I
    AA13                 INBUF (Prop_INBUF_HRIO_PAD_O)
                                                      0.562     0.562 r  clk_IBUF_inst/INBUF_INST/O
                         net (fo=1, routed)           0.025     0.587    clk_IBUF_inst/OUT
    AA13                 IBUFCTRL (Prop_IBUFCTRL_HRIO_I_O)
                                                      0.015     0.602 r  clk_IBUF_inst/IBUFCTRL_INST/O
                         net (fo=1, routed)           0.350     0.952    clk_IBUF
    BUFGCE_X1Y0          BUFGCE (Prop_BUFCE_BUFGCE_I_O)
                                                      0.027     0.979 r  clk_IBUF_BUFG_inst/O
    X2Y3 (CLOCK_ROOT)    net (fo=37192, routed)       1.060     2.039    clk_IBUF_BUFG
    SLICE_X52Y252        FDRE                                         r  o_label_reg[54]/C
  -------------------------------------------------------------------    -------------------
    SLICE_X52Y252        FDRE (Prop_DFF_SLICEM_C_Q)
                                                      0.049     2.088 r  o_label_reg[54]/Q
                         net (fo=1, routed)           2.115     4.203    o_label_OBUF[54]
    M20                  OBUF (Prop_OUTBUF_HPIOB_I_O)
                                                      0.368     4.571 r  o_label_OBUF[54]_inst/O
                         net (fo=0)                   0.000     4.571    o_label[54]
    M20                                                               r  o_label[54] (OUT)
  -------------------------------------------------------------------    -------------------

Slack:                    inf
  Source:                 o_label_reg[58]/C
                            (rising edge-triggered cell FDRE clocked by sys_clk_pin  {rise@0.000ns fall@0.500ns period=1.000ns})
  Destination:            o_label[58]
                            (output port)
  Path Group:             (none)
  Path Type:              Min at Fast Process Corner
  Data Path Delay:        2.539ns  (logic 0.445ns (17.516%)  route 2.094ns (82.484%))
  Logic Levels:           1  (OBUF=1)
  Clock Uncertainty:      0.025ns  ((TSJ^2 + TIJ^2)^1/2 + DJ) / 2 + PE
    Total System Jitter     (TSJ):    0.050ns
    Total Input Jitter      (TIJ):    0.000ns
    Discrete Jitter          (DJ):    0.000ns
    Phase Error              (PE):    0.000ns
  Clock Net Delay (Source):      1.069ns (routing 0.452ns, distribution 0.617ns)

    Location             Delay type                Incr(ns)  Path(ns)    Netlist Resource(s)
  -------------------------------------------------------------------    -------------------
                         (clock sys_clk_pin rise edge)
                                                      0.000     0.000 r  
    AA13                                              0.000     0.000 r  clk (IN)
                         net (fo=0)                   0.000     0.000    clk_IBUF_inst/I
    AA13                 INBUF (Prop_INBUF_HRIO_PAD_O)
                                                      0.562     0.562 r  clk_IBUF_inst/INBUF_INST/O
                         net (fo=1, routed)           0.025     0.587    clk_IBUF_inst/OUT
    AA13                 IBUFCTRL (Prop_IBUFCTRL_HRIO_I_O)
                                                      0.015     0.602 r  clk_IBUF_inst/IBUFCTRL_INST/O
                         net (fo=1, routed)           0.350     0.952    clk_IBUF
    BUFGCE_X1Y0          BUFGCE (Prop_BUFCE_BUFGCE_I_O)
                                                      0.027     0.979 r  clk_IBUF_BUFG_inst/O
    X2Y3 (CLOCK_ROOT)    net (fo=37192, routed)       1.069     2.048    clk_IBUF_BUFG
    SLICE_X54Y255        FDRE                                         r  o_label_reg[58]/C
  -------------------------------------------------------------------    -------------------
    SLICE_X54Y255        FDRE (Prop_DFF_SLICEL_C_Q)
                                                      0.049     2.097 r  o_label_reg[58]/Q
                         net (fo=1, routed)           2.094     4.191    o_label_OBUF[58]
    K20                  OBUF (Prop_OUTBUF_HPIOB_I_O)
                                                      0.396     4.587 r  o_label_OBUF[58]_inst/O
                         net (fo=0)                   0.000     4.587    o_label[58]
    K20                                                               r  o_label[58] (OUT)
  -------------------------------------------------------------------    -------------------

Slack:                    inf
  Source:                 o_label_reg[61]/C
                            (rising edge-triggered cell FDRE clocked by sys_clk_pin  {rise@0.000ns fall@0.500ns period=1.000ns})
  Destination:            o_label[61]
                            (output port)
  Path Group:             (none)
  Path Type:              Min at Fast Process Corner
  Data Path Delay:        2.546ns  (logic 0.417ns (16.375%)  route 2.129ns (83.625%))
  Logic Levels:           1  (OBUF=1)
  Clock Uncertainty:      0.025ns  ((TSJ^2 + TIJ^2)^1/2 + DJ) / 2 + PE
    Total System Jitter     (TSJ):    0.050ns
    Total Input Jitter      (TIJ):    0.000ns
    Discrete Jitter          (DJ):    0.000ns
    Phase Error              (PE):    0.000ns
  Clock Net Delay (Source):      1.071ns (routing 0.452ns, distribution 0.619ns)

    Location             Delay type                Incr(ns)  Path(ns)    Netlist Resource(s)
  -------------------------------------------------------------------    -------------------
                         (clock sys_clk_pin rise edge)
                                                      0.000     0.000 r  
    AA13                                              0.000     0.000 r  clk (IN)
                         net (fo=0)                   0.000     0.000    clk_IBUF_inst/I
    AA13                 INBUF (Prop_INBUF_HRIO_PAD_O)
                                                      0.562     0.562 r  clk_IBUF_inst/INBUF_INST/O
                         net (fo=1, routed)           0.025     0.587    clk_IBUF_inst/OUT
    AA13                 IBUFCTRL (Prop_IBUFCTRL_HRIO_I_O)
                                                      0.015     0.602 r  clk_IBUF_inst/IBUFCTRL_INST/O
                         net (fo=1, routed)           0.350     0.952    clk_IBUF
    BUFGCE_X1Y0          BUFGCE (Prop_BUFCE_BUFGCE_I_O)
                                                      0.027     0.979 r  clk_IBUF_BUFG_inst/O
    X2Y3 (CLOCK_ROOT)    net (fo=37192, routed)       1.071     2.050    clk_IBUF_BUFG
    SLICE_X54Y252        FDRE                                         r  o_label_reg[61]/C
  -------------------------------------------------------------------    -------------------
    SLICE_X54Y252        FDRE (Prop_DFF_SLICEL_C_Q)
                                                      0.049     2.099 r  o_label_reg[61]/Q
                         net (fo=1, routed)           2.129     4.228    o_label_OBUF[61]
    K18                  OBUF (Prop_OUTBUF_HPIOB_I_O)
                                                      0.368     4.596 r  o_label_OBUF[61]_inst/O
                         net (fo=0)                   0.000     4.596    o_label[61]
    K18                                                               r  o_label[61] (OUT)
  -------------------------------------------------------------------    -------------------

Slack:                    inf
  Source:                 o_label_reg[59]/C
                            (rising edge-triggered cell FDRE clocked by sys_clk_pin  {rise@0.000ns fall@0.500ns period=1.000ns})
  Destination:            o_label[59]
                            (output port)
  Path Group:             (none)
  Path Type:              Min at Fast Process Corner
  Data Path Delay:        2.631ns  (logic 0.439ns (16.682%)  route 2.192ns (83.318%))
  Logic Levels:           1  (OBUF=1)
  Clock Uncertainty:      0.025ns  ((TSJ^2 + TIJ^2)^1/2 + DJ) / 2 + PE
    Total System Jitter     (TSJ):    0.050ns
    Total Input Jitter      (TIJ):    0.000ns
    Discrete Jitter          (DJ):    0.000ns
    Phase Error              (PE):    0.000ns
  Clock Net Delay (Source):      1.062ns (routing 0.452ns, distribution 0.610ns)

    Location             Delay type                Incr(ns)  Path(ns)    Netlist Resource(s)
  -------------------------------------------------------------------    -------------------
                         (clock sys_clk_pin rise edge)
                                                      0.000     0.000 r  
    AA13                                              0.000     0.000 r  clk (IN)
                         net (fo=0)                   0.000     0.000    clk_IBUF_inst/I
    AA13                 INBUF (Prop_INBUF_HRIO_PAD_O)
                                                      0.562     0.562 r  clk_IBUF_inst/INBUF_INST/O
                         net (fo=1, routed)           0.025     0.587    clk_IBUF_inst/OUT
    AA13                 IBUFCTRL (Prop_IBUFCTRL_HRIO_I_O)
                                                      0.015     0.602 r  clk_IBUF_inst/IBUFCTRL_INST/O
                         net (fo=1, routed)           0.350     0.952    clk_IBUF
    BUFGCE_X1Y0          BUFGCE (Prop_BUFCE_BUFGCE_I_O)
                                                      0.027     0.979 r  clk_IBUF_BUFG_inst/O
    X2Y3 (CLOCK_ROOT)    net (fo=37192, routed)       1.062     2.041    clk_IBUF_BUFG
    SLICE_X51Y249        FDRE                                         r  o_label_reg[59]/C
  -------------------------------------------------------------------    -------------------
    SLICE_X51Y249        FDRE (Prop_HFF_SLICEL_C_Q)
                                                      0.048     2.089 r  o_label_reg[59]/Q
                         net (fo=1, routed)           2.192     4.281    o_label_OBUF[59]
    K21                  OBUF (Prop_OUTBUF_HPIOB_I_O)
                                                      0.391     4.672 r  o_label_OBUF[59]_inst/O
                         net (fo=0)                   0.000     4.672    o_label[59]
    K21                                                               r  o_label[59] (OUT)
  -------------------------------------------------------------------    -------------------

Slack:                    inf
  Source:                 o_label_reg[60]/C
                            (rising edge-triggered cell FDRE clocked by sys_clk_pin  {rise@0.000ns fall@0.500ns period=1.000ns})
  Destination:            o_label[60]
                            (output port)
  Path Group:             (none)
  Path Type:              Min at Fast Process Corner
  Data Path Delay:        2.641ns  (logic 0.417ns (15.782%)  route 2.224ns (84.218%))
  Logic Levels:           1  (OBUF=1)
  Clock Uncertainty:      0.025ns  ((TSJ^2 + TIJ^2)^1/2 + DJ) / 2 + PE
    Total System Jitter     (TSJ):    0.050ns
    Total Input Jitter      (TIJ):    0.000ns
    Discrete Jitter          (DJ):    0.000ns
    Phase Error              (PE):    0.000ns
  Clock Net Delay (Source):      1.055ns (routing 0.452ns, distribution 0.603ns)

    Location             Delay type                Incr(ns)  Path(ns)    Netlist Resource(s)
  -------------------------------------------------------------------    -------------------
                         (clock sys_clk_pin rise edge)
                                                      0.000     0.000 r  
    AA13                                              0.000     0.000 r  clk (IN)
                         net (fo=0)                   0.000     0.000    clk_IBUF_inst/I
    AA13                 INBUF (Prop_INBUF_HRIO_PAD_O)
                                                      0.562     0.562 r  clk_IBUF_inst/INBUF_INST/O
                         net (fo=1, routed)           0.025     0.587    clk_IBUF_inst/OUT
    AA13                 IBUFCTRL (Prop_IBUFCTRL_HRIO_I_O)
                                                      0.015     0.602 r  clk_IBUF_inst/IBUFCTRL_INST/O
                         net (fo=1, routed)           0.350     0.952    clk_IBUF
    BUFGCE_X1Y0          BUFGCE (Prop_BUFCE_BUFGCE_I_O)
                                                      0.027     0.979 r  clk_IBUF_BUFG_inst/O
    X2Y3 (CLOCK_ROOT)    net (fo=37192, routed)       1.055     2.034    clk_IBUF_BUFG
    SLICE_X49Y250        FDRE                                         r  o_label_reg[60]/C
  -------------------------------------------------------------------    -------------------
    SLICE_X49Y250        FDRE (Prop_DFF_SLICEL_C_Q)
                                                      0.049     2.083 r  o_label_reg[60]/Q
                         net (fo=1, routed)           2.224     4.307    o_label_OBUF[60]
    L18                  OBUF (Prop_OUTBUF_HPIOB_I_O)
                                                      0.368     4.675 r  o_label_OBUF[60]_inst/O
                         net (fo=0)                   0.000     4.675    o_label[60]
    L18                                                               r  o_label[60] (OUT)
  -------------------------------------------------------------------    -------------------

Slack:                    inf
  Source:                 o_label_reg[53]/C
                            (rising edge-triggered cell FDRE clocked by sys_clk_pin  {rise@0.000ns fall@0.500ns period=1.000ns})
  Destination:            o_label[53]
                            (output port)
  Path Group:             (none)
  Path Type:              Min at Fast Process Corner
  Data Path Delay:        2.636ns  (logic 0.428ns (16.224%)  route 2.208ns (83.776%))
  Logic Levels:           1  (OBUF=1)
  Clock Uncertainty:      0.025ns  ((TSJ^2 + TIJ^2)^1/2 + DJ) / 2 + PE
    Total System Jitter     (TSJ):    0.050ns
    Total Input Jitter      (TIJ):    0.000ns
    Discrete Jitter          (DJ):    0.000ns
    Phase Error              (PE):    0.000ns
  Clock Net Delay (Source):      1.065ns (routing 0.452ns, distribution 0.613ns)

    Location             Delay type                Incr(ns)  Path(ns)    Netlist Resource(s)
  -------------------------------------------------------------------    -------------------
                         (clock sys_clk_pin rise edge)
                                                      0.000     0.000 r  
    AA13                                              0.000     0.000 r  clk (IN)
                         net (fo=0)                   0.000     0.000    clk_IBUF_inst/I
    AA13                 INBUF (Prop_INBUF_HRIO_PAD_O)
                                                      0.562     0.562 r  clk_IBUF_inst/INBUF_INST/O
                         net (fo=1, routed)           0.025     0.587    clk_IBUF_inst/OUT
    AA13                 IBUFCTRL (Prop_IBUFCTRL_HRIO_I_O)
                                                      0.015     0.602 r  clk_IBUF_inst/IBUFCTRL_INST/O
                         net (fo=1, routed)           0.350     0.952    clk_IBUF
    BUFGCE_X1Y0          BUFGCE (Prop_BUFCE_BUFGCE_I_O)
                                                      0.027     0.979 r  clk_IBUF_BUFG_inst/O
    X2Y3 (CLOCK_ROOT)    net (fo=37192, routed)       1.065     2.044    clk_IBUF_BUFG
    SLICE_X50Y250        FDRE                                         r  o_label_reg[53]/C
  -------------------------------------------------------------------    -------------------
    SLICE_X50Y250        FDRE (Prop_DFF_SLICEM_C_Q)
                                                      0.049     2.093 r  o_label_reg[53]/Q
                         net (fo=1, routed)           2.208     4.301    o_label_OBUF[53]
    J20                  OBUF (Prop_OUTBUF_HPIOB_I_O)
                                                      0.379     4.680 r  o_label_OBUF[53]_inst/O
                         net (fo=0)                   0.000     4.680    o_label[53]
    J20                                                               r  o_label[53] (OUT)
  -------------------------------------------------------------------    -------------------

Slack:                    inf
  Source:                 o_label_reg[57]/C
                            (rising edge-triggered cell FDRE clocked by sys_clk_pin  {rise@0.000ns fall@0.500ns period=1.000ns})
  Destination:            o_label[57]
                            (output port)
  Path Group:             (none)
  Path Type:              Min at Fast Process Corner
  Data Path Delay:        2.643ns  (logic 0.416ns (15.727%)  route 2.227ns (84.273%))
  Logic Levels:           1  (OBUF=1)
  Clock Uncertainty:      0.025ns  ((TSJ^2 + TIJ^2)^1/2 + DJ) / 2 + PE
    Total System Jitter     (TSJ):    0.050ns
    Total Input Jitter      (TIJ):    0.000ns
    Discrete Jitter          (DJ):    0.000ns
    Phase Error              (PE):    0.000ns
  Clock Net Delay (Source):      1.062ns (routing 0.452ns, distribution 0.610ns)

    Location             Delay type                Incr(ns)  Path(ns)    Netlist Resource(s)
  -------------------------------------------------------------------    -------------------
                         (clock sys_clk_pin rise edge)
                                                      0.000     0.000 r  
    AA13                                              0.000     0.000 r  clk (IN)
                         net (fo=0)                   0.000     0.000    clk_IBUF_inst/I
    AA13                 INBUF (Prop_INBUF_HRIO_PAD_O)
                                                      0.562     0.562 r  clk_IBUF_inst/INBUF_INST/O
                         net (fo=1, routed)           0.025     0.587    clk_IBUF_inst/OUT
    AA13                 IBUFCTRL (Prop_IBUFCTRL_HRIO_I_O)
                                                      0.015     0.602 r  clk_IBUF_inst/IBUFCTRL_INST/O
                         net (fo=1, routed)           0.350     0.952    clk_IBUF
    BUFGCE_X1Y0          BUFGCE (Prop_BUFCE_BUFGCE_I_O)
                                                      0.027     0.979 r  clk_IBUF_BUFG_inst/O
    X2Y3 (CLOCK_ROOT)    net (fo=37192, routed)       1.062     2.041    clk_IBUF_BUFG
    SLICE_X50Y254        FDRE                                         r  o_label_reg[57]/C
  -------------------------------------------------------------------    -------------------
    SLICE_X50Y254        FDRE (Prop_HFF_SLICEM_C_Q)
                                                      0.048     2.089 r  o_label_reg[57]/Q
                         net (fo=1, routed)           2.227     4.316    o_label_OBUF[57]
    L19                  OBUF (Prop_OUTBUF_HPIOB_I_O)
                                                      0.368     4.684 r  o_label_OBUF[57]_inst/O
                         net (fo=0)                   0.000     4.684    o_label[57]
    L19                                                               r  o_label[57] (OUT)
  -------------------------------------------------------------------    -------------------

Slack:                    inf
  Source:                 o_label_reg[55]/C
                            (rising edge-triggered cell FDRE clocked by sys_clk_pin  {rise@0.000ns fall@0.500ns period=1.000ns})
  Destination:            o_label[55]
                            (output port)
  Path Group:             (none)
  Path Type:              Min at Fast Process Corner
  Data Path Delay:        2.640ns  (logic 0.421ns (15.941%)  route 2.219ns (84.059%))
  Logic Levels:           1  (OBUF=1)
  Clock Uncertainty:      0.025ns  ((TSJ^2 + TIJ^2)^1/2 + DJ) / 2 + PE
    Total System Jitter     (TSJ):    0.050ns
    Total Input Jitter      (TIJ):    0.000ns
    Discrete Jitter          (DJ):    0.000ns
    Phase Error              (PE):    0.000ns
  Clock Net Delay (Source):      1.076ns (routing 0.452ns, distribution 0.624ns)

    Location             Delay type                Incr(ns)  Path(ns)    Netlist Resource(s)
  -------------------------------------------------------------------    -------------------
                         (clock sys_clk_pin rise edge)
                                                      0.000     0.000 r  
    AA13                                              0.000     0.000 r  clk (IN)
                         net (fo=0)                   0.000     0.000    clk_IBUF_inst/I
    AA13                 INBUF (Prop_INBUF_HRIO_PAD_O)
                                                      0.562     0.562 r  clk_IBUF_inst/INBUF_INST/O
                         net (fo=1, routed)           0.025     0.587    clk_IBUF_inst/OUT
    AA13                 IBUFCTRL (Prop_IBUFCTRL_HRIO_I_O)
                                                      0.015     0.602 r  clk_IBUF_inst/IBUFCTRL_INST/O
                         net (fo=1, routed)           0.350     0.952    clk_IBUF
    BUFGCE_X1Y0          BUFGCE (Prop_BUFCE_BUFGCE_I_O)
                                                      0.027     0.979 r  clk_IBUF_BUFG_inst/O
    X2Y3 (CLOCK_ROOT)    net (fo=37192, routed)       1.076     2.055    clk_IBUF_BUFG
    SLICE_X56Y250        FDRE                                         r  o_label_reg[55]/C
  -------------------------------------------------------------------    -------------------
    SLICE_X56Y250        FDRE (Prop_BFF_SLICEL_C_Q)
                                                      0.049     2.104 r  o_label_reg[55]/Q
                         net (fo=1, routed)           2.219     4.323    o_label_OBUF[55]
    L20                  OBUF (Prop_OUTBUF_HPIOB_I_O)
                                                      0.372     4.695 r  o_label_OBUF[55]_inst/O
                         net (fo=0)                   0.000     4.695    o_label[55]
    L20                                                               r  o_label[55] (OUT)
  -------------------------------------------------------------------    -------------------

Slack:                    inf
  Source:                 o_valid_reg/C
                            (rising edge-triggered cell FDRE clocked by sys_clk_pin  {rise@0.000ns fall@0.500ns period=1.000ns})
  Destination:            o_valid
                            (output port)
  Path Group:             (none)
  Path Type:              Min at Fast Process Corner
  Data Path Delay:        2.681ns  (logic 0.442ns (16.486%)  route 2.239ns (83.514%))
  Logic Levels:           1  (OBUF=1)
  Clock Uncertainty:      0.025ns  ((TSJ^2 + TIJ^2)^1/2 + DJ) / 2 + PE
    Total System Jitter     (TSJ):    0.050ns
    Total Input Jitter      (TIJ):    0.000ns
    Discrete Jitter          (DJ):    0.000ns
    Phase Error              (PE):    0.000ns
  Clock Net Delay (Source):      1.053ns (routing 0.452ns, distribution 0.601ns)

    Location             Delay type                Incr(ns)  Path(ns)    Netlist Resource(s)
  -------------------------------------------------------------------    -------------------
                         (clock sys_clk_pin rise edge)
                                                      0.000     0.000 r  
    AA13                                              0.000     0.000 r  clk (IN)
                         net (fo=0)                   0.000     0.000    clk_IBUF_inst/I
    AA13                 INBUF (Prop_INBUF_HRIO_PAD_O)
                                                      0.562     0.562 r  clk_IBUF_inst/INBUF_INST/O
                         net (fo=1, routed)           0.025     0.587    clk_IBUF_inst/OUT
    AA13                 IBUFCTRL (Prop_IBUFCTRL_HRIO_I_O)
                                                      0.015     0.602 r  clk_IBUF_inst/IBUFCTRL_INST/O
                         net (fo=1, routed)           0.350     0.952    clk_IBUF
    BUFGCE_X1Y0          BUFGCE (Prop_BUFCE_BUFGCE_I_O)
                                                      0.027     0.979 r  clk_IBUF_BUFG_inst/O
    X2Y3 (CLOCK_ROOT)    net (fo=37192, routed)       1.053     2.032    clk_IBUF_BUFG
    SLICE_X49Y249        FDRE                                         r  o_valid_reg/C
  -------------------------------------------------------------------    -------------------
    SLICE_X49Y249        FDRE (Prop_HFF_SLICEL_C_Q)
                                                      0.048     2.080 r  o_valid_reg/Q
                         net (fo=1, routed)           2.239     4.319    o_valid_OBUF
    H24                  OBUF (Prop_OUTBUF_HPIOB_I_O)
                                                      0.394     4.713 r  o_valid_OBUF_inst/O
                         net (fo=0)                   0.000     4.713    o_valid
    H24                                                               r  o_valid (OUT)
  -------------------------------------------------------------------    -------------------





--------------------------------------------------------------------------------------
Path Group:  (none)
From Clock:  
  To Clock:  sys_clk_pin

Max Delay          8779 Endpoints
Min Delay          8779 Endpoints
--------------------------------------------------------------------------------------


Max Delay Paths
--------------------------------------------------------------------------------------
Slack:                    inf
  Source:                 rst
                            (input port)
  Destination:            o_label_reg[7]/R
                            (rising edge-triggered cell FDRE clocked by sys_clk_pin  {rise@0.000ns fall@0.500ns period=1.000ns})
  Path Group:             (none)
  Path Type:              Setup (Max at Slow Process Corner)
  Data Path Delay:        18.150ns  (logic 0.525ns (2.895%)  route 17.625ns (97.105%))
  Logic Levels:           2  (IBUFCTRL=1 INBUF=1)
  Clock Path Skew:        4.110ns (DCD - SCD + CPR)
    Destination Clock Delay (DCD):    4.110ns
    Source Clock Delay      (SCD):    0.000ns
    Clock Pessimism Removal (CPR):    0.000ns
  Clock Uncertainty:      0.025ns  ((TSJ^2 + TIJ^2)^1/2 + DJ) / 2 + PE
    Total System Jitter     (TSJ):    0.050ns
    Total Input Jitter      (TIJ):    0.000ns
    Discrete Jitter          (DJ):    0.000ns
    Phase Error              (PE):    0.000ns
  Clock Net Delay (Destination): 2.535ns (routing 1.056ns, distribution 1.479ns)

    Location             Delay type                Incr(ns)  Path(ns)    Netlist Resource(s)
  -------------------------------------------------------------------    -------------------
    M21                                               0.000     0.000 r  rst (IN)
                         net (fo=0)                   0.000     0.000    rst_IBUF_inst/I
    M21                  INBUF (Prop_INBUF_HPIOB_PAD_O)
                                                      0.525     0.525 r  rst_IBUF_inst/INBUF_INST/O
                         net (fo=1, routed)           0.103     0.628    rst_IBUF_inst/OUT
    M21                  IBUFCTRL (Prop_IBUFCTRL_HPIOB_I_O)
                                                      0.000     0.628 r  rst_IBUF_inst/IBUFCTRL_INST/O
                         net (fo=3367, routed)       17.522    18.150    rst_IBUF
    SLICE_X57Y280        FDRE                                         r  o_label_reg[7]/R
  -------------------------------------------------------------------    -------------------

                         (clock sys_clk_pin rise edge)
                                                      0.000     0.000 r  
    AA13                                              0.000     0.000 r  clk (IN)
                         net (fo=0)                   0.000     0.000    clk_IBUF_inst/I
    AA13                 INBUF (Prop_INBUF_HRIO_PAD_O)
                                                      0.662     0.662 r  clk_IBUF_inst/INBUF_INST/O
                         net (fo=1, routed)           0.066     0.728    clk_IBUF_inst/OUT
    AA13                 IBUFCTRL (Prop_IBUFCTRL_HRIO_I_O)
                                                      0.034     0.762 r  clk_IBUF_inst/IBUFCTRL_INST/O
                         net (fo=1, routed)           0.722     1.484    clk_IBUF
    BUFGCE_X1Y0          BUFGCE (Prop_BUFCE_BUFGCE_I_O)
                                                      0.091     1.575 r  clk_IBUF_BUFG_inst/O
    X2Y3 (CLOCK_ROOT)    net (fo=37192, routed)       2.535     4.110    clk_IBUF_BUFG
    SLICE_X57Y280        FDRE                                         r  o_label_reg[7]/C

Slack:                    inf
  Source:                 rst
                            (input port)
  Destination:            out_l_buf_reg[1][7]/R
                            (rising edge-triggered cell FDRE clocked by sys_clk_pin  {rise@0.000ns fall@0.500ns period=1.000ns})
  Path Group:             (none)
  Path Type:              Setup (Max at Slow Process Corner)
  Data Path Delay:        18.143ns  (logic 0.525ns (2.896%)  route 17.618ns (97.104%))
  Logic Levels:           2  (IBUFCTRL=1 INBUF=1)
  Clock Path Skew:        4.108ns (DCD - SCD + CPR)
    Destination Clock Delay (DCD):    4.108ns
    Source Clock Delay      (SCD):    0.000ns
    Clock Pessimism Removal (CPR):    0.000ns
  Clock Uncertainty:      0.025ns  ((TSJ^2 + TIJ^2)^1/2 + DJ) / 2 + PE
    Total System Jitter     (TSJ):    0.050ns
    Total Input Jitter      (TIJ):    0.000ns
    Discrete Jitter          (DJ):    0.000ns
    Phase Error              (PE):    0.000ns
  Clock Net Delay (Destination): 2.533ns (routing 1.056ns, distribution 1.477ns)

    Location             Delay type                Incr(ns)  Path(ns)    Netlist Resource(s)
  -------------------------------------------------------------------    -------------------
    M21                                               0.000     0.000 r  rst (IN)
                         net (fo=0)                   0.000     0.000    rst_IBUF_inst/I
    M21                  INBUF (Prop_INBUF_HPIOB_PAD_O)
                                                      0.525     0.525 r  rst_IBUF_inst/INBUF_INST/O
                         net (fo=1, routed)           0.103     0.628    rst_IBUF_inst/OUT
    M21                  IBUFCTRL (Prop_IBUFCTRL_HPIOB_I_O)
                                                      0.000     0.628 r  rst_IBUF_inst/IBUFCTRL_INST/O
                         net (fo=3367, routed)       17.515    18.143    rst_IBUF
    SLICE_X57Y280        FDRE                                         r  out_l_buf_reg[1][7]/R
  -------------------------------------------------------------------    -------------------

                         (clock sys_clk_pin rise edge)
                                                      0.000     0.000 r  
    AA13                                              0.000     0.000 r  clk (IN)
                         net (fo=0)                   0.000     0.000    clk_IBUF_inst/I
    AA13                 INBUF (Prop_INBUF_HRIO_PAD_O)
                                                      0.662     0.662 r  clk_IBUF_inst/INBUF_INST/O
                         net (fo=1, routed)           0.066     0.728    clk_IBUF_inst/OUT
    AA13                 IBUFCTRL (Prop_IBUFCTRL_HRIO_I_O)
                                                      0.034     0.762 r  clk_IBUF_inst/IBUFCTRL_INST/O
                         net (fo=1, routed)           0.722     1.484    clk_IBUF
    BUFGCE_X1Y0          BUFGCE (Prop_BUFCE_BUFGCE_I_O)
                                                      0.091     1.575 r  clk_IBUF_BUFG_inst/O
    X2Y3 (CLOCK_ROOT)    net (fo=37192, routed)       2.533     4.108    clk_IBUF_BUFG
    SLICE_X57Y280        FDRE                                         r  out_l_buf_reg[1][7]/C

Slack:                    inf
  Source:                 rst
                            (input port)
  Destination:            out_l_buf_reg[2][7]/R
                            (rising edge-triggered cell FDRE clocked by sys_clk_pin  {rise@0.000ns fall@0.500ns period=1.000ns})
  Path Group:             (none)
  Path Type:              Setup (Max at Slow Process Corner)
  Data Path Delay:        18.143ns  (logic 0.525ns (2.896%)  route 17.618ns (97.104%))
  Logic Levels:           2  (IBUFCTRL=1 INBUF=1)
  Clock Path Skew:        4.108ns (DCD - SCD + CPR)
    Destination Clock Delay (DCD):    4.108ns
    Source Clock Delay      (SCD):    0.000ns
    Clock Pessimism Removal (CPR):    0.000ns
  Clock Uncertainty:      0.025ns  ((TSJ^2 + TIJ^2)^1/2 + DJ) / 2 + PE
    Total System Jitter     (TSJ):    0.050ns
    Total Input Jitter      (TIJ):    0.000ns
    Discrete Jitter          (DJ):    0.000ns
    Phase Error              (PE):    0.000ns
  Clock Net Delay (Destination): 2.533ns (routing 1.056ns, distribution 1.477ns)

    Location             Delay type                Incr(ns)  Path(ns)    Netlist Resource(s)
  -------------------------------------------------------------------    -------------------
    M21                                               0.000     0.000 r  rst (IN)
                         net (fo=0)                   0.000     0.000    rst_IBUF_inst/I
    M21                  INBUF (Prop_INBUF_HPIOB_PAD_O)
                                                      0.525     0.525 r  rst_IBUF_inst/INBUF_INST/O
                         net (fo=1, routed)           0.103     0.628    rst_IBUF_inst/OUT
    M21                  IBUFCTRL (Prop_IBUFCTRL_HPIOB_I_O)
                                                      0.000     0.628 r  rst_IBUF_inst/IBUFCTRL_INST/O
                         net (fo=3367, routed)       17.515    18.143    rst_IBUF
    SLICE_X57Y280        FDRE                                         r  out_l_buf_reg[2][7]/R
  -------------------------------------------------------------------    -------------------

                         (clock sys_clk_pin rise edge)
                                                      0.000     0.000 r  
    AA13                                              0.000     0.000 r  clk (IN)
                         net (fo=0)                   0.000     0.000    clk_IBUF_inst/I
    AA13                 INBUF (Prop_INBUF_HRIO_PAD_O)
                                                      0.662     0.662 r  clk_IBUF_inst/INBUF_INST/O
                         net (fo=1, routed)           0.066     0.728    clk_IBUF_inst/OUT
    AA13                 IBUFCTRL (Prop_IBUFCTRL_HRIO_I_O)
                                                      0.034     0.762 r  clk_IBUF_inst/IBUFCTRL_INST/O
                         net (fo=1, routed)           0.722     1.484    clk_IBUF
    BUFGCE_X1Y0          BUFGCE (Prop_BUFCE_BUFGCE_I_O)
                                                      0.091     1.575 r  clk_IBUF_BUFG_inst/O
    X2Y3 (CLOCK_ROOT)    net (fo=37192, routed)       2.533     4.108    clk_IBUF_BUFG
    SLICE_X57Y280        FDRE                                         r  out_l_buf_reg[2][7]/C

Slack:                    inf
  Source:                 rst
                            (input port)
  Destination:            out_l_buf_reg[3][7]/R
                            (rising edge-triggered cell FDRE clocked by sys_clk_pin  {rise@0.000ns fall@0.500ns period=1.000ns})
  Path Group:             (none)
  Path Type:              Setup (Max at Slow Process Corner)
  Data Path Delay:        18.143ns  (logic 0.525ns (2.896%)  route 17.618ns (97.104%))
  Logic Levels:           2  (IBUFCTRL=1 INBUF=1)
  Clock Path Skew:        4.108ns (DCD - SCD + CPR)
    Destination Clock Delay (DCD):    4.108ns
    Source Clock Delay      (SCD):    0.000ns
    Clock Pessimism Removal (CPR):    0.000ns
  Clock Uncertainty:      0.025ns  ((TSJ^2 + TIJ^2)^1/2 + DJ) / 2 + PE
    Total System Jitter     (TSJ):    0.050ns
    Total Input Jitter      (TIJ):    0.000ns
    Discrete Jitter          (DJ):    0.000ns
    Phase Error              (PE):    0.000ns
  Clock Net Delay (Destination): 2.533ns (routing 1.056ns, distribution 1.477ns)

    Location             Delay type                Incr(ns)  Path(ns)    Netlist Resource(s)
  -------------------------------------------------------------------    -------------------
    M21                                               0.000     0.000 r  rst (IN)
                         net (fo=0)                   0.000     0.000    rst_IBUF_inst/I
    M21                  INBUF (Prop_INBUF_HPIOB_PAD_O)
                                                      0.525     0.525 r  rst_IBUF_inst/INBUF_INST/O
                         net (fo=1, routed)           0.103     0.628    rst_IBUF_inst/OUT
    M21                  IBUFCTRL (Prop_IBUFCTRL_HPIOB_I_O)
                                                      0.000     0.628 r  rst_IBUF_inst/IBUFCTRL_INST/O
                         net (fo=3367, routed)       17.515    18.143    rst_IBUF
    SLICE_X57Y280        FDRE                                         r  out_l_buf_reg[3][7]/R
  -------------------------------------------------------------------    -------------------

                         (clock sys_clk_pin rise edge)
                                                      0.000     0.000 r  
    AA13                                              0.000     0.000 r  clk (IN)
                         net (fo=0)                   0.000     0.000    clk_IBUF_inst/I
    AA13                 INBUF (Prop_INBUF_HRIO_PAD_O)
                                                      0.662     0.662 r  clk_IBUF_inst/INBUF_INST/O
                         net (fo=1, routed)           0.066     0.728    clk_IBUF_inst/OUT
    AA13                 IBUFCTRL (Prop_IBUFCTRL_HRIO_I_O)
                                                      0.034     0.762 r  clk_IBUF_inst/IBUFCTRL_INST/O
                         net (fo=1, routed)           0.722     1.484    clk_IBUF
    BUFGCE_X1Y0          BUFGCE (Prop_BUFCE_BUFGCE_I_O)
                                                      0.091     1.575 r  clk_IBUF_BUFG_inst/O
    X2Y3 (CLOCK_ROOT)    net (fo=37192, routed)       2.533     4.108    clk_IBUF_BUFG
    SLICE_X57Y280        FDRE                                         r  out_l_buf_reg[3][7]/C

Slack:                    inf
  Source:                 rst
                            (input port)
  Destination:            out_l_buf_reg[4][7]/R
                            (rising edge-triggered cell FDRE clocked by sys_clk_pin  {rise@0.000ns fall@0.500ns period=1.000ns})
  Path Group:             (none)
  Path Type:              Setup (Max at Slow Process Corner)
  Data Path Delay:        18.143ns  (logic 0.525ns (2.896%)  route 17.618ns (97.104%))
  Logic Levels:           2  (IBUFCTRL=1 INBUF=1)
  Clock Path Skew:        4.108ns (DCD - SCD + CPR)
    Destination Clock Delay (DCD):    4.108ns
    Source Clock Delay      (SCD):    0.000ns
    Clock Pessimism Removal (CPR):    0.000ns
  Clock Uncertainty:      0.025ns  ((TSJ^2 + TIJ^2)^1/2 + DJ) / 2 + PE
    Total System Jitter     (TSJ):    0.050ns
    Total Input Jitter      (TIJ):    0.000ns
    Discrete Jitter          (DJ):    0.000ns
    Phase Error              (PE):    0.000ns
  Clock Net Delay (Destination): 2.533ns (routing 1.056ns, distribution 1.477ns)

    Location             Delay type                Incr(ns)  Path(ns)    Netlist Resource(s)
  -------------------------------------------------------------------    -------------------
    M21                                               0.000     0.000 r  rst (IN)
                         net (fo=0)                   0.000     0.000    rst_IBUF_inst/I
    M21                  INBUF (Prop_INBUF_HPIOB_PAD_O)
                                                      0.525     0.525 r  rst_IBUF_inst/INBUF_INST/O
                         net (fo=1, routed)           0.103     0.628    rst_IBUF_inst/OUT
    M21                  IBUFCTRL (Prop_IBUFCTRL_HPIOB_I_O)
                                                      0.000     0.628 r  rst_IBUF_inst/IBUFCTRL_INST/O
                         net (fo=3367, routed)       17.515    18.143    rst_IBUF
    SLICE_X57Y280        FDRE                                         r  out_l_buf_reg[4][7]/R
  -------------------------------------------------------------------    -------------------

                         (clock sys_clk_pin rise edge)
                                                      0.000     0.000 r  
    AA13                                              0.000     0.000 r  clk (IN)
                         net (fo=0)                   0.000     0.000    clk_IBUF_inst/I
    AA13                 INBUF (Prop_INBUF_HRIO_PAD_O)
                                                      0.662     0.662 r  clk_IBUF_inst/INBUF_INST/O
                         net (fo=1, routed)           0.066     0.728    clk_IBUF_inst/OUT
    AA13                 IBUFCTRL (Prop_IBUFCTRL_HRIO_I_O)
                                                      0.034     0.762 r  clk_IBUF_inst/IBUFCTRL_INST/O
                         net (fo=1, routed)           0.722     1.484    clk_IBUF
    BUFGCE_X1Y0          BUFGCE (Prop_BUFCE_BUFGCE_I_O)
                                                      0.091     1.575 r  clk_IBUF_BUFG_inst/O
    X2Y3 (CLOCK_ROOT)    net (fo=37192, routed)       2.533     4.108    clk_IBUF_BUFG
    SLICE_X57Y280        FDRE                                         r  out_l_buf_reg[4][7]/C

Slack:                    inf
  Source:                 rst
                            (input port)
  Destination:            out_l_buf_reg[5][7]/R
                            (rising edge-triggered cell FDRE clocked by sys_clk_pin  {rise@0.000ns fall@0.500ns period=1.000ns})
  Path Group:             (none)
  Path Type:              Setup (Max at Slow Process Corner)
  Data Path Delay:        18.143ns  (logic 0.525ns (2.896%)  route 17.618ns (97.104%))
  Logic Levels:           2  (IBUFCTRL=1 INBUF=1)
  Clock Path Skew:        4.108ns (DCD - SCD + CPR)
    Destination Clock Delay (DCD):    4.108ns
    Source Clock Delay      (SCD):    0.000ns
    Clock Pessimism Removal (CPR):    0.000ns
  Clock Uncertainty:      0.025ns  ((TSJ^2 + TIJ^2)^1/2 + DJ) / 2 + PE
    Total System Jitter     (TSJ):    0.050ns
    Total Input Jitter      (TIJ):    0.000ns
    Discrete Jitter          (DJ):    0.000ns
    Phase Error              (PE):    0.000ns
  Clock Net Delay (Destination): 2.533ns (routing 1.056ns, distribution 1.477ns)

    Location             Delay type                Incr(ns)  Path(ns)    Netlist Resource(s)
  -------------------------------------------------------------------    -------------------
    M21                                               0.000     0.000 r  rst (IN)
                         net (fo=0)                   0.000     0.000    rst_IBUF_inst/I
    M21                  INBUF (Prop_INBUF_HPIOB_PAD_O)
                                                      0.525     0.525 r  rst_IBUF_inst/INBUF_INST/O
                         net (fo=1, routed)           0.103     0.628    rst_IBUF_inst/OUT
    M21                  IBUFCTRL (Prop_IBUFCTRL_HPIOB_I_O)
                                                      0.000     0.628 r  rst_IBUF_inst/IBUFCTRL_INST/O
                         net (fo=3367, routed)       17.515    18.143    rst_IBUF
    SLICE_X57Y280        FDRE                                         r  out_l_buf_reg[5][7]/R
  -------------------------------------------------------------------    -------------------

                         (clock sys_clk_pin rise edge)
                                                      0.000     0.000 r  
    AA13                                              0.000     0.000 r  clk (IN)
                         net (fo=0)                   0.000     0.000    clk_IBUF_inst/I
    AA13                 INBUF (Prop_INBUF_HRIO_PAD_O)
                                                      0.662     0.662 r  clk_IBUF_inst/INBUF_INST/O
                         net (fo=1, routed)           0.066     0.728    clk_IBUF_inst/OUT
    AA13                 IBUFCTRL (Prop_IBUFCTRL_HRIO_I_O)
                                                      0.034     0.762 r  clk_IBUF_inst/IBUFCTRL_INST/O
                         net (fo=1, routed)           0.722     1.484    clk_IBUF
    BUFGCE_X1Y0          BUFGCE (Prop_BUFCE_BUFGCE_I_O)
                                                      0.091     1.575 r  clk_IBUF_BUFG_inst/O
    X2Y3 (CLOCK_ROOT)    net (fo=37192, routed)       2.533     4.108    clk_IBUF_BUFG
    SLICE_X57Y280        FDRE                                         r  out_l_buf_reg[5][7]/C

Slack:                    inf
  Source:                 rst
                            (input port)
  Destination:            out_l_buf_reg[6][7]/R
                            (rising edge-triggered cell FDRE clocked by sys_clk_pin  {rise@0.000ns fall@0.500ns period=1.000ns})
  Path Group:             (none)
  Path Type:              Setup (Max at Slow Process Corner)
  Data Path Delay:        18.143ns  (logic 0.525ns (2.896%)  route 17.618ns (97.104%))
  Logic Levels:           2  (IBUFCTRL=1 INBUF=1)
  Clock Path Skew:        4.108ns (DCD - SCD + CPR)
    Destination Clock Delay (DCD):    4.108ns
    Source Clock Delay      (SCD):    0.000ns
    Clock Pessimism Removal (CPR):    0.000ns
  Clock Uncertainty:      0.025ns  ((TSJ^2 + TIJ^2)^1/2 + DJ) / 2 + PE
    Total System Jitter     (TSJ):    0.050ns
    Total Input Jitter      (TIJ):    0.000ns
    Discrete Jitter          (DJ):    0.000ns
    Phase Error              (PE):    0.000ns
  Clock Net Delay (Destination): 2.533ns (routing 1.056ns, distribution 1.477ns)

    Location             Delay type                Incr(ns)  Path(ns)    Netlist Resource(s)
  -------------------------------------------------------------------    -------------------
    M21                                               0.000     0.000 r  rst (IN)
                         net (fo=0)                   0.000     0.000    rst_IBUF_inst/I
    M21                  INBUF (Prop_INBUF_HPIOB_PAD_O)
                                                      0.525     0.525 r  rst_IBUF_inst/INBUF_INST/O
                         net (fo=1, routed)           0.103     0.628    rst_IBUF_inst/OUT
    M21                  IBUFCTRL (Prop_IBUFCTRL_HPIOB_I_O)
                                                      0.000     0.628 r  rst_IBUF_inst/IBUFCTRL_INST/O
                         net (fo=3367, routed)       17.515    18.143    rst_IBUF
    SLICE_X57Y280        FDRE                                         r  out_l_buf_reg[6][7]/R
  -------------------------------------------------------------------    -------------------

                         (clock sys_clk_pin rise edge)
                                                      0.000     0.000 r  
    AA13                                              0.000     0.000 r  clk (IN)
                         net (fo=0)                   0.000     0.000    clk_IBUF_inst/I
    AA13                 INBUF (Prop_INBUF_HRIO_PAD_O)
                                                      0.662     0.662 r  clk_IBUF_inst/INBUF_INST/O
                         net (fo=1, routed)           0.066     0.728    clk_IBUF_inst/OUT
    AA13                 IBUFCTRL (Prop_IBUFCTRL_HRIO_I_O)
                                                      0.034     0.762 r  clk_IBUF_inst/IBUFCTRL_INST/O
                         net (fo=1, routed)           0.722     1.484    clk_IBUF
    BUFGCE_X1Y0          BUFGCE (Prop_BUFCE_BUFGCE_I_O)
                                                      0.091     1.575 r  clk_IBUF_BUFG_inst/O
    X2Y3 (CLOCK_ROOT)    net (fo=37192, routed)       2.533     4.108    clk_IBUF_BUFG
    SLICE_X57Y280        FDRE                                         r  out_l_buf_reg[6][7]/C

Slack:                    inf
  Source:                 rst
                            (input port)
  Destination:            o_label_reg[10]/R
                            (rising edge-triggered cell FDRE clocked by sys_clk_pin  {rise@0.000ns fall@0.500ns period=1.000ns})
  Path Group:             (none)
  Path Type:              Setup (Max at Slow Process Corner)
  Data Path Delay:        18.025ns  (logic 0.525ns (2.915%)  route 17.500ns (97.085%))
  Logic Levels:           2  (IBUFCTRL=1 INBUF=1)
  Clock Path Skew:        4.132ns (DCD - SCD + CPR)
    Destination Clock Delay (DCD):    4.132ns
    Source Clock Delay      (SCD):    0.000ns
    Clock Pessimism Removal (CPR):    0.000ns
  Clock Uncertainty:      0.025ns  ((TSJ^2 + TIJ^2)^1/2 + DJ) / 2 + PE
    Total System Jitter     (TSJ):    0.050ns
    Total Input Jitter      (TIJ):    0.000ns
    Discrete Jitter          (DJ):    0.000ns
    Phase Error              (PE):    0.000ns
  Clock Net Delay (Destination): 2.557ns (routing 1.056ns, distribution 1.501ns)

    Location             Delay type                Incr(ns)  Path(ns)    Netlist Resource(s)
  -------------------------------------------------------------------    -------------------
    M21                                               0.000     0.000 r  rst (IN)
                         net (fo=0)                   0.000     0.000    rst_IBUF_inst/I
    M21                  INBUF (Prop_INBUF_HPIOB_PAD_O)
                                                      0.525     0.525 r  rst_IBUF_inst/INBUF_INST/O
                         net (fo=1, routed)           0.103     0.628    rst_IBUF_inst/OUT
    M21                  IBUFCTRL (Prop_IBUFCTRL_HPIOB_I_O)
                                                      0.000     0.628 r  rst_IBUF_inst/IBUFCTRL_INST/O
                         net (fo=3367, routed)       17.397    18.025    rst_IBUF
    SLICE_X58Y280        FDRE                                         r  o_label_reg[10]/R
  -------------------------------------------------------------------    -------------------

                         (clock sys_clk_pin rise edge)
                                                      0.000     0.000 r  
    AA13                                              0.000     0.000 r  clk (IN)
                         net (fo=0)                   0.000     0.000    clk_IBUF_inst/I
    AA13                 INBUF (Prop_INBUF_HRIO_PAD_O)
                                                      0.662     0.662 r  clk_IBUF_inst/INBUF_INST/O
                         net (fo=1, routed)           0.066     0.728    clk_IBUF_inst/OUT
    AA13                 IBUFCTRL (Prop_IBUFCTRL_HRIO_I_O)
                                                      0.034     0.762 r  clk_IBUF_inst/IBUFCTRL_INST/O
                         net (fo=1, routed)           0.722     1.484    clk_IBUF
    BUFGCE_X1Y0          BUFGCE (Prop_BUFCE_BUFGCE_I_O)
                                                      0.091     1.575 r  clk_IBUF_BUFG_inst/O
    X2Y3 (CLOCK_ROOT)    net (fo=37192, routed)       2.557     4.132    clk_IBUF_BUFG
    SLICE_X58Y280        FDRE                                         r  o_label_reg[10]/C

Slack:                    inf
  Source:                 rst
                            (input port)
  Destination:            out_l_buf_reg[1][10]/R
                            (rising edge-triggered cell FDRE clocked by sys_clk_pin  {rise@0.000ns fall@0.500ns period=1.000ns})
  Path Group:             (none)
  Path Type:              Setup (Max at Slow Process Corner)
  Data Path Delay:        18.018ns  (logic 0.525ns (2.916%)  route 17.493ns (97.084%))
  Logic Levels:           2  (IBUFCTRL=1 INBUF=1)
  Clock Path Skew:        4.130ns (DCD - SCD + CPR)
    Destination Clock Delay (DCD):    4.130ns
    Source Clock Delay      (SCD):    0.000ns
    Clock Pessimism Removal (CPR):    0.000ns
  Clock Uncertainty:      0.025ns  ((TSJ^2 + TIJ^2)^1/2 + DJ) / 2 + PE
    Total System Jitter     (TSJ):    0.050ns
    Total Input Jitter      (TIJ):    0.000ns
    Discrete Jitter          (DJ):    0.000ns
    Phase Error              (PE):    0.000ns
  Clock Net Delay (Destination): 2.555ns (routing 1.056ns, distribution 1.499ns)

    Location             Delay type                Incr(ns)  Path(ns)    Netlist Resource(s)
  -------------------------------------------------------------------    -------------------
    M21                                               0.000     0.000 r  rst (IN)
                         net (fo=0)                   0.000     0.000    rst_IBUF_inst/I
    M21                  INBUF (Prop_INBUF_HPIOB_PAD_O)
                                                      0.525     0.525 r  rst_IBUF_inst/INBUF_INST/O
                         net (fo=1, routed)           0.103     0.628    rst_IBUF_inst/OUT
    M21                  IBUFCTRL (Prop_IBUFCTRL_HPIOB_I_O)
                                                      0.000     0.628 r  rst_IBUF_inst/IBUFCTRL_INST/O
                         net (fo=3367, routed)       17.390    18.018    rst_IBUF
    SLICE_X58Y280        FDRE                                         r  out_l_buf_reg[1][10]/R
  -------------------------------------------------------------------    -------------------

                         (clock sys_clk_pin rise edge)
                                                      0.000     0.000 r  
    AA13                                              0.000     0.000 r  clk (IN)
                         net (fo=0)                   0.000     0.000    clk_IBUF_inst/I
    AA13                 INBUF (Prop_INBUF_HRIO_PAD_O)
                                                      0.662     0.662 r  clk_IBUF_inst/INBUF_INST/O
                         net (fo=1, routed)           0.066     0.728    clk_IBUF_inst/OUT
    AA13                 IBUFCTRL (Prop_IBUFCTRL_HRIO_I_O)
                                                      0.034     0.762 r  clk_IBUF_inst/IBUFCTRL_INST/O
                         net (fo=1, routed)           0.722     1.484    clk_IBUF
    BUFGCE_X1Y0          BUFGCE (Prop_BUFCE_BUFGCE_I_O)
                                                      0.091     1.575 r  clk_IBUF_BUFG_inst/O
    X2Y3 (CLOCK_ROOT)    net (fo=37192, routed)       2.555     4.130    clk_IBUF_BUFG
    SLICE_X58Y280        FDRE                                         r  out_l_buf_reg[1][10]/C

Slack:                    inf
  Source:                 rst
                            (input port)
  Destination:            out_l_buf_reg[2][10]/R
                            (rising edge-triggered cell FDRE clocked by sys_clk_pin  {rise@0.000ns fall@0.500ns period=1.000ns})
  Path Group:             (none)
  Path Type:              Setup (Max at Slow Process Corner)
  Data Path Delay:        18.018ns  (logic 0.525ns (2.916%)  route 17.493ns (97.084%))
  Logic Levels:           2  (IBUFCTRL=1 INBUF=1)
  Clock Path Skew:        4.130ns (DCD - SCD + CPR)
    Destination Clock Delay (DCD):    4.130ns
    Source Clock Delay      (SCD):    0.000ns
    Clock Pessimism Removal (CPR):    0.000ns
  Clock Uncertainty:      0.025ns  ((TSJ^2 + TIJ^2)^1/2 + DJ) / 2 + PE
    Total System Jitter     (TSJ):    0.050ns
    Total Input Jitter      (TIJ):    0.000ns
    Discrete Jitter          (DJ):    0.000ns
    Phase Error              (PE):    0.000ns
  Clock Net Delay (Destination): 2.555ns (routing 1.056ns, distribution 1.499ns)

    Location             Delay type                Incr(ns)  Path(ns)    Netlist Resource(s)
  -------------------------------------------------------------------    -------------------
    M21                                               0.000     0.000 r  rst (IN)
                         net (fo=0)                   0.000     0.000    rst_IBUF_inst/I
    M21                  INBUF (Prop_INBUF_HPIOB_PAD_O)
                                                      0.525     0.525 r  rst_IBUF_inst/INBUF_INST/O
                         net (fo=1, routed)           0.103     0.628    rst_IBUF_inst/OUT
    M21                  IBUFCTRL (Prop_IBUFCTRL_HPIOB_I_O)
                                                      0.000     0.628 r  rst_IBUF_inst/IBUFCTRL_INST/O
                         net (fo=3367, routed)       17.390    18.018    rst_IBUF
    SLICE_X58Y280        FDRE                                         r  out_l_buf_reg[2][10]/R
  -------------------------------------------------------------------    -------------------

                         (clock sys_clk_pin rise edge)
                                                      0.000     0.000 r  
    AA13                                              0.000     0.000 r  clk (IN)
                         net (fo=0)                   0.000     0.000    clk_IBUF_inst/I
    AA13                 INBUF (Prop_INBUF_HRIO_PAD_O)
                                                      0.662     0.662 r  clk_IBUF_inst/INBUF_INST/O
                         net (fo=1, routed)           0.066     0.728    clk_IBUF_inst/OUT
    AA13                 IBUFCTRL (Prop_IBUFCTRL_HRIO_I_O)
                                                      0.034     0.762 r  clk_IBUF_inst/IBUFCTRL_INST/O
                         net (fo=1, routed)           0.722     1.484    clk_IBUF
    BUFGCE_X1Y0          BUFGCE (Prop_BUFCE_BUFGCE_I_O)
                                                      0.091     1.575 r  clk_IBUF_BUFG_inst/O
    X2Y3 (CLOCK_ROOT)    net (fo=37192, routed)       2.555     4.130    clk_IBUF_BUFG
    SLICE_X58Y280        FDRE                                         r  out_l_buf_reg[2][10]/C





Min Delay Paths
--------------------------------------------------------------------------------------
Slack:                    inf
  Source:                 i_label1[17]
                            (input port)
  Destination:            in_labels1_reg[5][241]/D
                            (rising edge-triggered cell FDRE clocked by sys_clk_pin  {rise@0.000ns fall@0.500ns period=1.000ns})
  Path Group:             (none)
  Path Type:              Hold (Min at Fast Process Corner)
  Data Path Delay:        1.222ns  (logic 0.247ns (20.205%)  route 0.975ns (79.795%))
  Logic Levels:           3  (IBUFCTRL=1 INBUF=1 LUT4=1)
  Clock Path Skew:        2.704ns (DCD - SCD - CPR)
    Destination Clock Delay (DCD):    2.704ns
    Source Clock Delay      (SCD):    0.000ns
    Clock Pessimism Removal (CPR):    -0.000ns
  Clock Net Delay (Destination): 1.262ns (routing 0.503ns, distribution 0.759ns)

    Location             Delay type                Incr(ns)  Path(ns)    Netlist Resource(s)
  -------------------------------------------------------------------    -------------------
    B11                                               0.000     0.000 r  i_label1[17] (IN)
                         net (fo=0)                   0.000     0.000    i_label1_IBUF[17]_inst/I
    B11                  INBUF (Prop_INBUF_HPIOB_PAD_O)
                                                      0.175     0.175 r  i_label1_IBUF[17]_inst/INBUF_INST/O
                         net (fo=1, routed)           0.027     0.202    i_label1_IBUF[17]_inst/OUT
    B11                  IBUFCTRL (Prop_IBUFCTRL_HPIOB_I_O)
                                                      0.000     0.202 r  i_label1_IBUF[17]_inst/IBUFCTRL_INST/O
                         net (fo=4, routed)           0.936     1.138    i_label1_IBUF[17]
    SLICE_X69Y207        LUT4 (Prop_D6LUT_SLICEM_I3_O)
                                                      0.072     1.210 r  in_labels1[0][241]_i_1/O
                         net (fo=8, routed)           0.012     1.222    in_labels1[0][241]_i_1_n_0
    SLICE_X69Y207        FDRE                                         r  in_labels1_reg[5][241]/D
  -------------------------------------------------------------------    -------------------

                         (clock sys_clk_pin rise edge)
                                                      0.000     0.000 r  
    AA13                                              0.000     0.000 r  clk (IN)
                         net (fo=0)                   0.000     0.000    clk_IBUF_inst/I
    AA13                 INBUF (Prop_INBUF_HRIO_PAD_O)
                                                      0.938     0.938 r  clk_IBUF_inst/INBUF_INST/O
                         net (fo=1, routed)           0.042     0.980    clk_IBUF_inst/OUT
    AA13                 IBUFCTRL (Prop_IBUFCTRL_HRIO_I_O)
                                                      0.022     1.002 r  clk_IBUF_inst/IBUFCTRL_INST/O
                         net (fo=1, routed)           0.409     1.411    clk_IBUF
    BUFGCE_X1Y0          BUFGCE (Prop_BUFCE_BUFGCE_I_O)
                                                      0.031     1.442 r  clk_IBUF_BUFG_inst/O
    X2Y3 (CLOCK_ROOT)    net (fo=37192, routed)       1.262     2.704    clk_IBUF_BUFG
    SLICE_X69Y207        FDRE                                         r  in_labels1_reg[5][241]/C

Slack:                    inf
  Source:                 i_label1[17]
                            (input port)
  Destination:            in_labels1_reg[4][241]/D
                            (rising edge-triggered cell FDRE clocked by sys_clk_pin  {rise@0.000ns fall@0.500ns period=1.000ns})
  Path Group:             (none)
  Path Type:              Hold (Min at Fast Process Corner)
  Data Path Delay:        1.226ns  (logic 0.247ns (20.139%)  route 0.979ns (79.861%))
  Logic Levels:           3  (IBUFCTRL=1 INBUF=1 LUT4=1)
  Clock Path Skew:        2.704ns (DCD - SCD - CPR)
    Destination Clock Delay (DCD):    2.704ns
    Source Clock Delay      (SCD):    0.000ns
    Clock Pessimism Removal (CPR):    -0.000ns
  Clock Net Delay (Destination): 1.262ns (routing 0.503ns, distribution 0.759ns)

    Location             Delay type                Incr(ns)  Path(ns)    Netlist Resource(s)
  -------------------------------------------------------------------    -------------------
    B11                                               0.000     0.000 r  i_label1[17] (IN)
                         net (fo=0)                   0.000     0.000    i_label1_IBUF[17]_inst/I
    B11                  INBUF (Prop_INBUF_HPIOB_PAD_O)
                                                      0.175     0.175 r  i_label1_IBUF[17]_inst/INBUF_INST/O
                         net (fo=1, routed)           0.027     0.202    i_label1_IBUF[17]_inst/OUT
    B11                  IBUFCTRL (Prop_IBUFCTRL_HPIOB_I_O)
                                                      0.000     0.202 r  i_label1_IBUF[17]_inst/IBUFCTRL_INST/O
                         net (fo=4, routed)           0.936     1.138    i_label1_IBUF[17]
    SLICE_X69Y207        LUT4 (Prop_D6LUT_SLICEM_I3_O)
                                                      0.072     1.210 r  in_labels1[0][241]_i_1/O
                         net (fo=8, routed)           0.016     1.226    in_labels1[0][241]_i_1_n_0
    SLICE_X69Y207        FDRE                                         r  in_labels1_reg[4][241]/D
  -------------------------------------------------------------------    -------------------

                         (clock sys_clk_pin rise edge)
                                                      0.000     0.000 r  
    AA13                                              0.000     0.000 r  clk (IN)
                         net (fo=0)                   0.000     0.000    clk_IBUF_inst/I
    AA13                 INBUF (Prop_INBUF_HRIO_PAD_O)
                                                      0.938     0.938 r  clk_IBUF_inst/INBUF_INST/O
                         net (fo=1, routed)           0.042     0.980    clk_IBUF_inst/OUT
    AA13                 IBUFCTRL (Prop_IBUFCTRL_HRIO_I_O)
                                                      0.022     1.002 r  clk_IBUF_inst/IBUFCTRL_INST/O
                         net (fo=1, routed)           0.409     1.411    clk_IBUF
    BUFGCE_X1Y0          BUFGCE (Prop_BUFCE_BUFGCE_I_O)
                                                      0.031     1.442 r  clk_IBUF_BUFG_inst/O
    X2Y3 (CLOCK_ROOT)    net (fo=37192, routed)       1.262     2.704    clk_IBUF_BUFG
    SLICE_X69Y207        FDRE                                         r  in_labels1_reg[4][241]/C

Slack:                    inf
  Source:                 i_label1[22]
                            (input port)
  Destination:            in_labels1_reg[5][246]/D
                            (rising edge-triggered cell FDRE clocked by sys_clk_pin  {rise@0.000ns fall@0.500ns period=1.000ns})
  Path Group:             (none)
  Path Type:              Hold (Min at Fast Process Corner)
  Data Path Delay:        1.264ns  (logic 0.220ns (17.402%)  route 1.044ns (82.598%))
  Logic Levels:           3  (IBUFCTRL=1 INBUF=1 LUT4=1)
  Clock Path Skew:        2.716ns (DCD - SCD - CPR)
    Destination Clock Delay (DCD):    2.716ns
    Source Clock Delay      (SCD):    0.000ns
    Clock Pessimism Removal (CPR):    -0.000ns
  Clock Net Delay (Destination): 1.274ns (routing 0.503ns, distribution 0.771ns)

    Location             Delay type                Incr(ns)  Path(ns)    Netlist Resource(s)
  -------------------------------------------------------------------    -------------------
    E10                                               0.000     0.000 r  i_label1[22] (IN)
                         net (fo=0)                   0.000     0.000    i_label1_IBUF[22]_inst/I
    E10                  INBUF (Prop_INBUF_HPIOB_PAD_O)
                                                      0.149     0.149 r  i_label1_IBUF[22]_inst/INBUF_INST/O
                         net (fo=1, routed)           0.027     0.176    i_label1_IBUF[22]_inst/OUT
    E10                  IBUFCTRL (Prop_IBUFCTRL_HPIOB_I_O)
                                                      0.000     0.176 r  i_label1_IBUF[22]_inst/IBUFCTRL_INST/O
                         net (fo=4, routed)           1.002     1.178    i_label1_IBUF[22]
    SLICE_X70Y204        LUT4 (Prop_A6LUT_SLICEL_I3_O)
                                                      0.071     1.249 r  in_labels1[0][246]_i_1/O
                         net (fo=8, routed)           0.015     1.264    in_labels1[0][246]_i_1_n_0
    SLICE_X70Y204        FDRE                                         r  in_labels1_reg[5][246]/D
  -------------------------------------------------------------------    -------------------

                         (clock sys_clk_pin rise edge)
                                                      0.000     0.000 r  
    AA13                                              0.000     0.000 r  clk (IN)
                         net (fo=0)                   0.000     0.000    clk_IBUF_inst/I
    AA13                 INBUF (Prop_INBUF_HRIO_PAD_O)
                                                      0.938     0.938 r  clk_IBUF_inst/INBUF_INST/O
                         net (fo=1, routed)           0.042     0.980    clk_IBUF_inst/OUT
    AA13                 IBUFCTRL (Prop_IBUFCTRL_HRIO_I_O)
                                                      0.022     1.002 r  clk_IBUF_inst/IBUFCTRL_INST/O
                         net (fo=1, routed)           0.409     1.411    clk_IBUF
    BUFGCE_X1Y0          BUFGCE (Prop_BUFCE_BUFGCE_I_O)
                                                      0.031     1.442 r  clk_IBUF_BUFG_inst/O
    X2Y3 (CLOCK_ROOT)    net (fo=37192, routed)       1.274     2.716    clk_IBUF_BUFG
    SLICE_X70Y204        FDRE                                         r  in_labels1_reg[5][246]/C

Slack:                    inf
  Source:                 i_label1[21]
                            (input port)
  Destination:            in_labels1_reg[7][245]/D
                            (rising edge-triggered cell FDRE clocked by sys_clk_pin  {rise@0.000ns fall@0.500ns period=1.000ns})
  Path Group:             (none)
  Path Type:              Hold (Min at Fast Process Corner)
  Data Path Delay:        1.298ns  (logic 0.175ns (13.479%)  route 1.123ns (86.521%))
  Logic Levels:           3  (IBUFCTRL=1 INBUF=1 LUT4=1)
  Clock Path Skew:        2.713ns (DCD - SCD - CPR)
    Destination Clock Delay (DCD):    2.713ns
    Source Clock Delay      (SCD):    0.000ns
    Clock Pessimism Removal (CPR):    -0.000ns
  Clock Net Delay (Destination): 1.271ns (routing 0.503ns, distribution 0.768ns)

    Location             Delay type                Incr(ns)  Path(ns)    Netlist Resource(s)
  -------------------------------------------------------------------    -------------------
    D11                                               0.000     0.000 r  i_label1[21] (IN)
                         net (fo=0)                   0.000     0.000    i_label1_IBUF[21]_inst/I
    D11                  INBUF (Prop_INBUF_HPIOB_PAD_O)
                                                      0.159     0.159 r  i_label1_IBUF[21]_inst/INBUF_INST/O
                         net (fo=1, routed)           0.027     0.186    i_label1_IBUF[21]_inst/OUT
    D11                  IBUFCTRL (Prop_IBUFCTRL_HPIOB_I_O)
                                                      0.000     0.186 r  i_label1_IBUF[21]_inst/IBUFCTRL_INST/O
                         net (fo=4, routed)           0.905     1.091    i_label1_IBUF[21]
    SLICE_X69Y203        LUT4 (Prop_B6LUT_SLICEM_I3_O)
                                                      0.016     1.107 r  in_labels1[0][245]_i_1/O
                         net (fo=8, routed)           0.191     1.298    in_labels1[0][245]_i_1_n_0
    SLICE_X70Y204        FDRE                                         r  in_labels1_reg[7][245]/D
  -------------------------------------------------------------------    -------------------

                         (clock sys_clk_pin rise edge)
                                                      0.000     0.000 r  
    AA13                                              0.000     0.000 r  clk (IN)
                         net (fo=0)                   0.000     0.000    clk_IBUF_inst/I
    AA13                 INBUF (Prop_INBUF_HRIO_PAD_O)
                                                      0.938     0.938 r  clk_IBUF_inst/INBUF_INST/O
                         net (fo=1, routed)           0.042     0.980    clk_IBUF_inst/OUT
    AA13                 IBUFCTRL (Prop_IBUFCTRL_HRIO_I_O)
                                                      0.022     1.002 r  clk_IBUF_inst/IBUFCTRL_INST/O
                         net (fo=1, routed)           0.409     1.411    clk_IBUF
    BUFGCE_X1Y0          BUFGCE (Prop_BUFCE_BUFGCE_I_O)
                                                      0.031     1.442 r  clk_IBUF_BUFG_inst/O
    X2Y3 (CLOCK_ROOT)    net (fo=37192, routed)       1.271     2.713    clk_IBUF_BUFG
    SLICE_X70Y204        FDRE                                         r  in_labels1_reg[7][245]/C

Slack:                    inf
  Source:                 i_label1[21]
                            (input port)
  Destination:            in_labels1_reg[6][245]/D
                            (rising edge-triggered cell FDRE clocked by sys_clk_pin  {rise@0.000ns fall@0.500ns period=1.000ns})
  Path Group:             (none)
  Path Type:              Hold (Min at Fast Process Corner)
  Data Path Delay:        1.313ns  (logic 0.175ns (13.325%)  route 1.138ns (86.675%))
  Logic Levels:           3  (IBUFCTRL=1 INBUF=1 LUT4=1)
  Clock Path Skew:        2.702ns (DCD - SCD - CPR)
    Destination Clock Delay (DCD):    2.702ns
    Source Clock Delay      (SCD):    0.000ns
    Clock Pessimism Removal (CPR):    -0.000ns
  Clock Net Delay (Destination): 1.260ns (routing 0.503ns, distribution 0.757ns)

    Location             Delay type                Incr(ns)  Path(ns)    Netlist Resource(s)
  -------------------------------------------------------------------    -------------------
    D11                                               0.000     0.000 r  i_label1[21] (IN)
                         net (fo=0)                   0.000     0.000    i_label1_IBUF[21]_inst/I
    D11                  INBUF (Prop_INBUF_HPIOB_PAD_O)
                                                      0.159     0.159 r  i_label1_IBUF[21]_inst/INBUF_INST/O
                         net (fo=1, routed)           0.027     0.186    i_label1_IBUF[21]_inst/OUT
    D11                  IBUFCTRL (Prop_IBUFCTRL_HPIOB_I_O)
                                                      0.000     0.186 r  i_label1_IBUF[21]_inst/IBUFCTRL_INST/O
                         net (fo=4, routed)           0.905     1.091    i_label1_IBUF[21]
    SLICE_X69Y203        LUT4 (Prop_B6LUT_SLICEM_I3_O)
                                                      0.016     1.107 r  in_labels1[0][245]_i_1/O
                         net (fo=8, routed)           0.206     1.313    in_labels1[0][245]_i_1_n_0
    SLICE_X69Y207        FDRE                                         r  in_labels1_reg[6][245]/D
  -------------------------------------------------------------------    -------------------

                         (clock sys_clk_pin rise edge)
                                                      0.000     0.000 r  
    AA13                                              0.000     0.000 r  clk (IN)
                         net (fo=0)                   0.000     0.000    clk_IBUF_inst/I
    AA13                 INBUF (Prop_INBUF_HRIO_PAD_O)
                                                      0.938     0.938 r  clk_IBUF_inst/INBUF_INST/O
                         net (fo=1, routed)           0.042     0.980    clk_IBUF_inst/OUT
    AA13                 IBUFCTRL (Prop_IBUFCTRL_HRIO_I_O)
                                                      0.022     1.002 r  clk_IBUF_inst/IBUFCTRL_INST/O
                         net (fo=1, routed)           0.409     1.411    clk_IBUF
    BUFGCE_X1Y0          BUFGCE (Prop_BUFCE_BUFGCE_I_O)
                                                      0.031     1.442 r  clk_IBUF_BUFG_inst/O
    X2Y3 (CLOCK_ROOT)    net (fo=37192, routed)       1.260     2.702    clk_IBUF_BUFG
    SLICE_X69Y207        FDRE                                         r  in_labels1_reg[6][245]/C

Slack:                    inf
  Source:                 i_label1[21]
                            (input port)
  Destination:            in_labels1_reg[5][245]/D
                            (rising edge-triggered cell FDRE clocked by sys_clk_pin  {rise@0.000ns fall@0.500ns period=1.000ns})
  Path Group:             (none)
  Path Type:              Hold (Min at Fast Process Corner)
  Data Path Delay:        1.316ns  (logic 0.175ns (13.295%)  route 1.141ns (86.705%))
  Logic Levels:           3  (IBUFCTRL=1 INBUF=1 LUT4=1)
  Clock Path Skew:        2.712ns (DCD - SCD - CPR)
    Destination Clock Delay (DCD):    2.712ns
    Source Clock Delay      (SCD):    0.000ns
    Clock Pessimism Removal (CPR):    -0.000ns
  Clock Net Delay (Destination): 1.270ns (routing 0.503ns, distribution 0.767ns)

    Location             Delay type                Incr(ns)  Path(ns)    Netlist Resource(s)
  -------------------------------------------------------------------    -------------------
    D11                                               0.000     0.000 r  i_label1[21] (IN)
                         net (fo=0)                   0.000     0.000    i_label1_IBUF[21]_inst/I
    D11                  INBUF (Prop_INBUF_HPIOB_PAD_O)
                                                      0.159     0.159 r  i_label1_IBUF[21]_inst/INBUF_INST/O
                         net (fo=1, routed)           0.027     0.186    i_label1_IBUF[21]_inst/OUT
    D11                  IBUFCTRL (Prop_IBUFCTRL_HPIOB_I_O)
                                                      0.000     0.186 r  i_label1_IBUF[21]_inst/IBUFCTRL_INST/O
                         net (fo=4, routed)           0.905     1.091    i_label1_IBUF[21]
    SLICE_X69Y203        LUT4 (Prop_B6LUT_SLICEM_I3_O)
                                                      0.016     1.107 r  in_labels1[0][245]_i_1/O
                         net (fo=8, routed)           0.209     1.316    in_labels1[0][245]_i_1_n_0
    SLICE_X73Y206        FDRE                                         r  in_labels1_reg[5][245]/D
  -------------------------------------------------------------------    -------------------

                         (clock sys_clk_pin rise edge)
                                                      0.000     0.000 r  
    AA13                                              0.000     0.000 r  clk (IN)
                         net (fo=0)                   0.000     0.000    clk_IBUF_inst/I
    AA13                 INBUF (Prop_INBUF_HRIO_PAD_O)
                                                      0.938     0.938 r  clk_IBUF_inst/INBUF_INST/O
                         net (fo=1, routed)           0.042     0.980    clk_IBUF_inst/OUT
    AA13                 IBUFCTRL (Prop_IBUFCTRL_HRIO_I_O)
                                                      0.022     1.002 r  clk_IBUF_inst/IBUFCTRL_INST/O
                         net (fo=1, routed)           0.409     1.411    clk_IBUF
    BUFGCE_X1Y0          BUFGCE (Prop_BUFCE_BUFGCE_I_O)
                                                      0.031     1.442 r  clk_IBUF_BUFG_inst/O
    X2Y3 (CLOCK_ROOT)    net (fo=37192, routed)       1.270     2.712    clk_IBUF_BUFG
    SLICE_X73Y206        FDRE                                         r  in_labels1_reg[5][245]/C

Slack:                    inf
  Source:                 i_label1[24]
                            (input port)
  Destination:            in_labels1_reg[5][248]/D
                            (rising edge-triggered cell FDRE clocked by sys_clk_pin  {rise@0.000ns fall@0.500ns period=1.000ns})
  Path Group:             (none)
  Path Type:              Hold (Min at Fast Process Corner)
  Data Path Delay:        1.337ns  (logic 0.215ns (16.073%)  route 1.122ns (83.927%))
  Logic Levels:           3  (IBUFCTRL=1 INBUF=1 LUT4=1)
  Clock Path Skew:        2.704ns (DCD - SCD - CPR)
    Destination Clock Delay (DCD):    2.704ns
    Source Clock Delay      (SCD):    0.000ns
    Clock Pessimism Removal (CPR):    -0.000ns
  Clock Net Delay (Destination): 1.262ns (routing 0.503ns, distribution 0.759ns)

    Location             Delay type                Incr(ns)  Path(ns)    Netlist Resource(s)
  -------------------------------------------------------------------    -------------------
    E13                                               0.000     0.000 r  i_label1[24] (IN)
                         net (fo=0)                   0.000     0.000    i_label1_IBUF[24]_inst/I
    E13                  INBUF (Prop_INBUF_HPIOB_PAD_O)
                                                      0.152     0.152 r  i_label1_IBUF[24]_inst/INBUF_INST/O
                         net (fo=1, routed)           0.027     0.179    i_label1_IBUF[24]_inst/OUT
    E13                  IBUFCTRL (Prop_IBUFCTRL_HPIOB_I_O)
                                                      0.000     0.179 r  i_label1_IBUF[24]_inst/IBUFCTRL_INST/O
                         net (fo=4, routed)           1.083     1.262    i_label1_IBUF[24]
    SLICE_X69Y207        LUT4 (Prop_C6LUT_SLICEM_I3_O)
                                                      0.063     1.325 r  in_labels1[0][248]_i_1/O
                         net (fo=8, routed)           0.012     1.337    in_labels1[0][248]_i_1_n_0
    SLICE_X69Y207        FDRE                                         r  in_labels1_reg[5][248]/D
  -------------------------------------------------------------------    -------------------

                         (clock sys_clk_pin rise edge)
                                                      0.000     0.000 r  
    AA13                                              0.000     0.000 r  clk (IN)
                         net (fo=0)                   0.000     0.000    clk_IBUF_inst/I
    AA13                 INBUF (Prop_INBUF_HRIO_PAD_O)
                                                      0.938     0.938 r  clk_IBUF_inst/INBUF_INST/O
                         net (fo=1, routed)           0.042     0.980    clk_IBUF_inst/OUT
    AA13                 IBUFCTRL (Prop_IBUFCTRL_HRIO_I_O)
                                                      0.022     1.002 r  clk_IBUF_inst/IBUFCTRL_INST/O
                         net (fo=1, routed)           0.409     1.411    clk_IBUF
    BUFGCE_X1Y0          BUFGCE (Prop_BUFCE_BUFGCE_I_O)
                                                      0.031     1.442 r  clk_IBUF_BUFG_inst/O
    X2Y3 (CLOCK_ROOT)    net (fo=37192, routed)       1.262     2.704    clk_IBUF_BUFG
    SLICE_X69Y207        FDRE                                         r  in_labels1_reg[5][248]/C

Slack:                    inf
  Source:                 i_label1[24]
                            (input port)
  Destination:            in_labels1_reg[4][248]/D
                            (rising edge-triggered cell FDRE clocked by sys_clk_pin  {rise@0.000ns fall@0.500ns period=1.000ns})
  Path Group:             (none)
  Path Type:              Hold (Min at Fast Process Corner)
  Data Path Delay:        1.341ns  (logic 0.215ns (16.025%)  route 1.126ns (83.975%))
  Logic Levels:           3  (IBUFCTRL=1 INBUF=1 LUT4=1)
  Clock Path Skew:        2.704ns (DCD - SCD - CPR)
    Destination Clock Delay (DCD):    2.704ns
    Source Clock Delay      (SCD):    0.000ns
    Clock Pessimism Removal (CPR):    -0.000ns
  Clock Net Delay (Destination): 1.262ns (routing 0.503ns, distribution 0.759ns)

    Location             Delay type                Incr(ns)  Path(ns)    Netlist Resource(s)
  -------------------------------------------------------------------    -------------------
    E13                                               0.000     0.000 r  i_label1[24] (IN)
                         net (fo=0)                   0.000     0.000    i_label1_IBUF[24]_inst/I
    E13                  INBUF (Prop_INBUF_HPIOB_PAD_O)
                                                      0.152     0.152 r  i_label1_IBUF[24]_inst/INBUF_INST/O
                         net (fo=1, routed)           0.027     0.179    i_label1_IBUF[24]_inst/OUT
    E13                  IBUFCTRL (Prop_IBUFCTRL_HPIOB_I_O)
                                                      0.000     0.179 r  i_label1_IBUF[24]_inst/IBUFCTRL_INST/O
                         net (fo=4, routed)           1.083     1.262    i_label1_IBUF[24]
    SLICE_X69Y207        LUT4 (Prop_C6LUT_SLICEM_I3_O)
                                                      0.063     1.325 r  in_labels1[0][248]_i_1/O
                         net (fo=8, routed)           0.016     1.341    in_labels1[0][248]_i_1_n_0
    SLICE_X69Y207        FDRE                                         r  in_labels1_reg[4][248]/D
  -------------------------------------------------------------------    -------------------

                         (clock sys_clk_pin rise edge)
                                                      0.000     0.000 r  
    AA13                                              0.000     0.000 r  clk (IN)
                         net (fo=0)                   0.000     0.000    clk_IBUF_inst/I
    AA13                 INBUF (Prop_INBUF_HRIO_PAD_O)
                                                      0.938     0.938 r  clk_IBUF_inst/INBUF_INST/O
                         net (fo=1, routed)           0.042     0.980    clk_IBUF_inst/OUT
    AA13                 IBUFCTRL (Prop_IBUFCTRL_HRIO_I_O)
                                                      0.022     1.002 r  clk_IBUF_inst/IBUFCTRL_INST/O
                         net (fo=1, routed)           0.409     1.411    clk_IBUF
    BUFGCE_X1Y0          BUFGCE (Prop_BUFCE_BUFGCE_I_O)
                                                      0.031     1.442 r  clk_IBUF_BUFG_inst/O
    X2Y3 (CLOCK_ROOT)    net (fo=37192, routed)       1.262     2.704    clk_IBUF_BUFG
    SLICE_X69Y207        FDRE                                         r  in_labels1_reg[4][248]/C

Slack:                    inf
  Source:                 i_label1[23]
                            (input port)
  Destination:            in_labels1_reg[5][183]/D
                            (rising edge-triggered cell FDRE clocked by sys_clk_pin  {rise@0.000ns fall@0.500ns period=1.000ns})
  Path Group:             (none)
  Path Type:              Hold (Min at Fast Process Corner)
  Data Path Delay:        1.355ns  (logic 0.212ns (15.632%)  route 1.143ns (84.368%))
  Logic Levels:           3  (IBUFCTRL=1 INBUF=1 LUT4=1)
  Clock Path Skew:        2.695ns (DCD - SCD - CPR)
    Destination Clock Delay (DCD):    2.695ns
    Source Clock Delay      (SCD):    0.000ns
    Clock Pessimism Removal (CPR):    -0.000ns
  Clock Net Delay (Destination): 1.253ns (routing 0.503ns, distribution 0.750ns)

    Location             Delay type                Incr(ns)  Path(ns)    Netlist Resource(s)
  -------------------------------------------------------------------    -------------------
    D10                                               0.000     0.000 r  i_label1[23] (IN)
                         net (fo=0)                   0.000     0.000    i_label1_IBUF[23]_inst/I
    D10                  INBUF (Prop_INBUF_HPIOB_PAD_O)
                                                      0.147     0.147 r  i_label1_IBUF[23]_inst/INBUF_INST/O
                         net (fo=1, routed)           0.027     0.174    i_label1_IBUF[23]_inst/OUT
    D10                  IBUFCTRL (Prop_IBUFCTRL_HPIOB_I_O)
                                                      0.000     0.174 r  i_label1_IBUF[23]_inst/IBUFCTRL_INST/O
                         net (fo=4, routed)           1.104     1.278    i_label1_IBUF[23]
    SLICE_X75Y206        LUT4 (Prop_D6LUT_SLICEM_I3_O)
                                                      0.065     1.343 r  in_labels1[0][183]_i_1/O
                         net (fo=8, routed)           0.012     1.355    in_labels1[0][183]_i_1_n_0
    SLICE_X75Y206        FDRE                                         r  in_labels1_reg[5][183]/D
  -------------------------------------------------------------------    -------------------

                         (clock sys_clk_pin rise edge)
                                                      0.000     0.000 r  
    AA13                                              0.000     0.000 r  clk (IN)
                         net (fo=0)                   0.000     0.000    clk_IBUF_inst/I
    AA13                 INBUF (Prop_INBUF_HRIO_PAD_O)
                                                      0.938     0.938 r  clk_IBUF_inst/INBUF_INST/O
                         net (fo=1, routed)           0.042     0.980    clk_IBUF_inst/OUT
    AA13                 IBUFCTRL (Prop_IBUFCTRL_HRIO_I_O)
                                                      0.022     1.002 r  clk_IBUF_inst/IBUFCTRL_INST/O
                         net (fo=1, routed)           0.409     1.411    clk_IBUF
    BUFGCE_X1Y0          BUFGCE (Prop_BUFCE_BUFGCE_I_O)
                                                      0.031     1.442 r  clk_IBUF_BUFG_inst/O
    X2Y3 (CLOCK_ROOT)    net (fo=37192, routed)       1.253     2.695    clk_IBUF_BUFG
    SLICE_X75Y206        FDRE                                         r  in_labels1_reg[5][183]/C

Slack:                    inf
  Source:                 i_label1[23]
                            (input port)
  Destination:            in_labels1_reg[5][247]/D
                            (rising edge-triggered cell FDRE clocked by sys_clk_pin  {rise@0.000ns fall@0.500ns period=1.000ns})
  Path Group:             (none)
  Path Type:              Hold (Min at Fast Process Corner)
  Data Path Delay:        1.361ns  (logic 0.218ns (16.004%)  route 1.143ns (83.996%))
  Logic Levels:           3  (IBUFCTRL=1 INBUF=1 LUT4=1)
  Clock Path Skew:        2.693ns (DCD - SCD - CPR)
    Destination Clock Delay (DCD):    2.693ns
    Source Clock Delay      (SCD):    0.000ns
    Clock Pessimism Removal (CPR):    -0.000ns
  Clock Net Delay (Destination): 1.251ns (routing 0.503ns, distribution 0.748ns)

    Location             Delay type                Incr(ns)  Path(ns)    Netlist Resource(s)
  -------------------------------------------------------------------    -------------------
    D10                                               0.000     0.000 r  i_label1[23] (IN)
                         net (fo=0)                   0.000     0.000    i_label1_IBUF[23]_inst/I
    D10                  INBUF (Prop_INBUF_HPIOB_PAD_O)
                                                      0.147     0.147 r  i_label1_IBUF[23]_inst/INBUF_INST/O
                         net (fo=1, routed)           0.027     0.174    i_label1_IBUF[23]_inst/OUT
    D10                  IBUFCTRL (Prop_IBUFCTRL_HPIOB_I_O)
                                                      0.000     0.174 r  i_label1_IBUF[23]_inst/IBUFCTRL_INST/O
                         net (fo=4, routed)           1.100     1.274    i_label1_IBUF[23]
    SLICE_X75Y206        LUT4 (Prop_H6LUT_SLICEM_I3_O)
                                                      0.071     1.345 r  in_labels1[0][247]_i_1/O
                         net (fo=8, routed)           0.016     1.361    in_labels1[0][247]_i_1_n_0
    SLICE_X75Y206        FDRE                                         r  in_labels1_reg[5][247]/D
  -------------------------------------------------------------------    -------------------

                         (clock sys_clk_pin rise edge)
                                                      0.000     0.000 r  
    AA13                                              0.000     0.000 r  clk (IN)
                         net (fo=0)                   0.000     0.000    clk_IBUF_inst/I
    AA13                 INBUF (Prop_INBUF_HRIO_PAD_O)
                                                      0.938     0.938 r  clk_IBUF_inst/INBUF_INST/O
                         net (fo=1, routed)           0.042     0.980    clk_IBUF_inst/OUT
    AA13                 IBUFCTRL (Prop_IBUFCTRL_HRIO_I_O)
                                                      0.022     1.002 r  clk_IBUF_inst/IBUFCTRL_INST/O
                         net (fo=1, routed)           0.409     1.411    clk_IBUF
    BUFGCE_X1Y0          BUFGCE (Prop_BUFCE_BUFGCE_I_O)
                                                      0.031     1.442 r  clk_IBUF_BUFG_inst/O
    X2Y3 (CLOCK_ROOT)    net (fo=37192, routed)       1.251     2.693    clk_IBUF_BUFG
    SLICE_X75Y206        FDRE                                         r  in_labels1_reg[5][247]/C





